order_id,user_id,session_id,click_id,order_date,product_id,category,gmv_rub,discount_rub,delivery_fee_rub,payment_type,is_returned,return_date,gross_margin_rub
ord_000000001,u_000007,ss_00000016,clk_0000000007,2026-07-02,p_01555,Fashion,4374,0,83,bank_card,0,,879.17
ord_000000002,u_000020,ss_00000070,clk_0000000059,2026-07-14,p_03428,Home,2690,83,120,sberpay,0,,407.27
ord_000000003,u_000024,ss_00000081,clk_0000000064,2026-07-02,p_04144,Pet,189,10,264,bank_card,0,,28.92
ord_000000004,u_000028,ss_00000097,clk_0000000068,2026-07-15,p_02740,Kids,614,19,208,bank_card,0,,127.83
ord_000000005,u_000037,ss_00000131,clk_0000000079,2026-07-10,p_02358,Books,363,40,182,bank_card,0,,50.31
ord_000000006,u_000047,ss_00000163,clk_0000000100,2026-07-21,p_02100,Electronics,6972,0,0,installment,0,,1295.4
ord_000000007,u_000050,ss_00000169,clk_0000000103,2026-07-08,p_02397,FMCG,315,0,275,ozon_card,0,,21.74
ord_000000008,u_000051,ss_00000171,clk_0000000106,2026-07-11,p_03345,Beauty,420,9,268,ozon_card,0,,82.57
ord_000000009,u_000060,ss_00000206,clk_0000000128,2026-07-14,p_02317,Auto,912,0,264,ozon_card,0,,62.65
ord_000000010,u_000068,ss_00000225,clk_0000000136,2026-07-08,p_03053,Electronics,5342,0,0,bank_card,0,,412.4
ord_000000011,u_000072,ss_00000245,clk_0000000145,2026-07-30,p_04138,FMCG,482,0,237,ozon_card,0,,60.15
ord_000000012,u_000083,ss_00000277,clk_0000000164,2026-07-21,p_01364,Fashion,933,127,116,bank_card,0,,228.03
ord_000000013,u_000083,ss_00000278,clk_0000000165,2026-07-10,p_02743,Pet,699,78,236,ozon_card,0,,157.55
ord_000000014,u_000102,ss_00000346,clk_0000000197,2026-07-27,p_00997,Pet,394,21,218,bank_card,0,,62.02
ord_000000015,u_000104,ss_00000361,clk_0000000202,2026-07-26,p_02368,Books,396,0,75,ozon_card,0,,47.2
ord_000000016,u_000109,ss_00000381,clk_0000000219,2026-07-20,p_02495,Books,373,0,241,bank_card,0,,84.63
ord_000000017,u_000109,ss_00000384,clk_0000000220,2026-07-06,p_03106,Beauty,351,7,212,bank_card,0,,99.44
ord_000000018,u_000120,ss_00000422,clk_0000000240,2026-07-28,p_02799,Home,1376,72,125,bank_card,0,,235.85
ord_000000019,u_000121,ss_00000424,clk_0000000244,2026-07-12,p_02941,Home,635,20,221,bank_card,0,,91.57
ord_000000020,u_000126,ss_00000441,clk_0000000251,2026-07-18,p_03784,FMCG,376,0,0,installment,0,,82.68
ord_000000021,u_000129,ss_00000450,clk_0000000258,2026-07-02,p_04141,Pet,961,30,0,bank_card,0,,273.4
ord_000000022,u_000132,ss_00000457,clk_0000000266,2026-07-06,p_02630,Home,1882,99,199,ozon_card,1,2026-07-31,-56.46
ord_000000023,u_000139,ss_00000480,clk_0000000273,2026-07-24,p_01055,Home,1583,0,164,ozon_card,0,,309.0
ord_000000024,u_000145,ss_00000494,clk_0000000280,2026-07-27,p_01341,Kids,662,74,0,bank_card,0,,164.51
ord_000000025,u_000149,ss_00000513,clk_0000000290,2026-07-07,p_00032,Home,1410,0,187,bank_card,0,,277.91
ord_000000026,u_000151,ss_00000517,clk_0000000292,2026-07-22,p_04350,Home,3275,0,0,cash_on_delivery,0,,855.43
ord_000000027,u_000153,ss_00000525,clk_0000000300,2026-07-04,p_00667,Home,3338,0,0,bank_card,0,,601.84
ord_000000028,u_000167,ss_00000580,clk_0000000322,2026-07-03,p_00057,Fashion,883,0,0,ozon_card,0,,246.18
ord_000000029,u_000180,ss_00000632,clk_0000000345,2026-07-26,p_01302,FMCG,222,39,0,bank_card,0,,36.32
ord_000000030,u_000181,ss_00000634,clk_0000000346,2026-07-29,p_01944,Beauty,695,37,0,ozon_card,0,,161.17
ord_000000031,u_000181,ss_00000635,clk_0000000347,2026-07-21,p_01672,Beauty,568,77,0,cash_on_delivery,0,,141.43
ord_000000032,u_000186,ss_00000651,clk_0000000361,2026-07-23,p_02240,Beauty,2256,46,0,sberpay,0,,590.17
ord_000000033,u_000193,ss_00000680,clk_0000000382,2026-07-13,p_00067,Kids,594,0,157,ozon_card,0,,82.98
ord_000000034,u_000224,ss_00000784,clk_0000000428,2026-07-21,p_01636,Electronics,1524,0,280,bank_card,0,,136.86
ord_000000035,u_000226,ss_00000789,clk_0000000432,2026-07-24,p_01849,Pet,899,0,242,bank_card,0,,173.15
ord_000000036,u_000226,ss_00000792,clk_0000000435,2026-07-25,p_01643,Books,309,16,217,installment,0,,74.96
ord_000000037,u_000235,ss_00000819,clk_0000000451,2026-07-10,p_00379,Kids,3299,0,0,bank_card,0,,643.96
ord_000000038,u_000240,ss_00000835,clk_0000000457,2026-07-18,p_00574,Fashion,2319,72,341,ozon_card,0,,519.92
ord_000000039,u_000244,ss_00000843,clk_0000000461,2026-07-03,p_00236,Beauty,385,12,178,bank_card,0,,111.34
ord_000000040,u_000252,ss_00000880,clk_0000000491,2026-07-24,p_00204,Kids,2178,0,126,installment,0,,432.33
ord_000000041,u_000263,ss_00000908,clk_0000000501,2026-07-19,p_00698,Electronics,2406,267,173,bank_card,0,,176.12
ord_000000042,u_000264,ss_00000909,clk_0000000502,2026-07-19,p_00064,Electronics,7062,1246,0,ozon_card,0,,1036.7
ord_000000043,u_000276,ss_00000952,clk_0000000522,2026-07-09,p_02989,Auto,853,45,203,bank_card,0,,104.07
ord_000000044,u_000292,ss_00001013,clk_0000000556,2026-07-21,p_03039,Books,309,16,169,bank_card,0,,60.81
ord_000000045,u_000299,ss_00001028,clk_0000000566,2026-07-05,p_01272,Books,304,0,108,bank_card,0,,56.09
ord_000000046,u_000303,ss_00001037,clk_0000000570,2026-07-21,p_00409,Sports,999,0,82,installment,0,,166.73
ord_000000047,u_000310,ss_00001044,clk_0000000578,2026-07-24,p_01163,Books,296,0,218,bank_card,0,,37.92
ord_000000048,u_000322,ss_00001074,clk_0000000593,2026-07-29,p_03018,Sports,1236,218,162,ozon_card,0,,282.18
ord_000000049,u_000338,ss_00001119,clk_0000000618,2026-07-19,p_04070,Fashion,1481,164,0,installment,0,,463.85
ord_000000050,u_000342,ss_00001132,clk_0000000626,2026-07-17,p_00510,Auto,1794,0,202,cash_on_delivery,0,,344.63
ord_000000051,u_000347,ss_00001155,clk_0000000639,2026-07-05,p_02075,Beauty,1094,22,0,bank_card,0,,349.42
ord_000000052,u_000358,ss_00001198,clk_0000000659,2026-07-04,p_01695,Books,436,23,222,bank_card,0,,73.42
ord_000000053,u_000360,ss_00001201,clk_0000000660,2026-07-05,p_02507,Books,344,11,162,bank_card,0,,38.46
ord_000000054,u_000360,ss_00001203,clk_0000000661,2026-07-25,p_02834,FMCG,291,0,89,bank_card,0,,45.92
ord_000000055,u_000361,ss_00001208,clk_0000000663,2026-07-16,p_00332,Home,1342,41,141,bank_card,1,2026-07-30,-40.26
ord_000000056,u_000374,ss_00001259,clk_0000000686,2026-07-23,p_03401,Fashion,1693,52,216,sberpay,0,,249.72
ord_000000057,u_000376,ss_00001265,clk_0000000691,2026-07-24,p_01214,Beauty,1111,58,,bank_card,0,,284.3
ord_000000058,u_000377,ss_00001269,clk_0000000696,2026-07-10,p_03790,Home,1180,0,216,ozon_card,0,,122.96
ord_000000059,u_000380,ss_00001285,clk_0000000704,2026-07-04,p_00072,Electronics,3678,114,307,bank_card,0,,680.06
ord_000000060,u_000392,ss_00001315,clk_0000000718,2026-07-25,p_02049,Beauty,578,0,173,installment,0,,191.49
ord_000000061,u_000397,ss_00001336,clk_0000000730,2026-07-09,p_03397,FMCG,487,0,172,bank_card,0,,67.06
ord_000000062,u_000399,ss_00001345,clk_0000000735,2026-07-10,p_03438,Auto,1127,35,0,bank_card,0,,86.89
ord_000000063,u_000402,ss_00001355,clk_0000000743,2026-07-27,p_02527,Sports,848,45,66,bank_card,0,,179.1
ord_000000064,u_000414,ss_00001387,clk_0000000761,2026-07-14,p_02753,Electronics,2046,63,335,sberpay,1,2026-08-18,-61.38
ord_000000065,u_000415,ss_00001391,clk_0000000763,2026-07-14,p_02052,FMCG,297,0,114,sberpay,0,,38.16
ord_000000066,u_000425,ss_00001419,clk_0000000777,2026-07-04,p_00355,Beauty,393,12,146,bank_card,0,,120.65
ord_000000067,u_000428,ss_00001425,clk_0000000785,2026-07-06,p_01653,Auto,3191,355,125,bank_card,0,,698.19
ord_000000068,u_000442,ss_00001471,clk_0000000809,2026-07-16,p_00406,Sports,1394,0,65,ozon_card,0,,301.24
ord_000000069,u_000447,ss_00001491,clk_0000000821,2026-07-19,p_01553,Pet,674,0,0,bank_card,0,,87.08
ord_000000070,u_000451,ss_00001502,clk_0000000826,2026-07-02,p_04112,Electronics,4050,0,268,ozon_card,0,,640.71
ord_000000071,u_000467,ss_00001558,clk_0000000842,2026-07-20,p_04453,Fashion,817,167,0,bank_card,1,2026-08-19,-24.51
ord_000000072,u_000472,ss_00001571,clk_0000000851,2026-07-08,p_03783,Sports,1077,190,126,ozon_card,0,,297.79
ord_000000073,u_000474,ss_00001577,clk_0000000853,2026-07-04,p_00854,Pet,406,0,213,sberpay,0,,67.88
ord_000000074,u_000476,ss_00001590,clk_0000000858,2026-07-14,p_00575,Fashion,2799,382,96,bank_card,0,,431.61
ord_000000075,u_000480,ss_00001605,clk_0000000866,2026-07-23,p_04087,Beauty,1247,66,102,ozon_card,0,,258.88
ord_000000076,u_000490,ss_00001635,clk_0000000892,2026-07-03,p_01456,Auto,1376,153,0,ozon_card,0,,231.86
ord_000000077,u_000500,ss_00001667,clk_0000000909,2026-07-27,p_02805,Kids,1588,84,0,bank_card,0,,317.44
ord_000000078,u_000500,ss_00001668,clk_0000000910,2026-07-06,p_03589,Sports,505,0,0,cash_on_delivery,0,,109.03
ord_000000079,u_000503,ss_00001675,clk_0000000916,2026-07-08,p_03748,Kids,1011,0,85,bank_card,0,,144.98
ord_000000080,u_000514,ss_00001725,clk_0000000961,2026-07-15,p_02219,Kids,414,13,171,sberpay,0,,104.45
ord_000000081,u_000516,ss_00001737,clk_0000000967,2026-07-15,p_03581,Home,1155,36,326,ozon_card,0,,193.46
ord_000000082,u_000530,ss_00001779,clk_0000001001,2026-07-16,p_02523,Home,941,0,,bank_card,0,,183.97
ord_000000083,u_000543,ss_00001829,clk_0000001029,2026-07-15,p_03899,Books,545,29,213,bank_card,0,,93.14
ord_000000084,u_000551,ss_00001845,clk_0000001045,2026-07-12,p_02478,Electronics,4056,0,0,ozon_card,0,,762.12
ord_000000085,u_000552,ss_00001848,clk_0000001047,2026-07-04,p_01127,Auto,1988,61,204,bank_card,0,,392.03
ord_000000086,u_000554,ss_00001857,clk_0000001053,2026-07-20,p_03447,Home,3333,175,235,bank_card,0,,1045.23
ord_000000087,u_000558,ss_00001873,clk_0000001065,2026-07-23,p_00747,Sports,741,0,121,cash_on_delivery,0,,70.99
ord_000000088,u_000559,ss_00001876,clk_0000001066,2026-07-03,p_02757,Electronics,5389,0,0,bank_card,0,,921.52
ord_000000089,u_000564,ss_00001886,clk_0000001071,2026-07-14,p_02222,Fashion,2181,115,197,ozon_card,0,,536.09
ord_000000090,u_000573,ss_00001907,clk_0000001084,2026-07-28,p_00306,Home,866,27,161,sberpay,0,,138.82
ord_000000091,u_000574,ss_00001913,clk_0000001089,2026-07-23,p_00675,Electronics,3007,93,0,bank_card,0,,476.01
ord_000000092,u_000578,ss_00001928,clk_0000001094,2026-07-21,p_03155,Fashion,3057,340,0,bank_card,0,,697.91
ord_000000093,u_000584,ss_00001955,clk_0000001110,2026-07-06,p_04034,FMCG,1510,0,182,installment,0,,148.74
ord_000000094,u_000585,ss_00001961,clk_0000001112,2026-07-24,p_02295,Electronics,4516,238,0,bank_card,0,,180.64
ord_000000095,u_000594,ss_00001984,clk_0000001127,2026-07-03,p_03538,Home,408,21,242,bank_card,0,,73.03
ord_000000096,u_000600,ss_00002006,clk_0000001134,2026-07-21,p_01234,Pet,2836,315,302,ozon_card,0,,526.65
ord_000000097,u_000607,ss_00002031,clk_0000001147,2026-07-21,p_01211,Beauty,1278,0,108,installment,0,,285.51
ord_000000098,u_000608,ss_00002032,clk_0000001148,2026-07-16,p_00764,Fashion,2126,160,63,sberpay,1,2026-07-27,-63.78
ord_000000099,u_000622,ss_00002080,clk_0000001164,2026-07-02,p_03005,Beauty,1711,0,275,installment,0,,563.26
ord_000000100,u_000625,ss_00002091,clk_0000001172,2026-07-09,p_00785,Electronics,4440,234,0,ozon_card,0,,496.39
ord_000000101,u_000629,ss_00002102,clk_0000001181,2026-07-05,p_02174,Fashion,1195,90,337,sberpay,0,,242.59
ord_000000102,u_000630,ss_00002107,clk_0000001186,2026-07-26,p_01427,Auto,1828,96,202,bank_card,0,,455.35
ord_000000103,u_000640,ss_00002135,clk_0000001202,2026-07-10,p_00091,FMCG,204,0,132,sberpay,0,,22.66
ord_000000104,u_000640,ss_00002136,clk_0000001203,2026-07-29,p_00927,Home,2049,0,394,installment,0,,456.52
ord_000000105,u_000650,ss_00002164,clk_0000001210,2026-07-17,p_01773,Pet,413,0,226,bank_card,0,,93.87
ord_000000106,u_000678,ss_00002283,clk_0000001259,2026-07-18,p_02011,Home,1882,0,108,ozon_card,0,,384.87
ord_000000107,u_000679,ss_00002285,clk_0000001261,2026-07-14,p_02404,FMCG,601,0,272,bank_card,0,,91.05
ord_000000108,u_000705,ss_00002368,clk_0000001304,2026-07-11,p_03581,Home,1155,36,115,sberpay,0,,193.46
ord_000000109,u_000710,ss_00002381,clk_0000001312,2026-07-02,p_02110,Home,1669,0,214,bank_card,0,,367.35
ord_000000110,u_000724,ss_00002419,clk_0000001335,2026-07-28,p_02228,Books,451,24,121,bank_card,0,,49.07
ord_000000111,u_000725,ss_00002429,clk_0000001341,2026-07-16,p_00962,Auto,2432,0,204,bank_card,0,,809.61
ord_000000112,u_000727,ss_00002436,clk_0000001346,2026-07-29,p_03412,Beauty,4101,216,0,ozon_card,0,,1106.86
ord_000000113,u_000734,ss_00002455,clk_0000001359,2026-07-14,p_00243,Beauty,588,12,,bank_card,0,,144.53
ord_000000114,u_000737,ss_00002459,clk_0000001362,2026-07-28,p_03653,Fashion,683,36,243,sberpay,0,,140.56
ord_000000115,u_000739,ss_00002470,clk_0000001370,2026-07-13,p_04194,Electronics,4293,0,167,bank_card,0,,434.88
ord_000000116,u_000742,ss_00002492,clk_0000001393,2026-07-17,p_01717,FMCG,693,122,167,sberpay,0,,88.08
ord_000000117,u_000757,ss_00002539,clk_0000001415,2026-07-22,p_03223,Kids,2476,0,139,ozon_card,0,,607.86
ord_000000118,u_000767,ss_00002559,clk_0000001433,2026-07-06,p_03399,Beauty,592,31,83,installment,0,,169.25
ord_000000119,u_000767,ss_00002561,clk_0000001435,2026-07-20,p_01877,Beauty,574,0,0,bank_card,0,,154.41
ord_000000120,u_000776,ss_00002597,clk_0000001458,2026-07-09,p_02251,Fashion,1138,60,188,bank_card,0,,221.34
ord_000000121,u_000778,ss_00002602,clk_0000001461,2026-07-13,p_01641,Electronics,11908,2102,0,sberpay,0,,1433.72
ord_000000122,u_000799,ss_00002674,clk_0000001495,2026-07-08,p_00194,Beauty,783,41,229,bank_card,0,,221.12
ord_000000123,u_000811,ss_00002710,clk_0000001512,2026-07-03,p_00700,Beauty,605,12,0,bank_card,0,,157.24
ord_000000124,u_000815,ss_00002724,clk_0000001522,2026-07-22,p_02192,Fashion,998,31,0,sberpay,0,,347.5
ord_000000125,u_000819,ss_00002743,clk_0000001530,2026-07-11,p_01120,FMCG,647,0,238,sberpay,0,,88.64
ord_000000126,u_000830,ss_00002773,clk_0000001554,2026-07-07,p_03152,Home,3126,165,0,installment,0,,624.26
ord_000000127,u_000836,ss_00002793,clk_0000001561,2026-07-26,p_04322,Pet,1508,0,0,cash_on_delivery,0,,132.4
ord_000000128,u_000837,ss_00002794,clk_0000001562,2026-07-15,p_01451,Beauty,225,12,288,sberpay,0,,55.82
ord_000000129,u_000838,ss_00002806,clk_0000001567,2026-07-15,p_01066,Pet,623,19,145,bank_card,0,,125.1
ord_000000130,u_000840,ss_00002816,clk_0000001578,2026-07-21,p_03471,FMCG,256,28,232,bank_card,0,,46.77
ord_000000131,u_000845,ss_00002834,clk_0000001587,2026-07-20,p_04178,Fashion,1959,147,166,bank_card,0,,412.37
ord_000000132,u_000857,ss_00002879,clk_0000001608,2026-07-28,p_01140,Fashion,1509,0,0,bank_card,0,,379.06
ord_000000133,u_000863,ss_00002898,clk_0000001616,2026-07-02,p_04163,Fashion,1011,0,205,bank_card,0,,198.76
ord_000000134,u_000885,ss_00002961,clk_0000001649,2026-07-29,p_04322,Pet,1433,75,,sberpay,0,,125.82
ord_000000135,u_000886,ss_00002967,clk_0000001656,2026-07-16,p_00462,Beauty,569,63,200,ozon_card,0,,142.99
ord_000000136,u_000901,ss_00003002,clk_0000001679,2026-07-12,p_00268,Electronics,753,23,67,ozon_card,0,,39.91
ord_000000137,u_000907,ss_00003018,clk_0000001687,2026-07-17,p_03273,FMCG,331,0,220,cash_on_delivery,0,,45.21
ord_000000138,u_000908,ss_00003021,clk_0000001688,2026-07-14,p_00615,Home,3297,0,0,installment,0,,807.11
ord_000000139,u_000932,ss_00003104,clk_0000001728,2026-07-22,p_03013,Fashion,990,110,145,installment,0,,243.04
ord_000000140,u_000934,ss_00003108,clk_0000001730,2026-07-16,p_02637,Sports,3059,340,0,ozon_card,0,,736.3
ord_000000141,u_000938,ss_00003115,clk_0000001733,2026-07-08,p_00019,FMCG,189,0,0,installment,0,,27.25
ord_000000142,u_000947,ss_00003140,clk_0000001742,2026-07-10,p_01403,Home,1540,0,300,bank_card,0,,334.49
ord_000000143,u_000954,ss_00003157,clk_0000001753,2026-07-04,p_02835,Beauty,623,13,0,installment,0,,220.23
ord_000000144,u_000973,ss_00003216,clk_0000001785,2026-07-08,p_00646,Auto,2637,465,61,bank_card,0,,569.06
ord_000000145,u_000996,ss_00003273,clk_0000001804,2026-07-01,p_04145,Pet,228,0,198,ozon_card,0,,58.14
ord_000000146,u_000998,ss_00003284,clk_0000001811,2026-07-21,p_03747,FMCG,521,27,0,bank_card,0,,32.46
ord_000000147,u_001006,ss_00003308,clk_0000001825,2026-07-29,p_04315,FMCG,490,26,0,sberpay,0,,52.92
ord_000000148,u_001012,ss_00003325,clk_0000001829,2026-07-12,p_03891,Sports,1002,31,,sberpay,0,,246.39
ord_000000149,u_001014,ss_00003334,clk_0000001832,2026-07-23,p_01544,Sports,917,102,124,ozon_card,1,2026-08-19,-27.51
ord_000000150,u_001019,ss_00003355,clk_0000001848,2026-07-12,p_01566,Home,1506,0,255,ozon_card,0,,184.94
ord_000000151,u_001020,ss_00003359,clk_0000001852,2026-07-20,p_02606,Electronics,4419,0,139,installment,0,,388.43
ord_000000152,u_001022,ss_00003365,clk_0000001855,2026-07-01,p_02494,Electronics,5778,179,75,bank_card,0,,802.56
ord_000000153,u_001029,ss_00003380,clk_0000001870,2026-07-02,p_01407,Home,3189,0,0,cash_on_delivery,0,,530.33
ord_000000154,u_001037,ss_00003401,clk_0000001883,2026-07-24,p_01425,Home,1831,204,0,ozon_card,0,,428.45
ord_000000155,u_001042,ss_00003416,clk_0000001892,2026-07-29,p_02035,Kids,701,0,205,sberpay,0,,195.09
ord_000000156,u_001045,ss_00003424,clk_0000001896,2026-07-21,p_03784,FMCG,376,0,196,cash_on_delivery,0,,82.68
ord_000000157,u_001046,ss_00003430,clk_0000001902,2026-07-10,p_02592,Beauty,1677,0,300,installment,0,,464.03
ord_000000158,u_001050,ss_00003437,clk_0000001906,2026-07-25,p_03100,Beauty,553,17,124,bank_card,0,,186.36
ord_000000159,u_001055,ss_00003452,clk_0000001916,2026-07-06,p_01032,Electronics,1532,0,0,ozon_card,0,,278.52
ord_000000160,u_001055,ss_00003454,clk_0000001921,2026-07-16,p_01946,Sports,2390,0,0,sberpay,0,,559.5
ord_000000161,u_001058,ss_00003460,clk_0000001925,2026-07-07,p_03689,Beauty,2203,0,0,ozon_card,0,,630.94
ord_000000162,u_001058,ss_00003461,clk_0000001926,2026-07-07,p_04271,Home,1469,0,275,ozon_card,0,,268.97
ord_000000163,u_001062,ss_00003472,clk_0000001929,2026-07-11,p_01292,Fashion,1620,33,,ozon_card,0,,342.63
ord_000000164,u_001069,ss_00003496,clk_0000001941,2026-07-11,p_00863,Fashion,1413,106,284,bank_card,0,,360.46
ord_000000165,u_001089,ss_00003554,clk_0000001966,2026-07-03,p_01073,FMCG,542,0,353,bank_card,0,,67.15
ord_000000166,u_001093,ss_00003569,clk_0000001976,2026-07-23,p_02991,Fashion,853,17,160,ozon_card,0,,183.91
ord_000000167,u_001100,ss_00003596,clk_0000001987,2026-07-10,p_03434,Books,276,0,274,bank_card,0,,64.42
ord_000000168,u_001125,ss_00003689,clk_0000002027,2026-07-04,p_01713,FMCG,264,29,161,installment,0,,54.65
ord_000000169,u_001128,ss_00003700,clk_0000002032,2026-07-11,p_03106,Beauty,340,18,151,ozon_card,0,,96.32
ord_000000170,u_001135,ss_00003722,clk_0000002049,2026-07-15,p_03977,Electronics,5972,0,0,bank_card,0,,764.42
ord_000000171,u_001140,ss_00003740,clk_0000002056,2026-07-04,p_03941,Electronics,3587,0,0,cash_on_delivery,0,,304.54
ord_000000172,u_001147,ss_00003766,clk_0000002073,2026-07-19,p_01693,Kids,1502,79,0,bank_card,0,,418.16
ord_000000173,u_001150,ss_00003781,clk_0000002085,2026-07-22,p_00651,Pet,437,48,0,ozon_card,0,,117.16
ord_000000174,u_001156,ss_00003800,clk_0000002097,2026-07-16,p_03918,Books,439,77,282,bank_card,0,,75.86
ord_000000175,u_001169,ss_00003842,clk_0000002123,2026-07-06,p_03795,Auto,2576,0,206,cash_on_delivery,0,,431.74
ord_000000176,u_001173,ss_00003852,clk_0000002137,2026-07-13,p_02739,Books,134,7,345,ozon_card,0,,18.88
ord_000000177,u_001177,ss_00003865,clk_0000002146,2026-07-11,p_01139,Sports,1130,59,297,sberpay,0,,217.64
ord_000000178,u_001181,ss_00003872,clk_0000002149,2026-07-15,p_01583,Beauty,220,4,199,bank_card,0,,62.02
ord_000000179,u_001184,ss_00003883,clk_0000002154,2026-07-29,p_00126,Electronics,4690,0,125,bank_card,0,,303.44
ord_000000180,u_001184,ss_00003885,clk_0000002157,2026-07-30,p_03618,Sports,658,20,10,bank_card,0,,131.07
ord_000000181,u_001187,ss_00003891,clk_0000002160,2026-07-23,p_00154,Books,400,0,170,bank_card,0,,106.6
ord_000000182,u_001212,ss_00003993,clk_0000002217,2026-07-09,p_03654,Fashion,2132,161,0,installment,1,2026-07-23,-63.96
ord_000000183,u_001214,ss_00004008,clk_0000002224,2026-07-16,p_01397,Beauty,2064,423,279,bank_card,0,,586.59
ord_000000184,u_001226,ss_00004043,clk_0000002241,2026-07-25,p_02633,Kids,826,92,157,bank_card,1,2026-08-18,-24.78
ord_000000185,u_001228,ss_00004051,clk_0000002244,2026-07-04,p_02375,Home,2772,86,151,bank_card,0,,493.69
ord_000000186,u_001236,ss_00004076,clk_0000002257,2026-07-08,p_01094,Home,2849,0,182,ozon_card,0,,556.69
ord_000000187,u_001237,ss_00004077,clk_0000002258,2026-07-30,p_00937,Fashion,2529,0,384,bank_card,0,,435.75
ord_000000188,u_001239,ss_00004087,clk_0000002263,2026-07-23,p_01743,Electronics,3794,0,252,installment,0,,393.82
ord_000000189,u_001244,ss_00004109,clk_0000002278,2026-07-15,p_00993,Sports,1351,71,126,ozon_card,0,,391.93
ord_000000190,u_001252,ss_00004135,clk_0000002289,2026-07-02,p_00568,Home,599,66,286,bank_card,0,,64.03
ord_000000191,u_001256,ss_00004148,clk_0000002292,2026-07-25,p_02748,Fashion,2564,0,34,bank_card,0,,717.15
ord_000000192,u_001262,ss_00004166,clk_0000002304,2026-07-02,p_03541,Books,317,0,241,sberpay,0,,41.56
ord_000000193,u_001270,ss_00004190,clk_0000002318,2026-07-26,p_01103,Sports,1695,0,190,ozon_card,0,,425.78
ord_000000194,u_001275,ss_00004211,clk_0000002330,2026-07-09,p_04386,Fashion,737,56,179,bank_card,0,,216.83
ord_000000195,u_001276,ss_00004213,clk_0000002331,2026-07-15,p_01560,Beauty,930,0,86,bank_card,0,,211.3
ord_000000196,u_001277,ss_00004219,clk_0000002337,2026-07-23,p_03463,Fashion,1145,60,253,installment,0,,231.4
ord_000000197,u_001284,ss_00004240,clk_0000002348,2026-07-09,p_01776,Beauty,368,8,238,bank_card,0,,93.18
ord_000000198,u_001305,ss_00004324,clk_0000002400,2026-07-17,p_00579,Fashion,897,18,168,installment,0,,255.73
ord_000000199,u_001312,ss_00004363,clk_0000002427,2026-07-26,p_02177,FMCG,364,11,204,bank_card,0,,33.2
ord_000000200,u_001321,ss_00004397,clk_0000002445,2026-07-02,p_04436,Fashion,1140,60,73,ozon_card,0,,282.04
ord_000000201,u_001324,ss_00004409,clk_0000002448,2026-07-15,p_03371,Books,366,0,255,bank_card,0,,78.4
ord_000000202,u_001326,ss_00004417,clk_0000002453,2026-07-08,p_02149,FMCG,168,9,9,ozon_card,0,,29.75
ord_000000203,u_001328,ss_00004427,clk_0000002459,2026-07-07,p_00282,Home,943,29,153,bank_card,0,,137.68
ord_000000204,u_001331,ss_00004437,clk_0000002463,2026-07-19,p_02267,Home,2417,0,285,sberpay,0,,349.98
ord_000000205,u_001340,ss_00004473,clk_0000002487,2026-07-23,p_00245,Kids,699,78,340,bank_card,0,,163.99
ord_000000206,u_001355,ss_00004524,clk_0000002517,2026-07-21,p_00498,Electronics,2576,0,,bank_card,0,,223.08
ord_000000207,u_001359,ss_00004537,clk_0000002523,2026-07-11,p_01369,Electronics,2640,0,125,bank_card,0,,475.2
ord_000000208,u_001361,ss_00004539,clk_0000002524,2026-07-16,p_04367,Beauty,814,61,187,sberpay,0,,256.33
ord_000000209,u_001363,ss_00004551,clk_0000002532,2026-07-26,p_01707,Beauty,398,21,,sberpay,0,,102.45
ord_000000210,u_001364,ss_00004553,clk_0000002533,2026-07-21,p_01314,Home,1498,46,75,sberpay,0,,208.37
ord_000000211,u_001369,ss_00004563,clk_0000002541,2026-07-07,p_03055,Fashion,2879,0,0,ozon_card,0,,671.09
ord_000000212,u_001370,ss_00004566,clk_0000002543,2026-07-15,p_03838,FMCG,532,28,144,ozon_card,0,,43.2
ord_000000213,u_001370,ss_00004566,clk_0000002544,2026-07-15,p_03539,Beauty,663,0,277,installment,0,,145.33
ord_000000214,u_001371,ss_00004567,clk_0000002545,2026-07-20,p_00187,Home,1956,0,152,bank_card,0,,253.69
ord_000000215,u_001383,ss_00004614,clk_0000002583,2026-07-07,p_01204,Books,496,0,112,bank_card,0,,118.69
ord_000000216,u_001390,ss_00004640,clk_0000002597,2026-07-09,p_03836,Home,4072,0,0,cash_on_delivery,0,,660.07
ord_000000217,u_001394,ss_00004656,clk_0000002602,2026-07-07,p_00410,FMCG,226,0,153,sberpay,0,,12.02
ord_000000218,u_001397,ss_00004667,clk_0000002607,2026-07-01,p_03090,Kids,1495,0,179,bank_card,0,,401.26
ord_000000219,u_001398,ss_00004668,clk_0000002608,2026-07-12,p_02905,Kids,864,0,299,bank_card,0,,204.34
ord_000000220,u_001407,ss_00004690,clk_0000002620,2026-07-30,p_00401,Books,365,19,31,bank_card,0,,61.94
ord_000000221,u_001425,ss_00004736,clk_0000002638,2026-07-25,p_02459,Fashion,3430,106,253,ozon_card,1,2026-08-30,-102.9
ord_000000222,u_001442,ss_00004802,clk_0000002686,2026-07-14,p_00079,Books,474,0,0,bank_card,0,,93.43
ord_000000223,u_001443,ss_00004806,clk_0000002688,2026-07-25,p_02508,Auto,1845,57,256,ozon_card,0,,323.24
ord_000000224,u_001452,ss_00004830,clk_0000002702,2026-07-21,p_03275,Pet,988,0,190,cash_on_delivery,0,,179.22
ord_000000225,u_001454,ss_00004839,clk_0000002707,2026-07-02,p_01778,Fashion,882,46,147,bank_card,1,2026-07-18,-26.46
ord_000000226,u_001455,ss_00004841,clk_0000002708,2026-07-10,p_00119,Fashion,1224,25,214,ozon_card,0,,156.06
ord_000000227,u_001470,ss_00004891,clk_0000002739,2026-07-04,p_01265,Kids,753,40,0,ozon_card,0,,218.97
ord_000000228,u_001472,ss_00004901,clk_0000002741,2026-07-30,p_01688,Electronics,2111,372,0,bank_card,0,,203.29
ord_000000229,u_001473,ss_00004907,clk_0000002742,2026-07-12,p_03996,Electronics,6777,0,0,bank_card,0,,947.42
ord_000000230,u_001477,ss_00004924,clk_0000002751,2026-07-13,p_02687,Kids,787,87,120,cash_on_delivery,0,,122.77
ord_000000231,u_001481,ss_00004934,clk_0000002755,2026-07-27,p_00773,Sports,1648,183,112,bank_card,0,,433.92
ord_000000232,u_001499,ss_00004999,clk_0000002793,2026-07-16,p_04056,Beauty,1074,33,22,ozon_card,0,,369.56
ord_000000233,u_001522,ss_00005061,clk_0000002827,2026-07-16,p_03072,Books,155,0,287,ozon_card,0,,31.43
ord_000000234,u_001554,ss_00005148,clk_0000002875,2026-07-19,p_01117,Fashion,1021,21,0,ozon_card,0,,202.87
ord_000000235,u_001556,ss_00005152,clk_0000002879,2026-07-06,p_01990,Fashion,1239,65,162,ozon_card,1,2026-07-19,-37.17
ord_000000236,u_001564,ss_00005176,clk_0000002896,2026-07-16,p_00388,Home,1651,0,252,bank_card,0,,322.11
ord_000000237,u_001568,ss_00005190,clk_0000002903,2026-07-10,p_01709,Fashion,1508,0,280,bank_card,0,,432.34
ord_000000238,u_001569,ss_00005193,clk_0000002904,2026-07-06,p_02910,Fashion,1872,141,295,bank_card,0,,433.74
ord_000000239,u_001571,ss_00005197,clk_0000002907,2026-07-27,p_04092,Books,480,53,256,bank_card,1,2026-08-16,-14.4
ord_000000240,u_001572,ss_00005204,clk_0000002911,2026-07-23,p_02940,Electronics,2477,0,174,ozon_card,0,,99.08
ord_000000241,u_001576,ss_00005216,clk_0000002918,2026-07-16,p_01079,Beauty,598,12,168,bank_card,0,,150.28
ord_000000242,u_001578,ss_00005223,clk_0000002920,2026-07-12,p_01323,Home,545,60,158,sberpay,0,,158.7
ord_000000243,u_001579,ss_00005224,clk_0000002921,2026-07-13,p_01311,Home,4232,0,0,bank_card,0,,1140.52
ord_000000244,u_001582,ss_00005236,clk_0000002928,2026-07-04,p_00408,FMCG,157,17,183,ozon_card,0,,34.63
ord_000000245,u_001586,ss_00005256,clk_0000002951,2026-07-07,p_00546,Fashion,1309,0,270,ozon_card,0,,358.27
ord_000000246,u_001589,ss_00005262,clk_0000002953,2026-07-13,p_00701,Pet,3617,0,0,sberpay,0,,921.97
ord_000000247,u_001600,ss_00005299,clk_0000002970,2026-07-01,p_00945,Beauty,419,46,,sberpay,0,,109.15
ord_000000248,u_001601,ss_00005303,clk_0000002972,2026-07-08,p_02390,Pet,1748,0,192,bank_card,1,2026-08-04,-52.44
ord_000000249,u_001610,ss_00005332,clk_0000002986,2026-07-05,p_02073,Beauty,1748,36,327,bank_card,0,,557.79
ord_000000250,u_001624,ss_00005373,clk_0000003006,2026-07-18,p_01494,Kids,859,45,263,installment,0,,210.03
ord_000000251,u_001625,ss_00005378,clk_0000003011,2026-07-17,p_01221,Home,573,0,215,installment,0,,129.44
ord_000000252,u_001627,ss_00005388,clk_0000003018,2026-07-29,p_00784,Auto,2525,0,91,bank_card,0,,533.28
ord_000000253,u_001640,ss_00005437,clk_0000003044,2026-07-25,p_04436,Fashion,1176,24,144,bank_card,0,,290.94
ord_000000254,u_001640,ss_00005438,clk_0000003045,2026-07-01,p_00191,Fashion,1964,268,232,bank_card,0,,572.11
ord_000000255,u_001643,ss_00005442,clk_0000003048,2026-07-15,p_03153,Home,5021,155,,ozon_card,0,,1476.68
ord_000000256,u_001652,ss_00005470,clk_0000003061,2026-07-22,p_03060,Beauty,279,0,55,ozon_card,0,,81.77
ord_000000257,u_001654,ss_00005478,clk_0000003067,2026-07-26,p_00204,Kids,2178,0,63,bank_card,0,,432.33
ord_000000258,u_001655,ss_00005484,clk_0000003071,2026-07-14,p_02120,Beauty,506,0,233,sberpay,0,,120.48
ord_000000259,u_001655,ss_00005484,clk_0000003072,2026-07-14,p_01533,Electronics,2241,0,67,ozon_card,0,,338.62
ord_000000260,u_001665,ss_00005529,clk_0000003097,2026-07-30,p_01025,Beauty,769,16,139,bank_card,0,,247.62
ord_000000261,u_001678,ss_00005579,clk_0000003124,2026-07-30,p_04466,Fashion,1147,156,257,cash_on_delivery,1,2026-08-03,-34.41
ord_000000262,u_001681,ss_00005590,clk_0000003127,2026-07-16,p_03185,Beauty,1111,123,120,bank_card,0,,319.86
ord_000000263,u_001682,ss_00005591,clk_0000003128,2026-07-11,p_01379,Auto,1673,52,194,bank_card,0,,273.7
ord_000000264,u_001703,ss_00005646,clk_0000003155,2026-07-30,p_04373,Fashion,981,74,244,bank_card,0,,239.95
ord_000000265,u_001718,ss_00005683,clk_0000003173,2026-07-26,p_01068,Electronics,3364,374,359,sberpay,0,,591.05
ord_000000266,u_001728,ss_00005714,clk_0000003191,2026-07-10,p_04196,Fashion,1335,27,,bank_card,1,2026-08-14,-40.05
ord_000000267,u_001734,ss_00005731,clk_0000003203,2026-07-05,p_03936,Home,1077,0,,ozon_card,0,,116.75
ord_000000268,u_001745,ss_00005772,clk_0000003222,2026-07-19,p_03360,Kids,406,13,115,cash_on_delivery,0,,85.58
ord_000000269,u_001751,ss_00005791,clk_0000003228,2026-07-02,p_00662,Fashion,1554,32,252,installment,0,,377.0
ord_000000270,u_001756,ss_00005806,clk_0000003238,2026-07-19,p_02884,Sports,824,0,328,installment,0,,169.25
ord_000000271,u_001760,ss_00005823,clk_0000003248,2026-07-18,p_03532,Sports,1509,79,263,ozon_card,0,,237.52
ord_000000272,u_001772,ss_00005853,clk_0000003256,2026-07-16,p_04056,Beauty,1052,55,325,ozon_card,0,,361.99
ord_000000273,u_001775,ss_00005868,clk_0000003261,2026-07-21,p_01994,Home,1890,210,217,bank_card,0,,406.54
ord_000000274,u_001776,ss_00005869,clk_0000003262,2026-07-19,p_01907,Beauty,419,9,232,installment,0,,125.57
ord_000000275,u_001789,ss_00005908,clk_0000003283,2026-07-09,p_02773,Home,1553,0,0,bank_card,0,,365.89
ord_000000276,u_001798,ss_00005934,clk_0000003301,2026-07-02,p_01510,Fashion,1229,38,274,bank_card,0,,340.92
ord_000000277,u_001818,ss_00005991,clk_0000003326,2026-07-23,p_02130,Kids,1089,0,0,ozon_card,0,,192.97
ord_000000278,u_001821,ss_00006003,clk_0000003334,2026-07-16,p_02165,FMCG,393,0,226,ozon_card,0,,43.62
ord_000000279,u_001826,ss_00006024,clk_0000003347,2026-07-03,p_04011,Electronics,2437,271,159,ozon_card,0,,353.61
ord_000000280,u_001827,ss_00006027,clk_0000003349,2026-07-19,p_01873,Beauty,580,31,245,ozon_card,0,,184.32
ord_000000281,u_001834,ss_00006048,clk_0000003360,2026-07-27,p_00881,FMCG,99,0,0,cash_on_delivery,0,,11.93
ord_000000282,u_001849,ss_00006102,clk_0000003385,2026-07-04,p_03851,Sports,866,0,0,bank_card,0,,190.17
ord_000000283,u_001859,ss_00006127,clk_0000003395,2026-07-17,p_01482,Auto,2151,67,124,bank_card,0,,272.53
ord_000000284,u_001861,ss_00006132,clk_0000003399,2026-07-08,p_02431,Books,251,28,279,bank_card,0,,67.59
ord_000000285,u_001865,ss_00006141,clk_0000003405,2026-07-25,p_03441,Electronics,3777,117,0,cash_on_delivery,0,,240.59
ord_000000286,u_001870,ss_00006158,clk_0000003415,2026-07-24,p_01093,Beauty,404,55,191,sberpay,0,,135.14
ord_000000287,u_001874,ss_00006177,clk_0000003423,2026-07-29,p_03005,Beauty,1677,34,317,bank_card,1,2026-08-18,-50.31
ord_000000288,u_001893,ss_00006234,clk_0000003444,2026-07-21,p_02295,Electronics,4754,0,176,bank_card,0,,190.16
ord_000000289,u_001896,ss_00006240,clk_0000003446,2026-07-28,p_04170,Beauty,509,0,197,bank_card,0,,131.32
ord_000000290,u_001897,ss_00006242,clk_0000003447,2026-07-23,p_02917,Beauty,453,0,0,installment,0,,126.57
ord_000000291,u_001911,ss_00006284,clk_0000003476,2026-07-09,p_02372,Sports,1956,103,255,bank_card,0,,469.24
ord_000000292,u_001911,ss_00006287,clk_0000003477,2026-07-29,p_03829,Fashion,2423,182,45,bank_card,0,,588.55
ord_000000293,u_001935,ss_00006368,clk_0000003517,2026-07-23,p_02092,Fashion,576,30,0,bank_card,1,2026-08-18,-17.28
ord_000000294,u_001937,ss_00006376,clk_0000003524,2026-07-14,p_01806,Fashion,2131,43,249,ozon_card,1,2026-08-06,-63.93
ord_000000295,u_001941,ss_00006388,clk_0000003534,2026-07-11,p_02227,Home,1088,57,114,bank_card,1,2026-08-10,-32.64
ord_000000296,u_001947,ss_00006417,clk_0000003562,2026-07-23,p_04108,Home,1063,118,181,bank_card,0,,131.39
ord_000000297,u_001951,ss_00006436,clk_0000003576,2026-07-17,p_02226,Beauty,1038,21,100,bank_card,0,,263.96
ord_000000298,u_001962,ss_00006466,clk_0000003595,2026-07-22,p_00034,Kids,1389,73,177,bank_card,0,,177.38
ord_000000299,u_001979,ss_00006523,clk_0000003621,2026-07-09,p_01453,Home,1805,0,310,bank_card,1,2026-07-30,-54.15
ord_000000300,u_001991,ss_00006593,clk_0000003681,2026-07-25,p_00101,Beauty,1032,32,130,installment,0,,425.39
ord_000000301,u_001992,ss_00006598,clk_0000003682,2026-07-19,p_00855,Pet,350,0,256,installment,0,,46.69
ord_000000302,u_001999,ss_00006620,clk_0000003689,2026-07-06,p_00022,Home,743,0,53,ozon_card,0,,158.63
ord_000000303,u_002001,ss_00006624,clk_0000003691,2026-07-13,p_02410,Electronics,1463,45,287,ozon_card,0,,120.11
ord_000000304,u_002012,ss_00006671,clk_0000003712,2026-07-07,p_00770,Auto,3863,0,0,bank_card,0,,560.91
ord_000000305,u_002017,ss_00006690,clk_0000003725,2026-07-23,p_01511,FMCG,2069,64,117,installment,0,,423.32
ord_000000306,u_002018,ss_00006694,clk_0000003726,2026-07-16,p_01683,FMCG,247,0,0,bank_card,0,,44.48
ord_000000307,u_002021,ss_00006705,clk_0000003731,2026-07-26,p_01768,Fashion,1439,44,114,ozon_card,0,,321.76
ord_000000308,u_002027,ss_00006721,clk_0000003739,2026-07-04,p_00688,Fashion,2944,519,239,sberpay,0,,453.08
ord_000000309,u_002038,ss_00006747,clk_0000003756,2026-07-25,p_02772,Beauty,1218,250,176,sberpay,0,,290.37
ord_000000310,u_002043,ss_00006763,clk_0000003763,2026-07-07,p_04022,Beauty,679,14,119,bank_card,0,,176.34
ord_000000311,u_002043,ss_00006763,clk_0000003764,2026-07-07,p_01347,FMCG,675,36,0,bank_card,0,,95.31
ord_000000312,u_002051,ss_00006793,clk_0000003773,2026-07-10,p_04109,Home,6110,322,0,bank_card,0,,1598.38
ord_000000313,u_002052,ss_00006797,clk_0000003776,2026-07-27,p_02926,Home,3010,0,0,installment,0,,710.36
ord_000000314,u_002053,ss_00006800,clk_0000003777,2026-07-06,p_02627,Beauty,426,32,342,bank_card,0,,108.59
ord_000000315,u_002060,ss_00006820,clk_0000003788,2026-07-11,p_01558,Electronics,3970,441,0,cash_on_delivery,0,,810.67
ord_000000316,u_002060,ss_00006823,clk_0000003792,2026-07-06,p_01940,Fashion,4560,240,0,bank_card,0,,779.76
ord_000000317,u_002094,ss_00006924,clk_0000003837,2026-07-23,p_01571,FMCG,150,0,133,bank_card,0,,31.64
ord_000000318,u_002098,ss_00006940,clk_0000003843,2026-07-06,p_01653,Auto,3440,106,155,ozon_card,0,,752.67
ord_000000319,u_002109,ss_00006972,clk_0000003858,2026-07-29,p_01659,Home,1532,0,36,ozon_card,0,,204.06
ord_000000320,u_002110,ss_00006976,clk_0000003860,2026-07-12,p_01346,Home,2223,0,58,bank_card,0,,474.83
ord_000000321,u_002113,ss_00006989,clk_0000003864,2026-07-16,p_00586,Beauty,663,14,211,ozon_card,0,,173.9
ord_000000322,u_002114,ss_00006991,clk_0000003867,2026-07-18,p_02839,Home,2020,0,203,bank_card,0,,377.34
ord_000000323,u_002119,ss_00007005,clk_0000003874,2026-07-22,p_02209,Beauty,468,10,206,ozon_card,0,,128.42
ord_000000324,u_002120,ss_00007011,clk_0000003875,2026-07-30,p_02537,Auto,949,29,31,bank_card,0,,106.38
ord_000000325,u_002131,ss_00007048,clk_0000003891,2026-07-03,p_03331,Fashion,732,100,109,bank_card,1,2026-07-27,-21.96
ord_000000326,u_002134,ss_00007055,clk_0000003896,2026-07-30,p_00551,FMCG,201,11,0,bank_card,0,,36.7
ord_000000327,u_002140,ss_00007074,clk_0000003905,2026-07-28,p_04110,Electronics,6093,1075,0,bank_card,0,,597.72
ord_000000328,u_002140,ss_00007078,clk_0000003906,2026-07-27,p_02198,Home,2730,0,267,cash_on_delivery,0,,355.45
ord_000000329,u_002148,ss_00007108,clk_0000003932,2026-07-25,p_04175,Fashion,333,18,0,bank_card,0,,74.56
ord_000000330,u_002149,ss_00007114,clk_0000003938,2026-07-11,p_03040,Home,1863,0,123,bank_card,0,,319.69
ord_000000331,u_002152,ss_00007126,clk_0000003940,2026-07-22,p_00410,FMCG,226,0,136,sberpay,0,,12.02
ord_000000332,u_002152,ss_00007127,clk_0000003941,2026-07-19,p_03394,Electronics,4918,546,0,installment,0,,615.24
ord_000000333,u_002156,ss_00007144,clk_0000003953,2026-07-02,p_03662,Books,686,0,150,bank_card,0,,160.32
ord_000000334,u_002165,ss_00007168,clk_0000003964,2026-07-16,p_03424,Kids,999,0,257,bank_card,0,,208.09
ord_000000335,u_002171,ss_00007183,clk_0000003971,2026-07-12,p_02685,Fashion,2339,48,0,ozon_card,0,,640.65
ord_000000336,u_002176,ss_00007197,clk_0000003980,2026-07-24,p_00649,Home,1607,0,155,installment,0,,179.82
ord_000000337,u_002186,ss_00007223,clk_0000003993,2026-07-20,p_03689,Beauty,1939,264,142,bank_card,0,,555.33
ord_000000338,u_002187,ss_00007226,clk_0000003996,2026-07-12,p_00260,Kids,1353,0,137,bank_card,0,,254.63
ord_000000339,u_002190,ss_00007241,clk_0000004004,2026-07-06,p_00264,Fashion,3204,65,0,bank_card,0,,813.5
ord_000000340,u_002203,ss_00007284,clk_0000004024,2026-07-02,p_00005,FMCG,613,32,82,ozon_card,0,,35.49
ord_000000341,u_002206,ss_00007300,clk_0000004032,2026-07-07,p_01797,Books,277,0,0,bank_card,0,,45.01
ord_000000342,u_002227,ss_00007349,clk_0000004052,2026-07-10,p_02275,Fashion,1325,41,125,bank_card,0,,283.95
ord_000000343,u_002228,ss_00007351,clk_0000004053,2026-07-16,p_02939,Electronics,3432,106,0,ozon_card,0,,527.16
ord_000000344,u_002235,ss_00007376,clk_0000004060,2026-07-13,p_02160,Electronics,5414,602,229,bank_card,0,,216.56
ord_000000345,u_002249,ss_00007421,clk_0000004089,2026-07-17,p_03170,Fashion,606,67,294,bank_card,0,,154.95
ord_000000346,u_002256,ss_00007449,clk_0000004102,2026-07-22,p_02507,Books,355,0,56,bank_card,0,,39.69
ord_000000347,u_002257,ss_00007458,clk_0000004109,2026-07-30,p_03062,Sports,761,0,0,bank_card,0,,193.37
ord_000000348,u_002260,ss_00007466,clk_0000004114,2026-07-10,p_03528,FMCG,279,0,121,bank_card,0,,38.67
ord_000000349,u_002268,ss_00007482,clk_0000004119,2026-07-24,p_03380,Beauty,549,97,,ozon_card,0,,179.69
ord_000000350,u_002286,ss_00007541,clk_0000004148,2026-07-26,p_03293,Beauty,354,0,68,ozon_card,0,,98.41
ord_000000351,u_002292,ss_00007556,clk_0000004157,2026-07-04,p_04239,Pet,782,0,132,cash_on_delivery,0,,138.02
ord_000000352,u_002301,ss_00007577,clk_0000004171,2026-07-29,p_01950,Sports,2104,0,222,cash_on_delivery,0,,353.05
ord_000000353,u_002301,ss_00007578,clk_0000004172,2026-07-27,p_00871,Electronics,2516,0,0,bank_card,0,,204.8
ord_000000354,u_002306,ss_00007592,clk_0000004184,2026-07-22,p_02022,Sports,1784,55,227,cash_on_delivery,0,,418.88
ord_000000355,u_002312,ss_00007611,clk_0000004194,2026-07-06,p_03170,Fashion,606,67,190,cash_on_delivery,0,,154.95
ord_000000356,u_002313,ss_00007612,clk_0000004196,2026-07-12,p_03300,Beauty,555,62,165,sberpay,0,,153.29
ord_000000357,u_002323,ss_00007640,clk_0000004207,2026-07-29,p_01362,FMCG,358,0,150,bank_card,0,,63.72
ord_000000358,u_002335,ss_00007674,clk_0000004227,2026-07-21,p_04281,Books,230,12,295,bank_card,0,,41.65
ord_000000359,u_002340,ss_00007686,clk_0000004232,2026-07-18,p_01745,Pet,1582,0,86,bank_card,0,,284.44
ord_000000360,u_002363,ss_00007763,clk_0000004263,2026-07-21,p_01938,Fashion,1800,56,208,ozon_card,0,,518.58
ord_000000361,u_002366,ss_00007778,clk_0000004272,2026-07-23,p_03788,Home,1024,0,256,bank_card,0,,201.52
ord_000000362,u_002367,ss_00007781,clk_0000004274,2026-07-17,p_03368,Home,920,28,0,cash_on_delivery,0,,227.79
ord_000000363,u_002367,ss_00007783,clk_0000004276,2026-07-26,p_01195,Home,1115,0,0,ozon_card,0,,175.72
ord_000000364,u_002372,ss_00007799,clk_0000004283,2026-07-22,p_04162,Fashion,1499,31,226,bank_card,0,,490.17
ord_000000365,u_002377,ss_00007810,clk_0000004290,2026-07-28,p_03713,Home,1923,101,194,ozon_card,0,,403.25
ord_000000366,u_002384,ss_00007835,clk_0000004301,2026-07-30,p_00043,Electronics,6230,692,180,sberpay,0,,596.21
ord_000000367,u_002391,ss_00007854,clk_0000004310,2026-07-18,p_04064,Beauty,484,10,242,bank_card,0,,163.64
ord_000000368,u_002391,ss_00007854,clk_0000004311,2026-07-18,p_02541,Fashion,1399,29,152,ozon_card,0,,320.93
ord_000000369,u_002396,ss_00007870,clk_0000004318,2026-07-13,p_02088,Books,360,19,,installment,0,,73.4
ord_000000370,u_002404,ss_00007897,clk_0000004336,2026-07-06,p_04388,Pet,544,29,269,sberpay,0,,111.08
ord_000000371,u_002409,ss_00007917,clk_0000004348,2026-07-17,p_00416,Auto,849,0,184,sberpay,0,,156.3
ord_000000372,u_002427,ss_00007964,clk_0000004363,2026-07-30,p_01748,Fashion,1609,33,261,bank_card,0,,376.67
ord_000000373,u_002435,ss_00007994,clk_0000004385,2026-07-07,p_02152,Sports,854,0,179,ozon_card,0,,194.54
ord_000000374,u_002451,ss_00008037,clk_0000004403,2026-07-24,p_03807,Kids,1555,0,199,bank_card,1,2026-07-27,-46.65
ord_000000375,u_002452,ss_00008040,clk_0000004404,2026-07-17,p_04169,Home,624,19,98,bank_card,0,,108.39
ord_000000376,u_002455,ss_00008047,clk_0000004407,2026-07-16,p_00335,Auto,1512,0,210,cash_on_delivery,1,2026-08-01,-45.36
ord_000000377,u_002458,ss_00008057,clk_0000004409,2026-07-02,p_01247,Home,1585,0,118,sberpay,0,,517.5
ord_000000378,u_002464,ss_00008083,clk_0000004417,2026-07-12,p_04370,FMCG,267,30,0,bank_card,0,,31.43
ord_000000379,u_002471,ss_00008103,clk_0000004425,2026-07-20,p_04003,Home,2399,0,211,cash_on_delivery,0,,571.44
ord_000000380,u_002482,ss_00008143,clk_0000004444,2026-07-24,p_02445,Beauty,2058,42,111,sberpay,0,,541.67
ord_000000381,u_002484,ss_00008148,clk_0000004447,2026-07-21,p_03663,Pet,2900,90,247,ozon_card,0,,457.04
ord_000000382,u_002504,ss_00008229,clk_0000004487,2026-07-04,p_02653,Home,1484,165,160,bank_card,0,,272.61
ord_000000383,u_002507,ss_00008237,clk_0000004489,2026-07-21,p_01631,Fashion,948,71,0,installment,0,,256.05
ord_000000384,u_002511,ss_00008248,clk_0000004497,2026-07-20,p_01618,Sports,2003,105,0,bank_card,0,,284.03
ord_000000385,u_002522,ss_00008288,clk_0000004519,2026-07-13,p_01042,Home,1955,217,0,ozon_card,0,,446.52
ord_000000386,u_002534,ss_00008331,clk_0000004543,2026-07-04,p_03148,Kids,450,0,0,bank_card,0,,102.6
ord_000000387,u_002534,ss_00008331,clk_0000004544,2026-07-04,p_01709,Fashion,1478,30,0,ozon_card,1,2026-08-05,-44.34
ord_000000388,u_002539,ss_00008340,clk_0000004547,2026-07-12,p_03247,Pet,646,34,0,bank_card,0,,166.99
ord_000000389,u_002546,ss_00008357,clk_0000004562,2026-07-18,p_04099,FMCG,259,0,188,ozon_card,0,,38.28
ord_000000390,u_002561,ss_00008413,clk_0000004596,2026-07-08,p_01681,Kids,839,44,341,sberpay,0,,156.47
ord_000000391,u_002582,ss_00008477,clk_0000004634,2026-07-25,p_02142,Fashion,2571,135,92,installment,0,,510.86
ord_000000392,u_002582,ss_00008482,clk_0000004639,2026-07-09,p_03543,Fashion,2011,41,159,ozon_card,0,,422.31
ord_000000393,u_002587,ss_00008491,clk_0000004643,2026-07-22,p_03591,Fashion,1912,39,142,ozon_card,0,,371.5
ord_000000394,u_002594,ss_00008519,clk_0000004658,2026-07-04,p_04174,Auto,1285,68,0,ozon_card,0,,310.46
ord_000000395,u_002610,ss_00008567,clk_0000004685,2026-07-22,p_03170,Fashion,606,67,122,ozon_card,0,,154.95
ord_000000396,u_002612,ss_00008574,clk_0000004688,2026-07-04,p_02659,Electronics,2926,0,244,bank_card,0,,117.04
ord_000000397,u_002617,ss_00008593,clk_0000004696,2026-07-06,p_00860,Home,2356,0,178,installment,0,,347.75
ord_000000398,u_002629,ss_00008621,clk_0000004713,2026-07-15,p_00196,Fashion,1580,32,0,bank_card,0,,381.57
ord_000000399,u_002639,ss_00008646,clk_0000004724,2026-07-27,p_02125,Pet,913,28,125,bank_card,0,,183.6
ord_000000400,u_002643,ss_00008667,clk_0000004738,2026-07-19,p_03005,Beauty,1625,86,281,installment,0,,534.95
ord_000000401,u_002648,ss_00008679,clk_0000004747,2026-07-11,p_04215,Pet,1074,0,121,bank_card,0,,225.22
ord_000000402,u_002655,ss_00008700,clk_0000004759,2026-07-19,p_02164,FMCG,1285,143,156,ozon_card,0,,183.24
ord_000000403,u_002657,ss_00008708,clk_0000004767,2026-07-16,p_00365,FMCG,371,0,260,bank_card,0,,52.13
ord_000000404,u_002658,ss_00008716,clk_0000004774,2026-07-05,p_01795,Home,964,51,0,cash_on_delivery,0,,178.44
ord_000000405,u_002659,ss_00008718,clk_0000004777,2026-07-11,p_00309,Electronics,4615,0,0,bank_card,0,,496.11
ord_000000406,u_002660,ss_00008722,clk_0000004778,2026-07-26,p_02893,Electronics,5288,164,0,ozon_card,0,,324.15
ord_000000407,u_002668,ss_00008751,clk_0000004795,2026-07-21,p_03313,Electronics,7426,0,0,bank_card,0,,846.56
ord_000000408,u_002677,ss_00008781,clk_0000004806,2026-07-16,p_03145,Beauty,355,7,0,bank_card,0,,89.53
ord_000000409,u_002678,ss_00008782,clk_0000004807,2026-07-14,p_01201,Fashion,3209,65,241,bank_card,0,,750.59
ord_000000410,u_002717,ss_00008880,clk_0000004866,2026-07-24,p_03081,Beauty,697,95,142,bank_card,0,,171.74
ord_000000411,u_002733,ss_00008927,clk_0000004890,2026-07-17,p_02928,Beauty,231,5,95,ozon_card,0,,74.38
ord_000000412,u_002733,ss_00008929,clk_0000004895,2026-07-13,p_03192,Beauty,289,15,293,bank_card,0,,100.31
ord_000000413,u_002743,ss_00008963,clk_0000004913,2026-07-19,p_04427,Electronics,8164,430,0,ozon_card,0,,1236.85
ord_000000414,u_002745,ss_00008968,clk_0000004916,2026-07-27,p_00664,Electronics,1480,0,282,ozon_card,0,,158.51
ord_000000415,u_002754,ss_00008998,clk_0000004930,2026-07-15,p_01147,Beauty,765,24,202,ozon_card,0,,239.67
ord_000000416,u_002762,ss_00009022,clk_0000004938,2026-07-04,p_03946,Pet,551,0,157,ozon_card,0,,84.25
ord_000000417,u_002797,ss_00009127,clk_0000004996,2026-07-11,p_01685,Books,197,0,231,bank_card,0,,29.27
ord_000000418,u_002806,ss_00009153,clk_0000005007,2026-07-09,p_01331,Books,190,6,0,bank_card,0,,41.38
ord_000000419,u_002808,ss_00009157,clk_0000005009,2026-07-17,p_03593,Home,733,23,184,cash_on_delivery,0,,107.68
ord_000000420,u_002820,ss_00009198,clk_0000005029,2026-07-02,p_00050,FMCG,324,10,105,bank_card,0,,64.38
ord_000000421,u_002829,ss_00009224,clk_0000005045,2026-07-11,p_00832,Kids,1253,0,179,sberpay,0,,315.88
ord_000000422,u_002843,ss_00009270,clk_0000005073,2026-07-25,p_01897,Auto,3360,0,134,ozon_card,0,,623.62
ord_000000423,u_002843,ss_00009271,clk_0000005075,2026-07-27,p_01666,Books,376,12,283,ozon_card,0,,49.9
ord_000000424,u_002854,ss_00009300,clk_0000005088,2026-07-22,p_02246,Electronics,1888,0,117,ozon_card,0,,282.44
ord_000000425,u_002855,ss_00009304,clk_0000005092,2026-07-16,p_01352,Electronics,5329,0,0,bank_card,0,,219.55
ord_000000426,u_002856,ss_00009314,clk_0000005098,2026-07-02,p_00412,Fashion,846,64,219,installment,0,,169.28
ord_000000427,u_002859,ss_00009323,clk_0000005107,2026-07-08,p_01199,Auto,3276,0,0,installment,0,,561.51
ord_000000428,u_002873,ss_00009366,clk_0000005132,2026-07-24,p_01906,Pet,1170,62,183,ozon_card,0,,179.95
ord_000000429,u_002873,ss_00009366,clk_0000005133,2026-07-24,p_01821,Home,1931,0,242,sberpay,0,,364.57
ord_000000430,u_002877,ss_00009379,clk_0000005137,2026-07-18,p_04483,Electronics,3784,0,0,installment,0,,643.28
ord_000000431,u_002892,ss_00009412,clk_0000005152,2026-07-29,p_02700,Sports,641,34,0,bank_card,0,,133.33
ord_000000432,u_002893,ss_00009418,clk_0000005156,2026-07-20,p_04189,Kids,1363,0,236,ozon_card,0,,356.56
ord_000000433,u_002901,ss_00009434,clk_0000005164,2026-07-10,p_02940,Electronics,2477,0,120,cash_on_delivery,0,,99.08
ord_000000434,u_002905,ss_00009447,clk_0000005172,2026-07-17,p_02303,Electronics,4473,138,0,bank_card,0,,199.05
ord_000000435,u_002908,ss_00009453,clk_0000005176,2026-07-08,p_03291,Fashion,1536,47,218,bank_card,1,2026-07-18,-46.08
ord_000000436,u_002953,ss_00009578,clk_0000005223,2026-07-10,p_02280,Kids,901,47,270,ozon_card,0,,143.44
ord_000000437,u_002953,ss_00009579,clk_0000005224,2026-07-29,p_00267,Fashion,2179,242,129,bank_card,0,,498.99
ord_000000438,u_002954,ss_00009584,clk_0000005228,2026-07-20,p_00888,Kids,733,0,257,ozon_card,1,2026-08-14,-21.99
ord_000000439,u_002972,ss_00009634,clk_0000005256,2026-07-17,p_01208,Kids,741,0,217,ozon_card,0,,209.33
ord_000000440,u_002978,ss_00009657,clk_0000005268,2026-07-27,p_03178,Fashion,1143,23,200,ozon_card,0,,263.69
ord_000000441,u_002983,ss_00009668,clk_0000005275,2026-07-06,p_03591,Fashion,1853,98,92,bank_card,0,,360.04
ord_000000442,u_002990,ss_00009688,clk_0000005284,2026-07-18,p_03715,Electronics,1082,0,209,bank_card,0,,181.02
ord_000000443,u_002996,ss_00009712,clk_0000005293,2026-07-20,p_00130,Fashion,931,49,116,sberpay,0,,183.22
ord_000000444,u_003004,ss_00009737,clk_0000005307,2026-07-14,p_00591,Home,1682,52,174,installment,0,,363.14
ord_000000445,u_003029,ss_00009817,clk_0000005352,2026-07-29,p_01264,Home,1975,61,0,bank_card,0,,318.96
ord_000000446,u_003029,ss_00009821,clk_0000005357,2026-07-07,p_00234,Fashion,1551,82,0,ozon_card,0,,422.03
ord_000000447,u_003035,ss_00009844,clk_0000005374,2026-07-20,p_00786,FMCG,264,0,238,sberpay,0,,40.76
ord_000000448,u_003042,ss_00009866,clk_0000005382,2026-07-20,p_03020,Books,521,0,288,cash_on_delivery,0,,113.79
ord_000000449,u_003051,ss_00009901,clk_0000005397,2026-07-18,p_00398,FMCG,243,13,298,installment,0,,24.06
ord_000000450,u_003059,ss_00009926,clk_0000005410,2026-07-12,p_03067,Books,176,31,160,bank_card,0,,31.57
ord_000000451,u_003063,ss_00009937,clk_0000005416,2026-07-06,p_00024,Fashion,1323,0,239,sberpay,0,,348.61
ord_000000452,u_003067,ss_00009951,clk_0000005425,2026-07-04,p_03555,Kids,947,105,248,ozon_card,0,,159.1
ord_000000453,u_003073,ss_00009967,clk_0000005431,2026-07-19,p_02542,Sports,876,0,90,ozon_card,0,,140.25
ord_000000454,u_003094,ss_00010038,clk_0000005476,2026-07-13,p_02265,Fashion,2909,59,202,ozon_card,1,2026-08-19,-87.27
ord_000000455,u_003094,ss_00010041,clk_0000005477,2026-07-05,p_00623,Pet,1124,59,0,ozon_card,0,,183.32
ord_000000456,u_003095,ss_00010042,clk_0000005478,2026-07-19,p_04299,Auto,3461,0,0,ozon_card,0,,534.72
ord_000000457,u_003095,ss_00010042,clk_0000005479,2026-07-19,p_03954,Pet,486,0,153,bank_card,0,,85.78
ord_000000458,u_003098,ss_00010050,clk_0000005485,2026-07-07,p_00940,Beauty,576,18,191,bank_card,0,,130.64
ord_000000459,u_003115,ss_00010102,clk_0000005508,2026-07-07,p_00810,Home,1626,0,0,bank_card,0,,297.88
ord_000000460,u_003119,ss_00010110,clk_0000005510,2026-07-03,p_00375,Sports,190,0,0,sberpay,1,2026-07-27,-5.7
ord_000000461,u_003126,ss_00010128,clk_0000005522,2026-07-12,p_00414,FMCG,215,0,181,bank_card,0,,27.0
ord_000000462,u_003129,ss_00010138,clk_0000005527,2026-07-29,p_02687,Kids,874,0,292,ozon_card,0,,136.34
ord_000000463,u_003153,ss_00010215,clk_0000005571,2026-07-10,p_02804,Beauty,1489,0,181,bank_card,0,,466.8
ord_000000464,u_003162,ss_00010235,clk_0000005588,2026-07-08,p_03031,Beauty,582,0,146,bank_card,0,,118.38
ord_000000465,u_003170,ss_00010258,clk_0000005600,2026-07-04,p_00602,Kids,651,115,83,bank_card,0,,105.01
ord_000000466,u_003189,ss_00010301,clk_0000005624,2026-07-22,p_00392,Electronics,7177,0,0,cash_on_delivery,1,2026-08-24,-215.31
ord_000000467,u_003191,ss_00010304,clk_0000005627,2026-07-24,p_01155,Beauty,487,0,0,sberpay,0,,195.82
ord_000000468,u_003192,ss_00010307,clk_0000005629,2026-07-24,p_00652,Kids,839,0,,bank_card,0,,142.29
ord_000000469,u_003193,ss_00010312,clk_0000005631,2026-07-28,p_02311,Pet,458,24,237,bank_card,1,2026-08-23,-13.74
ord_000000470,u_003197,ss_00010319,clk_0000005634,2026-07-21,p_04174,Auto,1312,41,110,bank_card,0,,316.98
ord_000000471,u_003202,ss_00010339,clk_0000005645,2026-07-26,p_03369,Beauty,1824,0,0,bank_card,0,,558.14
ord_000000472,u_003203,ss_00010346,clk_0000005648,2026-07-23,p_02939,Electronics,3538,0,268,bank_card,0,,543.44
ord_000000473,u_003208,ss_00010363,clk_0000005661,2026-07-05,p_01028,Beauty,755,0,100,ozon_card,0,,235.11
ord_000000474,u_003234,ss_00010456,clk_0000005705,2026-07-30,p_03591,Fashion,1853,98,214,ozon_card,0,,360.04
ord_000000475,u_003242,ss_00010483,clk_0000005718,2026-07-15,p_02591,Sports,1005,0,295,installment,0,,266.93
ord_000000476,u_003242,ss_00010484,clk_0000005719,2026-07-05,p_03406,Kids,1798,56,0,bank_card,0,,328.67
ord_000000477,u_003252,ss_00010513,clk_0000005733,2026-07-21,p_00336,Beauty,401,21,245,bank_card,0,,126.23
ord_000000478,u_003252,ss_00010513,clk_0000005735,2026-07-21,p_04005,Fashion,2468,506,0,ozon_card,0,,463.74
ord_000000479,u_003256,ss_00010526,clk_0000005745,2026-07-10,p_00082,Beauty,762,24,161,sberpay,0,,281.79
ord_000000480,u_003268,ss_00010576,clk_0000005779,2026-07-03,p_00686,Beauty,522,39,0,bank_card,0,,152.84
ord_000000481,u_003276,ss_00010602,clk_0000005794,2026-07-13,p_00644,Sports,1430,159,218,sberpay,0,,361.5
ord_000000482,u_003287,ss_00010650,clk_0000005831,2026-07-13,p_02935,Kids,1587,176,134,ozon_card,0,,401.67
ord_000000483,u_003288,ss_00010656,clk_0000005837,2026-07-08,p_01192,Fashion,2626,54,268,sberpay,1,2026-08-13,-78.78
ord_000000484,u_003294,ss_00010676,clk_0000005857,2026-07-09,p_00619,Fashion,1593,177,239,bank_card,0,,450.5
ord_000000485,u_003312,ss_00010740,clk_0000005881,2026-07-22,p_04052,Sports,988,52,167,ozon_card,0,,216.17
ord_000000486,u_003313,ss_00010744,clk_0000005882,2026-07-16,p_04142,Electronics,3300,102,0,installment,0,,516.45
ord_000000487,u_003317,ss_00010755,clk_0000005886,2026-07-12,p_02524,Beauty,413,8,63,bank_card,0,,128.36
ord_000000488,u_003321,ss_00010769,clk_0000005894,2026-07-19,p_00952,Beauty,525,0,0,bank_card,0,,155.61
ord_000000489,u_003323,ss_00010776,clk_0000005900,2026-07-13,p_01904,Kids,1229,65,86,bank_card,0,,291.4
ord_000000490,u_003336,ss_00010824,clk_0000005921,2026-07-03,p_03532,Sports,1429,159,331,bank_card,0,,224.92
ord_000000491,u_003346,ss_00010854,clk_0000005937,2026-07-01,p_04375,Books,192,0,109,cash_on_delivery,0,,40.53
ord_000000492,u_003350,ss_00010862,clk_0000005938,2026-07-12,p_02320,Auto,1073,119,190,installment,0,,220.18
ord_000000493,u_003353,ss_00010877,clk_0000005947,2026-07-08,p_00893,Home,2863,0,22,bank_card,0,,578.33
ord_000000494,u_003357,ss_00010890,clk_0000005958,2026-07-12,p_04035,Fashion,979,109,345,installment,0,,213.13
ord_000000495,u_003379,ss_00010970,clk_0000005995,2026-07-10,p_01227,Fashion,690,14,0,bank_card,0,,160.08
ord_000000496,u_003383,ss_00010984,clk_0000006005,2026-07-25,p_00636,FMCG,105,0,227,sberpay,0,,12.69
ord_000000497,u_003394,ss_00011013,clk_0000006019,2026-07-26,p_02562,Fashion,1993,41,285,bank_card,1,2026-07-31,-59.79
ord_000000498,u_003400,ss_00011025,clk_0000006024,2026-07-25,p_02028,FMCG,220,0,157,cash_on_delivery,0,,42.35
ord_000000499,u_003426,ss_00011100,clk_0000006058,2026-07-08,p_00065,Auto,1157,36,0,ozon_card,0,,198.08
ord_000000500,u_003430,ss_00011119,clk_0000006062,2026-07-25,p_01695,Books,445,14,273,bank_card,0,,74.94
ord_000000501,u_003435,ss_00011134,clk_0000006071,2026-07-12,p_03377,Fashion,1634,223,265,bank_card,0,,390.04
ord_000000502,u_003450,ss_00011177,clk_0000006083,2026-07-21,p_00714,Electronics,2347,124,221,bank_card,0,,280.0
ord_000000503,u_003463,ss_00011228,clk_0000006114,2026-07-30,p_03935,Sports,365,11,116,bank_card,0,,68.66
ord_000000504,u_003476,ss_00011259,clk_0000006128,2026-07-18,p_03853,Fashion,383,78,167,ozon_card,0,,82.88
ord_000000505,u_003478,ss_00011266,clk_0000006130,2026-07-24,p_02983,Fashion,1314,69,296,bank_card,0,,304.85
ord_000000506,u_003492,ss_00011304,clk_0000006148,2026-07-27,p_01640,Home,1698,0,,sberpay,0,,325.0
ord_000000507,u_003501,ss_00011328,clk_0000006159,2026-07-05,p_01247,Home,1427,158,283,bank_card,0,,465.92
ord_000000508,u_003509,ss_00011361,clk_0000006189,2026-07-04,p_01370,Home,1366,0,0,bank_card,0,,295.06
ord_000000509,u_003516,ss_00011384,clk_0000006198,2026-07-23,p_03164,Electronics,939,0,59,cash_on_delivery,0,,71.46
ord_000000510,u_003521,ss_00011402,clk_0000006207,2026-07-21,p_03969,Electronics,1549,273,208,ozon_card,0,,213.76
ord_000000511,u_003522,ss_00011406,clk_0000006209,2026-07-07,p_00023,FMCG,104,12,343,bank_card,0,,21.85
ord_000000512,u_003537,ss_00011456,clk_0000006238,2026-07-01,p_01136,Sports,1139,0,205,ozon_card,0,,250.12
ord_000000513,u_003549,ss_00011486,clk_0000006253,2026-07-08,p_04416,Fashion,1020,139,310,bank_card,0,,357.61
ord_000000514,u_003550,ss_00011488,clk_0000006255,2026-07-10,p_01431,Fashion,1815,37,0,bank_card,0,,408.19
ord_000000515,u_003572,ss_00011555,clk_0000006291,2026-07-18,p_04175,Fashion,333,18,101,bank_card,0,,74.56
ord_000000516,u_003576,ss_00011570,clk_0000006299,2026-07-04,p_04351,Home,2281,0,74,bank_card,0,,514.37
ord_000000517,u_003577,ss_00011575,clk_0000006300,2026-07-02,p_00092,Beauty,372,12,0,ozon_card,0,,91.44
ord_000000518,u_003594,ss_00011622,clk_0000006332,2026-07-21,p_03620,Kids,2526,78,218,installment,0,,733.55
ord_000000519,u_003599,ss_00011635,clk_0000006344,2026-07-03,p_00666,Electronics,2784,0,,ozon_card,0,,466.88
ord_000000520,u_003600,ss_00011638,clk_0000006346,2026-07-15,p_02721,Home,3277,101,281,sberpay,0,,677.68
ord_000000521,u_003602,ss_00011651,clk_0000006353,2026-07-28,p_01716,Sports,2371,264,156,ozon_card,0,,696.36
ord_000000522,u_003610,ss_00011673,clk_0000006365,2026-07-19,p_03323,Beauty,1074,22,204,bank_card,0,,290.73
ord_000000523,u_003615,ss_00011694,clk_0000006379,2026-07-04,p_00775,FMCG,254,0,0,ozon_card,0,,44.6
ord_000000524,u_003638,ss_00011754,clk_0000006411,2026-07-06,p_03028,Home,938,29,197,cash_on_delivery,0,,159.37
ord_000000525,u_003651,ss_00011819,clk_0000006458,2026-07-16,p_04058,Home,1039,0,,cash_on_delivery,0,,124.99
ord_000000526,u_003663,ss_00011859,clk_0000006477,2026-07-10,p_01480,Electronics,5186,160,0,bank_card,0,,704.78
ord_000000527,u_003663,ss_00011861,clk_0000006479,2026-07-26,p_00424,Fashion,1360,185,59,ozon_card,0,,293.08
ord_000000528,u_003677,ss_00011906,clk_0000006498,2026-07-23,p_00066,Sports,1928,102,198,bank_card,0,,492.99
ord_000000529,u_003679,ss_00011912,clk_0000006501,2026-07-28,p_00943,Electronics,1606,283,95,bank_card,0,,105.03
ord_000000530,u_003684,ss_00011938,clk_0000006520,2026-07-08,p_02263,Fashion,2313,0,103,installment,0,,624.74
ord_000000531,u_003696,ss_00011985,clk_0000006542,2026-07-08,p_03552,Home,682,21,0,bank_card,0,,171.8
ord_000000532,u_003699,ss_00012001,clk_0000006550,2026-07-06,p_02828,Fashion,1830,138,277,bank_card,0,,356.67
ord_000000533,u_003700,ss_00012007,clk_0000006556,2026-07-22,p_03653,Fashion,705,14,145,cash_on_delivery,0,,145.09
ord_000000534,u_003712,ss_00012044,clk_0000006580,2026-07-30,p_00748,Sports,1262,0,6,bank_card,0,,293.16
ord_000000535,u_003720,ss_00012066,clk_0000006589,2026-07-25,p_02385,Beauty,897,0,336,bank_card,0,,209.99
ord_000000536,u_003731,ss_00012098,clk_0000006610,2026-07-30,p_04050,Sports,1096,122,290,ozon_card,1,2026-08-26,-32.88
ord_000000537,u_003732,ss_00012104,clk_0000006614,2026-07-12,p_02056,Fashion,683,0,182,bank_card,0,,135.78
ord_000000538,u_003742,ss_00012134,clk_0000006632,2026-07-08,p_00521,Home,4745,0,0,ozon_card,0,,884.47
ord_000000539,u_003762,ss_00012192,clk_0000006653,2026-07-29,p_01390,Home,2094,110,202,cash_on_delivery,0,,486.86
ord_000000540,u_003765,ss_00012205,clk_0000006657,2026-07-26,p_01859,Auto,1458,45,,bank_card,0,,188.52
ord_000000541,u_003765,ss_00012209,clk_0000006659,2026-07-30,p_02782,Beauty,625,47,274,ozon_card,0,,173.81
ord_000000542,u_003766,ss_00012214,clk_0000006662,2026-07-20,p_02285,Fashion,864,46,244,bank_card,0,,226.71
ord_000000543,u_003769,ss_00012222,clk_0000006669,2026-07-21,p_02887,Sports,585,0,91,installment,0,,108.52
ord_000000544,u_003782,ss_00012255,clk_0000006687,2026-07-27,p_01561,Beauty,378,52,209,ozon_card,0,,115.78
ord_000000545,u_003787,ss_00012269,clk_0000006694,2026-07-01,p_03034,Fashion,2527,0,104,ozon_card,0,,709.58
ord_000000546,u_003789,ss_00012277,clk_0000006700,2026-07-23,p_01242,Fashion,485,66,157,sberpay,0,,129.45
ord_000000547,u_003793,ss_00012290,clk_0000006707,2026-07-27,p_00078,Kids,578,0,0,bank_card,0,,150.8
ord_000000548,u_003799,ss_00012309,clk_0000006714,2026-07-20,p_00758,Electronics,2039,0,190,bank_card,0,,219.8
ord_000000549,u_003801,ss_00012316,clk_0000006720,2026-07-19,p_03561,Beauty,532,73,186,sberpay,0,,161.52
ord_000000550,u_003801,ss_00012317,clk_0000006721,2026-07-11,p_03398,FMCG,519,92,0,installment,0,,35.4
ord_000000551,u_003816,ss_00012355,clk_0000006740,2026-07-16,p_03711,Kids,1528,170,139,sberpay,0,,318.13
ord_000000552,u_003818,ss_00012365,clk_0000006746,2026-07-28,p_02294,FMCG,921,28,339,ozon_card,0,,125.62
ord_000000553,u_003821,ss_00012378,clk_0000006748,2026-07-19,p_03283,Auto,3122,164,0,bank_card,0,,626.59
ord_000000554,u_003821,ss_00012380,clk_0000006751,2026-07-10,p_00026,Beauty,1972,219,0,sberpay,0,,682.51
ord_000000555,u_003824,ss_00012383,clk_0000006753,2026-07-13,p_02984,Beauty,243,33,181,bank_card,0,,62.31
ord_000000556,u_003824,ss_00012385,clk_0000006755,2026-07-24,p_04450,Home,1485,78,146,ozon_card,1,2026-07-28,-44.55
ord_000000557,u_003830,ss_00012408,clk_0000006768,2026-07-14,p_02898,Sports,1219,215,235,ozon_card,0,,300.24
ord_000000558,u_003831,ss_00012413,clk_0000006770,2026-07-05,p_00164,Pet,1242,138,344,bank_card,1,2026-08-02,-37.26
ord_000000559,u_003837,ss_00012427,clk_0000006779,2026-07-17,p_03327,Sports,642,0,403,installment,0,,191.0
ord_000000560,u_003844,ss_00012457,clk_0000006797,2026-07-01,p_00334,Beauty,531,0,145,bank_card,0,,134.66
ord_000000561,u_003850,ss_00012476,clk_0000006804,2026-07-23,p_03126,FMCG,265,30,232,bank_card,0,,64.53
ord_000000562,u_003853,ss_00012482,clk_0000006806,2026-07-13,p_02551,Pet,590,0,0,ozon_card,0,,113.58
ord_000000563,u_003859,ss_00012500,clk_0000006810,2026-07-28,p_01695,Books,459,0,86,sberpay,0,,77.3
ord_000000564,u_003862,ss_00012510,clk_0000006819,2026-07-26,p_01862,Home,922,0,0,installment,0,,168.36
ord_000000565,u_003887,ss_00012585,clk_0000006853,2026-07-07,p_03741,Electronics,12432,0,183,ozon_card,0,,2205.44
ord_000000566,u_003889,ss_00012593,clk_0000006858,2026-07-26,p_01735,Fashion,2244,0,166,ozon_card,0,,437.36
ord_000000567,u_003892,ss_00012605,clk_0000006868,2026-07-09,p_01602,Fashion,3943,80,216,ozon_card,0,,1040.95
ord_000000568,u_003896,ss_00012621,clk_0000006886,2026-07-25,p_03170,Fashion,673,0,187,ozon_card,0,,172.09
ord_000000569,u_003896,ss_00012625,clk_0000006891,2026-07-12,p_00925,Fashion,1089,0,296,ozon_card,0,,315.16
ord_000000570,u_003902,ss_00012644,clk_0000006900,2026-07-08,p_04418,Electronics,2972,0,177,sberpay,1,2026-08-13,-89.16
ord_000000571,u_003910,ss_00012666,clk_0000006912,2026-07-10,p_03675,Books,575,0,142,cash_on_delivery,0,,90.22
ord_000000572,u_003912,ss_00012672,clk_0000006915,2026-07-15,p_00827,Electronics,7294,0,0,ozon_card,0,,696.58
ord_000000573,u_003912,ss_00012673,clk_0000006916,2026-07-05,p_02409,Beauty,552,75,0,installment,0,,141.2
ord_000000574,u_003917,ss_00012687,clk_0000006920,2026-07-20,p_01978,Home,1621,0,125,bank_card,0,,384.18
ord_000000575,u_003917,ss_00012688,clk_0000006921,2026-07-14,p_01914,Beauty,985,74,103,cash_on_delivery,0,,291.76
ord_000000576,u_003931,ss_00012725,clk_0000006942,2026-07-13,p_02391,Kids,884,47,215,bank_card,0,,149.4
ord_000000577,u_003936,ss_00012740,clk_0000006954,2026-07-03,p_02381,Auto,5134,270,0,bank_card,0,,827.09
ord_000000578,u_003971,ss_00012865,clk_0000007038,2026-07-06,p_02385,Beauty,852,45,181,bank_card,0,,199.45
ord_000000579,u_003980,ss_00012900,clk_0000007063,2026-07-26,p_01766,FMCG,208,37,148,sberpay,0,,23.71
ord_000000580,u_003987,ss_00012930,clk_0000007077,2026-07-17,p_00287,Sports,942,0,93,sberpay,0,,191.32
ord_000000581,u_003991,ss_00012948,clk_0000007084,2026-07-26,p_03913,Electronics,4060,451,0,sberpay,1,2026-08-17,-121.8
ord_000000582,u_003998,ss_00012968,clk_0000007096,2026-07-26,p_00173,Electronics,2699,0,0,sberpay,0,,156.81
ord_000000583,u_004002,ss_00012987,clk_0000007108,2026-07-02,p_00725,Fashion,1248,25,299,bank_card,0,,287.91
ord_000000584,u_004004,ss_00012998,clk_0000007114,2026-07-18,p_03661,Sports,1146,127,137,ozon_card,0,,303.46
ord_000000585,u_004013,ss_00013037,clk_0000007143,2026-07-24,p_03015,Auto,2455,433,118,sberpay,0,,312.77
ord_000000586,u_004028,ss_00013083,clk_0000007165,2026-07-06,p_00826,Kids,1127,35,249,sberpay,0,,207.82
ord_000000587,u_004038,ss_00013119,clk_0000007182,2026-07-12,p_00592,FMCG,546,0,0,bank_card,0,,65.9
ord_000000588,u_004045,ss_00013154,clk_0000007210,2026-07-05,p_02541,Fashion,1399,29,0,bank_card,1,2026-08-11,-41.97
ord_000000589,u_004045,ss_00013158,clk_0000007213,2026-07-25,p_00443,Books,1138,0,210,bank_card,0,,119.72
ord_000000590,u_004049,ss_00013174,clk_0000007218,2026-07-23,p_03340,FMCG,309,10,,ozon_card,0,,47.83
ord_000000591,u_004070,ss_00013239,clk_0000007244,2026-07-21,p_02071,Books,147,0,228,sberpay,0,,37.72
ord_000000592,u_004079,ss_00013273,clk_0000007257,2026-07-08,p_01945,FMCG,251,28,,bank_card,0,,28.87
ord_000000593,u_004083,ss_00013287,clk_0000007268,2026-07-24,p_00718,Home,1196,133,275,ozon_card,0,,271.37
ord_000000594,u_004095,ss_00013323,clk_0000007292,2026-07-19,p_00847,FMCG,233,0,101,bank_card,0,,34.81
ord_000000595,u_004131,ss_00013452,clk_0000007370,2026-07-07,p_04071,Fashion,2044,63,203,ozon_card,0,,447.02
ord_000000596,u_004137,ss_00013474,clk_0000007377,2026-07-29,p_01444,Beauty,734,100,33,ozon_card,0,,291.69
ord_000000597,u_004139,ss_00013484,clk_0000007380,2026-07-15,p_03503,Beauty,778,16,,sberpay,1,2026-07-18,-23.34
ord_000000598,u_004144,ss_00013504,clk_0000007393,2026-07-13,p_03079,Home,1877,0,0,sberpay,0,,477.88
ord_000000599,u_004146,ss_00013510,clk_0000007399,2026-07-28,p_02459,Fashion,3182,354,0,bank_card,0,,514.85
ord_000000600,u_004147,ss_00013515,clk_0000007400,2026-07-18,p_01821,Home,1931,0,206,bank_card,0,,364.57
ord_000000601,u_004148,ss_00013519,clk_0000007402,2026-07-24,p_03283,Auto,3187,99,0,bank_card,0,,639.63
ord_000000602,u_004154,ss_00013536,clk_0000007410,2026-07-11,p_03578,Pet,2304,0,233,sberpay,0,,401.36
ord_000000603,u_004155,ss_00013538,clk_0000007411,2026-07-18,p_02552,Fashion,1548,116,138,cash_on_delivery,1,2026-08-17,-46.44
ord_000000604,u_004157,ss_00013542,clk_0000007413,2026-07-26,p_03301,Auto,1076,120,148,sberpay,0,,213.48
ord_000000605,u_004160,ss_00013555,clk_0000007417,2026-07-19,p_04015,Beauty,873,46,179,ozon_card,0,,244.27
ord_000000606,u_004172,ss_00013616,clk_0000007466,2026-07-19,p_03436,Home,1687,52,140,bank_card,0,,364.39
ord_000000607,u_004177,ss_00013630,clk_0000007472,2026-07-19,p_02151,Pet,377,12,104,bank_card,0,,49.73
ord_000000608,u_004201,ss_00013702,clk_0000007508,2026-07-10,p_02811,Beauty,267,14,159,cash_on_delivery,0,,83.25
ord_000000609,u_004205,ss_00013712,clk_0000007513,2026-07-11,p_04412,FMCG,253,13,241,bank_card,0,,30.92
ord_000000610,u_004212,ss_00013731,clk_0000007524,2026-07-17,p_02601,Auto,2379,0,182,installment,0,,305.46
ord_000000611,u_004216,ss_00013744,clk_0000007529,2026-07-18,p_01514,Electronics,5909,656,0,bank_card,0,,341.54
ord_000000612,u_004223,ss_00013758,clk_0000007537,2026-07-10,p_03176,Electronics,1759,0,155,bank_card,0,,296.57
ord_000000613,u_004225,ss_00013763,clk_0000007539,2026-07-11,p_00048,Fashion,3049,62,0,bank_card,0,,860.73
ord_000000614,u_004226,ss_00013766,clk_0000007540,2026-07-14,p_01330,Pet,984,0,114,ozon_card,0,,196.31
ord_000000615,u_004228,ss_00013772,clk_0000007544,2026-07-25,p_02846,FMCG,198,0,200,bank_card,0,,28.55
ord_000000616,u_004244,ss_00013808,clk_0000007559,2026-07-12,p_01437,Fashion,798,16,228,bank_card,0,,218.65
ord_000000617,u_004248,ss_00013823,clk_0000007564,2026-07-09,p_00094,Beauty,818,0,0,ozon_card,0,,328.75
ord_000000618,u_004249,ss_00013825,clk_0000007565,2026-07-03,p_02999,Electronics,5392,0,0,bank_card,0,,533.81
ord_000000619,u_004255,ss_00013850,clk_0000007582,2026-07-08,p_01604,Kids,890,47,,ozon_card,0,,258.72
ord_000000620,u_004256,ss_00013854,clk_0000007587,2026-07-05,p_02085,Fashion,3663,113,0,ozon_card,0,,795.6
ord_000000621,u_004265,ss_00013880,clk_0000007602,2026-07-21,p_00929,FMCG,339,18,156,bank_card,0,,77.12
ord_000000622,u_004266,ss_00013882,clk_0000007603,2026-07-25,p_04275,Pet,942,0,175,bank_card,0,,170.78
ord_000000623,u_004282,ss_00013950,clk_0000007661,2026-07-20,p_03071,Fashion,710,14,176,bank_card,1,2026-07-24,-21.3
ord_000000624,u_004284,ss_00013961,clk_0000007668,2026-07-07,p_02317,Auto,821,91,0,bank_card,0,,56.4
ord_000000625,u_004288,ss_00013975,clk_0000007671,2026-07-25,p_03386,Home,736,0,191,bank_card,0,,97.15
ord_000000626,u_004296,ss_00014003,clk_0000007691,2026-07-25,p_02760,Books,339,0,0,bank_card,0,,53.63
ord_000000627,u_004307,ss_00014037,clk_0000007712,2026-07-20,p_01233,Home,3588,0,0,ozon_card,0,,741.64
ord_000000628,u_004308,ss_00014038,clk_0000007713,2026-07-04,p_02086,Beauty,415,8,0,ozon_card,0,,122.84
ord_000000629,u_004310,ss_00014044,clk_0000007717,2026-07-27,p_00433,Fashion,2344,48,147,bank_card,0,,632.41
ord_000000630,u_004318,ss_00014071,clk_0000007730,2026-07-03,p_02202,Home,1011,0,229,ozon_card,0,,188.25
ord_000000631,u_004321,ss_00014081,clk_0000007734,2026-07-01,p_02732,Home,1290,68,127,cash_on_delivery,0,,176.86
ord_000000632,u_004322,ss_00014085,clk_0000007736,2026-07-16,p_03621,FMCG,371,20,0,sberpay,0,,38.95
ord_000000633,u_004322,ss_00014087,clk_0000007737,2026-07-15,p_02649,Sports,1864,0,0,sberpay,1,2026-07-19,-55.92
ord_000000634,u_004343,ss_00014153,clk_0000007769,2026-07-14,p_01697,Kids,301,16,0,sberpay,0,,52.28
ord_000000635,u_004352,ss_00014198,clk_0000007805,2026-07-26,p_00169,Fashion,2962,60,,bank_card,0,,707.62
ord_000000636,u_004357,ss_00014218,clk_0000007821,2026-07-30,p_04294,Home,1497,166,0,bank_card,0,,340.87
ord_000000637,u_004381,ss_00014297,clk_0000007863,2026-07-15,p_00363,Pet,987,0,296,bank_card,0,,128.41
ord_000000638,u_004388,ss_00014321,clk_0000007870,2026-07-18,p_04278,FMCG,393,0,,sberpay,0,,53.57
ord_000000639,u_004388,ss_00014322,clk_0000007871,2026-07-21,p_00834,Beauty,578,12,0,bank_card,0,,176.41
ord_000000640,u_004391,ss_00014327,clk_0000007874,2026-07-07,p_04373,Fashion,1055,0,158,bank_card,0,,258.05
ord_000000641,u_004397,ss_00014347,clk_0000007883,2026-07-03,p_02342,Fashion,876,18,204,bank_card,0,,228.37
ord_000000642,u_004411,ss_00014391,clk_0000007902,2026-07-17,p_00458,Fashion,827,0,242,ozon_card,0,,258.69
ord_000000643,u_004412,ss_00014394,clk_0000007904,2026-07-04,p_01827,Electronics,5879,0,0,bank_card,0,,1037.06
ord_000000644,u_004413,ss_00014400,clk_0000007907,2026-07-08,p_00545,Fashion,852,17,0,ozon_card,0,,232.17
ord_000000645,u_004415,ss_00014416,clk_0000007921,2026-07-22,p_04148,Fashion,309,16,137,ozon_card,0,,76.94
ord_000000646,u_004416,ss_00014418,clk_0000007925,2026-07-04,p_02408,Auto,2220,69,0,installment,0,,252.86
ord_000000647,u_004441,ss_00014485,clk_0000007955,2026-07-20,p_02574,Electronics,5213,161,0,installment,0,,580.73
ord_000000648,u_004450,ss_00014504,clk_0000007964,2026-07-01,p_04163,Fashion,960,51,126,bank_card,1,2026-08-04,-28.8
ord_000000649,u_004453,ss_00014515,clk_0000007971,2026-07-21,p_03411,Sports,3682,114,0,sberpay,0,,965.79
ord_000000650,u_004466,ss_00014551,clk_0000007987,2026-07-07,p_04490,Home,1102,34,199,bank_card,0,,199.24
ord_000000651,u_004469,ss_00014557,clk_0000007992,2026-07-07,p_01706,Auto,5081,157,0,sberpay,0,,805.34
ord_000000652,u_004478,ss_00014587,clk_0000008014,2026-07-25,p_00763,Home,1032,32,277,ozon_card,0,,213.0
ord_000000653,u_004480,ss_00014594,clk_0000008019,2026-07-16,p_03507,Books,434,0,197,bank_card,0,,60.85
ord_000000654,u_004490,ss_00014615,clk_0000008028,2026-07-20,p_00364,Beauty,1020,0,152,ozon_card,0,,360.77
ord_000000655,u_004493,ss_00014621,clk_0000008033,2026-07-10,p_01608,Kids,536,0,305,ozon_card,0,,115.03
ord_000000656,u_004496,ss_00014627,clk_0000008037,2026-07-10,p_01798,Electronics,2047,0,105,bank_card,0,,267.54
ord_000000657,u_004501,ss_00014643,clk_0000008041,2026-07-11,p_00616,Sports,1986,350,174,bank_card,0,,392.63
ord_000000658,u_004502,ss_00014647,clk_0000008043,2026-07-26,p_00038,Home,1023,0,86,bank_card,0,,236.72
ord_000000659,u_004502,ss_00014647,clk_0000008044,2026-07-26,p_02091,Electronics,6956,0,0,ozon_card,0,,1092.09
ord_000000660,u_004503,ss_00014650,clk_0000008047,2026-07-15,p_01693,Kids,1534,47,0,ozon_card,0,,427.07
ord_000000661,u_004514,ss_00014682,clk_0000008064,2026-07-03,p_03469,Beauty,743,82,205,bank_card,0,,226.17
ord_000000662,u_004531,ss_00014736,clk_0000008090,2026-07-30,p_00680,Kids,455,50,0,cash_on_delivery,0,,78.71
ord_000000663,u_004533,ss_00014739,clk_0000008092,2026-07-26,p_00383,Fashion,3105,636,,cash_on_delivery,0,,728.74
ord_000000664,u_004538,ss_00014753,clk_0000008095,2026-07-11,p_01487,Auto,1086,34,0,sberpay,0,,216.01
ord_000000665,u_004546,ss_00014774,clk_0000008103,2026-07-24,p_04431,Beauty,489,37,41,installment,0,,157.9
ord_000000666,u_004553,ss_00014797,clk_0000008110,2026-07-14,p_01609,Sports,664,21,279,cash_on_delivery,0,,122.64
ord_000000667,u_004553,ss_00014797,clk_0000008112,2026-07-14,p_01658,Electronics,2307,0,286,ozon_card,0,,142.34
ord_000000668,u_004558,ss_00014811,clk_0000008119,2026-07-10,p_04173,Beauty,649,34,228,bank_card,0,,196.71
ord_000000669,u_004566,ss_00014830,clk_0000008128,2026-07-04,p_00117,Auto,2022,0,304,ozon_card,0,,424.82
ord_000000670,u_004581,ss_00014871,clk_0000008151,2026-07-14,p_02623,Books,1117,0,139,ozon_card,0,,267.86
ord_000000671,u_004589,ss_00014894,clk_0000008159,2026-07-18,p_03315,FMCG,1736,0,64,bank_card,0,,87.32
ord_000000672,u_004593,ss_00014907,clk_0000008167,2026-07-23,p_03200,Auto,1632,0,98,ozon_card,0,,395.43
ord_000000673,u_004598,ss_00014922,clk_0000008176,2026-07-03,p_01729,Home,1640,182,252,ozon_card,0,,458.54
ord_000000674,u_004616,ss_00014990,clk_0000008213,2026-07-26,p_00417,FMCG,388,0,178,installment,0,,58.32
ord_000000675,u_004617,ss_00014992,clk_0000008216,2026-07-29,p_02093,Sports,539,17,218,ozon_card,1,2026-08-31,-16.17
ord_000000676,u_004620,ss_00015003,clk_0000008226,2026-07-16,p_03391,Electronics,3213,0,236,bank_card,0,,531.11
ord_000000677,u_004625,ss_00015025,clk_0000008240,2026-07-19,p_01371,Home,3239,360,0,sberpay,0,,847.97
ord_000000678,u_004628,ss_00015032,clk_0000008242,2026-07-15,p_03935,Sports,365,11,187,sberpay,0,,68.66
ord_000000679,u_004629,ss_00015035,clk_0000008246,2026-07-15,p_03366,Fashion,1948,0,0,ozon_card,0,,564.73
ord_000000680,u_004635,ss_00015053,clk_0000008262,2026-07-07,p_04431,Beauty,526,0,234,bank_card,0,,169.85
ord_000000681,u_004652,ss_00015105,clk_0000008284,2026-07-18,p_03706,Home,1300,40,233,bank_card,0,,203.97
ord_000000682,u_004658,ss_00015129,clk_0000008289,2026-07-07,p_00642,Fashion,2321,175,0,bank_card,0,,411.05
ord_000000683,u_004659,ss_00015134,clk_0000008293,2026-07-25,p_00880,Beauty,1238,38,250,bank_card,0,,285.73
ord_000000684,u_004661,ss_00015141,clk_0000008296,2026-07-13,p_02441,Kids,1497,0,271,ozon_card,0,,405.39
ord_000000685,u_004665,ss_00015153,clk_0000008300,2026-07-06,p_00629,Auto,3567,629,,installment,0,,549.32
ord_000000686,u_004675,ss_00015198,clk_0000008313,2026-07-21,p_00688,Fashion,3463,0,0,bank_card,0,,532.96
ord_000000687,u_004677,ss_00015210,clk_0000008321,2026-07-26,p_01954,Beauty,577,0,0,installment,0,,145.58
ord_000000688,u_004680,ss_00015216,clk_0000008324,2026-07-17,p_03724,Beauty,624,0,147,bank_card,0,,210.41
ord_000000689,u_004680,ss_00015217,clk_0000008325,2026-07-18,p_02416,Beauty,1001,31,119,ozon_card,0,,353.65
ord_000000690,u_004687,ss_00015237,clk_0000008329,2026-07-06,p_03018,Sports,1454,0,109,ozon_card,0,,331.95
ord_000000691,u_004687,ss_00015239,clk_0000008334,2026-07-18,p_02438,Fashion,1413,29,291,ozon_card,0,,408.5
ord_000000692,u_004707,ss_00015319,clk_0000008380,2026-07-09,p_00897,Beauty,636,13,265,ozon_card,0,,191.82
ord_000000693,u_004708,ss_00015324,clk_0000008382,2026-07-19,p_02354,Pet,744,23,146,bank_card,0,,165.91
ord_000000694,u_004734,ss_00015391,clk_0000008416,2026-07-09,p_01251,Kids,720,0,127,ozon_card,0,,112.32
ord_000000695,u_004755,ss_00015454,clk_0000008444,2026-07-27,p_01382,FMCG,366,19,289,ozon_card,0,,43.04
ord_000000696,u_004756,ss_00015456,clk_0000008446,2026-07-22,p_02782,Beauty,638,34,194,bank_card,0,,177.43
ord_000000697,u_004769,ss_00015495,clk_0000008470,2026-07-17,p_00780,Fashion,651,13,292,sberpay,0,,113.08
ord_000000698,u_004776,ss_00015526,clk_0000008481,2026-07-30,p_02263,Fashion,2313,0,248,bank_card,0,,624.74
ord_000000699,u_004777,ss_00015529,clk_0000008483,2026-07-02,p_03591,Fashion,1951,0,316,ozon_card,0,,379.08
ord_000000700,u_004781,ss_00015542,clk_0000008489,2026-07-20,p_04408,Home,1483,0,252,ozon_card,0,,153.64
ord_000000701,u_004786,ss_00015557,clk_0000008493,2026-07-05,p_01848,Beauty,850,45,267,bank_card,1,2026-07-16,-25.5
ord_000000702,u_004798,ss_00015606,clk_0000008537,2026-07-07,p_02161,Sports,393,44,,bank_card,0,,104.7
ord_000000703,u_004809,ss_00015648,clk_0000008568,2026-07-06,p_03533,Pet,701,22,232,cash_on_delivery,0,,113.28
ord_000000704,u_004846,ss_00015772,clk_0000008638,2026-07-02,p_03902,Kids,590,0,208,ozon_card,0,,109.86
ord_000000705,u_004847,ss_00015774,clk_0000008639,2026-07-18,p_01171,Electronics,5798,0,0,ozon_card,0,,693.44
ord_000000706,u_004853,ss_00015800,clk_0000008671,2026-07-03,p_02959,Fashion,659,35,211,bank_card,0,,104.91
ord_000000707,u_004864,ss_00015841,clk_0000008692,2026-07-29,p_01083,Home,833,44,133,bank_card,0,,168.35
ord_000000708,u_004869,ss_00015853,clk_0000008701,2026-07-27,p_02457,Electronics,1019,54,209,ozon_card,1,2026-08-16,-30.57
ord_000000709,u_004870,ss_00015858,clk_0000008704,2026-07-07,p_03087,Home,1922,339,0,ozon_card,0,,357.68
ord_000000710,u_004872,ss_00015860,clk_0000008706,2026-07-15,p_00938,Pet,501,16,152,bank_card,0,,99.2
ord_000000711,u_004874,ss_00015865,clk_0000008709,2026-07-03,p_04289,Books,233,41,311,ozon_card,0,,30.99
ord_000000712,u_004878,ss_00015882,clk_0000008723,2026-07-14,p_00847,FMCG,221,12,191,bank_card,0,,33.02
ord_000000713,u_004885,ss_00015916,clk_0000008747,2026-07-06,p_02518,Beauty,366,19,228,ozon_card,0,,88.9
ord_000000714,u_004888,ss_00015931,clk_0000008755,2026-07-05,p_00835,Auto,1208,37,201,ozon_card,0,,167.55
ord_000000715,u_004891,ss_00015941,clk_0000008762,2026-07-08,p_00874,Books,195,22,240,bank_card,0,,35.7
ord_000000716,u_004892,ss_00015944,clk_0000008764,2026-07-10,p_04134,FMCG,372,11,55,sberpay,0,,65.32
ord_000000717,u_004903,ss_00015977,clk_0000008779,2026-07-23,p_03007,Electronics,2976,92,346,installment,0,,266.95
ord_000000718,u_004906,ss_00015986,clk_0000008785,2026-07-30,p_03007,Electronics,3068,0,0,ozon_card,0,,275.2
ord_000000719,u_004907,ss_00015990,clk_0000008787,2026-07-03,p_02684,FMCG,572,0,88,sberpay,0,,86.03
ord_000000720,u_004910,ss_00016004,clk_0000008795,2026-07-28,p_00127,Beauty,509,57,209,installment,0,,114.12
ord_000000721,u_004918,ss_00016026,clk_0000008805,2026-07-03,p_04444,Home,1948,0,164,bank_card,0,,468.1
ord_000000722,u_004918,ss_00016028,clk_0000008807,2026-07-13,p_02241,Electronics,4283,0,150,sberpay,0,,511.82
ord_000000723,u_004926,ss_00016053,clk_0000008822,2026-07-01,p_02682,Fashion,2707,55,0,installment,0,,765.0
ord_000000724,u_004926,ss_00016054,clk_0000008823,2026-07-10,p_02564,Kids,382,20,0,bank_card,0,,83.2
ord_000000725,u_004944,ss_00016102,clk_0000008848,2026-07-29,p_01316,Beauty,475,0,94,ozon_card,0,,142.97
ord_000000726,u_004954,ss_00016131,clk_0000008857,2026-07-13,p_01963,FMCG,502,0,215,ozon_card,1,2026-07-31,-15.06
ord_000000727,u_004963,ss_00016162,clk_0000008874,2026-07-04,p_03726,Fashion,1425,29,141,ozon_card,1,2026-07-12,-42.75
ord_000000728,u_004965,ss_00016175,clk_0000008882,2026-07-01,p_02922,Sports,1355,0,225,bank_card,0,,207.31
ord_000000729,u_004965,ss_00016177,clk_0000008884,2026-07-07,p_00997,Pet,394,21,0,bank_card,0,,62.02
ord_000000730,u_004980,ss_00016217,clk_0000008906,2026-07-09,p_01008,Electronics,2760,307,227,bank_card,0,,303.88
ord_000000731,u_005005,ss_00016291,clk_0000008941,2026-07-13,p_01064,Auto,2045,63,277,installment,1,2026-08-09,-61.35
ord_000000732,u_005017,ss_00016326,clk_0000008962,2026-07-30,p_01107,FMCG,213,0,162,ozon_card,0,,26.8
ord_000000733,u_005022,ss_00016342,clk_0000008974,2026-07-19,p_02229,Fashion,1069,146,228,bank_card,0,,244.16
ord_000000734,u_005026,ss_00016351,clk_0000008980,2026-07-20,p_00965,Home,6704,0,0,bank_card,0,,1167.84
ord_000000735,u_005026,ss_00016351,clk_0000008981,2026-07-20,p_03049,Kids,2568,0,202,installment,0,,546.47
ord_000000736,u_005028,ss_00016362,clk_0000008987,2026-07-06,p_03204,FMCG,443,14,216,bank_card,0,,59.63
ord_000000737,u_005029,ss_00016368,clk_0000008990,2026-07-19,p_02721,Home,3378,0,157,sberpay,1,2026-08-21,-101.34
ord_000000738,u_005031,ss_00016373,clk_0000008997,2026-07-28,p_03296,Sports,941,0,183,installment,0,,201.84
ord_000000739,u_005037,ss_00016386,clk_0000009000,2026-07-07,p_01317,Beauty,583,44,0,bank_card,0,,141.32
ord_000000740,u_005049,ss_00016424,clk_0000009016,2026-07-21,p_02418,Auto,2167,0,340,installment,0,,348.67
ord_000000741,u_005056,ss_00016457,clk_0000009040,2026-07-17,p_01335,Electronics,5615,0,297,bank_card,0,,959.6
ord_000000742,u_005071,ss_00016499,clk_0000009059,2026-07-14,p_03089,Home,2544,0,315,installment,0,,428.41
ord_000000743,u_005074,ss_00016524,clk_0000009089,2026-07-08,p_03064,Electronics,4002,0,0,ozon_card,0,,237.72
ord_000000744,u_005074,ss_00016525,clk_0000009090,2026-07-24,p_04123,Beauty,547,96,158,bank_card,0,,142.11
ord_000000745,u_005087,ss_00016569,clk_0000009110,2026-07-06,p_04297,Beauty,1174,24,0,cash_on_delivery,0,,294.56
ord_000000746,u_005087,ss_00016569,clk_0000009112,2026-07-06,p_01171,Electronics,5624,174,0,ozon_card,0,,672.63
ord_000000747,u_005097,ss_00016601,clk_0000009133,2026-07-04,p_04173,Beauty,615,68,400,sberpay,0,,186.41
ord_000000748,u_005104,ss_00016625,clk_0000009148,2026-07-01,p_00078,Kids,561,17,227,sberpay,0,,146.36
ord_000000749,u_005111,ss_00016646,clk_0000009161,2026-07-11,p_04152,Electronics,4851,150,,installment,0,,589.4
ord_000000750,u_005115,ss_00016665,clk_0000009169,2026-07-01,p_00061,Fashion,367,0,152,bank_card,0,,68.37
ord_000000751,u_005122,ss_00016689,clk_0000009179,2026-07-22,p_02439,Kids,1275,39,138,installment,0,,286.75
ord_000000752,u_005131,ss_00016714,clk_0000009189,2026-07-04,p_00988,Kids,1179,36,269,installment,0,,296.64
ord_000000753,u_005149,ss_00016772,clk_0000009216,2026-07-08,p_02934,Fashion,3320,0,0,ozon_card,0,,757.96
ord_000000754,u_005166,ss_00016816,clk_0000009247,2026-07-25,p_01055,Home,1504,79,,cash_on_delivery,0,,293.58
ord_000000755,u_005167,ss_00016819,clk_0000009249,2026-07-20,p_01995,Kids,1127,35,191,bank_card,0,,257.41
ord_000000756,u_005181,ss_00016856,clk_0000009268,2026-07-04,p_01939,Electronics,1612,0,201,bank_card,0,,228.42
ord_000000757,u_005184,ss_00016865,clk_0000009272,2026-07-25,p_03124,Home,1439,0,159,cash_on_delivery,0,,242.18
ord_000000758,u_005185,ss_00016872,clk_0000009275,2026-07-03,p_02613,Fashion,297,9,221,bank_card,0,,68.87
ord_000000759,u_005186,ss_00016877,clk_0000009278,2026-07-29,p_04020,Home,1563,0,237,ozon_card,0,,326.67
ord_000000760,u_005187,ss_00016879,clk_0000009280,2026-07-04,p_04325,Home,1725,0,177,installment,0,,473.34
ord_000000761,u_005203,ss_00016935,clk_0000009313,2026-07-02,p_01634,FMCG,739,0,185,sberpay,0,,120.46
ord_000000762,u_005206,ss_00016943,clk_0000009316,2026-07-22,p_03354,Electronics,2807,87,,installment,0,,194.24
ord_000000763,u_005223,ss_00016995,clk_0000009338,2026-07-05,p_01512,FMCG,580,30,137,bank_card,0,,33.7
ord_000000764,u_005223,ss_00016995,clk_0000009339,2026-07-05,p_01521,Electronics,5166,0,188,bank_card,0,,269.15
ord_000000765,u_005235,ss_00017031,clk_0000009355,2026-07-04,p_01731,Beauty,1955,267,45,bank_card,0,,598.82
ord_000000766,u_005241,ss_00017050,clk_0000009362,2026-07-29,p_01821,Home,1931,0,0,bank_card,0,,364.57
ord_000000767,u_005246,ss_00017065,clk_0000009371,2026-07-02,p_00822,Kids,1105,34,55,ozon_card,0,,230.28
ord_000000768,u_005246,ss_00017068,clk_0000009373,2026-07-11,p_02064,Electronics,2303,0,0,ozon_card,0,,209.57
ord_000000769,u_005246,ss_00017068,clk_0000009374,2026-07-11,p_02177,FMCG,364,11,131,ozon_card,0,,33.2
ord_000000770,u_005272,ss_00017159,clk_0000009421,2026-07-03,p_00796,Fashion,1226,0,149,ozon_card,0,,225.58
ord_000000771,u_005272,ss_00017159,clk_0000009422,2026-07-03,p_03614,Fashion,1471,46,98,ozon_card,0,,450.86
ord_000000772,u_005280,ss_00017182,clk_0000009432,2026-07-19,p_01977,Beauty,1242,0,0,installment,0,,330.62
ord_000000773,u_005282,ss_00017188,clk_0000009436,2026-07-11,p_00242,Fashion,1378,188,,bank_card,1,2026-08-09,-41.34
ord_000000774,u_005287,ss_00017208,clk_0000009448,2026-07-30,p_02715,Sports,1812,56,208,bank_card,0,,392.84
ord_000000775,u_005287,ss_00017210,clk_0000009450,2026-07-11,p_03569,Fashion,1435,29,249,bank_card,0,,358.18
ord_000000776,u_005288,ss_00017213,clk_0000009451,2026-07-10,p_03743,Beauty,808,42,279,sberpay,0,,228.34
ord_000000777,u_005292,ss_00017227,clk_0000009463,2026-07-24,p_01698,Pet,675,75,230,bank_card,0,,129.06
ord_000000778,u_005292,ss_00017227,clk_0000009464,2026-07-24,p_02428,Electronics,2283,0,218,bank_card,0,,91.32
ord_000000779,u_005295,ss_00017234,clk_0000009471,2026-07-03,p_00758,Electronics,1937,102,88,bank_card,0,,208.81
ord_000000780,u_005295,ss_00017234,clk_0000009472,2026-07-03,p_00564,Electronics,3028,0,0,bank_card,0,,293.41
ord_000000781,u_005304,ss_00017273,clk_0000009493,2026-07-27,p_02793,Auto,1657,0,285,ozon_card,0,,262.8
ord_000000782,u_005309,ss_00017286,clk_0000009500,2026-07-10,p_02452,Sports,850,150,0,sberpay,0,,128.6
ord_000000783,u_005318,ss_00017315,clk_0000009513,2026-07-14,p_00661,Auto,1220,136,174,bank_card,0,,234.73
ord_000000784,u_005325,ss_00017341,clk_0000009527,2026-07-10,p_03802,Sports,2555,79,122,bank_card,0,,446.1
ord_000000785,u_005327,ss_00017344,clk_0000009531,2026-07-02,p_02373,Fashion,930,103,177,bank_card,0,,256.22
ord_000000786,u_005328,ss_00017346,clk_0000009532,2026-07-23,p_00437,Beauty,396,70,245,bank_card,0,,102.33
ord_000000787,u_005329,ss_00017350,clk_0000009535,2026-07-03,p_02378,Home,495,26,151,ozon_card,0,,76.53
ord_000000788,u_005353,ss_00017415,clk_0000009561,2026-07-03,p_01665,Electronics,3472,0,0,bank_card,0,,631.21
ord_000000789,u_005368,ss_00017457,clk_0000009585,2026-07-22,p_02695,Auto,1405,43,0,ozon_card,0,,303.2
ord_000000790,u_005368,ss_00017458,clk_0000009587,2026-07-06,p_03887,Electronics,6420,199,215,bank_card,0,,1026.56
ord_000000791,u_005368,ss_00017458,clk_0000009588,2026-07-06,p_02116,Electronics,2729,0,196,bank_card,0,,414.54
ord_000000792,u_005370,ss_00017470,clk_0000009597,2026-07-17,p_04223,Auto,1449,76,221,ozon_card,0,,250.24
ord_000000793,u_005377,ss_00017493,clk_0000009613,2026-07-10,p_02002,Pet,466,0,135,installment,0,,93.95
ord_000000794,u_005377,ss_00017497,clk_0000009616,2026-07-20,p_01412,Pet,885,47,221,ozon_card,0,,154.7
ord_000000795,u_005382,ss_00017508,clk_0000009621,2026-07-01,p_01031,Beauty,903,28,165,bank_card,0,,224.76
ord_000000796,u_005387,ss_00017520,clk_0000009628,2026-07-14,p_03966,Sports,5227,0,165,ozon_card,0,,1236.71
ord_000000797,u_005400,ss_00017565,clk_0000009645,2026-07-19,p_03381,Home,863,0,227,ozon_card,0,,171.22
ord_000000798,u_005411,ss_00017593,clk_0000009664,2026-07-11,p_04108,Home,1181,0,425,bank_card,0,,145.97
ord_000000799,u_005414,ss_00017604,clk_0000009667,2026-07-10,p_00512,Kids,1450,76,331,bank_card,0,,325.67
ord_000000800,u_005421,ss_00017625,clk_0000009678,2026-07-18,p_00026,Beauty,2147,44,171,bank_card,0,,743.08
ord_000000801,u_005424,ss_00017635,clk_0000009683,2026-07-27,p_03743,Beauty,808,42,323,cash_on_delivery,0,,228.34
ord_000000802,u_005444,ss_00017699,clk_0000009710,2026-07-25,p_01718,Fashion,1090,57,221,ozon_card,0,,263.89
ord_000000803,u_005447,ss_00017708,clk_0000009712,2026-07-15,p_03429,Books,246,43,,ozon_card,0,,43.27
ord_000000804,u_005450,ss_00017718,clk_0000009721,2026-07-30,p_02705,Kids,697,37,178,ozon_card,0,,161.56
ord_000000805,u_005466,ss_00017779,clk_0000009752,2026-07-27,p_02134,Pet,606,107,367,bank_card,0,,129.38
ord_000000806,u_005469,ss_00017794,clk_0000009756,2026-07-10,p_00445,Electronics,5153,573,0,cash_on_delivery,0,,385.96
ord_000000807,u_005471,ss_00017797,clk_0000009757,2026-07-13,p_01578,Kids,1265,0,211,installment,0,,359.64
ord_000000808,u_005483,ss_00017835,clk_0000009776,2026-07-16,p_04219,FMCG,468,0,161,ozon_card,0,,81.99
ord_000000809,u_005494,ss_00017871,clk_0000009790,2026-07-23,p_04146,Electronics,3813,0,216,bank_card,0,,152.52
ord_000000810,u_005495,ss_00017875,clk_0000009793,2026-07-05,p_02055,FMCG,395,0,182,bank_card,0,,15.8
ord_000000811,u_005495,ss_00017876,clk_0000009795,2026-07-29,p_03570,Beauty,580,30,69,bank_card,0,,139.61
ord_000000812,u_005524,ss_00017977,clk_0000009847,2026-07-30,p_02192,Fashion,1029,0,260,bank_card,0,,358.3
ord_000000813,u_005526,ss_00017984,clk_0000009849,2026-07-19,p_00244,Auto,3194,0,0,ozon_card,0,,527.97
ord_000000814,u_005533,ss_00018015,clk_0000009873,2026-07-19,p_02850,Electronics,5986,665,0,sberpay,0,,239.44
ord_000000815,u_005542,ss_00018051,clk_0000009893,2026-07-01,p_02576,Beauty,737,82,109,bank_card,0,,199.8
ord_000000816,u_005552,ss_00018086,clk_0000009907,2026-07-09,p_03356,Pet,559,0,,bank_card,0,,90.95
ord_000000817,u_005565,ss_00018121,clk_0000009928,2026-07-18,p_02250,Kids,846,44,,bank_card,0,,167.25
ord_000000818,u_005569,ss_00018131,clk_0000009931,2026-07-22,p_03089,Home,2290,254,231,bank_card,0,,385.64
ord_000000819,u_005572,ss_00018144,clk_0000009938,2026-07-16,p_01021,Auto,3078,0,0,ozon_card,0,,333.35
ord_000000820,u_005577,ss_00018163,clk_0000009950,2026-07-14,p_01603,Pet,951,0,0,bank_card,0,,250.21
ord_000000821,u_005578,ss_00018168,clk_0000009955,2026-07-27,p_01102,FMCG,130,4,197,installment,0,,10.35
ord_000000822,u_005578,ss_00018172,clk_0000009957,2026-07-20,p_01907,Beauty,377,51,169,bank_card,0,,112.99
ord_000000823,u_005589,ss_00018210,clk_0000009978,2026-07-09,p_00620,Fashion,2312,47,69,bank_card,0,,494.54
ord_000000824,u_005589,ss_00018213,clk_0000009979,2026-07-06,p_02597,Home,2665,0,271,ozon_card,1,2026-07-27,-79.95
ord_000000825,u_005596,ss_00018237,clk_0000009989,2026-07-23,p_01084,Fashion,2120,66,188,bank_card,0,,427.18
ord_000000826,u_005606,ss_00018265,clk_0000010006,2026-07-20,p_04359,FMCG,558,62,85,bank_card,0,,91.85
ord_000000827,u_005613,ss_00018289,clk_0000010019,2026-07-23,p_03166,Books,323,0,215,bank_card,0,,37.44
ord_000000828,u_005629,ss_00018335,clk_0000010045,2026-07-17,p_01117,Fashion,1042,0,103,bank_card,0,,207.05
ord_000000829,u_005639,ss_00018366,clk_0000010066,2026-07-23,p_03866,Sports,3511,0,0,ozon_card,0,,677.27
ord_000000830,u_005643,ss_00018381,clk_0000010077,2026-07-11,p_01281,Fashion,2069,0,227,bank_card,0,,691.67
ord_000000831,u_005646,ss_00018392,clk_0000010083,2026-07-04,p_02680,Fashion,1052,33,0,ozon_card,0,,259.84
ord_000000832,u_005656,ss_00018434,clk_0000010101,2026-07-06,p_02361,Pet,1052,117,212,ozon_card,0,,255.43
ord_000000833,u_005661,ss_00018447,clk_0000010105,2026-07-25,p_02195,Home,939,49,209,bank_card,0,,129.96
ord_000000834,u_005667,ss_00018475,clk_0000010120,2026-07-30,p_02753,Electronics,2004,105,394,ozon_card,0,,377.95
ord_000000835,u_005671,ss_00018492,clk_0000010129,2026-07-23,p_01294,Kids,1134,0,376,sberpay,1,2026-08-10,-34.02
ord_000000836,u_005671,ss_00018493,clk_0000010130,2026-07-26,p_03054,Pet,499,0,47,ozon_card,0,,67.46
ord_000000837,u_005696,ss_00018578,clk_0000010168,2026-07-04,p_01423,Pet,833,93,107,bank_card,0,,110.96
ord_000000838,u_005697,ss_00018580,clk_0000010170,2026-07-28,p_02720,Auto,784,0,,sberpay,0,,126.85
ord_000000839,u_005703,ss_00018598,clk_0000010178,2026-07-23,p_02057,FMCG,169,30,214,ozon_card,0,,27.83
ord_000000840,u_005737,ss_00018712,clk_0000010226,2026-07-20,p_01953,Sports,496,88,227,installment,0,,90.72
ord_000000841,u_005740,ss_00018723,clk_0000010234,2026-07-23,p_00846,Beauty,563,11,133,sberpay,0,,106.69
ord_000000842,u_005742,ss_00018731,clk_0000010237,2026-07-29,p_03490,Beauty,472,52,82,ozon_card,0,,115.4
ord_000000843,u_005748,ss_00018739,clk_0000010241,2026-07-22,p_04265,FMCG,532,28,32,ozon_card,0,,84.8
ord_000000844,u_005758,ss_00018764,clk_0000010255,2026-07-22,p_03872,Electronics,3016,0,103,sberpay,0,,448.18
ord_000000845,u_005761,ss_00018777,clk_0000010263,2026-07-18,p_01090,Electronics,1905,0,0,installment,0,,394.72
ord_000000846,u_005779,ss_00018832,clk_0000010282,2026-07-23,p_03292,Beauty,1222,0,,bank_card,0,,327.01
ord_000000847,u_005783,ss_00018850,clk_0000010290,2026-07-11,p_03825,Sports,897,47,111,ozon_card,0,,142.98
ord_000000848,u_005801,ss_00018906,clk_0000010324,2026-07-28,p_02324,Fashion,679,0,0,bank_card,0,,128.4
ord_000000849,u_005802,ss_00018911,clk_0000010326,2026-07-24,p_03739,Electronics,4424,492,0,sberpay,0,,729.96
ord_000000850,u_005808,ss_00018927,clk_0000010333,2026-07-26,p_03228,Sports,1635,182,103,sberpay,0,,461.07
ord_000000851,u_005811,ss_00018935,clk_0000010342,2026-07-23,p_00059,Sports,1570,0,291,installment,0,,425.0
ord_000000852,u_005828,ss_00018980,clk_0000010364,2026-07-23,p_04276,Home,968,30,208,sberpay,0,,180.34
ord_000000853,u_005843,ss_00019023,clk_0000010387,2026-07-01,p_00330,Fashion,2109,43,192,bank_card,0,,428.55
ord_000000854,u_005850,ss_00019044,clk_0000010400,2026-07-05,p_01821,Home,1931,0,310,sberpay,0,,364.57
ord_000000855,u_005881,ss_00019148,clk_0000010461,2026-07-18,p_03965,Kids,1525,170,0,cash_on_delivery,0,,253.0
ord_000000856,u_005887,ss_00019167,clk_0000010473,2026-07-04,p_00575,Fashion,2640,541,0,bank_card,0,,407.09
ord_000000857,u_005889,ss_00019176,clk_0000010476,2026-07-20,p_01182,Books,500,56,172,bank_card,0,,132.05
ord_000000858,u_005890,ss_00019180,clk_0000010480,2026-07-15,p_04399,Electronics,2149,0,0,sberpay,0,,223.07
ord_000000859,u_005892,ss_00019183,clk_0000010481,2026-07-09,p_01303,Books,213,0,146,bank_card,0,,51.38
ord_000000860,u_005897,ss_00019198,clk_0000010489,2026-07-20,p_00986,Kids,1035,115,0,bank_card,0,,270.13
ord_000000861,u_005912,ss_00019245,clk_0000010519,2026-07-11,p_03106,Beauty,347,11,189,ozon_card,0,,98.31
ord_000000862,u_005921,ss_00019284,clk_0000010545,2026-07-02,p_04137,Kids,980,0,37,ozon_card,0,,200.8
ord_000000863,u_005921,ss_00019286,clk_0000010548,2026-07-27,p_01861,Books,373,0,212,ozon_card,0,,78.37
ord_000000864,u_005922,ss_00019290,clk_0000010552,2026-07-23,p_03883,Sports,3841,427,279,installment,0,,1022.86
ord_000000865,u_005928,ss_00019314,clk_0000010573,2026-07-19,p_02055,FMCG,383,12,244,sberpay,0,,15.32
ord_000000866,u_005933,ss_00019327,clk_0000010578,2026-07-21,p_01672,Beauty,600,45,399,sberpay,0,,149.4
ord_000000867,u_005935,ss_00019335,clk_0000010587,2026-07-12,p_04357,Home,2080,0,219,installment,0,,484.02
ord_000000868,u_005936,ss_00019339,clk_0000010588,2026-07-06,p_00580,Fashion,2023,41,244,bank_card,1,2026-08-07,-60.69
ord_000000869,u_005946,ss_00019372,clk_0000010604,2026-07-25,p_00246,Books,201,0,245,ozon_card,0,,43.28
ord_000000870,u_005946,ss_00019372,clk_0000010605,2026-07-25,p_01595,Electronics,2275,402,219,ozon_card,0,,242.52
ord_000000871,u_005947,ss_00019375,clk_0000010608,2026-07-11,p_01513,Auto,3037,0,0,cash_on_delivery,0,,571.87
ord_000000872,u_005953,ss_00019387,clk_0000010611,2026-07-10,p_03635,Books,286,32,146,sberpay,0,,60.55
ord_000000873,u_005957,ss_00019401,clk_0000010619,2026-07-22,p_00673,Electronics,4217,744,0,bank_card,0,,588.69
ord_000000874,u_005961,ss_00019420,clk_0000010627,2026-07-02,p_01413,Pet,910,0,86,bank_card,0,,241.06
ord_000000875,u_005962,ss_00019422,clk_0000010628,2026-07-10,p_03010,Home,1192,132,0,sberpay,0,,209.79
ord_000000876,u_005966,ss_00019434,clk_0000010633,2026-07-26,p_02715,Sports,1775,93,223,bank_card,0,,384.82
ord_000000877,u_005970,ss_00019459,clk_0000010654,2026-07-03,p_03942,Beauty,515,11,0,bank_card,0,,111.81
ord_000000878,u_005976,ss_00019480,clk_0000010670,2026-07-17,p_03770,Electronics,3064,161,,ozon_card,0,,237.77
ord_000000879,u_005984,ss_00019503,clk_0000010678,2026-07-18,p_04316,Electronics,1639,0,276,bank_card,1,2026-08-24,-49.17
ord_000000880,u_005988,ss_00019518,clk_0000010689,2026-07-30,p_03748,Kids,1011,0,178,cash_on_delivery,0,,144.98
ord_000000881,u_005989,ss_00019520,clk_0000010691,2026-07-12,p_03025,Beauty,717,98,196,installment,0,,163.62
ord_000000882,u_005992,ss_00019530,clk_0000010697,2026-07-30,p_00585,Sports,1740,92,125,bank_card,0,,420.56
ord_000000883,u_005996,ss_00019545,clk_0000010711,2026-07-05,p_03917,Fashion,2593,53,202,ozon_card,0,,491.11
ord_000000884,u_006000,ss_00019562,clk_0000010721,2026-07-04,p_01241,Electronics,7926,417,0,ozon_card,0,,851.25
ord_000000885,u_006005,ss_00019579,clk_0000010728,2026-07-19,p_02456,Beauty,626,13,201,ozon_card,0,,190.93
ord_000000886,u_006015,ss_00019608,clk_0000010745,2026-07-24,p_02110,Home,1669,0,138,bank_card,0,,367.35
ord_000000887,u_006017,ss_00019612,clk_0000010747,2026-07-16,p_00273,Fashion,2227,45,,ozon_card,0,,661.86
ord_000000888,u_006022,ss_00019628,clk_0000010756,2026-07-07,p_01221,Home,573,0,132,installment,0,,129.44
ord_000000889,u_006024,ss_00019631,clk_0000010758,2026-07-25,p_03508,Fashion,1495,79,,sberpay,0,,391.39
ord_000000890,u_006024,ss_00019632,clk_0000010759,2026-07-03,p_02469,Home,1557,48,251,bank_card,0,,301.28
ord_000000891,u_006032,ss_00019664,clk_0000010777,2026-07-20,p_01984,Auto,4352,0,0,ozon_card,0,,993.13
ord_000000892,u_006036,ss_00019679,clk_0000010787,2026-07-08,p_02325,Home,2299,256,140,bank_card,0,,240.71
ord_000000893,u_006040,ss_00019693,clk_0000010794,2026-07-22,p_03926,Electronics,2983,332,219,installment,0,,487.42
ord_000000894,u_006044,ss_00019708,clk_0000010802,2026-07-08,p_02278,FMCG,674,35,369,sberpay,0,,118.76
ord_000000895,u_006045,ss_00019709,clk_0000010804,2026-07-10,p_00156,Fashion,2501,51,176,ozon_card,0,,467.19
ord_000000896,u_006049,ss_00019722,clk_0000010815,2026-07-30,p_03316,Pet,291,0,188,installment,1,2026-08-19,-8.73
ord_000000897,u_006054,ss_00019737,clk_0000010820,2026-07-11,p_01952,Electronics,3363,177,0,cash_on_delivery,0,,474.86
ord_000000898,u_006055,ss_00019743,clk_0000010825,2026-07-28,p_03805,Electronics,2341,123,0,ozon_card,0,,280.45
ord_000000899,u_006055,ss_00019743,clk_0000010826,2026-07-28,p_02013,Home,1751,54,0,ozon_card,0,,356.85
ord_000000900,u_006060,ss_00019772,clk_0000010842,2026-07-02,p_04301,Beauty,376,20,,ozon_card,0,,106.41
ord_000000901,u_006061,ss_00019776,clk_0000010848,2026-07-11,p_01153,Home,4345,0,157,cash_on_delivery,0,,837.72
ord_000000902,u_006069,ss_00019803,clk_0000010866,2026-07-29,p_03970,Electronics,3246,573,,bank_card,0,,437.89
ord_000000903,u_006071,ss_00019811,clk_0000010871,2026-07-25,p_03007,Electronics,3068,0,0,bank_card,0,,275.2
ord_000000904,u_006108,ss_00019938,clk_0000010924,2026-07-23,p_00961,Kids,822,0,144,ozon_card,0,,163.58
ord_000000905,u_006109,ss_00019940,clk_0000010925,2026-07-06,p_04372,Fashion,1091,22,37,cash_on_delivery,0,,193.87
ord_000000906,u_006114,ss_00019960,clk_0000010939,2026-07-18,p_00835,Auto,1208,37,118,bank_card,0,,167.55
ord_000000907,u_006114,ss_00019965,clk_0000010940,2026-07-08,p_01117,Fashion,1021,21,244,ozon_card,0,,202.87
ord_000000908,u_006117,ss_00019976,clk_0000010951,2026-07-30,p_02384,FMCG,400,0,249,bank_card,0,,65.04
ord_000000909,u_006135,ss_00020026,clk_0000010985,2026-07-19,p_02084,Fashion,2221,45,302,ozon_card,0,,595.45
ord_000000910,u_006142,ss_00020047,clk_0000010991,2026-07-06,p_00808,FMCG,215,0,0,bank_card,0,,20.08
ord_000000911,u_006142,ss_00020051,clk_0000010998,2026-07-20,p_00050,FMCG,317,17,0,ozon_card,0,,62.99
ord_000000912,u_006144,ss_00020054,clk_0000011001,2026-07-12,p_00591,Home,1561,173,188,bank_card,0,,337.02
ord_000000913,u_006147,ss_00020066,clk_0000011011,2026-07-26,p_03157,Auto,1893,0,302,cash_on_delivery,0,,237.0
ord_000000914,u_006149,ss_00020073,clk_0000011015,2026-07-24,p_04026,Fashion,2483,0,,bank_card,0,,605.6
ord_000000915,u_006154,ss_00020085,clk_0000011022,2026-07-18,p_01701,FMCG,468,82,237,bank_card,0,,73.1
ord_000000916,u_006191,ss_00020188,clk_0000011077,2026-07-28,p_01704,Pet,122,4,,sberpay,0,,7.97
ord_000000917,u_006193,ss_00020192,clk_0000011081,2026-07-11,p_02329,Electronics,7328,227,53,ozon_card,0,,780.43
ord_000000918,u_006193,ss_00020193,clk_0000011083,2026-07-06,p_01097,Electronics,1575,278,95,bank_card,0,,159.55
ord_000000919,u_006195,ss_00020198,clk_0000011089,2026-07-05,p_00334,Beauty,515,16,179,bank_card,0,,130.6
ord_000000920,u_006198,ss_00020208,clk_0000011092,2026-07-26,p_03807,Kids,1508,47,107,bank_card,0,,356.04
ord_000000921,u_006198,ss_00020210,clk_0000011095,2026-07-15,p_03020,Books,505,16,243,bank_card,0,,110.29
ord_000000922,u_006202,ss_00020226,clk_0000011111,2026-07-10,p_01441,Kids,857,0,0,ozon_card,0,,179.54
ord_000000923,u_006207,ss_00020244,clk_0000011124,2026-07-11,p_01948,Pet,2253,70,274,ozon_card,0,,381.21
ord_000000924,u_006208,ss_00020245,clk_0000011125,2026-07-23,p_00303,Pet,100,11,232,bank_card,0,,20.0
ord_000000925,u_006215,ss_00020266,clk_0000011135,2026-07-05,p_02436,FMCG,283,32,116,installment,0,,34.72
ord_000000926,u_006215,ss_00020267,clk_0000011137,2026-07-12,p_01231,Auto,2892,0,0,bank_card,0,,603.27
ord_000000927,u_006236,ss_00020331,clk_0000011165,2026-07-16,p_03919,Home,789,0,185,bank_card,0,,163.4
ord_000000928,u_006250,ss_00020390,clk_0000011219,2026-07-25,p_02331,Books,277,15,208,bank_card,0,,37.53
ord_000000929,u_006252,ss_00020396,clk_0000011220,2026-07-18,p_02563,Sports,2831,0,0,bank_card,0,,435.69
ord_000000930,u_006259,ss_00020412,clk_0000011229,2026-07-02,p_00004,Home,4337,228,0,ozon_card,1,2026-07-24,-130.11
ord_000000931,u_006259,ss_00020412,clk_0000011230,2026-07-02,p_03994,Fashion,1375,28,262,bank_card,1,2026-07-15,-41.25
ord_000000932,u_006303,ss_00020578,clk_0000011329,2026-07-06,p_01454,Beauty,921,0,202,cash_on_delivery,0,,256.87
ord_000000933,u_006308,ss_00020592,clk_0000011337,2026-07-16,p_01826,Home,1072,119,344,ozon_card,0,,226.73
ord_000000934,u_006328,ss_00020659,clk_0000011358,2026-07-23,p_03750,Sports,1271,0,351,ozon_card,0,,288.26
ord_000000935,u_006335,ss_00020687,clk_0000011368,2026-07-19,p_02680,Fashion,1085,0,224,ozon_card,0,,268.0
ord_000000936,u_006338,ss_00020692,clk_0000011371,2026-07-06,p_01597,Electronics,2540,0,295,ozon_card,0,,197.87
ord_000000937,u_006341,ss_00020699,clk_0000011378,2026-07-01,p_03686,Home,5065,267,,ozon_card,0,,1121.9
ord_000000938,u_006344,ss_00020719,clk_0000011386,2026-07-16,p_03726,Fashion,1425,29,0,bank_card,0,,409.54
ord_000000939,u_006345,ss_00020725,clk_0000011388,2026-07-25,p_03119,Home,1100,58,168,ozon_card,0,,208.45
ord_000000940,u_006346,ss_00020726,clk_0000011389,2026-07-11,p_03585,Electronics,8967,0,0,installment,0,,935.26
ord_000000941,u_006348,ss_00020731,clk_0000011391,2026-07-26,p_02172,Home,4420,0,177,ozon_card,0,,913.17
ord_000000942,u_006351,ss_00020737,clk_0000011393,2026-07-16,p_00744,FMCG,313,16,164,ozon_card,0,,65.6
ord_000000943,u_006353,ss_00020743,clk_0000011397,2026-07-14,p_03263,Kids,772,41,,sberpay,0,,172.23
ord_000000944,u_006357,ss_00020756,clk_0000011405,2026-07-03,p_03445,Electronics,1780,94,143,sberpay,1,2026-07-30,-53.4
ord_000000945,u_006360,ss_00020763,clk_0000011411,2026-07-19,p_03868,Kids,2332,0,153,ozon_card,0,,554.55
ord_000000946,u_006361,ss_00020770,clk_0000011415,2026-07-15,p_00676,Electronics,3549,0,0,cash_on_delivery,0,,471.31
ord_000000947,u_006379,ss_00020825,clk_0000011442,2026-07-27,p_03049,Kids,2183,385,184,bank_card,0,,464.54
ord_000000948,u_006388,ss_00020852,clk_0000011450,2026-07-01,p_02234,Beauty,325,0,191,bank_card,0,,83.59
ord_000000949,u_006394,ss_00020866,clk_0000011454,2026-07-11,p_01845,Home,1525,80,229,bank_card,1,2026-07-18,-45.75
ord_000000950,u_006397,ss_00020878,clk_0000011461,2026-07-15,p_03072,Books,155,0,109,sberpay,0,,31.43
ord_000000951,u_006398,ss_00020883,clk_0000011463,2026-07-16,p_03752,Electronics,2653,0,181,sberpay,0,,449.15
ord_000000952,u_006398,ss_00020883,clk_0000011464,2026-07-16,p_02970,Pet,1711,0,0,bank_card,0,,321.15
ord_000000953,u_006401,ss_00020889,clk_0000011467,2026-07-23,p_00541,FMCG,296,33,194,bank_card,0,,43.69
ord_000000954,u_006409,ss_00020916,clk_0000011483,2026-07-28,p_04467,Electronics,840,148,280,bank_card,0,,112.06
ord_000000955,u_006422,ss_00020964,clk_0000011518,2026-07-20,p_04176,Fashion,1353,28,,bank_card,0,,315.79
ord_000000956,u_006424,ss_00020968,clk_0000011525,2026-07-28,p_01261,Sports,802,0,61,bank_card,0,,227.85
ord_000000957,u_006427,ss_00020979,clk_0000011533,2026-07-08,p_02263,Fashion,2035,278,247,sberpay,0,,549.65
ord_000000958,u_006442,ss_00021043,clk_0000011573,2026-07-15,p_03280,Sports,1200,133,229,ozon_card,0,,327.12
ord_000000959,u_006445,ss_00021055,clk_0000011581,2026-07-15,p_02576,Beauty,778,41,219,bank_card,0,,210.92
ord_000000960,u_006452,ss_00021109,clk_0000011642,2026-07-22,p_02413,Electronics,2268,119,0,ozon_card,0,,239.5
ord_000000961,u_006453,ss_00021112,clk_0000011643,2026-07-04,p_00855,Pet,298,52,70,ozon_card,0,,39.75
ord_000000962,u_006459,ss_00021135,clk_0000011653,2026-07-19,p_03569,Fashion,1362,102,185,sberpay,0,,339.96
ord_000000963,u_006460,ss_00021138,clk_0000011654,2026-07-28,p_00845,Home,978,30,29,ozon_card,0,,159.61
ord_000000964,u_006462,ss_00021144,clk_0000011657,2026-07-12,p_03500,Kids,1489,0,243,ozon_card,0,,288.72
ord_000000965,u_006465,ss_00021151,clk_0000011660,2026-07-27,p_00529,Electronics,2626,81,309,ozon_card,0,,194.32
ord_000000966,u_006467,ss_00021157,clk_0000011663,2026-07-11,p_04255,Fashion,917,125,295,bank_card,0,,197.89
ord_000000967,u_006473,ss_00021179,clk_0000011674,2026-07-13,p_04088,Pet,396,12,266,bank_card,0,,49.06
ord_000000968,u_006492,ss_00021249,clk_0000011724,2026-07-13,p_02553,Fashion,4904,100,187,ozon_card,0,,1336.83
ord_000000969,u_006492,ss_00021252,clk_0000011727,2026-07-20,p_02729,Fashion,941,19,264,sberpay,0,,231.77
ord_000000970,u_006495,ss_00021263,clk_0000011731,2026-07-14,p_01433,Pet,704,0,154,sberpay,0,,165.79
ord_000000971,u_006516,ss_00021323,clk_0000011769,2026-07-07,p_01738,Electronics,7871,874,198,ozon_card,0,,1176.71
ord_000000972,u_006544,ss_00021410,clk_0000011817,2026-07-13,p_00862,Sports,645,0,257,ozon_card,1,2026-08-15,-19.35
ord_000000973,u_006553,ss_00021441,clk_0000011839,2026-07-03,p_03971,Pet,1166,0,295,bank_card,0,,134.67
ord_000000974,u_006556,ss_00021454,clk_0000011848,2026-07-07,p_04252,Beauty,2272,120,0,sberpay,0,,563.91
ord_000000975,u_006572,ss_00021499,clk_0000011871,2026-07-28,p_02201,Home,1977,61,0,installment,0,,542.49
ord_000000976,u_006575,ss_00021515,clk_0000011881,2026-07-22,p_02089,Auto,2323,258,192,bank_card,1,2026-08-21,-69.69
ord_000000977,u_006575,ss_00021517,clk_0000011882,2026-07-28,p_00324,Home,2433,0,168,sberpay,0,,477.84
ord_000000978,u_006577,ss_00021522,clk_0000011883,2026-07-04,p_00953,Home,1014,179,352,ozon_card,0,,240.93
ord_000000979,u_006579,ss_00021526,clk_0000011887,2026-07-20,p_00494,Home,2432,0,159,bank_card,0,,474.73
ord_000000980,u_006582,ss_00021531,clk_0000011890,2026-07-23,p_03798,Pet,1577,83,177,ozon_card,0,,285.12
ord_000000981,u_006617,ss_00021640,clk_0000011950,2026-07-14,p_03570,Beauty,598,12,307,bank_card,0,,143.94
ord_000000982,u_006623,ss_00021659,clk_0000011959,2026-07-05,p_00985,Electronics,1660,184,230,bank_card,0,,234.39
ord_000000983,u_006628,ss_00021676,clk_0000011968,2026-07-23,p_00911,Auto,3434,0,164,bank_card,0,,700.88
ord_000000984,u_006628,ss_00021677,clk_0000011969,2026-07-25,p_00868,Beauty,1027,21,383,ozon_card,0,,299.68
ord_000000985,u_006637,ss_00021700,clk_0000011982,2026-07-15,p_00660,Electronics,2523,133,0,bank_card,0,,335.31
ord_000000986,u_006642,ss_00021718,clk_0000011990,2026-07-10,p_01825,Fashion,964,51,217,ozon_card,0,,217.0
ord_000000987,u_006644,ss_00021727,clk_0000011995,2026-07-08,p_03457,Fashion,1367,72,77,bank_card,0,,268.07
ord_000000988,u_006652,ss_00021770,clk_0000012020,2026-07-03,p_00315,Auto,1989,221,277,sberpay,0,,436.19
ord_000000989,u_006652,ss_00021772,clk_0000012023,2026-07-07,p_02598,Books,469,15,213,ozon_card,0,,59.99
ord_000000990,u_006661,ss_00021802,clk_0000012035,2026-07-29,p_03370,Beauty,1618,33,234,cash_on_delivery,0,,376.19
ord_000000991,u_006662,ss_00021804,clk_0000012037,2026-07-20,p_01733,Auto,2688,141,356,cash_on_delivery,0,,431.69
ord_000000992,u_006666,ss_00021818,clk_0000012046,2026-07-27,p_03430,Home,2594,0,146,sberpay,0,,627.75
ord_000000993,u_006668,ss_00021824,clk_0000012049,2026-07-29,p_01655,Electronics,2092,0,0,ozon_card,0,,282.63
ord_000000994,u_006668,ss_00021829,clk_0000012050,2026-07-12,p_00892,Fashion,625,13,0,ozon_card,0,,164.12
ord_000000995,u_006678,ss_00021865,clk_0000012063,2026-07-14,p_00440,Fashion,2058,281,64,bank_card,0,,466.55
ord_000000996,u_006678,ss_00021866,clk_0000012064,2026-07-06,p_03808,Home,932,0,212,bank_card,0,,134.67
ord_000000997,u_006689,ss_00021910,clk_0000012087,2026-07-21,p_02810,Electronics,3982,703,0,bank_card,0,,571.82
ord_000000998,u_006689,ss_00021910,clk_0000012088,2026-07-21,p_02229,Fashion,1008,207,0,installment,0,,230.23
ord_000000999,u_006689,ss_00021911,clk_0000012089,2026-07-13,p_01744,FMCG,415,0,0,ozon_card,0,,67.98
ord_000001000,u_006692,ss_00021918,clk_0000012095,2026-07-08,p_03072,Books,147,8,146,bank_card,0,,29.81
ord_000001001,u_006695,ss_00021931,clk_0000012099,2026-07-06,p_02356,Beauty,990,52,236,bank_card,0,,263.44
ord_000001002,u_006705,ss_00021974,clk_0000012118,2026-07-02,p_04358,Home,1541,48,207,ozon_card,1,2026-08-07,-46.23
ord_000001003,u_006708,ss_00021982,clk_0000012123,2026-07-24,p_00127,Beauty,566,0,260,bank_card,0,,126.9
ord_000001004,u_006712,ss_00021997,clk_0000012130,2026-07-12,p_00683,Books,449,14,0,bank_card,0,,71.21
ord_000001005,u_006714,ss_00022005,clk_0000012132,2026-07-22,p_01143,Electronics,1474,0,278,ozon_card,0,,177.47
ord_000001006,u_006721,ss_00022020,clk_0000012140,2026-07-01,p_01856,Beauty,561,42,261,bank_card,0,,191.58
ord_000001007,u_006723,ss_00022026,clk_0000012144,2026-07-04,p_02672,Beauty,776,0,57,bank_card,0,,254.14
ord_000001008,u_006745,ss_00022093,clk_0000012175,2026-07-21,p_04070,Fashion,1645,0,251,bank_card,1,2026-08-18,-49.35
ord_000001009,u_006747,ss_00022097,clk_0000012180,2026-07-06,p_03355,FMCG,342,0,198,bank_card,0,,32.93
ord_000001010,u_006763,ss_00022151,clk_0000012207,2026-07-23,p_04247,Home,4274,0,0,installment,0,,775.73
ord_000001011,u_006767,ss_00022167,clk_0000012220,2026-07-21,p_02949,Books,269,14,137,ozon_card,0,,19.45
ord_000001012,u_006767,ss_00022169,clk_0000012221,2026-07-18,p_01851,Electronics,2727,0,0,bank_card,0,,382.87
ord_000001013,u_006770,ss_00022181,clk_0000012229,2026-07-12,p_01035,Auto,3666,0,0,sberpay,0,,1052.14
ord_000001014,u_006783,ss_00022236,clk_0000012280,2026-07-10,p_01124,Electronics,3476,0,78,installment,0,,578.75
ord_000001015,u_006793,ss_00022272,clk_0000012306,2026-07-13,p_02514,Auto,2164,0,244,bank_card,0,,336.72
ord_000001016,u_006801,ss_00022297,clk_0000012317,2026-07-05,p_02143,Pet,363,19,239,bank_card,0,,69.44
ord_000001017,u_006803,ss_00022301,clk_0000012320,2026-07-02,p_00277,Fashion,953,50,195,installment,1,2026-07-30,-28.59
ord_000001018,u_006818,ss_00022350,clk_0000012335,2026-07-20,p_03942,Beauty,515,11,269,bank_card,0,,111.81
ord_000001019,u_006821,ss_00022361,clk_0000012343,2026-07-19,p_03482,Auto,3632,0,0,ozon_card,0,,544.44
ord_000001020,u_006822,ss_00022363,clk_0000012345,2026-07-21,p_01638,Beauty,698,14,246,installment,0,,169.82
ord_000001021,u_006826,ss_00022379,clk_0000012353,2026-07-17,p_04032,Fashion,1335,101,0,cash_on_delivery,0,,394.49
ord_000001022,u_006831,ss_00022400,clk_0000012362,2026-07-27,p_03072,Books,155,0,0,ozon_card,0,,31.43
ord_000001023,u_006833,ss_00022406,clk_0000012366,2026-07-13,p_02206,Sports,814,43,183,ozon_card,0,,280.42
ord_000001024,u_006849,ss_00022447,clk_0000012391,2026-07-04,p_01171,Electronics,5798,0,0,cash_on_delivery,0,,693.44
ord_000001025,u_006851,ss_00022453,clk_0000012395,2026-07-23,p_02263,Fashion,2151,162,0,bank_card,0,,580.99
ord_000001026,u_006853,ss_00022459,clk_0000012402,2026-07-12,p_00965,Home,6034,670,0,bank_card,0,,1051.12
ord_000001027,u_006858,ss_00022474,clk_0000012406,2026-07-09,p_03001,Home,209,0,204,bank_card,0,,27.57
ord_000001028,u_006867,ss_00022520,clk_0000012433,2026-07-30,p_02965,Home,2007,62,50,installment,0,,427.69
ord_000001029,u_006874,ss_00022543,clk_0000012447,2026-07-29,p_03488,Home,3337,103,0,ozon_card,0,,596.99
ord_000001030,u_006881,ss_00022569,clk_0000012463,2026-07-08,p_02188,Home,1006,53,171,bank_card,0,,201.2
ord_000001031,u_006885,ss_00022582,clk_0000012467,2026-07-16,p_02601,Auto,2141,238,151,ozon_card,1,2026-07-22,-64.23
ord_000001032,u_006898,ss_00022621,clk_0000012488,2026-07-16,p_01256,Beauty,578,43,195,bank_card,0,,184.04
ord_000001033,u_006898,ss_00022624,clk_0000012493,2026-07-19,p_00281,Beauty,924,49,319,ozon_card,0,,256.13
ord_000001034,u_006907,ss_00022655,clk_0000012503,2026-07-24,p_04427,Electronics,8164,430,0,bank_card,0,,1236.85
ord_000001035,u_006925,ss_00022703,clk_0000012531,2026-07-01,p_00330,Fashion,2044,108,106,sberpay,1,2026-07-20,-61.32
ord_000001036,u_006935,ss_00022731,clk_0000012540,2026-07-17,p_03765,Kids,1010,31,0,ozon_card,0,,133.93
ord_000001037,u_006936,ss_00022737,clk_0000012542,2026-07-14,p_02194,FMCG,347,39,295,bank_card,0,,38.17
ord_000001038,u_006939,ss_00022747,clk_0000012549,2026-07-23,p_04446,Auto,1152,0,180,bank_card,0,,258.05
ord_000001039,u_006941,ss_00022756,clk_0000012555,2026-07-15,p_02260,Home,1063,56,223,ozon_card,0,,254.27
ord_000001040,u_006942,ss_00022759,clk_0000012557,2026-07-23,p_03789,Kids,1666,0,246,sberpay,0,,299.71
ord_000001041,u_006960,ss_00022829,clk_0000012587,2026-07-18,p_01270,Fashion,1509,31,148,bank_card,0,,231.03
ord_000001042,u_006967,ss_00022846,clk_0000012596,2026-07-26,p_04477,Electronics,1520,47,0,sberpay,0,,111.87
ord_000001043,u_006971,ss_00022869,clk_0000012614,2026-07-01,p_01961,Pet,719,38,110,sberpay,0,,184.85
ord_000001044,u_006982,ss_00022910,clk_0000012637,2026-07-19,p_03396,Home,1409,0,220,ozon_card,0,,359.44
ord_000001045,u_006991,ss_00022939,clk_0000012652,2026-07-04,p_00763,Home,1064,0,0,bank_card,0,,219.61
ord_000001046,u_006993,ss_00022946,clk_0000012659,2026-07-08,p_00536,Home,1153,0,354,ozon_card,0,,189.67
ord_000001047,u_006995,ss_00022950,clk_0000012661,2026-07-08,p_01548,Beauty,680,14,101,ozon_card,0,,260.98
ord_000001048,u_007010,ss_00022996,clk_0000012687,2026-07-02,p_01062,Sports,2326,0,0,ozon_card,0,,580.57
ord_000001049,u_007011,ss_00023005,clk_0000012691,2026-07-28,p_02975,Beauty,964,51,178,ozon_card,0,,220.95
ord_000001050,u_007019,ss_00023028,clk_0000012699,2026-07-29,p_01711,Kids,2733,85,335,bank_card,0,,533.21
ord_000001051,u_007028,ss_00023054,clk_0000012716,2026-07-16,p_03184,FMCG,460,14,182,ozon_card,0,,97.57
ord_000001052,u_007029,ss_00023056,clk_0000012719,2026-07-10,p_01034,Kids,840,0,164,bank_card,0,,149.6
ord_000001053,u_007036,ss_00023076,clk_0000012732,2026-07-29,p_03125,Fashion,2009,41,208,bank_card,0,,492.0
ord_000001054,u_007038,ss_00023083,clk_0000012734,2026-07-17,p_03844,Books,260,14,300,bank_card,0,,56.11
ord_000001055,u_007045,ss_00023100,clk_0000012747,2026-07-26,p_03357,Fashion,1006,137,225,installment,0,,303.21
ord_000001056,u_007048,ss_00023111,clk_0000012752,2026-07-16,p_01445,Auto,1829,0,210,cash_on_delivery,0,,344.77
ord_000001057,u_007051,ss_00023120,clk_0000012756,2026-07-29,p_04415,Pet,1153,36,,bank_card,0,,275.91
ord_000001058,u_007065,ss_00023162,clk_0000012777,2026-07-07,p_03201,FMCG,415,46,169,bank_card,0,,56.98
ord_000001059,u_007067,ss_00023170,clk_0000012780,2026-07-01,p_04077,Auto,405,13,322,sberpay,0,,62.94
ord_000001060,u_007101,ss_00023288,clk_0000012847,2026-07-28,p_04093,Home,1757,0,257,sberpay,0,,297.64
ord_000001061,u_007103,ss_00023298,clk_0000012853,2026-07-09,p_00089,Beauty,562,0,142,bank_card,0,,138.93
ord_000001062,u_007104,ss_00023303,clk_0000012859,2026-07-22,p_02946,Home,2366,0,239,bank_card,0,,386.6
ord_000001063,u_007106,ss_00023305,clk_0000012862,2026-07-10,p_02894,Electronics,3040,0,205,installment,0,,386.08
ord_000001064,u_007106,ss_00023307,clk_0000012864,2026-07-07,p_00174,Sports,1014,31,0,bank_card,0,,237.07
ord_000001065,u_007122,ss_00023352,clk_0000012886,2026-07-07,p_01976,Sports,905,100,105,ozon_card,0,,212.49
ord_000001066,u_007130,ss_00023381,clk_0000012902,2026-07-08,p_01103,Sports,1525,170,188,sberpay,0,,383.08
ord_000001067,u_007156,ss_00023460,clk_0000012947,2026-07-05,p_00339,FMCG,190,21,0,bank_card,0,,8.99
ord_000001068,u_007164,ss_00023481,clk_0000012959,2026-07-14,p_04162,Fashion,1499,31,206,cash_on_delivery,1,2026-07-24,-44.97
ord_000001069,u_007181,ss_00023529,clk_0000012978,2026-07-10,p_03709,Beauty,1058,33,213,bank_card,0,,312.96
ord_000001070,u_007185,ss_00023545,clk_0000012982,2026-07-21,p_02191,Home,802,89,203,ozon_card,0,,145.96
ord_000001071,u_007200,ss_00023592,clk_0000013006,2026-07-12,p_00799,Fashion,2011,0,226,cash_on_delivery,0,,453.88
ord_000001072,u_007206,ss_00023611,clk_0000013016,2026-07-03,p_01022,Home,2023,0,206,ozon_card,0,,330.96
ord_000001073,u_007207,ss_00023612,clk_0000013018,2026-07-17,p_03305,Kids,2309,0,191,bank_card,0,,437.79
ord_000001074,u_007211,ss_00023631,clk_0000013029,2026-07-20,p_01883,Books,998,0,0,ozon_card,0,,150.6
ord_000001075,u_007213,ss_00023634,clk_0000013031,2026-07-03,p_04164,Auto,1165,61,58,ozon_card,0,,67.34
ord_000001076,u_007219,ss_00023652,clk_0000013036,2026-07-29,p_02274,FMCG,709,0,0,sberpay,0,,28.36
ord_000001077,u_007225,ss_00023670,clk_0000013046,2026-07-25,p_01441,Kids,831,26,188,ozon_card,0,,174.09
ord_000001078,u_007228,ss_00023677,clk_0000013049,2026-07-01,p_01298,Pet,1217,38,195,installment,0,,244.74
ord_000001079,u_007233,ss_00023697,clk_0000013056,2026-07-07,p_03350,Fashion,939,0,209,cash_on_delivery,0,,183.57
ord_000001080,u_007238,ss_00023714,clk_0000013060,2026-07-23,p_02093,Sports,556,0,325,ozon_card,0,,121.54
ord_000001081,u_007255,ss_00023763,clk_0000013079,2026-07-17,p_01238,Sports,1318,69,83,ozon_card,1,2026-08-02,-39.54
ord_000001082,u_007264,ss_00023792,clk_0000013107,2026-07-15,p_02438,Fashion,1370,72,0,cash_on_delivery,1,2026-07-19,-41.1
ord_000001083,u_007264,ss_00023798,clk_0000013108,2026-07-24,p_00430,Sports,901,28,0,installment,0,,222.1
ord_000001084,u_007268,ss_00023814,clk_0000013117,2026-07-25,p_03474,Electronics,5341,594,0,bank_card,1,2026-08-27,-160.23
ord_000001085,u_007277,ss_00023834,clk_0000013128,2026-07-21,p_02021,Sports,921,0,0,ozon_card,0,,185.49
ord_000001086,u_007296,ss_00023896,clk_0000013159,2026-07-13,p_02301,Fashion,473,65,208,ozon_card,0,,128.23
ord_000001087,u_007312,ss_00023944,clk_0000013176,2026-07-15,p_03728,FMCG,138,15,281,sberpay,0,,12.46
ord_000001088,u_007333,ss_00024029,clk_0000013233,2026-07-24,p_03148,Kids,450,0,287,ozon_card,1,2026-08-19,-13.5
ord_000001089,u_007340,ss_00024053,clk_0000013243,2026-07-19,p_01149,Beauty,485,0,201,bank_card,0,,161.7
ord_000001090,u_007353,ss_00024122,clk_0000013287,2026-07-24,p_01651,Auto,2874,89,252,ozon_card,0,,380.81
ord_000001091,u_007358,ss_00024135,clk_0000013295,2026-07-09,p_01930,Sports,446,0,280,ozon_card,0,,88.35
ord_000001092,u_007365,ss_00024155,clk_0000013306,2026-07-22,p_03649,Fashion,3143,64,0,bank_card,0,,736.09
ord_000001093,u_007367,ss_00024161,clk_0000013310,2026-07-17,p_01488,Fashion,1034,54,205,bank_card,1,2026-07-26,-31.02
ord_000001094,u_007369,ss_00024163,clk_0000013312,2026-07-28,p_03495,Electronics,4021,124,0,ozon_card,0,,358.67
ord_000001095,u_007373,ss_00024186,clk_0000013326,2026-07-12,p_01926,Home,2613,0,199,bank_card,0,,327.41
ord_000001096,u_007379,ss_00024203,clk_0000013338,2026-07-25,p_00034,Kids,1462,0,207,sberpay,0,,186.7
ord_000001097,u_007384,ss_00024217,clk_0000013344,2026-07-12,p_03251,Electronics,5590,173,75,sberpay,0,,649.0
ord_000001098,u_007386,ss_00024227,clk_0000013347,2026-07-13,p_04426,Home,772,41,0,sberpay,0,,120.28
ord_000001099,u_007389,ss_00024240,clk_0000013352,2026-07-27,p_02287,Pet,1237,0,129,installment,0,,285.0
ord_000001100,u_007391,ss_00024248,clk_0000013356,2026-07-18,p_01922,Sports,1404,0,156,cash_on_delivery,0,,310.0
ord_000001101,u_007392,ss_00024249,clk_0000013358,2026-07-16,p_00097,FMCG,527,93,104,ozon_card,0,,102.55
ord_000001102,u_007397,ss_00024270,clk_0000013368,2026-07-11,p_01748,Fashion,1560,82,248,bank_card,0,,365.2
ord_000001103,u_007404,ss_00024287,clk_0000013380,2026-07-06,p_00609,Home,1643,51,0,cash_on_delivery,0,,284.07
ord_000001104,u_007411,ss_00024311,clk_0000013388,2026-07-08,p_02572,Electronics,4172,0,0,ozon_card,0,,445.15
ord_000001105,u_007426,ss_00024355,clk_0000013418,2026-07-11,p_02488,Home,2139,0,251,bank_card,0,,567.05
ord_000001106,u_007432,ss_00024383,clk_0000013429,2026-07-30,p_02940,Electronics,2477,0,217,sberpay,0,,99.08
ord_000001107,u_007438,ss_00024403,clk_0000013437,2026-07-12,p_01821,Home,1931,0,220,ozon_card,0,,364.57
ord_000001108,u_007451,ss_00024445,clk_0000013456,2026-07-21,p_00782,Sports,1349,150,218,ozon_card,0,,354.38
ord_000001109,u_007461,ss_00024478,clk_0000013471,2026-07-20,p_01442,Beauty,1472,46,276,ozon_card,0,,358.28
ord_000001110,u_007462,ss_00024484,clk_0000013473,2026-07-27,p_01962,FMCG,656,34,134,sberpay,0,,121.1
ord_000001111,u_007467,ss_00024504,clk_0000013486,2026-07-03,p_03681,Home,4132,128,0,bank_card,0,,794.17
ord_000001112,u_007476,ss_00024534,clk_0000013508,2026-07-02,p_00746,Home,1235,137,175,ozon_card,0,,297.14
ord_000001113,u_007482,ss_00024560,clk_0000013521,2026-07-29,p_01307,Fashion,1188,62,263,ozon_card,1,2026-08-27,-35.64
ord_000001114,u_007498,ss_00024610,clk_0000013544,2026-07-25,p_01215,Beauty,2690,142,249,bank_card,0,,476.67
ord_000001115,u_007507,ss_00024631,clk_0000013557,2026-07-24,p_02578,Books,574,0,375,installment,0,,69.45
ord_000001116,u_007507,ss_00024634,clk_0000013559,2026-07-22,p_00220,Books,457,0,279,sberpay,0,,95.33
ord_000001117,u_007515,ss_00024658,clk_0000013575,2026-07-13,p_03809,Electronics,2838,0,216,sberpay,0,,211.15
ord_000001118,u_007517,ss_00024666,clk_0000013580,2026-07-10,p_03146,Beauty,879,0,0,bank_card,0,,168.06
ord_000001119,u_007519,ss_00024680,clk_0000013586,2026-07-01,p_03579,Electronics,8197,0,346,sberpay,0,,1502.51
ord_000001120,u_007530,ss_00024710,clk_0000013599,2026-07-22,p_01251,Kids,684,36,154,bank_card,0,,106.7
ord_000001121,u_007538,ss_00024728,clk_0000013608,2026-07-06,p_03762,Fashion,520,27,311,ozon_card,0,,138.27
ord_000001122,u_007545,ss_00024747,clk_0000013622,2026-07-19,p_01473,Electronics,4164,129,199,ozon_card,0,,229.85
ord_000001123,u_007549,ss_00024758,clk_0000013628,2026-07-22,p_03393,Books,167,30,139,bank_card,1,2026-07-28,-5.01
ord_000001124,u_007561,ss_00024796,clk_0000013640,2026-07-26,p_04406,Pet,1380,244,232,cash_on_delivery,0,,191.54
ord_000001125,u_007564,ss_00024804,clk_0000013643,2026-07-30,p_03029,Sports,1473,164,199,ozon_card,0,,267.79
ord_000001126,u_007564,ss_00024804,clk_0000013644,2026-07-30,p_03289,Electronics,5179,575,112,bank_card,0,,458.86
ord_000001127,u_007565,ss_00024807,clk_0000013645,2026-07-18,p_01099,Auto,1890,210,144,bank_card,0,,352.67
ord_000001128,u_007578,ss_00024841,clk_0000013663,2026-07-18,p_00307,Auto,774,41,226,installment,0,,135.76
ord_000001129,u_007581,ss_00024849,clk_0000013668,2026-07-29,p_04288,Books,243,27,316,ozon_card,0,,23.43
ord_000001130,u_007584,ss_00024860,clk_0000013674,2026-07-29,p_04124,Kids,829,0,0,bank_card,0,,168.7
ord_000001131,u_007598,ss_00024903,clk_0000013708,2026-07-08,p_00557,Electronics,2223,0,160,ozon_card,0,,267.2
ord_000001132,u_007622,ss_00024967,clk_0000013738,2026-07-12,p_02997,Kids,629,0,169,cash_on_delivery,0,,141.97
ord_000001133,u_007638,ss_00025013,clk_0000013762,2026-07-09,p_02554,Fashion,1860,0,59,ozon_card,0,,640.03
ord_000001134,u_007652,ss_00025069,clk_0000013788,2026-07-24,p_03135,Beauty,388,20,0,installment,0,,89.28
ord_000001135,u_007654,ss_00025081,clk_0000013794,2026-07-05,p_01749,Beauty,1005,53,58,ozon_card,0,,280.6
ord_000001136,u_007656,ss_00025091,clk_0000013800,2026-07-12,p_04309,FMCG,446,14,203,sberpay,0,,75.11
ord_000001137,u_007657,ss_00025093,clk_0000013804,2026-07-17,p_03801,Kids,1566,48,,bank_card,0,,397.92
ord_000001138,u_007678,ss_00025147,clk_0000013834,2026-07-10,p_00257,Electronics,2215,117,252,bank_card,0,,389.4
ord_000001139,u_007681,ss_00025156,clk_0000013837,2026-07-06,p_04184,FMCG,510,27,302,sberpay,0,,71.86
ord_000001140,u_007687,ss_00025169,clk_0000013842,2026-07-03,p_03780,Beauty,541,60,259,bank_card,0,,159.16
ord_000001141,u_007691,ss_00025182,clk_0000013852,2026-07-23,p_03356,Pet,559,0,188,installment,0,,90.95
ord_000001142,u_007693,ss_00025189,clk_0000013856,2026-07-15,p_02883,Auto,2453,273,175,installment,0,,337.04
ord_000001143,u_007743,ss_00025333,clk_0000013931,2026-07-30,p_03391,Electronics,3213,0,215,cash_on_delivery,0,,531.11
ord_000001144,u_007754,ss_00025356,clk_0000013947,2026-07-06,p_00133,Home,2099,0,96,ozon_card,0,,557.07
ord_000001145,u_007767,ss_00025396,clk_0000013969,2026-07-15,p_01084,Fashion,1924,262,332,bank_card,0,,387.69
ord_000001146,u_007772,ss_00025411,clk_0000013975,2026-07-10,p_02929,Beauty,359,40,211,installment,0,,108.88
ord_000001147,u_007773,ss_00025419,clk_0000013980,2026-07-01,p_00793,Home,2522,280,,ozon_card,0,,413.86
ord_000001148,u_007780,ss_00025442,clk_0000014001,2026-07-29,p_04278,FMCG,354,39,0,ozon_card,0,,48.25
ord_000001149,u_007783,ss_00025457,clk_0000014009,2026-07-14,p_02414,Fashion,2954,155,290,bank_card,0,,640.43
ord_000001150,u_007797,ss_00025506,clk_0000014030,2026-07-21,p_00080,Electronics,4635,0,,ozon_card,0,,541.83
ord_000001151,u_007798,ss_00025509,clk_0000014033,2026-07-04,p_01261,Sports,722,80,185,bank_card,0,,205.12
ord_000001152,u_007802,ss_00025519,clk_0000014040,2026-07-30,p_00701,Pet,3255,362,0,bank_card,0,,829.7
ord_000001153,u_007817,ss_00025581,clk_0000014077,2026-07-17,p_04104,Pet,998,0,46,bank_card,0,,218.36
ord_000001154,u_007819,ss_00025589,clk_0000014082,2026-07-19,p_01128,Books,284,9,293,bank_card,0,,41.52
ord_000001155,u_007825,ss_00025610,clk_0000014093,2026-07-08,p_01387,FMCG,832,26,81,bank_card,0,,136.53
ord_000001156,u_007837,ss_00025645,clk_0000014114,2026-07-04,p_04092,Books,517,16,180,sberpay,0,,47.2
ord_000001157,u_007847,ss_00025677,clk_0000014136,2026-07-26,p_00764,Fashion,2172,114,,ozon_card,0,,498.69
ord_000001158,u_007852,ss_00025701,clk_0000014157,2026-07-08,p_01519,Kids,1636,0,183,bank_card,0,,425.36
ord_000001159,u_007859,ss_00025720,clk_0000014166,2026-07-22,p_01300,Electronics,2879,0,227,bank_card,0,,322.74
ord_000001160,u_007870,ss_00025752,clk_0000014181,2026-07-16,p_01500,Fashion,1789,316,0,ozon_card,0,,237.22
ord_000001161,u_007873,ss_00025764,clk_0000014186,2026-07-18,p_02467,Home,913,48,0,ozon_card,0,,172.74
ord_000001162,u_007892,ss_00025826,clk_0000014213,2026-07-16,p_00517,Auto,1493,46,283,bank_card,0,,261.57
ord_000001163,u_007907,ss_00025890,clk_0000014241,2026-07-18,p_01206,Electronics,6210,690,0,bank_card,0,,943.92
ord_000001164,u_007922,ss_00025944,clk_0000014272,2026-07-11,p_00753,Electronics,5402,600,253,cash_on_delivery,0,,289.55
ord_000001165,u_007924,ss_00025952,clk_0000014275,2026-07-15,p_00009,Home,3168,352,0,cash_on_delivery,0,,627.9
ord_000001166,u_007926,ss_00025957,clk_0000014281,2026-07-21,p_03869,Sports,897,0,303,bank_card,0,,191.51
ord_000001167,u_007926,ss_00025958,clk_0000014282,2026-07-25,p_00454,Kids,1125,199,0,bank_card,0,,184.39
ord_000001168,u_007930,ss_00025966,clk_0000014287,2026-07-11,p_00928,Beauty,544,11,61,ozon_card,0,,131.32
ord_000001169,u_007938,ss_00025988,clk_0000014296,2026-07-03,p_00853,Home,2614,0,0,bank_card,0,,680.95
ord_000001170,u_007950,ss_00026029,clk_0000014315,2026-07-14,p_00957,Home,1033,0,202,sberpay,0,,138.11
ord_000001171,u_007950,ss_00026030,clk_0000014317,2026-07-21,p_04252,Beauty,2344,48,163,bank_card,0,,581.78
ord_000001172,u_007961,ss_00026055,clk_0000014333,2026-07-17,p_00435,Home,1713,53,150,bank_card,0,,324.61
ord_000001173,u_007970,ss_00026075,clk_0000014342,2026-07-03,p_01363,Beauty,1146,35,0,sberpay,0,,313.66
ord_000001174,u_007971,ss_00026079,clk_0000014343,2026-07-08,p_04147,Sports,977,30,0,ozon_card,0,,157.88
ord_000001175,u_007972,ss_00026083,clk_0000014346,2026-07-21,p_02454,Beauty,506,10,0,bank_card,1,2026-08-20,-15.18
ord_000001176,u_007973,ss_00026085,clk_0000014351,2026-07-12,p_03423,Electronics,5135,0,0,installment,0,,572.55
ord_000001177,u_007977,ss_00026099,clk_0000014362,2026-07-15,p_00563,Pet,634,20,138,ozon_card,0,,117.23
ord_000001178,u_007984,ss_00026125,clk_0000014381,2026-07-09,p_00196,Fashion,1564,48,150,bank_card,0,,377.71
ord_000001179,u_007988,ss_00026137,clk_0000014389,2026-07-19,p_01935,Home,3329,175,0,cash_on_delivery,0,,672.13
ord_000001180,u_007999,ss_00026170,clk_0000014410,2026-07-24,p_00686,Beauty,533,28,199,ozon_card,0,,156.06
ord_000001181,u_008012,ss_00026208,clk_0000014428,2026-07-21,p_02520,Electronics,9596,1066,183,bank_card,0,,1272.43
ord_000001182,u_008016,ss_00026222,clk_0000014435,2026-07-19,p_04002,Electronics,1326,0,0,installment,0,,169.99
ord_000001183,u_008028,ss_00026258,clk_0000014452,2026-07-04,p_02498,Pet,956,0,161,ozon_card,0,,144.55
ord_000001184,u_008029,ss_00026264,clk_0000014454,2026-07-20,p_04385,Home,1502,46,120,ozon_card,0,,392.92
ord_000001185,u_008040,ss_00026296,clk_0000014470,2026-07-07,p_00573,Beauty,494,67,0,sberpay,0,,133.92
ord_000001186,u_008040,ss_00026299,clk_0000014472,2026-07-09,p_04179,FMCG,661,0,,bank_card,1,2026-07-22,-19.83
ord_000001187,u_008041,ss_00026301,clk_0000014474,2026-07-09,p_04127,Home,605,32,166,ozon_card,0,,114.95
ord_000001188,u_008047,ss_00026321,clk_0000014482,2026-07-30,p_03601,Kids,701,0,0,bank_card,0,,117.0
ord_000001189,u_008047,ss_00026321,clk_0000014484,2026-07-30,p_03236,Kids,1719,53,0,ozon_card,0,,327.99
ord_000001190,u_008050,ss_00026336,clk_0000014490,2026-07-19,p_02593,Auto,1366,72,305,bank_card,0,,190.69
ord_000001191,u_008054,ss_00026349,clk_0000014500,2026-07-05,p_04055,Pet,1021,0,252,bank_card,0,,149.27
ord_000001192,u_008064,ss_00026380,clk_0000014518,2026-07-17,p_01808,Electronics,4617,513,0,bank_card,0,,313.03
ord_000001193,u_008064,ss_00026380,clk_0000014520,2026-07-17,p_03750,Sports,1271,0,,ozon_card,0,,288.26
ord_000001194,u_008071,ss_00026407,clk_0000014529,2026-07-20,p_03847,Kids,925,49,141,bank_card,0,,210.62
ord_000001195,u_008076,ss_00026420,clk_0000014535,2026-07-12,p_00138,Auto,1855,206,193,ozon_card,1,2026-07-31,-55.65
ord_000001196,u_008080,ss_00026432,clk_0000014543,2026-07-24,p_00652,Kids,839,0,418,sberpay,0,,142.29
ord_000001197,u_008081,ss_00026434,clk_0000014544,2026-07-19,p_00788,Electronics,1250,39,178,sberpay,0,,121.88
ord_000001198,u_008085,ss_00026446,clk_0000014547,2026-07-18,p_00833,Home,1234,0,226,ozon_card,0,,128.95
ord_000001199,u_008089,ss_00026455,clk_0000014550,2026-07-29,p_01950,Sports,1894,210,191,bank_card,0,,317.81
ord_000001200,u_008091,ss_00026464,clk_0000014556,2026-07-04,p_03369,Beauty,1824,0,180,bank_card,0,,558.14
ord_000001201,u_008106,ss_00026528,clk_0000014591,2026-07-13,p_02812,FMCG,495,0,97,installment,0,,96.53
ord_000001202,u_008110,ss_00026539,clk_0000014600,2026-07-16,p_01632,Books,209,23,0,bank_card,0,,46.29
ord_000001203,u_008112,ss_00026545,clk_0000014602,2026-07-17,p_04193,Auto,3955,208,0,cash_on_delivery,0,,612.63
ord_000001204,u_008117,ss_00026556,clk_0000014612,2026-07-18,p_00875,Electronics,11702,1300,,cash_on_delivery,0,,959.56
ord_000001205,u_008117,ss_00026558,clk_0000014613,2026-07-07,p_02964,FMCG,280,15,450,sberpay,1,2026-07-13,-8.4
ord_000001206,u_008122,ss_00026570,clk_0000014624,2026-07-10,p_02205,Home,1836,0,245,installment,0,,438.25
ord_000001207,u_008127,ss_00026589,clk_0000014637,2026-07-08,p_00949,Electronics,3078,0,0,cash_on_delivery,0,,326.27
ord_000001208,u_008129,ss_00026596,clk_0000014644,2026-07-29,p_00328,Pet,434,77,285,installment,0,,74.73
ord_000001209,u_008153,ss_00026692,clk_0000014689,2026-07-20,p_02000,Fashion,819,0,146,cash_on_delivery,1,2026-08-08,-24.57
ord_000001210,u_008157,ss_00026706,clk_0000014698,2026-07-13,p_00262,Fashion,1668,34,235,bank_card,0,,520.08
ord_000001211,u_008164,ss_00026730,clk_0000014712,2026-07-23,p_00966,Fashion,1152,157,0,installment,0,,258.85
ord_000001212,u_008179,ss_00026787,clk_0000014757,2026-07-04,p_00653,Electronics,2546,79,202,bank_card,0,,101.84
ord_000001213,u_008184,ss_00026802,clk_0000014762,2026-07-11,p_02915,Beauty,265,36,60,sberpay,0,,63.86
ord_000001214,u_008197,ss_00026841,clk_0000014777,2026-07-01,p_01199,Auto,3112,164,0,sberpay,1,2026-07-22,-93.36
ord_000001215,u_008199,ss_00026851,clk_0000014786,2026-07-22,p_00960,Books,396,21,245,ozon_card,0,,66.41
ord_000001216,u_008210,ss_00026892,clk_0000014802,2026-07-08,p_02444,Beauty,331,0,234,cash_on_delivery,0,,122.77
ord_000001217,u_008211,ss_00026896,clk_0000014805,2026-07-25,p_04413,Electronics,4541,0,146,ozon_card,0,,527.66
ord_000001218,u_008214,ss_00026902,clk_0000014809,2026-07-24,p_00854,Pet,345,61,144,bank_card,0,,57.68
ord_000001219,u_008226,ss_00026959,clk_0000014847,2026-07-29,p_03439,Home,1299,0,164,sberpay,0,,253.05
ord_000001220,u_008227,ss_00026963,clk_0000014849,2026-07-02,p_03874,Sports,1548,172,99,sberpay,0,,395.36
ord_000001221,u_008237,ss_00027001,clk_0000014864,2026-07-06,p_01391,FMCG,565,17,0,bank_card,0,,109.89
ord_000001222,u_008239,ss_00027018,clk_0000014877,2026-07-17,p_03859,Electronics,2220,247,0,bank_card,0,,182.26
ord_000001223,u_008244,ss_00027030,clk_0000014886,2026-07-03,p_03409,Beauty,1010,31,96,ozon_card,0,,271.69
ord_000001224,u_008249,ss_00027040,clk_0000014893,2026-07-10,p_04356,Home,913,101,230,bank_card,0,,173.74
ord_000001225,u_008273,ss_00027112,clk_0000014935,2026-07-27,p_04002,Electronics,1193,133,,bank_card,0,,152.94
ord_000001226,u_008277,ss_00027135,clk_0000014959,2026-07-12,p_04092,Books,533,0,106,bank_card,0,,48.66
ord_000001227,u_008282,ss_00027153,clk_0000014967,2026-07-02,p_02405,Electronics,5604,173,313,ozon_card,0,,769.43
ord_000001228,u_008295,ss_00027202,clk_0000014994,2026-07-18,p_03425,Kids,852,0,194,ozon_card,0,,155.92
ord_000001229,u_008303,ss_00027234,clk_0000015016,2026-07-17,p_03919,Home,710,79,363,ozon_card,0,,147.04
ord_000001230,u_008305,ss_00027240,clk_0000015018,2026-07-05,p_04178,Fashion,2064,42,174,bank_card,0,,434.47
ord_000001231,u_008306,ss_00027245,clk_0000015024,2026-07-19,p_03110,Fashion,2124,236,260,bank_card,0,,449.23
ord_000001232,u_008316,ss_00027274,clk_0000015038,2026-07-02,p_02694,Fashion,786,87,0,installment,0,,251.76
ord_000001233,u_008323,ss_00027300,clk_0000015046,2026-07-06,p_02503,Electronics,7454,0,273,ozon_card,0,,1046.54
ord_000001234,u_008338,ss_00027359,clk_0000015078,2026-07-26,p_00613,Auto,2805,0,166,bank_card,0,,328.19
ord_000001235,u_008346,ss_00027385,clk_0000015088,2026-07-22,p_00524,FMCG,221,0,266,sberpay,0,,29.81
ord_000001236,u_008347,ss_00027387,clk_0000015090,2026-07-10,p_02271,Home,1925,214,297,bank_card,0,,380.38
ord_000001237,u_008349,ss_00027395,clk_0000015096,2026-07-21,p_04181,Electronics,4699,0,281,bank_card,0,,814.34
ord_000001238,u_008354,ss_00027409,clk_0000015105,2026-07-21,p_00556,Fashion,1444,76,254,bank_card,0,,329.23
ord_000001239,u_008360,ss_00027427,clk_0000015111,2026-07-24,p_04302,FMCG,336,18,155,ozon_card,0,,45.43
ord_000001240,u_008368,ss_00027453,clk_0000015124,2026-07-09,p_02758,FMCG,250,44,,ozon_card,0,,13.58
ord_000001241,u_008372,ss_00027462,clk_0000015129,2026-07-13,p_01134,Fashion,1449,0,249,bank_card,0,,431.08
ord_000001242,u_008377,ss_00027479,clk_0000015140,2026-07-13,p_01099,Auto,2100,0,232,installment,1,2026-07-23,-63.0
ord_000001243,u_008401,ss_00027552,clk_0000015174,2026-07-04,p_00430,Sports,901,28,121,bank_card,0,,222.1
ord_000001244,u_008404,ss_00027558,clk_0000015176,2026-07-28,p_04397,Sports,1154,36,216,cash_on_delivery,0,,283.08
ord_000001245,u_008406,ss_00027563,clk_0000015181,2026-07-09,p_02466,Kids,1131,0,255,bank_card,0,,125.54
ord_000001246,u_008412,ss_00027581,clk_0000015189,2026-07-09,p_03292,Beauty,1222,0,117,ozon_card,1,2026-07-18,-36.66
ord_000001247,u_008413,ss_00027588,clk_0000015193,2026-07-25,p_02627,Beauty,458,0,0,bank_card,0,,116.74
ord_000001248,u_008420,ss_00027608,clk_0000015203,2026-07-01,p_01870,Books,273,8,217,bank_card,0,,62.49
ord_000001249,u_008422,ss_00027611,clk_0000015205,2026-07-30,p_04068,Sports,1502,0,139,ozon_card,0,,399.98
ord_000001250,u_008440,ss_00027668,clk_0000015231,2026-07-27,p_02754,FMCG,265,8,200,cash_on_delivery,0,,43.83
ord_000001251,u_008442,ss_00027685,clk_0000015236,2026-07-13,p_03060,Beauty,265,14,193,bank_card,0,,77.67
ord_000001252,u_008444,ss_00027688,clk_0000015239,2026-07-26,p_01800,Fashion,1677,34,176,ozon_card,0,,346.8
ord_000001253,u_008445,ss_00027690,clk_0000015241,2026-07-06,p_04056,Beauty,1030,77,263,ozon_card,0,,354.42
ord_000001254,u_008451,ss_00027725,clk_0000015266,2026-07-17,p_00366,FMCG,467,0,157,cash_on_delivery,0,,49.36
ord_000001255,u_008451,ss_00027727,clk_0000015267,2026-07-22,p_01973,Auto,913,28,71,ozon_card,0,,233.82
ord_000001256,u_008453,ss_00027730,clk_0000015268,2026-07-14,p_02048,Electronics,3717,0,121,bank_card,0,,557.55
ord_000001257,u_008454,ss_00027735,clk_0000015272,2026-07-12,p_00682,Fashion,1980,149,0,installment,0,,437.98
ord_000001258,u_008471,ss_00027788,clk_0000015296,2026-07-14,p_01552,Home,1939,0,0,bank_card,0,,361.62
ord_000001259,u_008474,ss_00027804,clk_0000015300,2026-07-28,p_04173,Beauty,635,48,175,sberpay,0,,192.47
ord_000001260,u_008481,ss_00027833,clk_0000015316,2026-07-22,p_00408,FMCG,174,0,0,bank_card,0,,38.38
ord_000001261,u_008481,ss_00027834,clk_0000015317,2026-07-07,p_00334,Beauty,520,11,0,bank_card,0,,131.87
ord_000001262,u_008497,ss_00027886,clk_0000015330,2026-07-30,p_03661,Sports,1273,0,,cash_on_delivery,0,,337.09
ord_000001263,u_008499,ss_00027890,clk_0000015335,2026-07-19,p_03618,Sports,610,68,0,bank_card,0,,121.51
ord_000001264,u_008505,ss_00027910,clk_0000015344,2026-07-23,p_03900,Fashion,1438,295,353,installment,1,2026-08-28,-43.14
ord_000001265,u_008509,ss_00027932,clk_0000015354,2026-07-10,p_02911,Sports,906,28,91,sberpay,0,,163.99
ord_000001266,u_008524,ss_00027977,clk_0000015377,2026-07-26,p_03388,Home,1010,0,224,sberpay,0,,138.37
ord_000001267,u_008524,ss_00027979,clk_0000015379,2026-07-19,p_00408,FMCG,174,0,238,ozon_card,0,,38.38
ord_000001268,u_008528,ss_00027989,clk_0000015383,2026-07-21,p_04414,Fashion,268,20,166,ozon_card,0,,62.63
ord_000001269,u_008534,ss_00028017,clk_0000015395,2026-07-18,p_02270,Beauty,354,7,107,ozon_card,0,,107.01
ord_000001270,u_008535,ss_00028018,clk_0000015396,2026-07-13,p_00644,Sports,1541,48,180,bank_card,0,,389.56
ord_000001271,u_008538,ss_00028025,clk_0000015401,2026-07-02,p_01475,Auto,4875,0,0,sberpay,0,,719.55
ord_000001272,u_008539,ss_00028032,clk_0000015403,2026-07-23,p_02846,FMCG,198,0,98,ozon_card,0,,28.55
ord_000001273,u_008547,ss_00028063,clk_0000015423,2026-07-09,p_02928,Beauty,236,0,0,bank_card,0,,75.99
ord_000001274,u_008556,ss_00028093,clk_0000015445,2026-07-19,p_00423,Pet,704,78,174,ozon_card,0,,101.16
ord_000001275,u_008560,ss_00028104,clk_0000015450,2026-07-11,p_02639,Auto,1238,219,164,bank_card,0,,238.69
ord_000001276,u_008569,ss_00028130,clk_0000015463,2026-07-20,p_00869,Fashion,1710,0,0,sberpay,0,,500.35
ord_000001277,u_008576,ss_00028155,clk_0000015473,2026-07-02,p_04006,Books,128,0,210,bank_card,0,,17.63
ord_000001278,u_008586,ss_00028187,clk_0000015493,2026-07-17,p_03338,Home,1132,35,166,bank_card,0,,326.81
ord_000001279,u_008595,ss_00028221,clk_0000015508,2026-07-08,p_01945,FMCG,251,28,318,bank_card,0,,28.87
ord_000001280,u_008604,ss_00028251,clk_0000015521,2026-07-13,p_00237,Kids,777,0,196,bank_card,0,,167.6
ord_000001281,u_008606,ss_00028254,clk_0000015523,2026-07-03,p_01465,Electronics,7207,0,0,bank_card,1,2026-07-21,-216.21
ord_000001282,u_008607,ss_00028257,clk_0000015527,2026-07-10,p_03653,Fashion,683,36,118,sberpay,1,2026-08-16,-20.49
ord_000001283,u_008607,ss_00028258,clk_0000015528,2026-07-17,p_03218,Home,2650,0,137,bank_card,0,,519.13
ord_000001284,u_008621,ss_00028304,clk_0000015552,2026-07-21,p_02679,Fashion,556,42,241,cash_on_delivery,0,,129.55
ord_000001285,u_008623,ss_00028311,clk_0000015555,2026-07-13,p_01646,FMCG,679,21,165,ozon_card,0,,81.96
ord_000001286,u_008633,ss_00028342,clk_0000015572,2026-07-30,p_00620,Fashion,2359,0,203,bank_card,0,,504.59
ord_000001287,u_008635,ss_00028349,clk_0000015578,2026-07-12,p_01537,Electronics,7271,0,203,bank_card,0,,580.95
ord_000001288,u_008639,ss_00028358,clk_0000015586,2026-07-11,p_00049,Fashion,2299,0,101,bank_card,0,,684.41
ord_000001289,u_008650,ss_00028391,clk_0000015604,2026-07-25,p_02201,Home,1977,61,222,bank_card,0,,542.49
ord_000001290,u_008653,ss_00028405,clk_0000015609,2026-07-13,p_01317,Beauty,608,19,152,bank_card,0,,147.38
ord_000001291,u_008665,ss_00028439,clk_0000015617,2026-07-18,p_01446,Sports,1746,0,2,bank_card,1,2026-08-10,-52.38
ord_000001292,u_008674,ss_00028467,clk_0000015633,2026-07-17,p_00097,FMCG,601,19,0,ozon_card,0,,116.95
ord_000001293,u_008675,ss_00028470,clk_0000015634,2026-07-27,p_04103,Pet,991,31,171,installment,0,,174.02
ord_000001294,u_008680,ss_00028485,clk_0000015649,2026-07-11,p_02532,Pet,661,73,0,cash_on_delivery,0,,125.39
ord_000001295,u_008683,ss_00028492,clk_0000015653,2026-07-24,p_01549,Electronics,2710,84,202,bank_card,0,,376.15
ord_000001296,u_008683,ss_00028496,clk_0000015655,2026-07-25,p_00678,FMCG,1621,0,154,bank_card,0,,190.14
ord_000001297,u_008690,ss_00028511,clk_0000015664,2026-07-18,p_03684,Fashion,527,58,176,ozon_card,0,,135.91
ord_000001298,u_008693,ss_00028521,clk_0000015669,2026-07-18,p_01801,Sports,1250,139,0,bank_card,0,,362.63
ord_000001299,u_008699,ss_00028542,clk_0000015678,2026-07-19,p_02784,Electronics,778,0,189,ozon_card,0,,62.32
ord_000001300,u_008705,ss_00028565,clk_0000015688,2026-07-16,p_01915,Electronics,3149,166,241,bank_card,0,,340.41
ord_000001301,u_008726,ss_00028639,clk_0000015721,2026-07-08,p_00705,Fashion,408,56,357,bank_card,0,,105.63
ord_000001302,u_008726,ss_00028642,clk_0000015722,2026-07-20,p_00336,Beauty,414,8,,installment,0,,130.33
ord_000001303,u_008729,ss_00028655,clk_0000015731,2026-07-09,p_03718,Pet,1287,40,0,cash_on_delivery,0,,176.45
ord_000001304,u_008730,ss_00028658,clk_0000015733,2026-07-17,p_00536,Home,1153,0,288,bank_card,0,,189.67
ord_000001305,u_008735,ss_00028673,clk_0000015740,2026-07-09,p_00662,Fashion,1586,0,231,ozon_card,0,,384.76
ord_000001306,u_008742,ss_00028694,clk_0000015745,2026-07-10,p_02385,Beauty,879,18,348,bank_card,0,,205.77
ord_000001307,u_008751,ss_00028717,clk_0000015761,2026-07-06,p_02914,Beauty,585,31,0,ozon_card,0,,186.56
ord_000001308,u_008758,ss_00028740,clk_0000015770,2026-07-23,p_01866,Electronics,2287,254,0,ozon_card,0,,185.48
ord_000001309,u_008772,ss_00028791,clk_0000015809,2026-07-27,p_03376,Sports,1184,37,227,bank_card,0,,237.39
ord_000001310,u_008782,ss_00028811,clk_0000015822,2026-07-29,p_03787,Fashion,1275,39,0,cash_on_delivery,0,,284.58
ord_000001311,u_008785,ss_00028828,clk_0000015832,2026-07-06,p_00086,Fashion,3780,77,0,ozon_card,0,,860.71
ord_000001312,u_008791,ss_00028844,clk_0000015839,2026-07-26,p_00972,Electronics,3535,393,0,bank_card,0,,396.27
ord_000001313,u_008791,ss_00028845,clk_0000015840,2026-07-09,p_00258,Home,1512,0,0,ozon_card,0,,403.86
ord_000001314,u_008817,ss_00028942,clk_0000015881,2026-07-17,p_04394,Fashion,1685,34,232,bank_card,0,,446.69
ord_000001315,u_008823,ss_00028961,clk_0000015897,2026-07-17,p_03092,Kids,552,29,0,ozon_card,0,,112.22
ord_000001316,u_008829,ss_00028986,clk_0000015910,2026-07-23,p_00305,FMCG,520,58,39,bank_card,0,,60.16
ord_000001317,u_008836,ss_00029009,clk_0000015924,2026-07-03,p_00490,Kids,563,0,0,ozon_card,0,,121.5
ord_000001318,u_008837,ss_00029014,clk_0000015927,2026-07-11,p_03421,Fashion,1635,182,155,ozon_card,0,,375.4
ord_000001319,u_008839,ss_00029021,clk_0000015934,2026-07-16,p_03048,Home,1078,57,306,bank_card,0,,207.3
ord_000001320,u_008841,ss_00029026,clk_0000015936,2026-07-29,p_01191,FMCG,102,3,104,installment,0,,16.16
ord_000001321,u_008845,ss_00029034,clk_0000015937,2026-07-16,p_00183,Sports,889,99,202,bank_card,0,,145.8
ord_000001322,u_008849,ss_00029051,clk_0000015950,2026-07-03,p_04253,Fashion,4840,660,257,installment,0,,1393.92
ord_000001323,u_008857,ss_00029069,clk_0000015956,2026-07-04,p_03919,Home,789,0,399,sberpay,0,,163.4
ord_000001324,u_008872,ss_00029142,clk_0000016002,2026-07-23,p_00638,Beauty,1050,21,114,ozon_card,0,,301.67
ord_000001325,u_008906,ss_00029237,clk_0000016054,2026-07-17,p_00386,Beauty,453,24,125,bank_card,0,,124.85
ord_000001326,u_008906,ss_00029238,clk_0000016055,2026-07-18,p_03119,Home,1158,0,147,bank_card,0,,219.44
ord_000001327,u_008911,ss_00029255,clk_0000016064,2026-07-23,p_04302,FMCG,319,35,277,bank_card,0,,43.13
ord_000001328,u_008912,ss_00029261,clk_0000016068,2026-07-01,p_00029,Electronics,1483,0,166,cash_on_delivery,0,,160.76
ord_000001329,u_008913,ss_00029269,clk_0000016071,2026-07-12,p_00538,Beauty,1139,0,0,sberpay,0,,246.02
ord_000001330,u_008918,ss_00029285,clk_0000016077,2026-07-08,p_01974,Electronics,3583,0,0,sberpay,1,2026-08-06,-107.49
ord_000001331,u_008918,ss_00029286,clk_0000016078,2026-07-24,p_04311,Fashion,1794,0,,ozon_card,0,,474.87
ord_000001332,u_008919,ss_00029290,clk_0000016080,2026-07-29,p_03977,Electronics,5972,0,222,ozon_card,0,,764.42
ord_000001333,u_008919,ss_00029291,clk_0000016081,2026-07-11,p_01396,Electronics,5487,0,0,ozon_card,0,,969.0
ord_000001334,u_008923,ss_00029306,clk_0000016093,2026-07-05,p_01139,Sports,1011,178,91,cash_on_delivery,0,,194.72
ord_000001335,u_008923,ss_00029306,clk_0000016094,2026-07-05,p_00588,Electronics,6861,762,430,sberpay,0,,629.84
ord_000001336,u_008931,ss_00029330,clk_0000016113,2026-07-09,p_00048,Fashion,3049,62,0,bank_card,1,2026-07-19,-91.47
ord_000001337,u_008932,ss_00029331,clk_0000016114,2026-07-18,p_01878,FMCG,398,0,283,bank_card,0,,89.19
ord_000001338,u_008947,ss_00029373,clk_0000016142,2026-07-05,p_04316,Electronics,1639,0,0,cash_on_delivery,0,,241.42
ord_000001339,u_008954,ss_00029399,clk_0000016157,2026-07-15,p_03943,Beauty,459,63,211,ozon_card,0,,124.02
ord_000001340,u_008961,ss_00029419,clk_0000016166,2026-07-22,p_00862,Sports,581,64,174,installment,0,,121.02
ord_000001341,u_008964,ss_00029423,clk_0000016167,2026-07-19,p_02940,Electronics,2403,74,149,ozon_card,0,,96.12
ord_000001342,u_008966,ss_00029434,clk_0000016173,2026-07-09,p_02267,Home,2417,0,73,ozon_card,0,,349.98
ord_000001343,u_008976,ss_00029472,clk_0000016189,2026-07-24,p_04076,Kids,2799,0,,sberpay,0,,621.94
ord_000001344,u_008977,ss_00029474,clk_0000016191,2026-07-08,p_02797,Fashion,1305,98,97,bank_card,0,,387.58
ord_000001345,u_008999,ss_00029536,clk_0000016222,2026-07-05,p_02877,FMCG,383,12,4,ozon_card,0,,22.06
ord_000001346,u_009014,ss_00029584,clk_0000016253,2026-07-17,p_04492,Sports,1347,0,275,sberpay,0,,204.47
ord_000001347,u_009032,ss_00029627,clk_0000016268,2026-07-13,p_01584,Home,2786,0,122,bank_card,0,,566.95
ord_000001348,u_009039,ss_00029655,clk_0000016281,2026-07-04,p_00827,Electronics,6565,729,285,sberpay,0,,626.96
ord_000001349,u_009054,ss_00029710,clk_0000016307,2026-07-22,p_02212,Beauty,416,13,230,bank_card,0,,105.04
ord_000001350,u_009071,ss_00029772,clk_0000016340,2026-07-09,p_02848,Books,245,27,233,ozon_card,0,,43.49
ord_000001351,u_009072,ss_00029775,clk_0000016342,2026-07-05,p_02419,Sports,1211,0,202,bank_card,0,,346.83
ord_000001352,u_009081,ss_00029814,clk_0000016384,2026-07-20,p_03936,Home,1023,54,0,bank_card,0,,110.89
ord_000001353,u_009081,ss_00029816,clk_0000016385,2026-07-21,p_02971,Fashion,820,43,0,cash_on_delivery,0,,223.94
ord_000001354,u_009089,ss_00029844,clk_0000016395,2026-07-25,p_03774,Electronics,3533,186,0,ozon_card,0,,518.29
ord_000001355,u_009106,ss_00029891,clk_0000016415,2026-07-11,p_00256,Electronics,4418,232,143,installment,0,,599.08
ord_000001356,u_009133,ss_00029984,clk_0000016468,2026-07-29,p_00728,Electronics,1952,0,0,ozon_card,0,,194.22
ord_000001357,u_009141,ss_00030006,clk_0000016479,2026-07-30,p_02770,FMCG,278,15,192,bank_card,0,,13.59
ord_000001358,u_009143,ss_00030013,clk_0000016483,2026-07-04,p_02593,Auto,1395,43,114,ozon_card,0,,194.74
ord_000001359,u_009145,ss_00030016,clk_0000016485,2026-07-30,p_04298,Fashion,431,23,207,sberpay,0,,114.13
ord_000001360,u_009147,ss_00030023,clk_0000016491,2026-07-30,p_00856,Fashion,854,116,280,bank_card,0,,203.51
ord_000001361,u_009157,ss_00030057,clk_0000016511,2026-07-08,p_02056,Fashion,567,116,166,installment,0,,112.72
ord_000001362,u_009166,ss_00030082,clk_0000016528,2026-07-08,p_02730,Books,142,4,0,ozon_card,0,,20.72
ord_000001363,u_009175,ss_00030118,clk_0000016549,2026-07-12,p_03084,Books,171,0,183,bank_card,0,,33.79
ord_000001364,u_009180,ss_00030137,clk_0000016558,2026-07-06,p_04066,Pet,856,95,228,sberpay,0,,143.55
ord_000001365,u_009189,ss_00030157,clk_0000016571,2026-07-28,p_03287,Beauty,408,21,281,bank_card,0,,142.15
ord_000001366,u_009190,ss_00030161,clk_0000016575,2026-07-15,p_01730,Fashion,2929,60,111,cash_on_delivery,0,,827.44
ord_000001367,u_009194,ss_00030174,clk_0000016583,2026-07-22,p_00420,Books,426,13,,cash_on_delivery,0,,57.21
ord_000001368,u_009205,ss_00030215,clk_0000016613,2026-07-17,p_00954,Fashion,2652,0,325,bank_card,0,,635.42
ord_000001369,u_009212,ss_00030235,clk_0000016627,2026-07-26,p_01472,Home,1840,204,104,ozon_card,0,,320.34
ord_000001370,u_009216,ss_00030250,clk_0000016638,2026-07-03,p_02401,Books,479,53,194,bank_card,0,,60.31
ord_000001371,u_009222,ss_00030264,clk_0000016642,2026-07-10,p_01123,Fashion,867,46,258,sberpay,0,,202.36
ord_000001372,u_009226,ss_00030275,clk_0000016647,2026-07-21,p_01783,Beauty,201,35,,sberpay,0,,52.6
ord_000001373,u_009227,ss_00030282,clk_0000016650,2026-07-01,p_02622,Auto,2028,0,65,cash_on_delivery,0,,331.17
ord_000001374,u_009248,ss_00030352,clk_0000016682,2026-07-07,p_01009,Books,408,13,0,bank_card,0,,49.04
ord_000001375,u_009263,ss_00030407,clk_0000016705,2026-07-20,p_03418,Home,926,29,142,bank_card,0,,187.05
ord_000001376,u_009267,ss_00030419,clk_0000016715,2026-07-19,p_03686,Home,5065,267,0,cash_on_delivery,0,,1121.9
ord_000001377,u_009268,ss_00030420,clk_0000016717,2026-07-21,p_00207,Beauty,172,35,85,bank_card,0,,53.13
ord_000001378,u_009275,ss_00030445,clk_0000016723,2026-07-12,p_00682,Fashion,2086,43,163,ozon_card,1,2026-08-09,-62.58
ord_000001379,u_009290,ss_00030493,clk_0000016737,2026-07-27,p_02694,Fashion,856,17,148,ozon_card,0,,274.18
ord_000001380,u_009290,ss_00030496,clk_0000016740,2026-07-26,p_03788,Home,1024,0,221,bank_card,1,2026-08-03,-30.72
ord_000001381,u_009291,ss_00030498,clk_0000016743,2026-07-09,p_03345,Beauty,429,0,144,sberpay,0,,84.34
ord_000001382,u_009292,ss_00030502,clk_0000016744,2026-07-15,p_04089,Kids,3092,0,372,bank_card,0,,764.96
ord_000001383,u_009307,ss_00030552,clk_0000016773,2026-07-29,p_00163,Books,213,7,182,cash_on_delivery,0,,25.01
ord_000001384,u_009332,ss_00030625,clk_0000016812,2026-07-20,p_02577,Home,1233,0,184,bank_card,0,,286.55
ord_000001385,u_009346,ss_00030673,clk_0000016839,2026-07-25,p_02421,Fashion,1082,57,189,bank_card,0,,288.03
ord_000001386,u_009355,ss_00030704,clk_0000016849,2026-07-27,p_01145,Kids,288,0,229,bank_card,0,,47.38
ord_000001387,u_009371,ss_00030745,clk_0000016876,2026-07-14,p_01203,Pet,1866,0,185,ozon_card,0,,401.75
ord_000001388,u_009387,ss_00030803,clk_0000016905,2026-07-28,p_01875,FMCG,150,0,0,bank_card,0,,24.45
ord_000001389,u_009390,ss_00030814,clk_0000016911,2026-07-09,p_02678,Electronics,4737,0,191,bank_card,0,,496.44
ord_000001390,u_009402,ss_00030850,clk_0000016925,2026-07-15,p_01647,Beauty,394,8,265,ozon_card,0,,86.96
ord_000001391,u_009426,ss_00030923,clk_0000016974,2026-07-07,p_00254,Home,970,0,97,bank_card,0,,197.69
ord_000001392,u_009447,ss_00030985,clk_0000017014,2026-07-19,p_02460,Beauty,536,0,264,bank_card,0,,143.7
ord_000001393,u_009449,ss_00030993,clk_0000017017,2026-07-16,p_01250,FMCG,609,0,175,bank_card,0,,95.92
ord_000001394,u_009451,ss_00030999,clk_0000017022,2026-07-26,p_03561,Beauty,593,12,0,bank_card,0,,180.03
ord_000001395,u_009463,ss_00031041,clk_0000017035,2026-07-29,p_04411,Fashion,1002,0,0,installment,0,,200.9
ord_000001396,u_009469,ss_00031061,clk_0000017049,2026-07-03,p_01348,Beauty,1119,84,251,bank_card,0,,397.47
ord_000001397,u_009485,ss_00031106,clk_0000017069,2026-07-08,p_01079,Beauty,598,12,195,bank_card,0,,150.28
ord_000001398,u_009487,ss_00031110,clk_0000017074,2026-07-05,p_00217,FMCG,347,38,288,installment,0,,57.43
ord_000001399,u_009490,ss_00031119,clk_0000017080,2026-07-09,p_02295,Electronics,4041,713,0,ozon_card,0,,161.64
ord_000001400,u_009506,ss_00031174,clk_0000017110,2026-07-07,p_03106,Beauty,340,18,233,ozon_card,0,,96.32
ord_000001401,u_009509,ss_00031181,clk_0000017115,2026-07-30,p_03104,Beauty,687,76,156,ozon_card,0,,195.18
ord_000001402,u_009513,ss_00031187,clk_0000017116,2026-07-17,p_00827,Electronics,7294,0,95,bank_card,0,,696.58
ord_000001403,u_009516,ss_00031193,clk_0000017121,2026-07-18,p_02911,Sports,906,28,251,bank_card,0,,163.99
ord_000001404,u_009520,ss_00031204,clk_0000017126,2026-07-08,p_02881,Sports,3077,95,297,cash_on_delivery,0,,551.71
ord_000001405,u_009526,ss_00031227,clk_0000017139,2026-07-07,p_01187,Sports,1301,230,0,bank_card,0,,261.37
ord_000001406,u_009526,ss_00031229,clk_0000017140,2026-07-27,p_03568,FMCG,453,0,0,bank_card,0,,83.85
ord_000001407,u_009546,ss_00031282,clk_0000017164,2026-07-11,p_03597,Fashion,2062,42,79,sberpay,0,,357.14
ord_000001408,u_009551,ss_00031298,clk_0000017177,2026-07-30,p_03604,Fashion,740,151,92,sberpay,0,,109.82
ord_000001409,u_009560,ss_00031326,clk_0000017189,2026-07-20,p_03629,Home,1717,53,,ozon_card,0,,258.58
ord_000001410,u_009575,ss_00031368,clk_0000017205,2026-07-30,p_02387,Kids,1078,0,153,sberpay,0,,293.75
ord_000001411,u_009575,ss_00031368,clk_0000017206,2026-07-30,p_03158,Pet,650,34,109,installment,0,,166.79
ord_000001412,u_009576,ss_00031374,clk_0000017208,2026-07-03,p_00739,Pet,614,32,66,ozon_card,0,,136.43
ord_000001413,u_009580,ss_00031385,clk_0000017213,2026-07-29,p_02408,Auto,2289,0,281,ozon_card,0,,260.72
ord_000001414,u_009591,ss_00031417,clk_0000017234,2026-07-09,p_03834,Fashion,2058,64,0,bank_card,0,,437.53
ord_000001415,u_009591,ss_00031422,clk_0000017237,2026-07-12,p_02783,Books,380,0,0,sberpay,0,,84.55
ord_000001416,u_009594,ss_00031432,clk_0000017243,2026-07-30,p_01291,Fashion,1033,21,233,installment,0,,186.15
ord_000001417,u_009597,ss_00031450,clk_0000017250,2026-07-26,p_03882,Electronics,5407,167,0,cash_on_delivery,0,,636.4
ord_000001418,u_009612,ss_00031528,clk_0000017308,2026-07-14,p_02978,Fashion,2412,127,159,bank_card,0,,702.86
ord_000001419,u_009616,ss_00031551,clk_0000017318,2026-07-17,p_02797,Fashion,1375,28,247,ozon_card,0,,408.38
ord_000001420,u_009627,ss_00031590,clk_0000017338,2026-07-18,p_02569,Beauty,1123,0,290,ozon_card,0,,358.8
ord_000001421,u_009629,ss_00031600,clk_0000017350,2026-07-10,p_00131,Auto,3244,0,196,bank_card,0,,629.01
ord_000001422,u_009637,ss_00031615,clk_0000017356,2026-07-01,p_02582,Auto,2904,0,120,ozon_card,0,,613.03
ord_000001423,u_009643,ss_00031638,clk_0000017365,2026-07-29,p_03761,Electronics,4398,136,290,bank_card,0,,388.34
ord_000001424,u_009660,ss_00031695,clk_0000017391,2026-07-14,p_01841,Books,343,0,146,bank_card,0,,86.37
ord_000001425,u_009660,ss_00031699,clk_0000017395,2026-07-14,p_03473,Books,107,0,88,bank_card,0,,16.73
ord_000001426,u_009673,ss_00031739,clk_0000017417,2026-07-17,p_03646,Sports,2933,154,320,cash_on_delivery,0,,724.16
ord_000001427,u_009674,ss_00031741,clk_0000017418,2026-07-08,p_03403,Electronics,1939,215,173,bank_card,0,,274.76
ord_000001428,u_009678,ss_00031759,clk_0000017442,2026-07-11,p_00824,Fashion,709,37,22,sberpay,0,,187.46
ord_000001429,u_009688,ss_00031787,clk_0000017452,2026-07-05,p_01427,Auto,1866,58,145,sberpay,0,,464.82
ord_000001430,u_009688,ss_00031791,clk_0000017455,2026-07-22,p_03184,FMCG,474,0,160,bank_card,0,,100.54
ord_000001431,u_009689,ss_00031793,clk_0000017456,2026-07-03,p_02920,Pet,2148,0,277,ozon_card,0,,299.0
ord_000001432,u_009692,ss_00031806,clk_0000017461,2026-07-12,p_00156,Fashion,2169,383,246,ozon_card,1,2026-08-12,-65.07
ord_000001433,u_009707,ss_00031851,clk_0000017484,2026-07-08,p_02335,Kids,695,0,219,bank_card,0,,103.42
ord_000001434,u_009723,ss_00031921,clk_0000017529,2026-07-14,p_03189,Kids,1156,0,79,ozon_card,1,2026-07-18,-34.68
ord_000001435,u_009724,ss_00031925,clk_0000017532,2026-07-28,p_03752,Electronics,2653,0,230,sberpay,0,,449.15
ord_000001436,u_009731,ss_00031942,clk_0000017544,2026-07-06,p_04008,Beauty,613,12,141,ozon_card,0,,184.45
ord_000001437,u_009753,ss_00032020,clk_0000017582,2026-07-03,p_01870,Books,239,42,155,ozon_card,0,,54.71
ord_000001438,u_009755,ss_00032026,clk_0000017586,2026-07-16,p_04035,Fashion,1088,0,179,bank_card,0,,236.86
ord_000001439,u_009769,ss_00032062,clk_0000017609,2026-07-12,p_01661,Beauty,1209,64,216,cash_on_delivery,1,2026-08-03,-36.27
ord_000001440,u_009774,ss_00032074,clk_0000017614,2026-07-15,p_03532,Sports,1509,79,181,bank_card,0,,237.52
ord_000001441,u_009778,ss_00032088,clk_0000017621,2026-07-02,p_01909,Fashion,1067,33,262,bank_card,0,,314.98
ord_000001442,u_009779,ss_00032095,clk_0000017628,2026-07-27,p_03917,Fashion,2646,0,256,bank_card,0,,501.15
ord_000001443,u_009787,ss_00032128,clk_0000017646,2026-07-29,p_04275,Pet,914,28,87,ozon_card,0,,165.71
ord_000001444,u_009835,ss_00032292,clk_0000017728,2026-07-23,p_02812,FMCG,495,0,249,bank_card,0,,96.53
ord_000001445,u_009848,ss_00032338,clk_0000017751,2026-07-18,p_01555,Fashion,3849,525,0,bank_card,0,,773.65
ord_000001446,u_009868,ss_00032387,clk_0000017778,2026-07-05,p_03561,Beauty,593,12,131,ozon_card,0,,180.03
ord_000001447,u_009875,ss_00032411,clk_0000017791,2026-07-12,p_03599,FMCG,1008,0,111,bank_card,0,,142.73
ord_000001448,u_009876,ss_00032415,clk_0000017794,2026-07-26,p_00982,Fashion,848,0,332,bank_card,0,,153.32
ord_000001449,u_009884,ss_00032438,clk_0000017811,2026-07-07,p_03287,Beauty,429,0,203,bank_card,0,,149.46
ord_000001450,u_009889,ss_00032458,clk_0000017826,2026-07-25,p_03773,Electronics,7163,222,0,bank_card,0,,750.68
ord_000001451,u_009893,ss_00032475,clk_0000017834,2026-07-27,p_03012,FMCG,680,120,316,bank_card,0,,69.9
ord_000001452,u_009895,ss_00032477,clk_0000017836,2026-07-17,p_02598,Books,484,0,157,installment,0,,61.9
ord_000001453,u_009902,ss_00032505,clk_0000017847,2026-07-02,p_02187,FMCG,176,9,225,bank_card,0,,11.6
ord_000001454,u_009903,ss_00032506,clk_0000017848,2026-07-15,p_03908,Home,3552,110,0,bank_card,0,,1149.07
ord_000001455,u_009907,ss_00032515,clk_0000017853,2026-07-01,p_04132,FMCG,462,0,297,bank_card,0,,72.03
ord_000001456,u_009917,ss_00032562,clk_0000017890,2026-07-03,p_03332,Beauty,2169,0,0,bank_card,0,,543.12
ord_000001457,u_009919,ss_00032566,clk_0000017894,2026-07-22,p_01867,Pet,535,60,0,bank_card,0,,114.81
ord_000001458,u_009926,ss_00032590,clk_0000017911,2026-07-24,p_01356,Beauty,1447,30,230,bank_card,0,,432.22
ord_000001459,u_009961,ss_00032717,clk_0000017974,2026-07-23,p_02381,Auto,5242,162,0,cash_on_delivery,0,,844.49
ord_000001460,u_009975,ss_00032773,clk_0000018006,2026-07-24,p_02853,Electronics,2329,0,229,ozon_card,0,,292.52
ord_000001461,u_009983,ss_00032795,clk_0000018017,2026-07-15,p_02700,Sports,675,0,222,installment,0,,140.4
ord_000001462,u_010002,ss_00032865,clk_0000018051,2026-07-02,p_03399,Beauty,530,93,281,installment,0,,151.53
ord_000001463,u_010007,ss_00032873,clk_0000018059,2026-07-10,p_00233,Fashion,1605,84,289,cash_on_delivery,1,2026-08-01,-48.15
ord_000001464,u_010033,ss_00032956,clk_0000018106,2026-07-25,p_03208,Kids,1105,123,248,bank_card,0,,203.87
ord_000001465,u_010055,ss_00033022,clk_0000018140,2026-07-22,p_00878,Beauty,227,31,320,bank_card,0,,70.64
ord_000001466,u_010061,ss_00033043,clk_0000018149,2026-07-17,p_01895,Fashion,367,50,171,sberpay,0,,105.73
ord_000001467,u_010063,ss_00033051,clk_0000018155,2026-07-18,p_00180,Pet,697,22,308,installment,0,,101.83
ord_000001468,u_010067,ss_00033061,clk_0000018157,2026-07-12,p_02990,Auto,4203,0,0,sberpay,0,,564.46
ord_000001469,u_010069,ss_00033067,clk_0000018162,2026-07-08,p_01461,Books,88,16,0,ozon_card,0,,12.62
ord_000001470,u_010071,ss_00033074,clk_0000018170,2026-07-05,p_01912,FMCG,475,15,284,ozon_card,0,,78.28
ord_000001471,u_010085,ss_00033112,clk_0000018190,2026-07-20,p_01292,Fashion,1537,116,,bank_card,0,,325.08
ord_000001472,u_010088,ss_00033122,clk_0000018195,2026-07-10,p_03582,Electronics,1605,0,220,bank_card,0,,156.33
ord_000001473,u_010091,ss_00033133,clk_0000018201,2026-07-27,p_01812,Auto,2313,257,157,sberpay,0,,324.05
ord_000001474,u_010104,ss_00033172,clk_0000018222,2026-07-21,p_01385,Electronics,15775,830,0,bank_card,0,,1429.21
ord_000001475,u_010111,ss_00033197,clk_0000018230,2026-07-06,p_01130,Sports,923,0,286,installment,0,,201.77
ord_000001476,u_010116,ss_00033214,clk_0000018238,2026-07-03,p_01616,Kids,1985,220,18,ozon_card,0,,476.4
ord_000001477,u_010129,ss_00033257,clk_0000018254,2026-07-30,p_00512,Kids,1373,153,77,installment,0,,308.38
ord_000001478,u_010142,ss_00033305,clk_0000018282,2026-07-07,p_00934,FMCG,590,31,0,bank_card,0,,80.54
ord_000001479,u_010148,ss_00033322,clk_0000018292,2026-07-16,p_00010,Auto,1499,46,268,cash_on_delivery,1,2026-08-01,-44.97
ord_000001480,u_010155,ss_00033348,clk_0000018308,2026-07-21,p_01777,Home,2958,0,0,cash_on_delivery,0,,411.46
ord_000001481,u_010158,ss_00033359,clk_0000018313,2026-07-19,p_00459,Home,3014,335,0,installment,0,,448.18
ord_000001482,u_010160,ss_00033371,clk_0000018319,2026-07-07,p_03771,Electronics,8806,0,281,bank_card,0,,787.26
ord_000001483,u_010166,ss_00033397,clk_0000018337,2026-07-04,p_03308,FMCG,633,0,0,sberpay,0,,85.64
ord_000001484,u_010171,ss_00033420,clk_0000018350,2026-07-28,p_03510,Electronics,1400,156,245,bank_card,0,,217.56
ord_000001485,u_010184,ss_00033464,clk_0000018377,2026-07-17,p_02633,Kids,918,0,0,ozon_card,0,,156.15
ord_000001486,u_010215,ss_00033567,clk_0000018428,2026-07-23,p_00857,FMCG,296,9,270,bank_card,0,,44.4
ord_000001487,u_010216,ss_00033570,clk_0000018429,2026-07-19,p_03137,Auto,2215,0,199,bank_card,0,,374.34
ord_000001488,u_010226,ss_00033602,clk_0000018442,2026-07-01,p_01158,Beauty,963,20,182,ozon_card,0,,251.15
ord_000001489,u_010229,ss_00033612,clk_0000018444,2026-07-18,p_01129,FMCG,155,17,269,ozon_card,0,,31.68
ord_000001490,u_010264,ss_00033728,clk_0000018495,2026-07-13,p_01582,FMCG,239,0,116,cash_on_delivery,0,,38.79
ord_000001491,u_010271,ss_00033756,clk_0000018509,2026-07-12,p_01936,Electronics,6575,346,0,bank_card,0,,1168.38
ord_000001492,u_010274,ss_00033767,clk_0000018518,2026-07-02,p_01573,Sports,2599,459,232,cash_on_delivery,0,,465.22
ord_000001493,u_010287,ss_00033803,clk_0000018541,2026-07-08,p_01565,Fashion,1074,22,129,sberpay,0,,225.97
ord_000001494,u_010298,ss_00033834,clk_0000018554,2026-07-23,p_03848,Fashion,1019,113,187,bank_card,1,2026-07-27,-30.57
ord_000001495,u_010301,ss_00033846,clk_0000018563,2026-07-29,p_01541,Kids,1443,0,180,cash_on_delivery,0,,283.98
ord_000001496,u_010303,ss_00033849,clk_0000018566,2026-07-30,p_04035,Fashion,1012,76,,bank_card,1,2026-08-14,-30.36
ord_000001497,u_010304,ss_00033854,clk_0000018567,2026-07-19,p_00255,FMCG,223,0,53,bank_card,0,,36.71
ord_000001498,u_010307,ss_00033863,clk_0000018574,2026-07-05,p_00334,Beauty,531,0,0,sberpay,0,,134.66
ord_000001499,u_010309,ss_00033872,clk_0000018578,2026-07-08,p_03308,FMCG,633,0,146,sberpay,0,,85.64
ord_000001500,u_010315,ss_00033899,clk_0000018592,2026-07-01,p_03743,Beauty,824,26,156,ozon_card,0,,232.86
ord_000001501,u_010323,ss_00033929,clk_0000018615,2026-07-13,p_02949,Books,283,0,243,bank_card,0,,20.46
ord_000001502,u_010332,ss_00033957,clk_0000018623,2026-07-27,p_01532,Electronics,5285,0,134,ozon_card,0,,952.89
ord_000001503,u_010337,ss_00033976,clk_0000018638,2026-07-13,p_00419,Fashion,4481,611,0,bank_card,0,,1102.77
ord_000001504,u_010338,ss_00033984,clk_0000018639,2026-07-21,p_04296,Electronics,2610,0,0,bank_card,0,,326.77
ord_000001505,u_010342,ss_00033995,clk_0000018646,2026-07-05,p_03050,Home,1507,79,173,cash_on_delivery,0,,319.48
ord_000001506,u_010344,ss_00034001,clk_0000018648,2026-07-11,p_02164,FMCG,1428,0,0,bank_card,0,,203.63
ord_000001507,u_010352,ss_00034033,clk_0000018667,2026-07-26,p_04405,Books,320,17,0,bank_card,0,,59.14
ord_000001508,u_010360,ss_00034064,clk_0000018687,2026-07-17,p_02452,Sports,1000,0,231,bank_card,0,,151.3
ord_000001509,u_010360,ss_00034066,clk_0000018689,2026-07-20,p_02123,Electronics,10862,0,34,ozon_card,0,,1284.97
ord_000001510,u_010364,ss_00034078,clk_0000018697,2026-07-08,p_02680,Fashion,1009,76,,ozon_card,1,2026-07-24,-30.27
ord_000001511,u_010365,ss_00034081,clk_0000018699,2026-07-11,p_03752,Electronics,2388,265,280,bank_card,0,,404.29
ord_000001512,u_010369,ss_00034089,clk_0000018703,2026-07-30,p_04152,Electronics,4851,150,0,sberpay,0,,589.4
ord_000001513,u_010385,ss_00034136,clk_0000018724,2026-07-15,p_01488,Fashion,1055,33,42,ozon_card,0,,283.58
ord_000001514,u_010394,ss_00034175,clk_0000018741,2026-07-19,p_02312,Fashion,556,11,230,bank_card,0,,128.66
ord_000001515,u_010400,ss_00034196,clk_0000018750,2026-07-30,p_01743,Electronics,3415,379,0,bank_card,0,,354.48
ord_000001516,u_010401,ss_00034203,clk_0000018755,2026-07-05,p_02724,Fashion,3339,0,0,bank_card,0,,854.12
ord_000001517,u_010407,ss_00034229,clk_0000018764,2026-07-25,p_03698,Kids,1148,35,310,bank_card,0,,160.03
ord_000001518,u_010426,ss_00034285,clk_0000018799,2026-07-08,p_00004,Home,4109,456,273,cash_on_delivery,0,,953.29
ord_000001519,u_010436,ss_00034318,clk_0000018812,2026-07-29,p_01954,Beauty,519,58,154,ozon_card,0,,130.94
ord_000001520,u_010446,ss_00034344,clk_0000018823,2026-07-06,p_03548,Sports,2399,0,160,bank_card,0,,406.39
ord_000001521,u_010477,ss_00034449,clk_0000018883,2026-07-30,p_04485,Home,543,29,193,bank_card,0,,94.21
ord_000001522,u_010507,ss_00034533,clk_0000018929,2026-07-02,p_01860,FMCG,376,12,,bank_card,0,,34.1
ord_000001523,u_010508,ss_00034538,clk_0000018933,2026-07-29,p_02719,Pet,391,21,153,bank_card,0,,64.98
ord_000001524,u_010509,ss_00034544,clk_0000018936,2026-07-14,p_01325,Fashion,2162,44,122,bank_card,0,,430.89
ord_000001525,u_010516,ss_00034565,clk_0000018946,2026-07-21,p_00566,Home,2375,0,189,cash_on_delivery,0,,308.04
ord_000001526,u_010519,ss_00034580,clk_0000018954,2026-07-15,p_03300,Beauty,574,43,0,bank_card,0,,158.54
ord_000001527,u_010535,ss_00034621,clk_0000018976,2026-07-08,p_02360,Electronics,2189,0,166,cash_on_delivery,0,,392.05
ord_000001528,u_010536,ss_00034623,clk_0000018979,2026-07-20,p_00351,Books,415,73,0,bank_card,0,,65.53
ord_000001529,u_010536,ss_00034624,clk_0000018980,2026-07-21,p_03122,Fashion,960,51,156,ozon_card,0,,183.84
ord_000001530,u_010543,ss_00034652,clk_0000018997,2026-07-13,p_01409,Home,1260,39,236,bank_card,0,,303.28
ord_000001531,u_010544,ss_00034657,clk_0000019002,2026-07-28,p_02475,Electronics,3092,0,0,sberpay,0,,392.99
ord_000001532,u_010551,ss_00034683,clk_0000019015,2026-07-25,p_04194,Electronics,4293,0,0,ozon_card,1,2026-08-31,-128.79
ord_000001533,u_010551,ss_00034684,clk_0000019016,2026-07-12,p_04390,Sports,1854,0,0,bank_card,0,,442.92
ord_000001534,u_010575,ss_00034785,clk_0000019065,2026-07-16,p_00782,Sports,1454,45,255,cash_on_delivery,0,,381.97
ord_000001535,u_010576,ss_00034791,clk_0000019069,2026-07-02,p_03949,Sports,1520,80,0,cash_on_delivery,1,2026-08-05,-45.6
ord_000001536,u_010582,ss_00034818,clk_0000019079,2026-07-07,p_01879,Kids,546,61,233,sberpay,0,,112.09
ord_000001537,u_010587,ss_00034834,clk_0000019089,2026-07-02,p_02680,Fashion,1063,22,199,bank_card,0,,262.56
ord_000001538,u_010591,ss_00034862,clk_0000019106,2026-07-13,p_00054,Fashion,480,65,125,sberpay,0,,119.52
ord_000001539,u_010597,ss_00034878,clk_0000019114,2026-07-27,p_02410,Electronics,1433,75,260,cash_on_delivery,0,,117.65
ord_000001540,u_010603,ss_00034887,clk_0000019122,2026-07-09,p_03207,Sports,2028,0,0,ozon_card,1,2026-07-15,-60.84
ord_000001541,u_010603,ss_00034887,clk_0000019123,2026-07-09,p_03629,Home,1770,0,108,bank_card,0,,266.56
ord_000001542,u_010611,ss_00034911,clk_0000019135,2026-07-21,p_00898,Electronics,3855,428,0,cash_on_delivery,0,,241.32
ord_000001543,u_010626,ss_00034965,clk_0000019153,2026-07-24,p_01936,Electronics,6921,0,0,ozon_card,0,,1229.86
ord_000001544,u_010635,ss_00035005,clk_0000019172,2026-07-25,p_04426,Home,691,122,226,bank_card,0,,107.66
ord_000001545,u_010636,ss_00035007,clk_0000019174,2026-07-02,p_03061,Fashion,1949,40,198,bank_card,0,,546.89
ord_000001546,u_010637,ss_00035010,clk_0000019176,2026-07-30,p_02680,Fashion,1031,54,199,ozon_card,0,,254.66
ord_000001547,u_010642,ss_00035017,clk_0000019179,2026-07-24,p_00217,FMCG,385,0,232,bank_card,0,,63.72
ord_000001548,u_010642,ss_00035019,clk_0000019181,2026-07-30,p_00923,Electronics,2750,0,27,installment,0,,596.48
ord_000001549,u_010643,ss_00035023,clk_0000019184,2026-07-13,p_02390,Pet,1661,87,196,sberpay,0,,247.99
ord_000001550,u_010646,ss_00035032,clk_0000019188,2026-07-24,p_02891,Sports,1093,58,158,ozon_card,0,,183.41
ord_000001551,u_010649,ss_00035046,clk_0000019193,2026-07-09,p_00220,Books,411,46,81,bank_card,0,,85.73
ord_000001552,u_010651,ss_00035051,clk_0000019195,2026-07-24,p_01367,Sports,1679,0,194,bank_card,1,2026-08-29,-50.37
ord_000001553,u_010656,ss_00035066,clk_0000019203,2026-07-22,p_02440,Beauty,863,18,204,bank_card,0,,234.82
ord_000001554,u_010658,ss_00035073,clk_0000019210,2026-07-16,p_03729,Home,540,60,112,ozon_card,0,,153.58
ord_000001555,u_010663,ss_00035101,clk_0000019228,2026-07-14,p_00665,Fashion,1566,213,294,bank_card,0,,285.8
ord_000001556,u_010666,ss_00035109,clk_0000019235,2026-07-21,p_02708,FMCG,445,49,0,sberpay,0,,108.58
ord_000001557,u_010675,ss_00035137,clk_0000019257,2026-07-11,p_00986,Kids,1035,115,83,ozon_card,0,,270.13
ord_000001558,u_010675,ss_00035137,clk_0000019258,2026-07-11,p_00109,Electronics,1188,37,,bank_card,0,,47.52
ord_000001559,u_010677,ss_00035146,clk_0000019263,2026-07-05,p_04176,Fashion,1284,97,285,cash_on_delivery,0,,299.69
ord_000001560,u_010693,ss_00035188,clk_0000019292,2026-07-26,p_00984,Fashion,1677,88,182,bank_card,0,,283.58
ord_000001561,u_010694,ss_00035190,clk_0000019294,2026-07-12,p_02820,Auto,5760,0,295,ozon_card,0,,1130.69
ord_000001562,u_010695,ss_00035191,clk_0000019296,2026-07-24,p_03495,Electronics,4145,0,0,bank_card,0,,369.73
ord_000001563,u_010695,ss_00035197,clk_0000019300,2026-07-04,p_00831,Home,1194,133,367,bank_card,0,,235.22
ord_000001564,u_010700,ss_00035209,clk_0000019305,2026-07-15,p_01992,Books,150,5,203,ozon_card,0,,15.79
ord_000001565,u_010705,ss_00035227,clk_0000019312,2026-07-07,p_00591,Home,1561,173,77,bank_card,0,,337.02
ord_000001566,u_010712,ss_00035249,clk_0000019324,2026-07-05,p_00923,Electronics,2750,0,0,bank_card,1,2026-07-19,-82.5
ord_000001567,u_010713,ss_00035251,clk_0000019327,2026-07-20,p_03101,Home,3927,121,0,bank_card,0,,498.34
ord_000001568,u_010713,ss_00035253,clk_0000019328,2026-07-30,p_03256,Auto,4783,0,227,bank_card,0,,603.14
ord_000001569,u_010730,ss_00035301,clk_0000019352,2026-07-18,p_04151,Books,277,0,197,bank_card,0,,53.71
ord_000001570,u_010741,ss_00035332,clk_0000019364,2026-07-15,p_03467,Fashion,1087,0,22,bank_card,0,,220.12
ord_000001571,u_010743,ss_00035338,clk_0000019367,2026-07-23,p_04027,Home,1930,60,154,bank_card,0,,434.44
ord_000001572,u_010749,ss_00035351,clk_0000019381,2026-07-10,p_00077,Kids,2059,64,128,bank_card,0,,371.24
ord_000001573,u_010763,ss_00035394,clk_0000019400,2026-07-30,p_03419,Kids,1108,0,263,ozon_card,0,,298.05
ord_000001574,u_010793,ss_00035491,clk_0000019446,2026-07-05,p_04146,Electronics,3813,0,0,ozon_card,0,,152.52
ord_000001575,u_010817,ss_00035562,clk_0000019478,2026-07-27,p_01276,Kids,590,31,226,ozon_card,0,,148.15
ord_000001576,u_010832,ss_00035608,clk_0000019497,2026-07-16,p_02146,Home,921,48,270,bank_card,0,,188.44
ord_000001577,u_010841,ss_00035639,clk_0000019511,2026-07-14,p_00481,Home,3575,0,0,ozon_card,0,,530.53
ord_000001578,u_010843,ss_00035646,clk_0000019516,2026-07-01,p_02215,Sports,691,36,125,bank_card,0,,127.77
ord_000001579,u_010847,ss_00035666,clk_0000019526,2026-07-29,p_02784,Electronics,700,78,184,bank_card,0,,56.07
ord_000001580,u_010849,ss_00035676,clk_0000019533,2026-07-29,p_00848,Auto,381,42,277,cash_on_delivery,0,,68.08
ord_000001581,u_010850,ss_00035677,clk_0000019534,2026-07-27,p_02592,Beauty,1476,201,186,bank_card,0,,408.41
ord_000001582,u_010860,ss_00035707,clk_0000019550,2026-07-30,p_00963,Fashion,3545,187,232,bank_card,1,2026-08-16,-106.35
ord_000001583,u_010862,ss_00035713,clk_0000019555,2026-07-13,p_01061,Auto,2097,0,0,sberpay,0,,205.3
ord_000001584,u_010862,ss_00035714,clk_0000019556,2026-07-21,p_01619,Kids,671,0,0,ozon_card,0,,114.74
ord_000001585,u_010862,ss_00035716,clk_0000019557,2026-07-15,p_03086,Home,1443,0,0,ozon_card,0,,204.04
ord_000001586,u_010868,ss_00035731,clk_0000019571,2026-07-01,p_00918,Electronics,5485,289,0,bank_card,0,,448.67
ord_000001587,u_010869,ss_00035734,clk_0000019573,2026-07-13,p_03401,Fashion,1623,122,0,cash_on_delivery,0,,239.39
ord_000001588,u_010878,ss_00035766,clk_0000019592,2026-07-10,p_03783,Sports,1229,38,178,ozon_card,1,2026-08-11,-36.87
ord_000001589,u_010878,ss_00035767,clk_0000019593,2026-07-12,p_03276,Kids,1015,113,90,ozon_card,0,,177.12
ord_000001590,u_010893,ss_00035816,clk_0000019605,2026-07-14,p_03181,Home,1594,177,223,bank_card,0,,375.87
ord_000001591,u_010895,ss_00035823,clk_0000019612,2026-07-29,p_00160,Pet,1257,39,188,bank_card,0,,187.17
ord_000001592,u_010897,ss_00035827,clk_0000019614,2026-07-05,p_01593,Fashion,1330,0,0,ozon_card,0,,336.36
ord_000001593,u_010897,ss_00035832,clk_0000019617,2026-07-06,p_00353,Auto,2714,84,0,cash_on_delivery,0,,562.61
ord_000001594,u_010917,ss_00035896,clk_0000019645,2026-07-01,p_00333,Electronics,3772,0,0,bank_card,0,,406.62
ord_000001595,u_010918,ss_00035903,clk_0000019650,2026-07-28,p_01313,Fashion,2573,52,189,bank_card,0,,266.05
ord_000001596,u_010928,ss_00035940,clk_0000019683,2026-07-25,p_03442,Fashion,1559,275,216,ozon_card,0,,217.79
ord_000001597,u_010936,ss_00035970,clk_0000019696,2026-07-27,p_00126,Electronics,4549,141,204,bank_card,0,,294.32
ord_000001598,u_010946,ss_00036010,clk_0000019712,2026-07-21,p_01966,Electronics,4474,0,0,ozon_card,0,,325.26
ord_000001599,u_010948,ss_00036018,clk_0000019714,2026-07-01,p_00887,Fashion,2360,0,313,bank_card,0,,469.88
ord_000001600,u_010960,ss_00036053,clk_0000019728,2026-07-23,p_00534,Sports,806,25,219,ozon_card,0,,190.46
ord_000001601,u_010984,ss_00036140,clk_0000019761,2026-07-02,p_01853,Auto,4743,0,0,installment,0,,707.18
ord_000001602,u_010989,ss_00036159,clk_0000019773,2026-07-14,p_03461,Beauty,777,41,261,cash_on_delivery,0,,260.06
ord_000001603,u_010993,ss_00036167,clk_0000019775,2026-07-15,p_02977,Fashion,568,12,180,bank_card,0,,111.21
ord_000001604,u_010995,ss_00036171,clk_0000019776,2026-07-04,p_01295,Fashion,2393,49,,bank_card,0,,521.67
ord_000001605,u_011003,ss_00036192,clk_0000019793,2026-07-26,p_03210,Electronics,2587,136,197,sberpay,0,,151.08
ord_000001606,u_011008,ss_00036207,clk_0000019799,2026-07-11,p_02178,FMCG,314,16,226,sberpay,0,,49.39
ord_000001607,u_011008,ss_00036208,clk_0000019801,2026-07-16,p_03945,Sports,838,0,174,ozon_card,0,,167.6
ord_000001608,u_011029,ss_00036285,clk_0000019839,2026-07-11,p_01925,Sports,1411,44,211,ozon_card,0,,433.6
ord_000001609,u_011042,ss_00036331,clk_0000019862,2026-07-12,p_00674,Fashion,1458,110,147,bank_card,0,,296.99
ord_000001610,u_011052,ss_00036367,clk_0000019879,2026-07-21,p_01842,Beauty,691,77,0,ozon_card,0,,211.52
ord_000001611,u_011054,ss_00036372,clk_0000019883,2026-07-30,p_03994,Fashion,1375,28,179,cash_on_delivery,0,,297.0
ord_000001612,u_011060,ss_00036398,clk_0000019903,2026-07-16,p_03559,Fashion,1184,89,368,bank_card,0,,210.28
ord_000001613,u_011072,ss_00036430,clk_0000019922,2026-07-29,p_04416,Fashion,1043,116,86,bank_card,0,,365.68
ord_000001614,u_011076,ss_00036435,clk_0000019925,2026-07-25,p_01667,Electronics,4565,0,143,ozon_card,0,,694.79
ord_000001615,u_011097,ss_00036506,clk_0000019955,2026-07-04,p_03317,Home,2751,0,0,ozon_card,0,,554.6
ord_000001616,u_011097,ss_00036506,clk_0000019956,2026-07-04,p_01792,Electronics,1508,266,364,bank_card,0,,90.18
ord_000001617,u_011108,ss_00036541,clk_0000019969,2026-07-06,p_02240,Beauty,2302,0,218,installment,0,,602.2
ord_000001618,u_011121,ss_00036579,clk_0000019991,2026-07-19,p_02935,Kids,1763,0,121,bank_card,0,,446.22
ord_000001619,u_011127,ss_00036600,clk_0000020006,2026-07-15,p_02513,Auto,2049,63,192,ozon_card,0,,451.8
ord_000001620,u_011131,ss_00036614,clk_0000020016,2026-07-01,p_03476,Kids,597,18,267,ozon_card,0,,144.83
ord_000001621,u_011141,ss_00036642,clk_0000020029,2026-07-18,p_00119,Fashion,1099,150,259,bank_card,1,2026-08-11,-32.97
ord_000001622,u_011150,ss_00036675,clk_0000020044,2026-07-08,p_02502,Home,2894,0,256,bank_card,0,,545.81
ord_000001623,u_011151,ss_00036677,clk_0000020046,2026-07-13,p_01791,Kids,1381,0,58,sberpay,0,,322.05
ord_000001624,u_011153,ss_00036698,clk_0000020082,2026-07-25,p_01755,Sports,831,0,,bank_card,0,,171.93
ord_000001625,u_011155,ss_00036704,clk_0000020085,2026-07-28,p_02230,FMCG,1783,198,216,ozon_card,0,,271.55
ord_000001626,u_011155,ss_00036705,clk_0000020087,2026-07-13,p_04425,Fashion,1282,26,250,sberpay,0,,319.99
ord_000001627,u_011183,ss_00036783,clk_0000020129,2026-07-07,p_00188,Sports,1673,295,324,bank_card,0,,379.77
ord_000001628,u_011184,ss_00036789,clk_0000020132,2026-07-18,p_00015,Fashion,1093,34,57,sberpay,0,,283.63
ord_000001629,u_011189,ss_00036806,clk_0000020142,2026-07-14,p_00969,Beauty,497,37,0,ozon_card,0,,144.88
ord_000001630,u_011192,ss_00036823,clk_0000020151,2026-07-02,p_04194,Electronics,3864,429,225,bank_card,0,,391.42
ord_000001631,u_011196,ss_00036860,clk_0000020180,2026-07-27,p_00716,Sports,3020,0,0,ozon_card,0,,442.13
ord_000001632,u_011203,ss_00036882,clk_0000020189,2026-07-06,p_03466,FMCG,376,66,209,bank_card,0,,71.21
ord_000001633,u_011207,ss_00036896,clk_0000020196,2026-07-12,p_03924,FMCG,378,0,0,ozon_card,0,,27.86
ord_000001634,u_011209,ss_00036903,clk_0000020201,2026-07-12,p_00227,Pet,518,0,250,installment,0,,73.76
ord_000001635,u_011211,ss_00036907,clk_0000020203,2026-07-23,p_01268,Books,435,23,369,sberpay,0,,89.52
ord_000001636,u_011221,ss_00036943,clk_0000020219,2026-07-06,p_02307,Auto,2526,446,263,bank_card,0,,347.58
ord_000001637,u_011222,ss_00036946,clk_0000020221,2026-07-05,p_00207,Beauty,193,14,0,sberpay,0,,59.62
ord_000001638,u_011222,ss_00036948,clk_0000020222,2026-07-19,p_02607,Beauty,634,48,313,ozon_card,1,2026-08-12,-19.02
ord_000001639,u_011226,ss_00036961,clk_0000020228,2026-07-20,p_02492,FMCG,433,0,185,bank_card,0,,53.39
ord_000001640,u_011229,ss_00036969,clk_0000020234,2026-07-02,p_02231,Home,1229,217,0,bank_card,1,2026-07-17,-36.87
ord_000001641,u_011235,ss_00036998,clk_0000020244,2026-07-28,p_03663,Pet,2840,150,0,ozon_card,0,,447.58
ord_000001642,u_011236,ss_00037000,clk_0000020245,2026-07-16,p_02850,Electronics,6651,0,133,ozon_card,0,,266.04
ord_000001643,u_011247,ss_00037035,clk_0000020263,2026-07-06,p_04072,Pet,905,28,171,bank_card,0,,164.53
ord_000001644,u_011252,ss_00037051,clk_0000020270,2026-07-18,p_03217,Fashion,2142,0,209,ozon_card,0,,539.36
ord_000001645,u_011254,ss_00037057,clk_0000020274,2026-07-04,p_02114,Fashion,928,127,134,ozon_card,1,2026-07-28,-27.84
ord_000001646,u_011255,ss_00037063,clk_0000020277,2026-07-20,p_03063,Electronics,5943,184,0,ozon_card,0,,678.1
ord_000001647,u_011255,ss_00037063,clk_0000020278,2026-07-20,p_02840,Sports,1561,48,166,ozon_card,0,,346.54
ord_000001648,u_011258,ss_00037071,clk_0000020282,2026-07-30,p_02633,Kids,890,28,218,installment,0,,151.39
ord_000001649,u_011263,ss_00037080,clk_0000020293,2026-07-11,p_02299,Home,2921,90,290,sberpay,0,,729.37
ord_000001650,u_011267,ss_00037093,clk_0000020301,2026-07-29,p_03812,Kids,2348,261,185,ozon_card,0,,417.24
ord_000001651,u_011270,ss_00037102,clk_0000020307,2026-07-30,p_03864,Sports,1089,192,88,bank_card,0,,239.36
ord_000001652,u_011275,ss_00037115,clk_0000020316,2026-07-22,p_03809,Electronics,2753,85,226,bank_card,0,,204.82
ord_000001653,u_011303,ss_00037202,clk_0000020359,2026-07-21,p_00538,Beauty,1105,34,113,installment,0,,238.68
ord_000001654,u_011303,ss_00037205,clk_0000020361,2026-07-03,p_03768,Pet,1370,72,,sberpay,0,,217.15
ord_000001655,u_011308,ss_00037221,clk_0000020372,2026-07-23,p_03644,Pet,579,0,166,bank_card,0,,71.27
ord_000001656,u_011315,ss_00037236,clk_0000020383,2026-07-09,p_01739,Beauty,596,31,252,sberpay,0,,157.76
ord_000001657,u_011320,ss_00037256,clk_0000020396,2026-07-10,p_01017,Pet,641,0,276,bank_card,0,,123.97
ord_000001658,u_011328,ss_00037290,clk_0000020415,2026-07-30,p_04181,Electronics,4699,0,108,ozon_card,0,,814.34
ord_000001659,u_011345,ss_00037330,clk_0000020440,2026-07-25,p_03246,Electronics,8714,269,192,bank_card,0,,1785.5
ord_000001660,u_011355,ss_00037356,clk_0000020452,2026-07-22,p_00528,Beauty,357,19,0,ozon_card,0,,83.79
ord_000001661,u_011363,ss_00037383,clk_0000020464,2026-07-20,p_00719,Fashion,1013,21,0,installment,0,,287.79
ord_000001662,u_011372,ss_00037401,clk_0000020471,2026-07-24,p_01277,Beauty,652,134,119,cash_on_delivery,0,,213.01
ord_000001663,u_011372,ss_00037402,clk_0000020473,2026-07-10,p_00989,Beauty,498,37,244,bank_card,0,,126.54
ord_000001664,u_011388,ss_00037456,clk_0000020493,2026-07-02,p_03528,FMCG,271,8,0,ozon_card,0,,37.56
ord_000001665,u_011389,ss_00037460,clk_0000020495,2026-07-08,p_00349,Electronics,1047,116,179,sberpay,0,,85.44
ord_000001666,u_011392,ss_00037468,clk_0000020501,2026-07-18,p_00564,Electronics,3028,0,0,bank_card,0,,293.41
ord_000001667,u_011393,ss_00037469,clk_0000020502,2026-07-07,p_00827,Electronics,7294,0,201,ozon_card,0,,696.58
ord_000001668,u_011396,ss_00037474,clk_0000020508,2026-07-02,p_00831,Home,1287,40,314,bank_card,0,,253.54
ord_000001669,u_011397,ss_00037477,clk_0000020510,2026-07-07,p_00398,FMCG,230,26,246,bank_card,0,,22.77
ord_000001670,u_011407,ss_00037507,clk_0000020524,2026-07-22,p_04074,Fashion,3880,204,0,ozon_card,0,,930.81
ord_000001671,u_011410,ss_00037520,clk_0000020534,2026-07-19,p_01401,Fashion,1796,0,181,ozon_card,0,,511.14
ord_000001672,u_011411,ss_00037542,clk_0000020565,2026-07-07,p_03191,Beauty,1352,71,215,bank_card,0,,467.93
ord_000001673,u_011413,ss_00037553,clk_0000020572,2026-07-19,p_04019,Beauty,488,10,0,ozon_card,0,,143.81
ord_000001674,u_011435,ss_00037627,clk_0000020595,2026-07-07,p_00338,Sports,1297,0,75,bank_card,0,,266.92
ord_000001675,u_011440,ss_00037643,clk_0000020597,2026-07-13,p_01874,Books,221,0,0,bank_card,0,,29.11
ord_000001676,u_011444,ss_00037653,clk_0000020601,2026-07-03,p_01423,Pet,880,46,0,bank_card,0,,117.22
ord_000001677,u_011446,ss_00037661,clk_0000020608,2026-07-11,p_04362,Fashion,706,96,0,bank_card,0,,183.42
ord_000001678,u_011453,ss_00037694,clk_0000020625,2026-07-16,p_02845,FMCG,599,0,286,sberpay,0,,78.89
ord_000001679,u_011459,ss_00037712,clk_0000020633,2026-07-26,p_03389,Home,1325,234,169,bank_card,0,,315.22
ord_000001680,u_011461,ss_00037723,clk_0000020638,2026-07-06,p_04093,Home,1669,88,0,cash_on_delivery,0,,282.73
ord_000001681,u_011476,ss_00037784,clk_0000020666,2026-07-04,p_00551,FMCG,201,11,238,cash_on_delivery,0,,36.7
ord_000001682,u_011484,ss_00037811,clk_0000020675,2026-07-07,p_04224,Home,1296,68,0,ozon_card,0,,277.73
ord_000001683,u_011486,ss_00037816,clk_0000020678,2026-07-25,p_01703,FMCG,467,14,0,ozon_card,0,,55.01
ord_000001684,u_011498,ss_00037851,clk_0000020710,2026-07-13,p_00735,Fashion,1426,195,143,bank_card,0,,245.56
ord_000001685,u_011502,ss_00037866,clk_0000020720,2026-07-14,p_02290,Electronics,2651,82,136,ozon_card,0,,215.0
ord_000001686,u_011505,ss_00037883,clk_0000020747,2026-07-15,p_00619,Fashion,1735,35,144,installment,0,,490.66
ord_000001687,u_011509,ss_00037890,clk_0000020756,2026-07-28,p_04128,Home,1262,0,325,bank_card,0,,220.47
ord_000001688,u_011514,ss_00037908,clk_0000020771,2026-07-07,p_00392,Electronics,7177,0,0,bank_card,0,,475.12
ord_000001689,u_011532,ss_00037970,clk_0000020805,2026-07-13,p_02031,Electronics,7079,787,0,sberpay,0,,412.0
ord_000001690,u_011536,ss_00037984,clk_0000020811,2026-07-07,p_02800,Beauty,609,12,371,ozon_card,0,,197.19
ord_000001691,u_011547,ss_00038032,clk_0000020839,2026-07-01,p_00060,FMCG,170,0,393,ozon_card,0,,27.23
ord_000001692,u_011551,ss_00038043,clk_0000020844,2026-07-18,p_00101,Beauty,883,181,230,bank_card,0,,363.97
ord_000001693,u_011552,ss_00038044,clk_0000020847,2026-07-25,p_03100,Beauty,513,57,406,bank_card,0,,172.88
ord_000001694,u_011552,ss_00038046,clk_0000020848,2026-07-12,p_00777,Electronics,1758,195,262,bank_card,0,,316.62
ord_000001695,u_011555,ss_00038057,clk_0000020854,2026-07-17,p_01348,Beauty,1179,24,137,ozon_card,0,,418.78
ord_000001696,u_011556,ss_00038067,clk_0000020860,2026-07-14,p_02143,Pet,363,19,215,installment,0,,69.44
ord_000001697,u_011566,ss_00038094,clk_0000020877,2026-07-21,p_00183,Sports,988,0,145,bank_card,0,,162.03
ord_000001698,u_011573,ss_00038112,clk_0000020886,2026-07-28,p_01539,Beauty,2039,42,384,bank_card,0,,485.89
ord_000001699,u_011575,ss_00038123,clk_0000020892,2026-07-06,p_04316,Electronics,1639,0,0,ozon_card,0,,241.42
ord_000001700,u_011579,ss_00038134,clk_0000020898,2026-07-22,p_00393,Fashion,1630,222,0,bank_card,0,,323.23
ord_000001701,u_011606,ss_00038209,clk_0000020942,2026-07-01,p_00762,Beauty,675,0,103,bank_card,0,,156.26
ord_000001702,u_011610,ss_00038215,clk_0000020945,2026-07-06,p_02415,Fashion,470,10,0,ozon_card,1,2026-08-06,-14.1
ord_000001703,u_011621,ss_00038251,clk_0000020962,2026-07-07,p_01688,Electronics,2483,0,85,ozon_card,0,,239.11
ord_000001704,u_011622,ss_00038253,clk_0000020963,2026-07-22,p_03092,Kids,581,0,202,bank_card,0,,118.12
ord_000001705,u_011625,ss_00038264,clk_0000020975,2026-07-29,p_02457,Electronics,1073,0,132,bank_card,0,,199.26
ord_000001706,u_011627,ss_00038281,clk_0000020991,2026-07-21,p_03351,Auto,913,161,105,bank_card,0,,115.95
ord_000001707,u_011627,ss_00038282,clk_0000020992,2026-07-02,p_02167,Fashion,706,37,279,bank_card,0,,93.62
ord_000001708,u_011630,ss_00038293,clk_0000020999,2026-07-23,p_00545,Fashion,843,26,46,bank_card,0,,229.72
ord_000001709,u_011631,ss_00038294,clk_0000021000,2026-07-22,p_01723,Beauty,897,0,172,installment,0,,271.79
ord_000001710,u_011632,ss_00038301,clk_0000021002,2026-07-04,p_01627,Home,1084,120,124,bank_card,0,,199.89
ord_000001711,u_011635,ss_00038307,clk_0000021005,2026-07-04,p_01970,Books,270,14,140,bank_card,0,,39.31
ord_000001712,u_011641,ss_00038320,clk_0000021014,2026-07-19,p_01135,Fashion,1456,198,203,bank_card,1,2026-08-05,-43.68
ord_000001713,u_011646,ss_00038331,clk_0000021021,2026-07-08,p_03196,Electronics,3515,185,0,sberpay,0,,423.56
ord_000001714,u_011652,ss_00038352,clk_0000021032,2026-07-10,p_04213,Sports,1480,0,312,bank_card,1,2026-08-16,-44.4
ord_000001715,u_011652,ss_00038353,clk_0000021034,2026-07-27,p_01230,Books,228,0,321,sberpay,0,,33.17
ord_000001716,u_011656,ss_00038365,clk_0000021042,2026-07-10,p_03285,Auto,1735,0,424,sberpay,0,,285.23
ord_000001717,u_011668,ss_00038405,clk_0000021064,2026-07-08,p_01312,Electronics,4765,529,,ozon_card,0,,568.46
ord_000001718,u_011668,ss_00038406,clk_0000021065,2026-07-16,p_01588,Fashion,2232,0,295,cash_on_delivery,0,,375.65
ord_000001719,u_011674,ss_00038432,clk_0000021082,2026-07-11,p_03556,FMCG,381,12,87,installment,0,,58.14
ord_000001720,u_011674,ss_00038433,clk_0000021083,2026-07-24,p_02796,Fashion,2663,363,0,bank_card,0,,554.7
ord_000001721,u_011683,ss_00038464,clk_0000021089,2026-07-23,p_04455,Beauty,651,0,294,bank_card,0,,179.87
ord_000001722,u_011685,ss_00038471,clk_0000021092,2026-07-01,p_01682,Electronics,2788,0,143,ozon_card,0,,404.82
ord_000001723,u_011688,ss_00038491,clk_0000021101,2026-07-20,p_01497,Fashion,1898,100,322,bank_card,0,,404.08
ord_000001724,u_011700,ss_00038538,clk_0000021129,2026-07-02,p_04222,Home,1554,173,248,bank_card,0,,186.17
ord_000001725,u_011706,ss_00038552,clk_0000021134,2026-07-03,p_02477,Electronics,7345,816,0,bank_card,0,,852.02
ord_000001726,u_011718,ss_00038607,clk_0000021162,2026-07-04,p_00771,Beauty,1147,23,104,bank_card,0,,405.35
ord_000001727,u_011722,ss_00038624,clk_0000021171,2026-07-18,p_00905,Beauty,473,10,0,ozon_card,0,,140.58
ord_000001728,u_011730,ss_00038644,clk_0000021179,2026-07-07,p_03074,Fashion,900,100,0,bank_card,1,2026-08-08,-27.0
ord_000001729,u_011731,ss_00038646,clk_0000021182,2026-07-02,p_03674,Beauty,567,12,278,ozon_card,0,,152.13
ord_000001730,u_011731,ss_00038652,clk_0000021186,2026-07-18,p_00105,Pet,532,0,262,installment,0,,71.77
ord_000001731,u_011743,ss_00038689,clk_0000021214,2026-07-25,p_00793,Home,2802,0,272,bank_card,0,,459.81
ord_000001732,u_011761,ss_00038744,clk_0000021239,2026-07-13,p_03878,Sports,995,31,246,bank_card,0,,217.21
ord_000001733,u_011764,ss_00038751,clk_0000021242,2026-07-12,p_02908,Sports,1391,0,248,bank_card,0,,252.61
ord_000001734,u_011778,ss_00038792,clk_0000021270,2026-07-22,p_03353,FMCG,283,15,173,bank_card,0,,61.67
ord_000001735,u_011789,ss_00038823,clk_0000021279,2026-07-22,p_02907,Kids,1414,0,0,installment,0,,309.52
ord_000001736,u_011798,ss_00038848,clk_0000021287,2026-07-23,p_00960,Books,404,13,,ozon_card,0,,67.75
ord_000001737,u_011799,ss_00038857,clk_0000021293,2026-07-06,p_01374,Home,2586,0,177,bank_card,0,,348.85
ord_000001738,u_011800,ss_00038861,clk_0000021294,2026-07-29,p_04241,Fashion,1959,40,186,sberpay,0,,525.01
ord_000001739,u_011805,ss_00038871,clk_0000021301,2026-07-10,p_02939,Electronics,3361,177,,ozon_card,0,,516.25
ord_000001740,u_011807,ss_00038883,clk_0000021304,2026-07-27,p_01566,Home,1506,0,217,bank_card,0,,184.94
ord_000001741,u_011812,ss_00038896,clk_0000021308,2026-07-09,p_03165,Beauty,301,33,215,bank_card,0,,77.33
ord_000001742,u_011813,ss_00038898,clk_0000021309,2026-07-08,p_01937,Kids,729,0,239,bank_card,0,,172.04
ord_000001743,u_011816,ss_00038909,clk_0000021317,2026-07-22,p_01024,Kids,956,0,0,bank_card,0,,229.54
ord_000001744,u_011817,ss_00038912,clk_0000021319,2026-07-30,p_00091,FMCG,204,0,172,bank_card,0,,22.66
ord_000001745,u_011825,ss_00038933,clk_0000021327,2026-07-05,p_02043,Fashion,1940,40,0,sberpay,0,,407.4
ord_000001746,u_011836,ss_00038976,clk_0000021346,2026-07-11,p_03063,Electronics,5943,184,248,sberpay,0,,678.1
ord_000001747,u_011837,ss_00038979,clk_0000021349,2026-07-09,p_00906,Electronics,1461,45,296,bank_card,0,,210.97
ord_000001748,u_011837,ss_00038979,clk_0000021350,2026-07-09,p_03740,Fashion,2411,181,142,ozon_card,0,,442.9
ord_000001749,u_011846,ss_00039016,clk_0000021395,2026-07-26,p_02708,FMCG,479,15,181,installment,0,,116.88
ord_000001750,u_011848,ss_00039027,clk_0000021398,2026-07-23,p_04193,Auto,4163,0,0,installment,0,,644.85
ord_000001751,u_011855,ss_00039046,clk_0000021405,2026-07-15,p_03224,Kids,1679,0,0,installment,0,,307.09
ord_000001752,u_011865,ss_00039077,clk_0000021416,2026-07-15,p_03470,Fashion,1360,278,149,bank_card,1,2026-08-10,-40.8
ord_000001753,u_011870,ss_00039094,clk_0000021423,2026-07-08,p_02028,FMCG,213,7,192,cash_on_delivery,0,,41.0
ord_000001754,u_011872,ss_00039102,clk_0000021429,2026-07-16,p_01132,Pet,998,0,195,bank_card,0,,185.33
ord_000001755,u_011891,ss_00039161,clk_0000021459,2026-07-09,p_01153,Home,4128,217,0,sberpay,0,,795.88
ord_000001756,u_011907,ss_00039214,clk_0000021482,2026-07-13,p_04247,Home,4274,0,0,ozon_card,0,,775.73
ord_000001757,u_011914,ss_00039232,clk_0000021489,2026-07-26,p_02504,Home,2215,246,288,cash_on_delivery,0,,428.6
ord_000001758,u_011938,ss_00039301,clk_0000021524,2026-07-17,p_02254,Kids,1482,0,215,bank_card,0,,281.88
ord_000001759,u_011941,ss_00039326,clk_0000021550,2026-07-08,p_02756,Electronics,4879,0,186,ozon_card,0,,195.16
ord_000001760,u_011949,ss_00039351,clk_0000021558,2026-07-15,p_03693,Kids,1674,52,285,bank_card,0,,366.27
ord_000001761,u_011954,ss_00039361,clk_0000021565,2026-07-11,p_01549,Electronics,2794,0,78,bank_card,0,,387.81
ord_000001762,u_011961,ss_00039388,clk_0000021580,2026-07-20,p_01058,Fashion,1320,180,0,ozon_card,0,,378.44
ord_000001763,u_011963,ss_00039397,clk_0000021590,2026-07-14,p_02113,Sports,1716,53,136,bank_card,0,,212.27
ord_000001764,u_011964,ss_00039399,clk_0000021592,2026-07-02,p_00888,Kids,733,0,205,ozon_card,0,,142.28
ord_000001765,u_011966,ss_00039409,clk_0000021596,2026-07-04,p_02144,Beauty,709,79,176,sberpay,0,,204.4
ord_000001766,u_011971,ss_00039424,clk_0000021604,2026-07-10,p_02231,Home,1374,72,315,ozon_card,0,,199.64
ord_000001767,u_011998,ss_00039498,clk_0000021651,2026-07-12,p_00859,Electronics,4901,0,0,bank_card,0,,541.07
ord_000001768,u_012014,ss_00039536,clk_0000021669,2026-07-05,p_04366,Home,1361,42,146,cash_on_delivery,1,2026-08-02,-40.83
ord_000001769,u_012021,ss_00039560,clk_0000021681,2026-07-16,p_01446,Sports,1694,52,179,sberpay,0,,411.64
ord_000001770,u_012034,ss_00039607,clk_0000021722,2026-07-28,p_03751,Fashion,1237,38,308,bank_card,0,,325.95
ord_000001771,u_012036,ss_00039611,clk_0000021724,2026-07-02,p_04454,Fashion,1998,272,216,bank_card,0,,596.6
ord_000001772,u_012048,ss_00039646,clk_0000021746,2026-07-23,p_02461,Auto,5161,0,0,sberpay,0,,926.4
ord_000001773,u_012066,ss_00039703,clk_0000021772,2026-07-05,p_00179,Pet,402,0,210,cash_on_delivery,0,,69.55
ord_000001774,u_012069,ss_00039718,clk_0000021777,2026-07-08,p_04073,Electronics,2794,147,202,sberpay,0,,449.0
ord_000001775,u_012071,ss_00039723,clk_0000021781,2026-07-21,p_01234,Pet,3151,0,234,cash_on_delivery,0,,585.14
ord_000001776,u_012080,ss_00039757,clk_0000021801,2026-07-06,p_00422,Kids,2190,68,116,bank_card,0,,432.96
ord_000001777,u_012080,ss_00039762,clk_0000021806,2026-07-18,p_01323,Home,575,30,180,bank_card,0,,167.44
ord_000001778,u_012082,ss_00039767,clk_0000021808,2026-07-22,p_03068,Beauty,915,19,80,sberpay,0,,267.36
ord_000001779,u_012085,ss_00039773,clk_0000021809,2026-07-10,p_04363,Fashion,1062,118,161,ozon_card,0,,268.37
ord_000001780,u_012093,ss_00039802,clk_0000021821,2026-07-07,p_01429,Pet,641,0,181,bank_card,0,,120.96
ord_000001781,u_012094,ss_00039803,clk_0000021823,2026-07-14,p_02885,Pet,357,11,210,bank_card,0,,28.92
ord_000001782,u_012095,ss_00039806,clk_0000021825,2026-07-20,p_02252,FMCG,503,0,0,bank_card,0,,77.86
ord_000001783,u_012096,ss_00039819,clk_0000021833,2026-07-30,p_03874,Sports,1634,86,0,bank_card,0,,417.32
ord_000001784,u_012107,ss_00039869,clk_0000021857,2026-07-16,p_00417,FMCG,330,58,204,bank_card,0,,49.6
ord_000001785,u_012109,ss_00039872,clk_0000021859,2026-07-05,p_03588,Books,107,6,228,ozon_card,0,,27.26
ord_000001786,u_012119,ss_00039896,clk_0000021874,2026-07-03,p_00444,Home,1835,57,139,ozon_card,0,,346.08
ord_000001787,u_012121,ss_00039899,clk_0000021877,2026-07-06,p_03852,Home,3450,182,189,sberpay,0,,447.12
ord_000001788,u_012130,ss_00039928,clk_0000021892,2026-07-07,p_04177,Home,513,0,222,cash_on_delivery,0,,113.48
ord_000001789,u_012138,ss_00039955,clk_0000021909,2026-07-20,p_00740,Fashion,974,51,284,bank_card,0,,294.54
ord_000001790,u_012158,ss_00040014,clk_0000021939,2026-07-19,p_03753,Electronics,1764,196,333,bank_card,0,,134.42
ord_000001791,u_012159,ss_00040019,clk_0000021942,2026-07-29,p_04192,Fashion,890,157,130,ozon_card,1,2026-08-24,-26.7
ord_000001792,u_012178,ss_00040083,clk_0000021976,2026-07-08,p_01815,Fashion,993,135,,bank_card,1,2026-08-09,-29.79
ord_000001793,u_012194,ss_00040135,clk_0000022004,2026-07-11,p_02918,FMCG,388,20,200,bank_card,0,,40.78
ord_000001794,u_012206,ss_00040172,clk_0000022024,2026-07-14,p_02866,Fashion,2151,440,274,cash_on_delivery,0,,550.66
ord_000001795,u_012208,ss_00040178,clk_0000022029,2026-07-15,p_04433,Home,917,48,162,ozon_card,0,,171.85
ord_000001796,u_012214,ss_00040198,clk_0000022042,2026-07-23,p_02669,Kids,631,33,117,ozon_card,0,,142.35
ord_000001797,u_012218,ss_00040208,clk_0000022048,2026-07-02,p_00709,Fashion,1295,177,208,ozon_card,0,,344.08
ord_000001798,u_012231,ss_00040255,clk_0000022070,2026-07-18,p_03248,Home,4400,777,0,bank_card,0,,920.04
ord_000001799,u_012231,ss_00040256,clk_0000022073,2026-07-09,p_02139,Sports,1308,69,14,sberpay,0,,286.45
ord_000001800,u_012232,ss_00040261,clk_0000022075,2026-07-17,p_01164,Home,2670,0,164,bank_card,0,,566.04
ord_000001801,u_012246,ss_00040304,clk_0000022102,2026-07-28,p_02679,Fashion,526,72,245,bank_card,0,,122.56
ord_000001802,u_012246,ss_00040305,clk_0000022103,2026-07-21,p_00913,Beauty,1487,30,,bank_card,0,,378.89
ord_000001803,u_012251,ss_00040315,clk_0000022107,2026-07-10,p_01605,Electronics,3126,0,0,bank_card,0,,446.71
ord_000001804,u_012252,ss_00040320,clk_0000022108,2026-07-01,p_01937,Kids,656,73,310,installment,0,,154.82
ord_000001805,u_012260,ss_00040349,clk_0000022122,2026-07-18,p_01083,Home,877,0,183,cash_on_delivery,0,,177.24
ord_000001806,u_012260,ss_00040351,clk_0000022123,2026-07-28,p_02334,Home,2363,0,169,bank_card,0,,294.67
ord_000001807,u_012267,ss_00040372,clk_0000022131,2026-07-09,p_00750,Beauty,322,7,0,bank_card,0,,105.97
ord_000001808,u_012278,ss_00040405,clk_0000022156,2026-07-17,p_03008,Fashion,652,72,340,ozon_card,0,,173.89
ord_000001809,u_012280,ss_00040414,clk_0000022163,2026-07-20,p_03862,Electronics,1206,63,277,bank_card,0,,103.11
ord_000001810,u_012288,ss_00040438,clk_0000022175,2026-07-19,p_00549,Beauty,480,0,310,bank_card,0,,134.16
ord_000001811,u_012290,ss_00040448,clk_0000022178,2026-07-09,p_01767,Books,158,18,72,bank_card,0,,31.14
ord_000001812,u_012293,ss_00040456,clk_0000022186,2026-07-30,p_03345,Beauty,408,21,95,bank_card,0,,80.21
ord_000001813,u_012294,ss_00040460,clk_0000022189,2026-07-21,p_02330,Sports,1379,0,66,bank_card,0,,322.0
ord_000001814,u_012302,ss_00040486,clk_0000022200,2026-07-30,p_02414,Fashion,2891,218,195,ozon_card,1,2026-09-01,-86.73
ord_000001815,u_012304,ss_00040493,clk_0000022203,2026-07-21,p_00733,Pet,491,54,243,cash_on_delivery,0,,104.93
ord_000001816,u_012305,ss_00040497,clk_0000022204,2026-07-12,p_00757,Books,352,18,303,sberpay,0,,53.22
ord_000001817,u_012314,ss_00040512,clk_0000022212,2026-07-16,p_00013,Home,2417,75,226,sberpay,0,,399.53
ord_000001818,u_012321,ss_00040524,clk_0000022219,2026-07-02,p_02857,Fashion,1332,70,140,bank_card,1,2026-08-06,-39.96
ord_000001819,u_012321,ss_00040528,clk_0000022221,2026-07-18,p_02684,FMCG,572,0,,bank_card,0,,86.03
ord_000001820,u_012330,ss_00040552,clk_0000022231,2026-07-05,p_01905,Electronics,2188,68,481,sberpay,1,2026-07-31,-65.64
ord_000001821,u_012330,ss_00040555,clk_0000022236,2026-07-22,p_03998,Sports,1547,81,92,bank_card,0,,326.42
ord_000001822,u_012336,ss_00040582,clk_0000022248,2026-07-18,p_02544,Kids,1838,97,,ozon_card,0,,330.29
ord_000001823,u_012344,ss_00040602,clk_0000022258,2026-07-17,p_02119,Pet,734,0,189,sberpay,0,,102.98
ord_000001824,u_012355,ss_00040628,clk_0000022276,2026-07-16,p_02153,FMCG,473,0,0,sberpay,0,,75.77
ord_000001825,u_012355,ss_00040628,clk_0000022277,2026-07-16,p_00085,Beauty,490,10,0,installment,0,,105.69
ord_000001826,u_012356,ss_00040635,clk_0000022281,2026-07-24,p_01857,Electronics,1089,0,188,ozon_card,0,,156.27
ord_000001827,u_012362,ss_00040660,clk_0000022293,2026-07-22,p_01999,FMCG,115,4,213,ozon_card,0,,22.94
ord_000001828,u_012366,ss_00040672,clk_0000022302,2026-07-27,p_02849,Beauty,1453,76,320,bank_card,0,,436.19
ord_000001829,u_012369,ss_00040683,clk_0000022307,2026-07-22,p_02521,Fashion,404,21,204,ozon_card,0,,104.72
ord_000001830,u_012369,ss_00040685,clk_0000022310,2026-07-25,p_01768,Fashion,1453,30,136,ozon_card,0,,324.89
ord_000001831,u_012379,ss_00040711,clk_0000022324,2026-07-20,p_03986,Electronics,2634,0,241,bank_card,0,,105.36
ord_000001832,u_012391,ss_00040780,clk_0000022376,2026-07-19,p_03555,Kids,1052,0,319,bank_card,0,,176.74
ord_000001833,u_012399,ss_00040810,clk_0000022395,2026-07-15,p_00928,Beauty,544,11,233,sberpay,0,,131.32
ord_000001834,u_012408,ss_00040842,clk_0000022410,2026-07-28,p_01868,Pet,723,0,0,bank_card,0,,172.65
ord_000001835,u_012416,ss_00040870,clk_0000022426,2026-07-18,p_02463,Auto,3472,0,0,bank_card,0,,404.49
ord_000001836,u_012429,ss_00040918,clk_0000022449,2026-07-27,p_00756,Electronics,3010,0,108,ozon_card,0,,432.54
ord_000001837,u_012460,ss_00041006,clk_0000022490,2026-07-11,p_00295,Beauty,2803,0,255,bank_card,0,,651.14
ord_000001838,u_012481,ss_00041097,clk_0000022555,2026-07-03,p_00744,FMCG,329,0,108,cash_on_delivery,0,,68.96
ord_000001839,u_012500,ss_00041155,clk_0000022584,2026-07-01,p_01498,Fashion,792,24,133,installment,1,2026-07-20,-23.76
ord_000001840,u_012513,ss_00041192,clk_0000022607,2026-07-04,p_01209,FMCG,1441,160,,ozon_card,1,2026-08-10,-43.23
ord_000001841,u_012515,ss_00041197,clk_0000022611,2026-07-04,p_03144,Electronics,1339,0,213,ozon_card,0,,156.53
ord_000001842,u_012521,ss_00041213,clk_0000022618,2026-07-20,p_02754,FMCG,232,41,,bank_card,0,,38.37
ord_000001843,u_012524,ss_00041226,clk_0000022623,2026-07-18,p_03519,Beauty,197,10,0,bank_card,0,,53.15
ord_000001844,u_012530,ss_00041240,clk_0000022631,2026-07-23,p_01030,Fashion,1013,0,181,installment,0,,236.84
ord_000001845,u_012533,ss_00041249,clk_0000022635,2026-07-10,p_03485,Fashion,3129,64,0,bank_card,1,2026-08-02,-93.87
ord_000001846,u_012534,ss_00041256,clk_0000022637,2026-07-19,p_00477,Fashion,668,14,165,cash_on_delivery,0,,133.87
ord_000001847,u_012545,ss_00041284,clk_0000022651,2026-07-10,p_02313,Beauty,502,56,225,cash_on_delivery,0,,180.47
ord_000001848,u_012549,ss_00041303,clk_0000022663,2026-07-26,p_00326,Kids,1486,0,,bank_card,0,,381.16
ord_000001849,u_012550,ss_00041313,clk_0000022668,2026-07-27,p_03462,Electronics,1544,0,247,installment,0,,61.76
ord_000001850,u_012584,ss_00041409,clk_0000022719,2026-07-08,p_04477,Electronics,1520,47,295,ozon_card,0,,111.87
ord_000001851,u_012597,ss_00041449,clk_0000022742,2026-07-18,p_03408,Sports,715,0,150,bank_card,0,,168.74
ord_000001852,u_012606,ss_00041472,clk_0000022757,2026-07-23,p_02822,Home,3301,582,0,ozon_card,0,,524.86
ord_000001853,u_012607,ss_00041476,clk_0000022761,2026-07-22,p_01123,Fashion,913,0,330,ozon_card,0,,213.09
ord_000001854,u_012613,ss_00041505,clk_0000022777,2026-07-21,p_03680,Home,1317,232,205,ozon_card,0,,241.8
ord_000001855,u_012616,ss_00041515,clk_0000022784,2026-07-15,p_02445,Beauty,2100,0,240,cash_on_delivery,0,,552.72
ord_000001856,u_012620,ss_00041529,clk_0000022793,2026-07-30,p_04249,Sports,1169,62,177,installment,1,2026-09-01,-35.07
ord_000001857,u_012627,ss_00041550,clk_0000022810,2026-07-18,p_00339,FMCG,211,0,169,bank_card,0,,9.98
ord_000001858,u_012635,ss_00041568,clk_0000022813,2026-07-18,p_02367,Sports,885,0,266,sberpay,0,,225.85
ord_000001859,u_012655,ss_00041652,clk_0000022870,2026-07-05,p_00357,Sports,1144,35,261,sberpay,0,,214.39
ord_000001860,u_012661,ss_00041671,clk_0000022881,2026-07-25,p_03076,Books,265,0,229,sberpay,0,,33.89
ord_000001861,u_012665,ss_00041690,clk_0000022892,2026-07-19,p_00016,Beauty,592,12,302,sberpay,0,,215.43
ord_000001862,u_012688,ss_00041771,clk_0000022930,2026-07-17,p_00474,Home,703,0,138,ozon_card,0,,130.97
ord_000001863,u_012688,ss_00041775,clk_0000022933,2026-07-01,p_02045,Home,1554,82,0,ozon_card,0,,231.24
ord_000001864,u_012695,ss_00041797,clk_0000022945,2026-07-14,p_00502,Electronics,9343,0,281,ozon_card,0,,1515.43
ord_000001865,u_012697,ss_00041803,clk_0000022948,2026-07-25,p_01613,Fashion,2479,0,112,ozon_card,0,,544.39
ord_000001866,u_012701,ss_00041813,clk_0000022956,2026-07-26,p_00356,Kids,1042,32,0,sberpay,0,,297.07
ord_000001867,u_012701,ss_00041815,clk_0000022957,2026-07-03,p_00583,Sports,737,0,251,installment,0,,191.91
ord_000001868,u_012707,ss_00041843,clk_0000022974,2026-07-04,p_02790,Beauty,351,7,0,ozon_card,0,,109.55
ord_000001869,u_012719,ss_00041882,clk_0000022997,2026-07-14,p_03147,Home,1305,0,90,bank_card,0,,296.5
ord_000001870,u_012725,ss_00041901,clk_0000023011,2026-07-25,p_03546,Auto,1888,210,338,bank_card,0,,457.08
ord_000001871,u_012725,ss_00041902,clk_0000023012,2026-07-23,p_03829,Fashion,2475,130,310,bank_card,0,,601.18
ord_000001872,u_012727,ss_00041914,clk_0000023022,2026-07-10,p_03111,Home,1842,325,0,installment,0,,347.95
ord_000001873,u_012731,ss_00041926,clk_0000023026,2026-07-15,p_03542,Fashion,1549,48,244,cash_on_delivery,1,2026-08-06,-46.47
ord_000001874,u_012737,ss_00041950,clk_0000023035,2026-07-05,p_01363,Beauty,1181,0,115,bank_card,0,,323.24
ord_000001875,u_012740,ss_00041959,clk_0000023040,2026-07-17,p_02895,FMCG,394,21,210,sberpay,0,,52.4
ord_000001876,u_012749,ss_00041985,clk_0000023052,2026-07-20,p_00320,Fashion,1413,106,0,ozon_card,0,,246.57
ord_000001877,u_012749,ss_00041987,clk_0000023055,2026-07-26,p_02900,Fashion,2117,43,87,bank_card,0,,624.73
ord_000001878,u_012755,ss_00042004,clk_0000023062,2026-07-17,p_02723,Pet,464,0,0,ozon_card,0,,61.99
ord_000001879,u_012761,ss_00042020,clk_0000023070,2026-07-09,p_00867,Fashion,783,41,276,installment,0,,201.39
ord_000001880,u_012765,ss_00042030,clk_0000023078,2026-07-27,p_01806,Fashion,2174,0,149,bank_card,1,2026-08-06,-65.22
ord_000001881,u_012767,ss_00042034,clk_0000023081,2026-07-18,p_03801,Kids,1533,81,337,sberpay,0,,389.54
ord_000001882,u_012774,ss_00042054,clk_0000023094,2026-07-17,p_00884,Sports,491,0,99,bank_card,0,,117.99
ord_000001883,u_012778,ss_00042071,clk_0000023102,2026-07-04,p_01547,Electronics,6437,0,360,bank_card,0,,1271.95
ord_000001884,u_012779,ss_00042077,clk_0000023108,2026-07-30,p_00063,Kids,2649,468,0,bank_card,0,,703.31
ord_000001885,u_012802,ss_00042160,clk_0000023149,2026-07-06,p_02554,Fashion,1730,130,,bank_card,0,,595.29
ord_000001886,u_012802,ss_00042161,clk_0000023150,2026-07-11,p_00209,Auto,2057,0,187,sberpay,0,,481.34
ord_000001887,u_012813,ss_00042191,clk_0000023171,2026-07-06,p_01874,Books,221,0,81,sberpay,0,,29.11
ord_000001888,u_012815,ss_00042203,clk_0000023179,2026-07-01,p_02877,FMCG,336,59,237,bank_card,0,,19.35
ord_000001889,u_012815,ss_00042205,clk_0000023182,2026-07-23,p_03584,Kids,891,28,80,bank_card,0,,219.72
ord_000001890,u_012843,ss_00042284,clk_0000023220,2026-07-20,p_02808,Home,1031,0,155,ozon_card,1,2026-07-29,-30.93
ord_000001891,u_012893,ss_00042426,clk_0000023295,2026-07-08,p_03773,Electronics,6647,738,0,bank_card,0,,696.61
ord_000001892,u_012897,ss_00042443,clk_0000023299,2026-07-23,p_03917,Fashion,2461,185,0,ozon_card,0,,466.11
ord_000001893,u_012898,ss_00042450,clk_0000023301,2026-07-15,p_00591,Home,1474,260,296,bank_card,0,,318.24
ord_000001894,u_012907,ss_00042483,clk_0000023317,2026-07-06,p_01734,Home,4246,0,309,ozon_card,0,,809.71
ord_000001895,u_012911,ss_00042494,clk_0000023320,2026-07-03,p_04126,Home,2698,0,264,cash_on_delivery,0,,380.96
ord_000001896,u_012913,ss_00042503,clk_0000023324,2026-07-19,p_00564,Electronics,3028,0,0,bank_card,0,,293.41
ord_000001897,u_012918,ss_00042521,clk_0000023341,2026-07-18,p_01553,Pet,640,34,230,ozon_card,0,,82.69
ord_000001898,u_012918,ss_00042521,clk_0000023342,2026-07-18,p_01384,Fashion,747,153,15,ozon_card,0,,210.88
ord_000001899,u_012923,ss_00042533,clk_0000023354,2026-07-14,p_01685,Books,197,0,175,bank_card,0,,29.27
ord_000001900,u_012932,ss_00042555,clk_0000023369,2026-07-06,p_00979,Auto,2914,90,264,ozon_card,0,,446.13
ord_000001901,u_012935,ss_00042564,clk_0000023376,2026-07-13,p_01159,FMCG,586,103,0,bank_card,0,,28.36
ord_000001902,u_012937,ss_00042573,clk_0000023383,2026-07-19,p_00373,Kids,1436,44,0,sberpay,0,,355.98
ord_000001903,u_012945,ss_00042594,clk_0000023392,2026-07-28,p_01130,Sports,923,0,240,bank_card,0,,201.77
ord_000001904,u_012945,ss_00042595,clk_0000023393,2026-07-21,p_03099,Fashion,922,0,404,bank_card,0,,244.61
ord_000001905,u_012952,ss_00042614,clk_0000023402,2026-07-24,p_03627,Auto,1426,158,248,sberpay,0,,228.16
ord_000001906,u_012962,ss_00042639,clk_0000023411,2026-07-14,p_02345,Home,1374,153,305,bank_card,0,,273.15
ord_000001907,u_012962,ss_00042640,clk_0000023412,2026-07-25,p_01678,Pet,1036,0,184,ozon_card,0,,194.04
ord_000001908,u_012978,ss_00042684,clk_0000023429,2026-07-08,p_03892,Electronics,3188,0,0,bank_card,0,,127.52
ord_000001909,u_012983,ss_00042709,clk_0000023439,2026-07-21,p_01894,Beauty,530,108,91,sberpay,0,,157.67
ord_000001910,u_012989,ss_00042729,clk_0000023448,2026-07-02,p_03310,Kids,1148,35,136,installment,0,,252.22
ord_000001911,u_012992,ss_00042743,clk_0000023459,2026-07-03,p_03471,FMCG,270,14,152,installment,0,,49.33
ord_000001912,u_012993,ss_00042745,clk_0000023462,2026-07-16,p_02914,Beauty,604,12,138,ozon_card,0,,192.62
ord_000001913,u_012993,ss_00042745,clk_0000023463,2026-07-16,p_02908,Sports,1252,139,244,ozon_card,0,,227.36
ord_000001914,u_012999,ss_00042771,clk_0000023477,2026-07-03,p_00818,FMCG,137,7,117,bank_card,0,,27.26
ord_000001915,u_013006,ss_00042790,clk_0000023485,2026-07-04,p_04175,Fashion,344,7,254,bank_card,0,,77.02
ord_000001916,u_013009,ss_00042799,clk_0000023495,2026-07-05,p_02205,Home,1652,184,143,bank_card,0,,394.33
ord_000001917,u_013014,ss_00042811,clk_0000023503,2026-07-18,p_03138,Electronics,3561,0,186,bank_card,0,,285.95
ord_000001918,u_013020,ss_00042824,clk_0000023510,2026-07-08,p_01677,FMCG,697,77,302,ozon_card,0,,80.85
ord_000001919,u_013021,ss_00042828,clk_0000023513,2026-07-11,p_04182,FMCG,302,9,108,sberpay,0,,46.05
ord_000001920,u_013026,ss_00042843,clk_0000023521,2026-07-06,p_01878,FMCG,378,20,,installment,0,,84.71
ord_000001921,u_013035,ss_00042884,clk_0000023548,2026-07-06,p_00030,Electronics,3144,165,76,ozon_card,0,,504.61
ord_000001922,u_013046,ss_00042920,clk_0000023563,2026-07-26,p_00822,Kids,1139,0,231,bank_card,0,,237.37
ord_000001923,u_013048,ss_00042928,clk_0000023566,2026-07-23,p_02179,Pet,1422,0,109,ozon_card,0,,262.22
ord_000001924,u_013048,ss_00042929,clk_0000023567,2026-07-11,p_01787,Sports,1023,0,199,bank_card,0,,292.68
ord_000001925,u_013050,ss_00042934,clk_0000023570,2026-07-06,p_02380,Sports,1475,46,117,bank_card,0,,368.6
ord_000001926,u_013051,ss_00042942,clk_0000023579,2026-07-08,p_01335,Electronics,5615,0,62,cash_on_delivery,0,,959.6
ord_000001927,u_013051,ss_00042944,clk_0000023581,2026-07-02,p_03025,Beauty,799,16,152,ozon_card,1,2026-08-04,-23.97
ord_000001928,u_013057,ss_00042968,clk_0000023592,2026-07-02,p_04031,Beauty,430,0,104,ozon_card,0,,146.2
ord_000001929,u_013064,ss_00042987,clk_0000023602,2026-07-11,p_01472,Home,1983,61,328,sberpay,0,,345.24
ord_000001930,u_013090,ss_00043078,clk_0000023659,2026-07-09,p_03337,Fashion,1910,39,265,ozon_card,0,,448.85
ord_000001931,u_013095,ss_00043092,clk_0000023670,2026-07-13,p_00535,Home,1162,0,0,bank_card,0,,297.47
ord_000001932,u_013097,ss_00043098,clk_0000023676,2026-07-06,p_02005,Home,889,99,288,bank_card,0,,179.04
ord_000001933,u_013104,ss_00043119,clk_0000023686,2026-07-12,p_03040,Home,1863,0,227,ozon_card,0,,319.69
ord_000001934,u_013111,ss_00043138,clk_0000023691,2026-07-20,p_02160,Electronics,6016,0,0,bank_card,0,,240.64
ord_000001935,u_013147,ss_00043236,clk_0000023748,2026-07-01,p_00521,Home,4745,0,303,bank_card,0,,884.47
ord_000001936,u_013154,ss_00043259,clk_0000023761,2026-07-17,p_03171,Sports,912,28,169,bank_card,0,,106.07
ord_000001937,u_013174,ss_00043331,clk_0000023801,2026-07-12,p_02278,FMCG,709,0,117,ozon_card,0,,124.93
ord_000001938,u_013175,ss_00043335,clk_0000023804,2026-07-30,p_01106,Beauty,911,0,154,ozon_card,0,,231.21
ord_000001939,u_013193,ss_00043406,clk_0000023847,2026-07-12,p_01864,Fashion,902,0,0,bank_card,0,,216.84
ord_000001940,u_013197,ss_00043423,clk_0000023854,2026-07-21,p_04415,Pet,1189,0,,ozon_card,0,,284.53
ord_000001941,u_013204,ss_00043449,clk_0000023865,2026-07-22,p_01398,Fashion,477,0,273,sberpay,0,,109.28
ord_000001942,u_013211,ss_00043471,clk_0000023874,2026-07-11,p_02341,Kids,500,0,171,ozon_card,0,,73.65
ord_000001943,u_013211,ss_00043474,clk_0000023875,2026-07-28,p_00311,Kids,1749,54,135,bank_card,0,,344.73
ord_000001944,u_013237,ss_00043574,clk_0000023920,2026-07-20,p_01034,Kids,798,42,274,bank_card,0,,142.12
ord_000001945,u_013243,ss_00043597,clk_0000023931,2026-07-03,p_02147,Electronics,8436,0,0,ozon_card,0,,1275.52
ord_000001946,u_013252,ss_00043631,clk_0000023947,2026-07-10,p_03810,Beauty,202,22,0,cash_on_delivery,0,,46.94
ord_000001947,u_013259,ss_00043666,clk_0000023964,2026-07-14,p_02465,Auto,1149,128,162,bank_card,0,,173.04
ord_000001948,u_013294,ss_00043784,clk_0000024008,2026-07-22,p_00882,Electronics,2062,0,0,ozon_card,0,,260.43
ord_000001949,u_013295,ss_00043786,clk_0000024011,2026-07-05,p_00390,Home,2181,67,227,cash_on_delivery,0,,474.59
ord_000001950,u_013298,ss_00043798,clk_0000024016,2026-07-15,p_00805,Electronics,6544,0,0,ozon_card,0,,867.08
ord_000001951,u_013314,ss_00043853,clk_0000024050,2026-07-29,p_00831,Home,1327,0,,bank_card,0,,261.42
ord_000001952,u_013314,ss_00043854,clk_0000024051,2026-07-22,p_04263,Kids,459,24,115,bank_card,0,,80.0
ord_000001953,u_013315,ss_00043857,clk_0000024055,2026-07-19,p_03053,Electronics,5342,0,0,bank_card,0,,412.4
ord_000001954,u_013321,ss_00043869,clk_0000024057,2026-07-01,p_02460,Beauty,525,11,310,ozon_card,0,,140.75
ord_000001955,u_013329,ss_00043885,clk_0000024067,2026-07-19,p_01257,FMCG,827,26,109,bank_card,1,2026-07-26,-24.81
ord_000001956,u_013351,ss_00043950,clk_0000024109,2026-07-19,p_01948,Pet,2091,232,209,bank_card,0,,353.8
ord_000001957,u_013353,ss_00043962,clk_0000024115,2026-07-06,p_03254,Fashion,1795,0,62,bank_card,0,,381.62
ord_000001958,u_013359,ss_00043975,clk_0000024121,2026-07-23,p_01096,Home,1473,164,0,bank_card,0,,392.41
ord_000001959,u_013361,ss_00043982,clk_0000024126,2026-07-26,p_02345,Home,1527,0,75,installment,0,,303.57
ord_000001960,u_013364,ss_00043994,clk_0000024135,2026-07-15,p_01415,Fashion,930,0,189,bank_card,0,,245.89
ord_000001961,u_013385,ss_00044055,clk_0000024165,2026-07-20,p_00231,Electronics,2841,501,150,bank_card,0,,302.57
ord_000001962,u_013392,ss_00044069,clk_0000024174,2026-07-24,p_04496,Home,1639,0,0,bank_card,0,,303.21
ord_000001963,u_013392,ss_00044069,clk_0000024175,2026-07-24,p_03165,Beauty,334,0,0,ozon_card,0,,85.8
ord_000001964,u_013402,ss_00044100,clk_0000024196,2026-07-26,p_03868,Kids,1982,350,197,bank_card,0,,471.32
ord_000001965,u_013402,ss_00044104,clk_0000024203,2026-07-05,p_00344,Beauty,398,81,306,bank_card,0,,120.55
ord_000001966,u_013407,ss_00044116,clk_0000024210,2026-07-24,p_02459,Fashion,3465,71,162,ozon_card,0,,560.64
ord_000001967,u_013408,ss_00044119,clk_0000024212,2026-07-12,p_04311,Fashion,1704,90,230,bank_card,1,2026-08-04,-51.12
ord_000001968,u_013408,ss_00044119,clk_0000024213,2026-07-12,p_00376,Kids,2423,128,42,bank_card,0,,407.79
ord_000001969,u_013411,ss_00044124,clk_0000024215,2026-07-05,p_00261,Electronics,2049,108,237,installment,0,,308.58
ord_000001970,u_013420,ss_00044151,clk_0000024230,2026-07-12,p_03132,Electronics,4332,481,294,bank_card,0,,620.78
ord_000001971,u_013423,ss_00044160,clk_0000024235,2026-07-13,p_02295,Electronics,4279,475,161,ozon_card,0,,171.16
ord_000001972,u_013429,ss_00044181,clk_0000024246,2026-07-07,p_04491,FMCG,234,7,337,cash_on_delivery,0,,18.51
ord_000001973,u_013456,ss_00044287,clk_0000024308,2026-07-24,p_03186,Beauty,1782,36,99,bank_card,0,,470.09
ord_000001974,u_013458,ss_00044299,clk_0000024315,2026-07-23,p_02274,FMCG,709,0,29,bank_card,0,,28.36
ord_000001975,u_013460,ss_00044305,clk_0000024319,2026-07-06,p_01995,Kids,1127,35,197,bank_card,0,,257.41
ord_000001976,u_013468,ss_00044327,clk_0000024332,2026-07-06,p_04058,Home,987,52,212,ozon_card,0,,118.74
ord_000001977,u_013469,ss_00044332,clk_0000024335,2026-07-06,p_03435,Sports,2026,0,216,cash_on_delivery,0,,328.21
ord_000001978,u_013471,ss_00044335,clk_0000024338,2026-07-24,p_01814,Sports,1072,0,148,bank_card,0,,291.26
ord_000001979,u_013476,ss_00044348,clk_0000024342,2026-07-17,p_02421,Fashion,1105,34,197,bank_card,0,,294.15
ord_000001980,u_013484,ss_00044369,clk_0000024358,2026-07-01,p_02774,Electronics,2446,0,47,bank_card,0,,249.74
ord_000001981,u_013485,ss_00044372,clk_0000024363,2026-07-05,p_01264,Home,1934,102,,ozon_card,0,,312.34
ord_000001982,u_013485,ss_00044374,clk_0000024364,2026-07-10,p_02538,Home,1159,61,212,cash_on_delivery,0,,186.02
ord_000001983,u_013489,ss_00044381,clk_0000024365,2026-07-22,p_02792,Home,1306,0,101,ozon_card,0,,312.66
ord_000001984,u_013504,ss_00044427,clk_0000024383,2026-07-12,p_00119,Fashion,1224,25,212,sberpay,0,,156.06
ord_000001985,u_013507,ss_00044437,clk_0000024388,2026-07-01,p_01599,FMCG,671,74,181,cash_on_delivery,0,,167.55
ord_000001986,u_013510,ss_00044458,clk_0000024401,2026-07-14,p_02489,Fashion,1454,298,117,cash_on_delivery,0,,295.16
ord_000001987,u_013533,ss_00044534,clk_0000024448,2026-07-03,p_00935,Sports,570,0,172,ozon_card,0,,104.31
ord_000001988,u_013535,ss_00044543,clk_0000024452,2026-07-12,p_03107,Electronics,2028,107,230,bank_card,0,,269.12
ord_000001989,u_013537,ss_00044553,clk_0000024462,2026-07-03,p_04159,Home,506,16,74,bank_card,0,,69.32
ord_000001990,u_013539,ss_00044562,clk_0000024468,2026-07-04,p_00368,Pet,537,17,182,sberpay,0,,82.7
ord_000001991,u_013549,ss_00044596,clk_0000024490,2026-07-04,p_04494,Fashion,1390,43,223,ozon_card,0,,265.49
ord_000001992,u_013555,ss_00044618,clk_0000024499,2026-07-17,p_04450,Home,1563,0,167,sberpay,0,,319.01
ord_000001993,u_013560,ss_00044632,clk_0000024506,2026-07-26,p_00496,FMCG,1432,44,118,sberpay,1,2026-08-23,-42.96
ord_000001994,u_013563,ss_00044640,clk_0000024514,2026-07-05,p_00134,Electronics,5861,181,0,bank_card,0,,435.47
ord_000001995,u_013571,ss_00044671,clk_0000024525,2026-07-12,p_03618,Sports,678,0,245,ozon_card,0,,135.06
ord_000001996,u_013577,ss_00044694,clk_0000024533,2026-07-03,p_01388,Pet,485,15,201,bank_card,0,,79.39
ord_000001997,u_013582,ss_00044708,clk_0000024540,2026-07-10,p_03084,Books,145,26,161,bank_card,0,,28.65
ord_000001998,u_013582,ss_00044708,clk_0000024541,2026-07-10,p_02411,Sports,1389,0,312,bank_card,0,,293.5
ord_000001999,u_013588,ss_00044724,clk_0000024554,2026-07-02,p_04482,Home,1102,0,53,sberpay,0,,250.15
ord_000002000,u_013591,ss_00044731,clk_0000024558,2026-07-21,p_04046,Beauty,707,37,162,sberpay,0,,254.8
ord_000002001,u_013594,ss_00044737,clk_0000024560,2026-07-22,p_01428,Home,1713,0,0,ozon_card,1,2026-08-14,-51.39
ord_000002002,u_013606,ss_00044779,clk_0000024582,2026-07-27,p_01439,Pet,450,24,0,bank_card,0,,61.7
ord_000002003,u_013611,ss_00044790,clk_0000024588,2026-07-09,p_03241,Beauty,1356,28,,cash_on_delivery,0,,227.4
ord_000002004,u_013615,ss_00044805,clk_0000024598,2026-07-19,p_02092,Fashion,606,0,14,bank_card,0,,154.95
ord_000002005,u_013636,ss_00044865,clk_0000024636,2026-07-04,p_00806,Electronics,3263,0,181,bank_card,0,,500.22
ord_000002006,u_013641,ss_00044887,clk_0000024650,2026-07-04,p_00431,Auto,601,19,0,ozon_card,0,,139.55
ord_000002007,u_013641,ss_00044888,clk_0000024651,2026-07-20,p_01194,Electronics,3220,358,100,bank_card,0,,247.3
ord_000002008,u_013641,ss_00044888,clk_0000024652,2026-07-20,p_02009,Fashion,1007,137,49,sberpay,0,,133.63
ord_000002009,u_013641,ss_00044890,clk_0000024655,2026-07-06,p_00115,Beauty,532,73,275,ozon_card,0,,124.54
ord_000002010,u_013645,ss_00044907,clk_0000024663,2026-07-16,p_02677,Beauty,821,25,64,bank_card,0,,246.22
ord_000002011,u_013660,ss_00044954,clk_0000024685,2026-07-28,p_02379,Auto,1890,0,0,ozon_card,0,,299.38
ord_000002012,u_013665,ss_00044965,clk_0000024689,2026-07-28,p_00567,Fashion,565,12,0,sberpay,0,,125.15
ord_000002013,u_013693,ss_00045042,clk_0000024725,2026-07-16,p_02280,Kids,901,47,0,cash_on_delivery,0,,143.44
ord_000002014,u_013701,ss_00045073,clk_0000024738,2026-07-30,p_01981,Books,714,0,182,cash_on_delivery,0,,168.22
ord_000002015,u_013706,ss_00045093,clk_0000024749,2026-07-06,p_02073,Beauty,1659,125,304,cash_on_delivery,0,,529.39
ord_000002016,u_013716,ss_00045126,clk_0000024764,2026-07-15,p_04496,Home,1639,0,93,bank_card,0,,303.21
ord_000002017,u_013719,ss_00045134,clk_0000024771,2026-07-05,p_00611,Electronics,2759,0,248,ozon_card,1,2026-07-25,-82.77
ord_000002018,u_013720,ss_00045141,clk_0000024776,2026-07-18,p_02139,Sports,1377,0,231,bank_card,0,,301.56
ord_000002019,u_013720,ss_00045141,clk_0000024779,2026-07-18,p_00637,Books,495,15,268,bank_card,0,,93.6
ord_000002020,u_013726,ss_00045157,clk_0000024795,2026-07-26,p_04268,Books,715,38,192,sberpay,0,,122.27
ord_000002021,u_013735,ss_00045182,clk_0000024813,2026-07-06,p_02459,Fashion,3430,106,0,bank_card,0,,554.97
ord_000002022,u_013745,ss_00045224,clk_0000024833,2026-07-23,p_02172,Home,4420,0,0,bank_card,1,2026-08-13,-132.6
ord_000002023,u_013749,ss_00045237,clk_0000024840,2026-07-23,p_04192,Fashion,1016,31,335,ozon_card,0,,187.45
ord_000002024,u_013755,ss_00045257,clk_0000024849,2026-07-18,p_02631,Kids,1578,83,276,ozon_card,0,,446.73
ord_000002025,u_013757,ss_00045266,clk_0000024858,2026-07-11,p_00244,Auto,3194,0,0,ozon_card,0,,527.97
ord_000002026,u_013801,ss_00045415,clk_0000024920,2026-07-09,p_01198,Books,181,0,165,bank_card,0,,24.71
ord_000002027,u_013825,ss_00045499,clk_0000024959,2026-07-11,p_01475,Auto,4875,0,0,ozon_card,0,,719.55
ord_000002028,u_013826,ss_00045505,clk_0000024962,2026-07-26,p_00611,Electronics,2621,138,159,cash_on_delivery,0,,459.99
ord_000002029,u_013834,ss_00045532,clk_0000024968,2026-07-22,p_00468,Beauty,695,37,260,bank_card,0,,223.09
ord_000002030,u_013847,ss_00045592,clk_0000025026,2026-07-23,p_04400,Books,185,6,146,bank_card,0,,26.7
ord_000002031,u_013848,ss_00045594,clk_0000025028,2026-07-21,p_01438,Kids,1381,43,254,bank_card,0,,367.62
ord_000002032,u_013848,ss_00045596,clk_0000025031,2026-07-03,p_01870,Books,267,14,63,sberpay,0,,61.12
ord_000002033,u_013848,ss_00045599,clk_0000025034,2026-07-17,p_01102,FMCG,130,4,290,bank_card,0,,10.35
ord_000002034,u_013857,ss_00045646,clk_0000025069,2026-07-17,p_00624,FMCG,199,0,338,sberpay,0,,36.0
ord_000002035,u_013860,ss_00045653,clk_0000025072,2026-07-03,p_00465,FMCG,792,88,1,ozon_card,0,,93.54
ord_000002036,u_013869,ss_00045684,clk_0000025095,2026-07-03,p_02036,Electronics,3824,118,0,ozon_card,0,,601.13
ord_000002037,u_013870,ss_00045687,clk_0000025097,2026-07-11,p_02985,Fashion,1288,68,286,ozon_card,0,,217.54
ord_000002038,u_013872,ss_00045695,clk_0000025103,2026-07-06,p_01173,Electronics,10178,1131,0,ozon_card,0,,895.66
ord_000002039,u_013875,ss_00045704,clk_0000025110,2026-07-04,p_04011,Electronics,2302,406,0,ozon_card,0,,334.02
ord_000002040,u_013886,ss_00045738,clk_0000025124,2026-07-14,p_03909,FMCG,333,18,209,bank_card,0,,62.0
ord_000002041,u_013905,ss_00045800,clk_0000025156,2026-07-08,p_03860,Fashion,2896,152,0,sberpay,0,,604.11
ord_000002042,u_013918,ss_00045857,clk_0000025190,2026-07-15,p_04449,Electronics,4708,146,0,sberpay,0,,483.04
ord_000002043,u_013920,ss_00045866,clk_0000025196,2026-07-14,p_01267,Kids,938,0,0,bank_card,0,,170.81
ord_000002044,u_013929,ss_00045898,clk_0000025210,2026-07-29,p_01095,Fashion,537,40,200,bank_card,1,2026-09-01,-16.11
ord_000002045,u_013933,ss_00045914,clk_0000025220,2026-07-09,p_03131,FMCG,399,21,105,bank_card,0,,28.41
ord_000002046,u_013943,ss_00045949,clk_0000025242,2026-07-22,p_02098,Beauty,1750,0,106,bank_card,0,,410.9
ord_000002047,u_013946,ss_00045962,clk_0000025246,2026-07-08,p_02651,FMCG,285,9,0,bank_card,0,,17.78
ord_000002048,u_013948,ss_00045970,clk_0000025249,2026-07-28,p_00249,Electronics,2366,263,203,bank_card,0,,150.48
ord_000002049,u_013953,ss_00045981,clk_0000025256,2026-07-12,p_01433,Pet,704,0,150,installment,0,,165.79
ord_000002050,u_013953,ss_00045982,clk_0000025259,2026-07-16,p_00608,Electronics,9406,1660,0,bank_card,0,,594.46
ord_000002051,u_013960,ss_00046010,clk_0000025275,2026-07-22,p_00502,Electronics,9343,0,141,bank_card,0,,1515.43
ord_000002052,u_013973,ss_00046065,clk_0000025317,2026-07-02,p_02037,Sports,908,0,207,bank_card,0,,180.15
ord_000002053,u_013974,ss_00046068,clk_0000025318,2026-07-24,p_02101,Fashion,1683,34,270,bank_card,0,,454.24
ord_000002054,u_013992,ss_00046127,clk_0000025344,2026-07-01,p_02845,FMCG,569,30,253,sberpay,0,,74.94
ord_000002055,u_013992,ss_00046127,clk_0000025345,2026-07-01,p_00091,FMCG,204,0,185,installment,0,,22.66
ord_000002056,u_013994,ss_00046133,clk_0000025353,2026-07-17,p_01821,Home,1834,97,168,bank_card,0,,346.26
ord_000002057,u_014004,ss_00046169,clk_0000025374,2026-07-19,p_01088,Beauty,2238,118,301,ozon_card,0,,566.21
ord_000002058,u_014005,ss_00046177,clk_0000025378,2026-07-29,p_04481,Books,165,5,182,ozon_card,0,,24.34
ord_000002059,u_014006,ss_00046180,clk_0000025380,2026-07-08,p_01036,Electronics,3225,358,69,cash_on_delivery,0,,286.06
ord_000002060,u_014009,ss_00046193,clk_0000025388,2026-07-30,p_03021,Books,327,0,229,sberpay,0,,43.95
ord_000002061,u_014012,ss_00046207,clk_0000025394,2026-07-26,p_02312,Fashion,510,57,366,installment,0,,118.01
ord_000002062,u_014015,ss_00046215,clk_0000025398,2026-07-10,p_03890,Beauty,294,22,144,bank_card,0,,103.16
ord_000002063,u_014019,ss_00046225,clk_0000025402,2026-07-26,p_02339,Kids,1355,0,173,bank_card,0,,149.32
ord_000002064,u_014020,ss_00046233,clk_0000025408,2026-07-28,p_00962,Auto,2189,243,201,bank_card,0,,728.72
ord_000002065,u_014021,ss_00046236,clk_0000025410,2026-07-12,p_02250,Kids,801,89,,bank_card,0,,158.36
ord_000002066,u_014036,ss_00046275,clk_0000025429,2026-07-04,p_00898,Electronics,3855,428,0,installment,0,,241.32
ord_000002067,u_014042,ss_00046304,clk_0000025446,2026-07-16,p_03997,Kids,436,23,,bank_card,0,,74.12
ord_000002068,u_014046,ss_00046321,clk_0000025459,2026-07-13,p_02458,Fashion,626,13,246,bank_card,0,,165.26
ord_000002069,u_014053,ss_00046344,clk_0000025474,2026-07-01,p_02500,Books,181,10,161,bank_card,0,,16.51
ord_000002070,u_014066,ss_00046374,clk_0000025487,2026-07-17,p_01323,Home,605,0,164,bank_card,0,,176.18
ord_000002071,u_014068,ss_00046377,clk_0000025491,2026-07-12,p_01273,FMCG,364,0,164,bank_card,0,,67.59
ord_000002072,u_014070,ss_00046387,clk_0000025496,2026-07-05,p_00238,FMCG,327,0,,bank_card,0,,21.48
ord_000002073,u_014077,ss_00046412,clk_0000025513,2026-07-06,p_01256,Beauty,609,12,280,bank_card,0,,193.91
ord_000002074,u_014086,ss_00046452,clk_0000025541,2026-07-02,p_03143,Fashion,2915,60,257,bank_card,0,,846.81
ord_000002075,u_014096,ss_00046481,clk_0000025554,2026-07-02,p_01984,Auto,4352,0,0,bank_card,0,,993.13
ord_000002076,u_014109,ss_00046526,clk_0000025577,2026-07-03,p_01420,FMCG,335,37,231,bank_card,0,,48.34
ord_000002077,u_014110,ss_00046528,clk_0000025580,2026-07-07,p_02471,Home,934,29,232,installment,0,,76.31
ord_000002078,u_014111,ss_00046529,clk_0000025581,2026-07-10,p_02201,Home,2038,0,0,bank_card,0,,559.23
ord_000002079,u_014117,ss_00046554,clk_0000025594,2026-07-24,p_00027,Pet,1545,172,214,sberpay,0,,357.05
ord_000002080,u_014142,ss_00046624,clk_0000025630,2026-07-01,p_00840,Sports,488,26,302,sberpay,0,,118.58
ord_000002081,u_014149,ss_00046641,clk_0000025636,2026-07-01,p_01125,Auto,1521,47,201,bank_card,0,,388.31
ord_000002082,u_014153,ss_00046656,clk_0000025642,2026-07-28,p_04388,Pet,573,0,254,cash_on_delivery,0,,117.01
ord_000002083,u_014164,ss_00046686,clk_0000025652,2026-07-30,p_03736,Electronics,1602,178,155,sberpay,0,,125.44
ord_000002084,u_014164,ss_00046687,clk_0000025653,2026-07-19,p_02014,Electronics,3055,0,136,bank_card,0,,225.15
ord_000002085,u_014166,ss_00046695,clk_0000025657,2026-07-14,p_00362,Fashion,1700,35,246,bank_card,0,,429.93
ord_000002086,u_014167,ss_00046698,clk_0000025659,2026-07-10,p_03492,Sports,605,0,137,sberpay,0,,128.56
ord_000002087,u_014172,ss_00046712,clk_0000025666,2026-07-22,p_00232,Electronics,4655,517,0,bank_card,0,,771.33
ord_000002088,u_014178,ss_00046731,clk_0000025674,2026-07-29,p_00280,Pet,1972,0,244,bank_card,0,,449.62
ord_000002089,u_014190,ss_00046766,clk_0000025689,2026-07-17,p_04373,Fashion,1023,32,151,bank_card,0,,250.23
ord_000002090,u_014192,ss_00046770,clk_0000025692,2026-07-24,p_03460,Home,2211,116,159,bank_card,0,,432.69
ord_000002091,u_014210,ss_00046837,clk_0000025715,2026-07-06,p_01590,Beauty,179,4,199,ozon_card,0,,53.9
ord_000002092,u_014210,ss_00046837,clk_0000025716,2026-07-06,p_03181,Home,1771,0,170,ozon_card,1,2026-08-11,-53.13
ord_000002093,u_014210,ss_00046841,clk_0000025719,2026-07-26,p_02499,Fashion,1027,21,142,cash_on_delivery,0,,260.55
ord_000002094,u_014211,ss_00046847,clk_0000025723,2026-07-24,p_02777,Beauty,884,67,0,sberpay,0,,252.65
ord_000002095,u_014212,ss_00046849,clk_0000025726,2026-07-04,p_02967,FMCG,294,15,149,bank_card,0,,39.78
ord_000002096,u_014224,ss_00046888,clk_0000025742,2026-07-14,p_04006,Books,128,0,388,cash_on_delivery,0,,17.63
ord_000002097,u_014231,ss_00046905,clk_0000025749,2026-07-03,p_03755,Kids,2318,0,215,ozon_card,0,,607.08
ord_000002098,u_014233,ss_00046909,clk_0000025752,2026-07-25,p_00965,Home,6704,0,236,bank_card,1,2026-08-20,-201.12
ord_000002099,u_014241,ss_00046941,clk_0000025765,2026-07-21,p_03253,Home,1708,0,228,sberpay,0,,289.16
ord_000002100,u_014249,ss_00046971,clk_0000025791,2026-07-04,p_04126,Home,2698,0,229,bank_card,0,,380.96
ord_000002101,u_014250,ss_00046979,clk_0000025795,2026-07-25,p_01853,Auto,4743,0,0,ozon_card,0,,707.18
ord_000002102,u_014252,ss_00046987,clk_0000025800,2026-07-22,p_02754,FMCG,265,8,0,cash_on_delivery,0,,43.83
ord_000002103,u_014252,ss_00046988,clk_0000025802,2026-07-18,p_01295,Fashion,2320,122,117,bank_card,0,,505.76
ord_000002104,u_014258,ss_00047009,clk_0000025824,2026-07-30,p_03196,Electronics,3700,0,0,bank_card,0,,445.85
ord_000002105,u_014277,ss_00047055,clk_0000025853,2026-07-02,p_00441,Fashion,1814,37,175,bank_card,0,,469.1
ord_000002106,u_014300,ss_00047125,clk_0000025897,2026-07-23,p_00026,Beauty,2038,153,156,bank_card,0,,705.35
ord_000002107,u_014304,ss_00047139,clk_0000025905,2026-07-04,p_00678,FMCG,1540,81,116,ozon_card,0,,180.64
ord_000002108,u_014306,ss_00047146,clk_0000025913,2026-07-03,p_04090,Fashion,1091,82,283,bank_card,1,2026-07-19,-32.73
ord_000002109,u_014310,ss_00047163,clk_0000025924,2026-07-29,p_04317,Auto,1000,53,0,bank_card,0,,177.0
ord_000002110,u_014322,ss_00047187,clk_0000025936,2026-07-12,p_03977,Electronics,5793,179,195,bank_card,0,,741.5
ord_000002111,u_014331,ss_00047218,clk_0000025961,2026-07-04,p_00495,Fashion,2096,43,73,bank_card,0,,443.72
ord_000002112,u_014347,ss_00047285,clk_0000026011,2026-07-24,p_01772,Sports,1774,0,0,bank_card,0,,255.28
ord_000002113,u_014355,ss_00047306,clk_0000026026,2026-07-22,p_02224,Beauty,631,13,65,ozon_card,1,2026-08-14,-18.93
ord_000002114,u_014357,ss_00047312,clk_0000026030,2026-07-27,p_04461,Electronics,6714,746,0,ozon_card,0,,718.4
ord_000002115,u_014384,ss_00047396,clk_0000026068,2026-07-14,p_02469,Home,1557,48,,bank_card,0,,301.28
ord_000002116,u_014385,ss_00047400,clk_0000026070,2026-07-29,p_02888,Beauty,582,12,293,bank_card,0,,114.6
ord_000002117,u_014399,ss_00047440,clk_0000026089,2026-07-25,p_02808,Home,928,103,256,ozon_card,0,,163.79
ord_000002118,u_014411,ss_00047477,clk_0000026104,2026-07-02,p_03609,Fashion,472,36,268,bank_card,1,2026-07-24,-14.16
ord_000002119,u_014421,ss_00047508,clk_0000026117,2026-07-07,p_03509,Fashion,577,30,167,bank_card,0,,152.56
ord_000002120,u_014425,ss_00047518,clk_0000026120,2026-07-04,p_04116,Books,965,51,290,ozon_card,0,,249.36
ord_000002121,u_014435,ss_00047547,clk_0000026137,2026-07-15,p_00201,FMCG,746,0,293,installment,0,,100.49
ord_000002122,u_014450,ss_00047598,clk_0000026163,2026-07-21,p_03194,Fashion,1302,27,274,bank_card,0,,357.53
ord_000002123,u_014451,ss_00047603,clk_0000026165,2026-07-21,p_02289,Electronics,2067,230,121,ozon_card,0,,287.31
ord_000002124,u_014453,ss_00047609,clk_0000026167,2026-07-08,p_01114,Pet,437,0,330,sberpay,0,,102.56
ord_000002125,u_014458,ss_00047628,clk_0000026171,2026-07-12,p_00944,Sports,777,24,243,ozon_card,0,,237.53
ord_000002126,u_014468,ss_00047664,clk_0000026195,2026-07-12,p_04099,FMCG,251,8,0,sberpay,0,,37.1
ord_000002127,u_014474,ss_00047687,clk_0000026205,2026-07-06,p_04171,Electronics,7914,245,28,bank_card,0,,944.14
ord_000002128,u_014484,ss_00047728,clk_0000026226,2026-07-22,p_02079,Pet,762,24,192,bank_card,0,,108.66
ord_000002129,u_014491,ss_00047748,clk_0000026237,2026-07-26,p_02337,Auto,2193,387,162,ozon_card,0,,159.65
ord_000002130,u_014494,ss_00047766,clk_0000026245,2026-07-20,p_03520,Electronics,5877,309,0,ozon_card,1,2026-08-14,-176.31
ord_000002131,u_014505,ss_00047807,clk_0000026268,2026-07-30,p_01115,Fashion,2006,41,95,ozon_card,0,,716.74
ord_000002132,u_014515,ss_00047832,clk_0000026283,2026-07-28,p_03086,Home,1443,0,294,installment,0,,204.04
ord_000002133,u_014516,ss_00047834,clk_0000026284,2026-07-24,p_04044,Auto,1002,31,359,ozon_card,0,,209.82
ord_000002134,u_014544,ss_00047914,clk_0000026325,2026-07-10,p_02090,Home,1725,192,194,cash_on_delivery,0,,109.88
ord_000002135,u_014544,ss_00047915,clk_0000026327,2026-07-14,p_02108,Kids,2029,107,172,ozon_card,0,,395.05
ord_000002136,u_014550,ss_00047946,clk_0000026336,2026-07-06,p_03621,FMCG,352,39,147,cash_on_delivery,0,,36.96
ord_000002137,u_014551,ss_00047951,clk_0000026342,2026-07-24,p_02102,Books,355,40,210,bank_card,1,2026-08-23,-10.65
ord_000002138,u_014566,ss_00047985,clk_0000026355,2026-07-19,p_00697,FMCG,643,20,0,sberpay,0,,79.09
ord_000002139,u_014573,ss_00048012,clk_0000026365,2026-07-09,p_03976,Fashion,1048,21,228,bank_card,0,,176.38
ord_000002140,u_014578,ss_00048027,clk_0000026372,2026-07-26,p_03249,FMCG,169,9,124,sberpay,0,,40.98
ord_000002141,u_014579,ss_00048034,clk_0000026375,2026-07-15,p_04137,Kids,951,29,184,sberpay,0,,194.86
ord_000002142,u_014581,ss_00048037,clk_0000026381,2026-07-16,p_04377,Home,1648,0,142,cash_on_delivery,0,,394.37
ord_000002143,u_014591,ss_00048068,clk_0000026396,2026-07-03,p_03240,Kids,1482,0,360,ozon_card,0,,308.11
ord_000002144,u_014593,ss_00048076,clk_0000026398,2026-07-15,p_04218,FMCG,892,99,359,bank_card,0,,124.61
ord_000002145,u_014595,ss_00048085,clk_0000026402,2026-07-01,p_00092,Beauty,338,46,161,bank_card,0,,83.08
ord_000002146,u_014598,ss_00048095,clk_0000026406,2026-07-15,p_04032,Fashion,1264,172,238,bank_card,0,,373.51
ord_000002147,u_014602,ss_00048104,clk_0000026411,2026-07-27,p_01104,Home,2270,0,26,installment,0,,640.82
ord_000002148,u_014613,ss_00048146,clk_0000026427,2026-07-29,p_02073,Beauty,1570,214,128,bank_card,0,,500.99
ord_000002149,u_014615,ss_00048152,clk_0000026431,2026-07-24,p_03189,Kids,1040,116,107,bank_card,0,,215.07
ord_000002150,u_014628,ss_00048187,clk_0000026452,2026-07-25,p_03718,Pet,1194,133,223,ozon_card,0,,163.7
ord_000002151,u_014634,ss_00048207,clk_0000026461,2026-07-25,p_00496,FMCG,1476,0,250,ozon_card,0,,182.58
ord_000002152,u_014664,ss_00048296,clk_0000026504,2026-07-03,p_02621,FMCG,772,24,200,ozon_card,0,,117.81
ord_000002153,u_014665,ss_00048302,clk_0000026507,2026-07-09,p_03858,Beauty,631,111,263,bank_card,0,,177.94
ord_000002154,u_014674,ss_00048327,clk_0000026521,2026-07-04,p_01221,Home,573,0,233,installment,0,,129.44
ord_000002155,u_014680,ss_00048354,clk_0000026535,2026-07-23,p_03575,Fashion,1538,0,183,sberpay,0,,494.77
ord_000002156,u_014683,ss_00048365,clk_0000026541,2026-07-06,p_04451,Auto,3898,433,0,bank_card,0,,692.28
ord_000002157,u_014692,ss_00048393,clk_0000026553,2026-07-03,p_03594,FMCG,301,0,0,ozon_card,0,,38.32
ord_000002158,u_014694,ss_00048402,clk_0000026557,2026-07-22,p_04455,Beauty,651,0,235,bank_card,0,,179.87
ord_000002159,u_014699,ss_00048412,clk_0000026563,2026-07-24,p_00009,Home,3168,352,0,bank_card,0,,627.9
ord_000002160,u_014706,ss_00048427,clk_0000026566,2026-07-21,p_02389,Electronics,2140,0,219,installment,0,,332.56
ord_000002161,u_014713,ss_00048454,clk_0000026585,2026-07-30,p_03507,Books,434,0,292,bank_card,0,,60.85
ord_000002162,u_014713,ss_00048455,clk_0000026586,2026-07-20,p_03245,Electronics,4052,0,0,bank_card,0,,350.5
ord_000002163,u_014722,ss_00048477,clk_0000026596,2026-07-08,p_00112,Kids,1217,38,0,ozon_card,0,,248.27
ord_000002164,u_014722,ss_00048481,clk_0000026599,2026-07-29,p_01752,Fashion,2289,120,297,ozon_card,0,,588.5
ord_000002165,u_014724,ss_00048495,clk_0000026607,2026-07-27,p_03029,Sports,1637,0,0,ozon_card,0,,297.61
ord_000002166,u_014729,ss_00048509,clk_0000026610,2026-07-14,p_01379,Auto,1725,0,255,ozon_card,0,,282.21
ord_000002167,u_014730,ss_00048512,clk_0000026612,2026-07-12,p_02924,Home,1317,0,97,ozon_card,0,,313.84
ord_000002168,u_014741,ss_00048542,clk_0000026633,2026-07-20,p_01794,FMCG,360,40,245,installment,0,,65.2
ord_000002169,u_014742,ss_00048548,clk_0000026641,2026-07-26,p_01036,Electronics,3583,0,89,ozon_card,0,,317.81
ord_000002170,u_014754,ss_00048601,clk_0000026685,2026-07-14,p_01565,Fashion,1041,55,245,installment,1,2026-08-15,-31.23
ord_000002171,u_014754,ss_00048603,clk_0000026688,2026-07-15,p_01484,Sports,1193,132,,bank_card,0,,349.07
ord_000002172,u_014758,ss_00048617,clk_0000026696,2026-07-23,p_03122,Fashion,1011,0,284,ozon_card,0,,193.61
ord_000002173,u_014780,ss_00048696,clk_0000026731,2026-07-07,p_00479,Beauty,152,11,0,ozon_card,0,,49.05
ord_000002174,u_014781,ss_00048702,clk_0000026739,2026-07-24,p_02465,Auto,1277,0,292,bank_card,0,,192.32
ord_000002175,u_014788,ss_00048724,clk_0000026754,2026-07-20,p_00627,Fashion,1166,159,0,installment,0,,210.7
ord_000002176,u_014790,ss_00048729,clk_0000026756,2026-07-17,p_02908,Sports,1391,0,248,bank_card,0,,252.61
ord_000002177,u_014793,ss_00048742,clk_0000026764,2026-07-21,p_01758,Beauty,902,0,157,bank_card,0,,239.75
ord_000002178,u_014808,ss_00048779,clk_0000026781,2026-07-05,p_00913,Beauty,1335,182,0,ozon_card,0,,340.16
ord_000002179,u_014812,ss_00048791,clk_0000026786,2026-07-20,p_01874,Books,221,0,44,cash_on_delivery,0,,29.11
ord_000002180,u_014830,ss_00048843,clk_0000026819,2026-07-28,p_02020,Pet,439,23,204,bank_card,0,,104.92
ord_000002181,u_014843,ss_00048898,clk_0000026841,2026-07-11,p_02547,Sports,591,0,251,ozon_card,0,,137.76
ord_000002182,u_014843,ss_00048898,clk_0000026842,2026-07-11,p_03374,Auto,4816,0,0,ozon_card,0,,723.36
ord_000002183,u_014848,ss_00048915,clk_0000026853,2026-07-19,p_02749,Fashion,1438,29,321,bank_card,0,,302.99
ord_000002184,u_014851,ss_00048923,clk_0000026855,2026-07-25,p_03784,FMCG,357,19,68,ozon_card,0,,78.5
ord_000002185,u_014855,ss_00048940,clk_0000026858,2026-07-08,p_02682,Fashion,2624,138,306,ozon_card,0,,741.54
ord_000002186,u_014860,ss_00048961,clk_0000026871,2026-07-11,p_03022,Pet,751,133,234,cash_on_delivery,0,,135.18
ord_000002187,u_014872,ss_00048992,clk_0000026896,2026-07-04,p_01473,Electronics,4293,0,351,bank_card,0,,236.97
ord_000002188,u_014876,ss_00049010,clk_0000026911,2026-07-15,p_01978,Home,1621,0,67,bank_card,0,,384.18
ord_000002189,u_014883,ss_00049026,clk_0000026917,2026-07-26,p_02749,Fashion,1423,44,187,ozon_card,0,,299.83
ord_000002190,u_014893,ss_00049059,clk_0000026936,2026-07-15,p_00286,Fashion,2437,0,0,ozon_card,0,,613.88
ord_000002191,u_014896,ss_00049070,clk_0000026943,2026-07-24,p_03637,Beauty,627,0,378,sberpay,0,,188.16
ord_000002192,u_014913,ss_00049137,clk_0000026999,2026-07-22,p_02136,Electronics,6825,0,0,bank_card,0,,885.2
ord_000002193,u_014916,ss_00049142,clk_0000027003,2026-07-06,p_00989,Beauty,508,27,187,sberpay,0,,129.08
ord_000002194,u_014918,ss_00049165,clk_0000027018,2026-07-23,p_02871,Beauty,671,91,205,ozon_card,0,,199.56
ord_000002195,u_014925,ss_00049188,clk_0000027026,2026-07-04,p_00183,Sports,939,49,272,bank_card,0,,154.0
ord_000002196,u_014928,ss_00049199,clk_0000027033,2026-07-19,p_03923,Electronics,4144,0,0,bank_card,0,,613.73
ord_000002197,u_014941,ss_00049240,clk_0000027059,2026-07-29,p_02126,Home,2782,309,125,bank_card,0,,383.92
ord_000002198,u_014942,ss_00049244,clk_0000027064,2026-07-02,p_01930,Sports,424,22,0,ozon_card,0,,83.99
ord_000002199,u_014943,ss_00049252,clk_0000027068,2026-07-11,p_03153,Home,4400,776,,installment,0,,1294.04
ord_000002200,u_014943,ss_00049253,clk_0000027069,2026-07-26,p_03285,Auto,1648,87,194,sberpay,0,,270.93
ord_000002201,u_014944,ss_00049258,clk_0000027072,2026-07-16,p_01318,Sports,1529,0,240,sberpay,0,,353.66
ord_000002202,u_014950,ss_00049277,clk_0000027077,2026-07-28,p_02576,Beauty,737,82,286,bank_card,0,,199.8
ord_000002203,u_014958,ss_00049311,clk_0000027098,2026-07-09,p_03263,Kids,691,122,293,bank_card,1,2026-08-02,-20.73
ord_000002204,u_014977,ss_00049361,clk_0000027125,2026-07-17,p_01890,Fashion,1472,77,121,bank_card,1,2026-08-04,-44.16
ord_000002205,u_014989,ss_00049399,clk_0000027140,2026-07-25,p_00963,Fashion,3620,112,298,bank_card,0,,846.72
ord_000002206,u_014999,ss_00049424,clk_0000027159,2026-07-26,p_03621,FMCG,391,0,151,ozon_card,0,,41.05
ord_000002207,u_015018,ss_00049492,clk_0000027192,2026-07-27,p_03243,Beauty,882,0,304,ozon_card,0,,238.05
ord_000002208,u_015031,ss_00049542,clk_0000027216,2026-07-09,p_00701,Pet,3617,0,235,sberpay,0,,921.97
ord_000002209,u_015075,ss_00049670,clk_0000027272,2026-07-22,p_02279,Fashion,1147,127,196,ozon_card,1,2026-07-28,-34.41
ord_000002210,u_015076,ss_00049671,clk_0000027273,2026-07-01,p_01588,Fashion,2232,0,182,cash_on_delivery,1,2026-08-05,-66.96
ord_000002211,u_015078,ss_00049677,clk_0000027277,2026-07-20,p_03555,Kids,999,53,0,sberpay,0,,167.83
ord_000002212,u_015082,ss_00049690,clk_0000027285,2026-07-02,p_02002,Pet,466,0,389,bank_card,1,2026-07-20,-13.98
ord_000002213,u_015082,ss_00049691,clk_0000027287,2026-07-27,p_00291,Books,248,0,119,installment,0,,52.85
ord_000002214,u_015095,ss_00049724,clk_0000027305,2026-07-23,p_00328,Pet,434,77,252,bank_card,0,,74.73
ord_000002215,u_015104,ss_00049748,clk_0000027321,2026-07-20,p_00548,Auto,2926,154,194,ozon_card,1,2026-08-05,-87.78
ord_000002216,u_015105,ss_00049751,clk_0000027324,2026-07-13,p_00414,FMCG,204,11,169,installment,0,,25.62
ord_000002217,u_015107,ss_00049759,clk_0000027326,2026-07-07,p_03873,Pet,2061,364,105,cash_on_delivery,0,,415.29
ord_000002218,u_015109,ss_00049770,clk_0000027330,2026-07-07,p_01498,Fashion,759,57,154,bank_card,0,,220.87
ord_000002219,u_015122,ss_00049803,clk_0000027347,2026-07-22,p_00232,Electronics,4913,259,0,bank_card,0,,814.08
ord_000002220,u_015144,ss_00049865,clk_0000027377,2026-07-17,p_03146,Beauty,879,0,174,ozon_card,0,,168.06
ord_000002221,u_015147,ss_00049871,clk_0000027383,2026-07-23,p_01256,Beauty,609,12,267,bank_card,0,,193.91
ord_000002222,u_015151,ss_00049886,clk_0000027394,2026-07-08,p_00173,Electronics,2429,270,,ozon_card,0,,141.12
ord_000002223,u_015170,ss_00049951,clk_0000027428,2026-07-19,p_03734,Beauty,274,6,269,sberpay,0,,95.93
ord_000002224,u_015209,ss_00050085,clk_0000027497,2026-07-26,p_00185,Fashion,1981,0,288,bank_card,0,,584.2
ord_000002225,u_015213,ss_00050103,clk_0000027505,2026-07-22,p_01820,Kids,1025,32,166,ozon_card,0,,201.51
ord_000002226,u_015216,ss_00050112,clk_0000027511,2026-07-11,p_03891,Sports,1033,0,187,ozon_card,0,,254.01
ord_000002227,u_015216,ss_00050113,clk_0000027513,2026-07-12,p_01111,Electronics,4728,0,0,installment,0,,721.97
ord_000002228,u_015250,ss_00050217,clk_0000027556,2026-07-06,p_01649,FMCG,243,8,177,ozon_card,0,,28.82
ord_000002229,u_015250,ss_00050220,clk_0000027557,2026-07-13,p_02862,Fashion,1601,120,,bank_card,0,,338.93
ord_000002230,u_015253,ss_00050224,clk_0000027560,2026-07-16,p_03020,Books,521,0,0,bank_card,0,,113.79
ord_000002231,u_015253,ss_00050227,clk_0000027564,2026-07-15,p_04009,Kids,1558,0,0,bank_card,0,,322.66
ord_000002232,u_015271,ss_00050269,clk_0000027591,2026-07-24,p_02449,Electronics,2519,133,274,installment,0,,231.24
ord_000002233,u_015274,ss_00050279,clk_0000027596,2026-07-10,p_00673,Electronics,4961,0,268,ozon_card,0,,692.56
ord_000002234,u_015275,ss_00050283,clk_0000027597,2026-07-05,p_01689,Beauty,293,6,105,bank_card,0,,65.4
ord_000002235,u_015277,ss_00050292,clk_0000027600,2026-07-04,p_02902,Home,1841,0,220,ozon_card,0,,301.19
ord_000002236,u_015280,ss_00050304,clk_0000027608,2026-07-03,p_00909,Electronics,2767,0,298,bank_card,0,,327.89
ord_000002237,u_015310,ss_00050415,clk_0000027664,2026-07-22,p_01176,Electronics,3233,0,0,ozon_card,0,,282.56
ord_000002238,u_015311,ss_00050417,clk_0000027665,2026-07-01,p_02233,Beauty,1832,37,0,bank_card,0,,493.91
ord_000002239,u_015322,ss_00050448,clk_0000027688,2026-07-25,p_00673,Electronics,4961,0,0,cash_on_delivery,0,,692.56
ord_000002240,u_015325,ss_00050458,clk_0000027693,2026-07-23,p_04480,Pet,612,68,221,ozon_card,0,,140.33
ord_000002241,u_015350,ss_00050534,clk_0000027729,2026-07-25,p_01865,Home,1470,77,115,ozon_card,0,,292.53
ord_000002242,u_015351,ss_00050542,clk_0000027731,2026-07-13,p_02494,Electronics,5957,0,0,bank_card,0,,827.43
ord_000002243,u_015354,ss_00050556,clk_0000027738,2026-07-27,p_02099,FMCG,760,40,218,bank_card,0,,132.47
ord_000002244,u_015363,ss_00050580,clk_0000027747,2026-07-06,p_02158,Books,431,13,146,ozon_card,0,,66.8
ord_000002245,u_015376,ss_00050611,clk_0000027763,2026-07-12,p_03629,Home,1770,0,233,cash_on_delivery,0,,266.56
ord_000002246,u_015382,ss_00050642,clk_0000027782,2026-07-20,p_02289,Electronics,2297,0,225,installment,0,,319.28
ord_000002247,u_015385,ss_00050650,clk_0000027785,2026-07-20,p_01931,Electronics,2690,0,0,sberpay,0,,289.71
ord_000002248,u_015395,ss_00050712,clk_0000027836,2026-07-15,p_00627,Fashion,1166,159,161,cash_on_delivery,0,,210.7
ord_000002249,u_015395,ss_00050713,clk_0000027837,2026-07-12,p_01606,Electronics,2021,0,0,ozon_card,0,,266.57
ord_000002250,u_015396,ss_00050720,clk_0000027845,2026-07-06,p_03896,Sports,2184,0,194,sberpay,0,,566.53
ord_000002251,u_015398,ss_00050727,clk_0000027848,2026-07-15,p_03699,Beauty,522,0,227,sberpay,0,,114.06
ord_000002252,u_015425,ss_00050817,clk_0000027897,2026-07-10,p_01694,Electronics,2644,0,,bank_card,0,,486.23
ord_000002253,u_015434,ss_00050852,clk_0000027914,2026-07-12,p_00171,Beauty,980,134,154,installment,0,,277.54
ord_000002254,u_015436,ss_00050861,clk_0000027919,2026-07-20,p_02615,Auto,2000,0,264,sberpay,0,,483.0
ord_000002255,u_015438,ss_00050868,clk_0000027925,2026-07-23,p_01773,Pet,401,12,196,bank_card,0,,91.15
ord_000002256,u_015449,ss_00050913,clk_0000027951,2026-07-09,p_02948,Kids,1390,73,21,bank_card,1,2026-08-12,-41.7
ord_000002257,u_015458,ss_00050940,clk_0000027971,2026-07-08,p_03274,Auto,1386,43,0,bank_card,0,,209.42
ord_000002258,u_015460,ss_00050948,clk_0000027976,2026-07-17,p_02068,Pet,363,0,0,cash_on_delivery,0,,69.73
ord_000002259,u_015483,ss_00051031,clk_0000028017,2026-07-19,p_01550,Books,370,20,246,bank_card,0,,68.56
ord_000002260,u_015491,ss_00051048,clk_0000028024,2026-07-17,p_04470,Sports,2276,0,223,bank_card,0,,724.22
ord_000002261,u_015493,ss_00051052,clk_0000028026,2026-07-17,p_01846,Electronics,3334,176,0,ozon_card,0,,560.45
ord_000002262,u_015494,ss_00051059,clk_0000028029,2026-07-04,p_02740,Kids,633,0,99,bank_card,0,,131.79
ord_000002263,u_015513,ss_00051132,clk_0000028064,2026-07-01,p_04338,Electronics,2394,74,254,sberpay,0,,254.72
ord_000002264,u_015517,ss_00051147,clk_0000028072,2026-07-27,p_01765,FMCG,256,28,190,bank_card,0,,38.89
ord_000002265,u_015538,ss_00051235,clk_0000028144,2026-07-28,p_02472,Pet,454,0,,bank_card,0,,127.3
ord_000002266,u_015543,ss_00051247,clk_0000028149,2026-07-02,p_03851,Sports,779,87,284,ozon_card,0,,171.07
ord_000002267,u_015544,ss_00051249,clk_0000028151,2026-07-06,p_04346,Beauty,952,29,152,bank_card,0,,232.76
ord_000002268,u_015546,ss_00051263,clk_0000028162,2026-07-02,p_01302,FMCG,235,26,106,installment,0,,38.45
ord_000002269,u_015551,ss_00051286,clk_0000028184,2026-07-13,p_02039,Beauty,160,8,,sberpay,0,,29.54
ord_000002270,u_015551,ss_00051289,clk_0000028187,2026-07-30,p_01521,Electronics,5166,0,248,bank_card,0,,269.15
ord_000002271,u_015555,ss_00051307,clk_0000028195,2026-07-20,p_02262,Auto,2210,116,163,cash_on_delivery,0,,284.65
ord_000002272,u_015557,ss_00051313,clk_0000028200,2026-07-05,p_02757,Electronics,5389,0,0,ozon_card,0,,921.52
ord_000002273,u_015560,ss_00051325,clk_0000028205,2026-07-21,p_00328,Pet,511,0,333,bank_card,0,,87.99
ord_000002274,u_015561,ss_00051328,clk_0000028207,2026-07-20,p_01739,Beauty,608,19,53,ozon_card,0,,160.94
ord_000002275,u_015581,ss_00051393,clk_0000028240,2026-07-28,p_03123,Fashion,1319,180,135,bank_card,1,2026-08-11,-39.57
ord_000002276,u_015588,ss_00051425,clk_0000028258,2026-07-20,p_00342,Beauty,1682,89,286,cash_on_delivery,0,,347.33
ord_000002277,u_015598,ss_00051461,clk_0000028270,2026-07-15,p_02813,Fashion,1344,149,0,bank_card,1,2026-08-11,-40.32
ord_000002278,u_015598,ss_00051463,clk_0000028271,2026-07-09,p_01962,FMCG,690,0,278,sberpay,0,,127.37
ord_000002279,u_015599,ss_00051468,clk_0000028273,2026-07-27,p_00956,Home,2503,0,306,bank_card,0,,344.91
ord_000002280,u_015607,ss_00051492,clk_0000028292,2026-07-12,p_01224,Fashion,722,15,0,bank_card,0,,191.4
ord_000002281,u_015607,ss_00051495,clk_0000028295,2026-07-21,p_03778,Fashion,2845,58,0,bank_card,1,2026-08-19,-85.35
ord_000002282,u_015607,ss_00051495,clk_0000028296,2026-07-21,p_02487,Pet,1407,44,0,ozon_card,0,,197.54
ord_000002283,u_015622,ss_00051551,clk_0000028314,2026-07-29,p_03740,Fashion,2592,0,216,bank_card,0,,476.15
ord_000002284,u_015630,ss_00051595,clk_0000028355,2026-07-11,p_01133,Kids,1308,69,254,bank_card,0,,314.7
ord_000002285,u_015632,ss_00051604,clk_0000028358,2026-07-04,p_03893,Home,4334,0,0,sberpay,0,,680.87
ord_000002286,u_015638,ss_00051622,clk_0000028365,2026-07-28,p_01326,Home,1596,49,0,ozon_card,0,,376.66
ord_000002287,u_015638,ss_00051622,clk_0000028366,2026-07-28,p_03346,Kids,1286,143,0,sberpay,0,,271.35
ord_000002288,u_015643,ss_00051637,clk_0000028374,2026-07-06,p_01506,Home,2760,0,279,bank_card,0,,600.58
ord_000002289,u_015646,ss_00051644,clk_0000028378,2026-07-04,p_04248,Home,949,105,159,bank_card,1,2026-07-13,-28.47
ord_000002290,u_015652,ss_00051666,clk_0000028385,2026-07-24,p_03315,FMCG,1684,52,183,bank_card,0,,84.71
ord_000002291,u_015652,ss_00051667,clk_0000028386,2026-07-15,p_01393,Sports,1369,42,205,ozon_card,0,,301.18
ord_000002292,u_015655,ss_00051677,clk_0000028393,2026-07-20,p_03317,Home,2751,0,190,sberpay,0,,554.6
ord_000002293,u_015666,ss_00051720,clk_0000028415,2026-07-12,p_00257,Electronics,2262,70,209,sberpay,0,,397.66
ord_000002294,u_015694,ss_00051817,clk_0000028470,2026-07-04,p_04427,Electronics,8594,0,0,bank_card,0,,1301.99
ord_000002295,u_015694,ss_00051819,clk_0000028471,2026-07-05,p_03087,Home,2035,226,0,ozon_card,0,,378.71
ord_000002296,u_015694,ss_00051821,clk_0000028472,2026-07-22,p_02997,Kids,629,0,0,bank_card,0,,141.97
ord_000002297,u_015708,ss_00051880,clk_0000028512,2026-07-22,p_04430,Auto,7637,0,0,bank_card,0,,1201.3
ord_000002298,u_015709,ss_00051885,clk_0000028514,2026-07-11,p_04082,Fashion,1156,24,149,bank_card,0,,278.13
ord_000002299,u_015720,ss_00051920,clk_0000028530,2026-07-23,p_03835,Home,5810,0,91,installment,0,,1381.62
ord_000002300,u_015721,ss_00051926,clk_0000028535,2026-07-17,p_01681,Kids,883,0,173,ozon_card,0,,164.68
ord_000002301,u_015733,ss_00051981,clk_0000028559,2026-07-25,p_03635,Books,318,0,233,ozon_card,0,,67.32
ord_000002302,u_015764,ss_00052074,clk_0000028598,2026-07-29,p_02890,Electronics,3191,168,0,bank_card,0,,325.8
ord_000002303,u_015766,ss_00052082,clk_0000028605,2026-07-07,p_03803,Kids,798,0,90,ozon_card,0,,172.85
ord_000002304,u_015767,ss_00052086,clk_0000028608,2026-07-06,p_04319,Sports,2046,0,48,bank_card,0,,381.37
ord_000002305,u_015769,ss_00052092,clk_0000028612,2026-07-22,p_03193,Fashion,917,48,0,bank_card,0,,228.24
ord_000002306,u_015833,ss_00052279,clk_0000028687,2026-07-07,p_03052,Home,3562,0,0,sberpay,0,,618.01
ord_000002307,u_015839,ss_00052307,clk_0000028700,2026-07-12,p_04260,Kids,585,18,232,ozon_card,0,,120.92
ord_000002308,u_015849,ss_00052335,clk_0000028708,2026-07-15,p_01816,Home,2420,269,259,bank_card,0,,483.76
ord_000002309,u_015849,ss_00052338,clk_0000028709,2026-07-19,p_00479,Beauty,155,8,187,bank_card,0,,50.02
ord_000002310,u_015856,ss_00052367,clk_0000028715,2026-07-17,p_01763,Kids,791,88,0,ozon_card,0,,129.72
ord_000002311,u_015877,ss_00052423,clk_0000028745,2026-07-29,p_00245,Kids,777,0,224,bank_card,0,,182.28
ord_000002312,u_015880,ss_00052432,clk_0000028747,2026-07-09,p_03122,Fashion,960,51,210,sberpay,0,,183.84
ord_000002313,u_015882,ss_00052441,clk_0000028750,2026-07-28,p_00491,FMCG,515,0,191,bank_card,0,,60.41
ord_000002314,u_015885,ss_00052450,clk_0000028755,2026-07-27,p_02937,Pet,681,0,243,ozon_card,0,,144.1
ord_000002315,u_015890,ss_00052458,clk_0000028759,2026-07-20,p_01372,Home,1758,195,357,cash_on_delivery,0,,320.48
ord_000002316,u_015896,ss_00052486,clk_0000028777,2026-07-22,p_01443,Home,2072,230,203,cash_on_delivery,0,,262.73
ord_000002317,u_015902,ss_00052504,clk_0000028788,2026-07-26,p_01885,Pet,1907,0,202,bank_card,0,,321.9
ord_000002318,u_015908,ss_00052523,clk_0000028797,2026-07-20,p_01742,Fashion,2107,65,178,installment,0,,591.86
ord_000002319,u_015911,ss_00052531,clk_0000028800,2026-07-30,p_00408,FMCG,157,17,246,installment,0,,34.63
ord_000002320,u_015940,ss_00052627,clk_0000028841,2026-07-11,p_04301,Beauty,368,28,0,bank_card,0,,104.14
ord_000002321,u_015942,ss_00052637,clk_0000028854,2026-07-10,p_00435,Home,1589,177,30,bank_card,0,,301.12
ord_000002322,u_015943,ss_00052638,clk_0000028855,2026-07-05,p_01835,Books,606,19,187,bank_card,0,,88.23
ord_000002323,u_015943,ss_00052639,clk_0000028856,2026-07-07,p_02723,Pet,441,23,107,sberpay,0,,58.92
ord_000002324,u_015953,ss_00052683,clk_0000028885,2026-07-25,p_04411,Fashion,882,120,6,ozon_card,0,,176.84
ord_000002325,u_015958,ss_00052703,clk_0000028894,2026-07-08,p_01170,Fashion,661,50,0,bank_card,0,,205.17
ord_000002326,u_015961,ss_00052717,clk_0000028902,2026-07-22,p_03378,Sports,230,7,142,installment,0,,63.2
ord_000002327,u_015968,ss_00052738,clk_0000028912,2026-07-20,p_01076,Books,366,19,0,bank_card,0,,86.89
ord_000002328,u_015970,ss_00052749,clk_0000028921,2026-07-19,p_03455,Home,3599,189,201,installment,0,,458.15
ord_000002329,u_015980,ss_00052791,clk_0000028936,2026-07-10,p_01161,Beauty,651,34,269,sberpay,0,,185.53
ord_000002330,u_015980,ss_00052791,clk_0000028937,2026-07-10,p_04466,Fashion,1264,39,258,bank_card,1,2026-07-29,-37.92
ord_000002331,u_015984,ss_00052806,clk_0000028949,2026-07-20,p_01112,FMCG,1199,212,234,bank_card,0,,187.64
ord_000002332,u_015998,ss_00052847,clk_0000028967,2026-07-14,p_04198,Books,286,0,176,sberpay,0,,42.24
ord_000002333,u_015999,ss_00052850,clk_0000028968,2026-07-22,p_03787,Fashion,1288,26,27,ozon_card,0,,287.48
ord_000002334,u_016000,ss_00052853,clk_0000028970,2026-07-05,p_01360,Fashion,1714,35,116,cash_on_delivery,0,,451.3
ord_000002335,u_016006,ss_00052878,clk_0000028984,2026-07-11,p_01901,Beauty,864,18,264,bank_card,0,,200.1
ord_000002336,u_016030,ss_00052974,clk_0000029042,2026-07-27,p_00398,FMCG,256,0,,ozon_card,0,,25.34
ord_000002337,u_016031,ss_00052978,clk_0000029044,2026-07-05,p_03872,Electronics,2926,90,168,ozon_card,0,,434.8
ord_000002338,u_016033,ss_00052985,clk_0000029049,2026-07-10,p_03716,FMCG,236,12,240,bank_card,0,,38.0
ord_000002339,u_016046,ss_00053034,clk_0000029069,2026-07-04,p_00862,Sports,645,0,362,ozon_card,0,,134.35
ord_000002340,u_016054,ss_00053069,clk_0000029080,2026-07-06,p_02124,Sports,3143,97,0,installment,1,2026-07-25,-94.29
ord_000002341,u_016061,ss_00053089,clk_0000029089,2026-07-24,p_04080,FMCG,377,0,280,cash_on_delivery,0,,79.47
ord_000002342,u_016061,ss_00053090,clk_0000029092,2026-07-22,p_00595,Electronics,2497,0,200,bank_card,0,,297.89
ord_000002343,u_016062,ss_00053095,clk_0000029094,2026-07-07,p_03929,Kids,472,52,0,sberpay,0,,71.56
ord_000002344,u_016062,ss_00053096,clk_0000029095,2026-07-21,p_04217,Sports,609,32,0,bank_card,0,,120.09
ord_000002345,u_016066,ss_00053107,clk_0000029103,2026-07-29,p_02416,Beauty,1032,0,147,bank_card,0,,364.61
ord_000002346,u_016067,ss_00053112,clk_0000029106,2026-07-16,p_00202,Sports,1052,33,267,sberpay,0,,281.3
ord_000002347,u_016102,ss_00053230,clk_0000029150,2026-07-19,p_02369,Beauty,382,20,277,ozon_card,0,,65.86
ord_000002348,u_016118,ss_00053280,clk_0000029177,2026-07-20,p_04356,Home,913,101,,bank_card,0,,173.74
ord_000002349,u_016120,ss_00053292,clk_0000029187,2026-07-29,p_02128,Fashion,704,0,22,ozon_card,0,,195.78
ord_000002350,u_016128,ss_00053327,clk_0000029208,2026-07-18,p_00641,Fashion,643,13,,ozon_card,0,,189.36
ord_000002351,u_016137,ss_00053364,clk_0000029217,2026-07-28,p_02272,Pet,713,0,329,bank_card,0,,172.4
ord_000002352,u_016142,ss_00053388,clk_0000029230,2026-07-21,p_03356,Pet,531,28,0,installment,0,,86.39
ord_000002353,u_016153,ss_00053420,clk_0000029250,2026-07-29,p_01663,Electronics,5196,577,0,sberpay,0,,650.02
ord_000002354,u_016163,ss_00053442,clk_0000029265,2026-07-23,p_02655,Beauty,1125,23,0,bank_card,0,,283.5
ord_000002355,u_016168,ss_00053454,clk_0000029278,2026-07-20,p_01842,Beauty,730,38,207,sberpay,0,,223.45
ord_000002356,u_016176,ss_00053473,clk_0000029295,2026-07-09,p_00760,Home,776,0,160,ozon_card,0,,105.85
ord_000002357,u_016176,ss_00053477,clk_0000029298,2026-07-02,p_02598,Books,484,0,143,sberpay,0,,61.9
ord_000002358,u_016177,ss_00053484,clk_0000029303,2026-07-05,p_02052,FMCG,288,9,0,ozon_card,0,,37.01
ord_000002359,u_016184,ss_00053507,clk_0000029316,2026-07-28,p_00737,Electronics,3424,0,0,ozon_card,0,,565.99
ord_000002360,u_016186,ss_00053515,clk_0000029322,2026-07-25,p_00111,Sports,1526,0,185,bank_card,0,,398.44
ord_000002361,u_016187,ss_00053518,clk_0000029325,2026-07-14,p_02702,Electronics,3308,102,,cash_on_delivery,0,,509.1
ord_000002362,u_016192,ss_00053543,clk_0000029338,2026-07-02,p_02017,Pet,411,0,284,ozon_card,0,,77.35
ord_000002363,u_016194,ss_00053552,clk_0000029343,2026-07-25,p_02218,Home,1280,0,149,ozon_card,0,,190.08
ord_000002364,u_016194,ss_00053553,clk_0000029344,2026-07-05,p_02428,Electronics,2055,228,247,bank_card,0,,82.2
ord_000002365,u_016207,ss_00053585,clk_0000029360,2026-07-06,p_03926,Electronics,3315,0,99,ozon_card,0,,541.67
ord_000002366,u_016212,ss_00053599,clk_0000029363,2026-07-08,p_04459,Auto,625,0,0,ozon_card,0,,136.81
ord_000002367,u_016220,ss_00053626,clk_0000029384,2026-07-21,p_00774,Electronics,3668,0,218,bank_card,0,,213.84
ord_000002368,u_016225,ss_00053632,clk_0000029386,2026-07-13,p_02018,Electronics,4037,125,0,ozon_card,0,,305.2
ord_000002369,u_016225,ss_00053634,clk_0000029387,2026-07-30,p_01515,Beauty,732,15,0,installment,0,,180.58
ord_000002370,u_016228,ss_00053641,clk_0000029393,2026-07-05,p_03622,Home,1587,84,133,ozon_card,0,,269.79
ord_000002371,u_016234,ss_00053664,clk_0000029410,2026-07-25,p_03535,Kids,910,0,152,ozon_card,1,2026-08-02,-27.3
ord_000002372,u_016235,ss_00053666,clk_0000029413,2026-07-20,p_01075,Auto,972,108,270,installment,0,,187.89
ord_000002373,u_016256,ss_00053734,clk_0000029442,2026-07-16,p_03907,Auto,2026,357,104,ozon_card,0,,478.74
ord_000002374,u_016268,ss_00053766,clk_0000029463,2026-07-06,p_01495,Home,3323,0,146,sberpay,0,,731.06
ord_000002375,u_016271,ss_00053780,clk_0000029470,2026-07-27,p_01304,FMCG,524,0,250,ozon_card,0,,83.11
ord_000002376,u_016272,ss_00053784,clk_0000029472,2026-07-16,p_00447,FMCG,634,0,181,sberpay,0,,84.96
ord_000002377,u_016273,ss_00053789,clk_0000029476,2026-07-30,p_04104,Pet,968,30,228,ozon_card,0,,211.8
ord_000002378,u_016276,ss_00053798,clk_0000029482,2026-07-22,p_04005,Fashion,2766,208,294,ozon_card,0,,519.73
ord_000002379,u_016283,ss_00053826,clk_0000029494,2026-07-25,p_01615,FMCG,272,30,0,bank_card,0,,51.08
ord_000002380,u_016289,ss_00053843,clk_0000029498,2026-07-14,p_01301,Sports,495,0,200,sberpay,0,,126.82
ord_000002381,u_016293,ss_00053857,clk_0000029503,2026-07-28,p_00882,Electronics,2062,0,179,bank_card,0,,260.43
ord_000002382,u_016297,ss_00053868,clk_0000029508,2026-07-04,p_00417,FMCG,388,0,294,ozon_card,0,,58.32
ord_000002383,u_016297,ss_00053872,clk_0000029512,2026-07-15,p_03085,Books,109,6,130,bank_card,0,,27.38
ord_000002384,u_016302,ss_00053885,clk_0000029521,2026-07-12,p_02604,Kids,1566,0,419,sberpay,0,,296.44
ord_000002385,u_016305,ss_00053894,clk_0000029526,2026-07-20,p_04271,Home,1469,0,137,bank_card,0,,268.97
ord_000002386,u_016305,ss_00053896,clk_0000029528,2026-07-24,p_01150,Home,1448,161,253,bank_card,0,,231.97
ord_000002387,u_016309,ss_00053910,clk_0000029533,2026-07-01,p_04267,Home,2320,122,96,installment,0,,443.12
ord_000002388,u_016319,ss_00053942,clk_0000029550,2026-07-02,p_04161,Home,1453,76,157,installment,0,,312.1
ord_000002389,u_016337,ss_00054023,clk_0000029592,2026-07-26,p_01247,Home,1585,0,251,ozon_card,0,,517.5
ord_000002390,u_016342,ss_00054038,clk_0000029602,2026-07-11,p_03034,Fashion,2476,51,176,sberpay,0,,695.26
ord_000002391,u_016344,ss_00054047,clk_0000029605,2026-07-12,p_02763,Sports,1827,96,0,ozon_card,0,,322.83
ord_000002392,u_016355,ss_00054086,clk_0000029621,2026-07-08,p_00122,Beauty,472,64,168,ozon_card,0,,127.86
ord_000002393,u_016357,ss_00054092,clk_0000029625,2026-07-18,p_00752,Electronics,5343,281,227,sberpay,0,,984.71
ord_000002394,u_016372,ss_00054130,clk_0000029638,2026-07-24,p_01287,Sports,660,73,267,bank_card,0,,130.61
ord_000002395,u_016373,ss_00054138,clk_0000029639,2026-07-27,p_00589,FMCG,182,0,312,bank_card,0,,14.71
ord_000002396,u_016378,ss_00054155,clk_0000029648,2026-07-04,p_04403,Books,439,0,0,bank_card,0,,87.01
ord_000002397,u_016381,ss_00054163,clk_0000029650,2026-07-19,p_04303,Auto,3587,398,0,sberpay,0,,260.06
ord_000002398,u_016381,ss_00054163,clk_0000029651,2026-07-19,p_04006,Books,128,0,256,ozon_card,0,,17.63
ord_000002399,u_016386,ss_00054184,clk_0000029662,2026-07-05,p_00398,FMCG,230,26,0,cash_on_delivery,1,2026-07-12,-6.9
ord_000002400,u_016391,ss_00054200,clk_0000029669,2026-07-23,p_04092,Books,506,27,177,bank_card,0,,46.2
ord_000002401,u_016398,ss_00054224,clk_0000029683,2026-07-17,p_00606,Home,977,30,208,bank_card,0,,245.91
ord_000002402,u_016414,ss_00054277,clk_0000029709,2026-07-30,p_04130,Auto,3921,0,0,ozon_card,0,,713.23
ord_000002403,u_016421,ss_00054296,clk_0000029724,2026-07-01,p_00352,Fashion,1115,0,271,installment,0,,334.61
ord_000002404,u_016427,ss_00054322,clk_0000029741,2026-07-03,p_03933,Kids,883,46,255,ozon_card,0,,132.19
ord_000002405,u_016446,ss_00054379,clk_0000029775,2026-07-28,p_01705,Kids,1958,61,184,ozon_card,0,,519.46
ord_000002406,u_016448,ss_00054390,clk_0000029781,2026-07-07,p_02085,Fashion,3323,453,226,bank_card,0,,721.76
ord_000002407,u_016452,ss_00054402,clk_0000029787,2026-07-27,p_00308,Books,446,0,207,bank_card,0,,95.0
ord_000002408,u_016456,ss_00054414,clk_0000029794,2026-07-17,p_00710,Fashion,743,15,0,bank_card,0,,174.6
ord_000002409,u_016474,ss_00054483,clk_0000029827,2026-07-04,p_02047,Sports,1557,0,240,ozon_card,0,,371.81
ord_000002410,u_016479,ss_00054498,clk_0000029838,2026-07-26,p_02026,Home,2488,0,289,cash_on_delivery,0,,391.11
ord_000002411,u_016491,ss_00054540,clk_0000029859,2026-07-14,p_00363,Pet,957,30,164,ozon_card,0,,124.51
ord_000002412,u_016493,ss_00054548,clk_0000029865,2026-07-29,p_01536,FMCG,190,0,312,bank_card,0,,16.62
ord_000002413,u_016505,ss_00054596,clk_0000029893,2026-07-01,p_00570,Electronics,336,18,187,sberpay,1,2026-07-21,-10.08
ord_000002414,u_016506,ss_00054600,clk_0000029897,2026-07-12,p_01345,Kids,484,26,292,bank_card,0,,83.39
ord_000002415,u_016526,ss_00054663,clk_0000029921,2026-07-13,p_01517,Home,2984,92,265,bank_card,0,,575.02
ord_000002416,u_016528,ss_00054667,clk_0000029925,2026-07-29,p_01379,Auto,1725,0,197,bank_card,0,,282.21
ord_000002417,u_016533,ss_00054677,clk_0000029930,2026-07-05,p_04252,Beauty,2392,0,257,sberpay,0,,593.69
ord_000002418,u_016557,ss_00054739,clk_0000029962,2026-07-23,p_03686,Home,5172,160,0,bank_card,0,,1145.6
ord_000002419,u_016559,ss_00054746,clk_0000029965,2026-07-30,p_03653,Fashion,669,50,266,bank_card,0,,137.68
ord_000002420,u_016561,ss_00054759,clk_0000029975,2026-07-18,p_00083,Electronics,3152,97,0,ozon_card,0,,438.76
ord_000002421,u_016562,ss_00054762,clk_0000029976,2026-07-03,p_02159,Home,769,85,163,installment,0,,131.73
ord_000002422,u_016567,ss_00054774,clk_0000029980,2026-07-04,p_01834,Auto,5532,291,0,ozon_card,0,,630.65
ord_000002423,u_016567,ss_00054779,clk_0000029985,2026-07-02,p_01352,Electronics,5329,0,268,bank_card,0,,219.55
ord_000002424,u_016570,ss_00054787,clk_0000029992,2026-07-17,p_02718,Sports,1009,112,0,bank_card,0,,177.08
ord_000002425,u_016571,ss_00054791,clk_0000029995,2026-07-18,p_03783,Sports,1267,0,370,sberpay,0,,350.33
ord_000002426,u_016577,ss_00054807,clk_0000030005,2026-07-06,p_02806,Home,4112,0,180,cash_on_delivery,0,,948.64
ord_000002427,u_016584,ss_00054825,clk_0000030016,2026-07-30,p_04060,FMCG,433,48,298,sberpay,0,,70.23
ord_000002428,u_016593,ss_00054856,clk_0000030033,2026-07-14,p_03325,Home,931,0,370,sberpay,0,,172.79
ord_000002429,u_016597,ss_00054869,clk_0000030042,2026-07-30,p_00201,FMCG,746,0,93,cash_on_delivery,0,,100.49
ord_000002430,u_016598,ss_00054871,clk_0000030043,2026-07-30,p_02991,Fashion,740,130,206,bank_card,0,,159.54
ord_000002431,u_016606,ss_00054903,clk_0000030060,2026-07-02,p_03694,Home,3611,0,112,sberpay,0,,542.01
ord_000002432,u_016609,ss_00054914,clk_0000030066,2026-07-26,p_03199,Auto,3414,0,0,bank_card,0,,572.53
ord_000002433,u_016609,ss_00054917,clk_0000030070,2026-07-29,p_03232,Electronics,1819,0,194,ozon_card,0,,358.52
ord_000002434,u_016617,ss_00054934,clk_0000030078,2026-07-07,p_03226,Fashion,3019,618,0,ozon_card,1,2026-07-12,-90.57
ord_000002435,u_016635,ss_00054981,clk_0000030097,2026-07-09,p_01478,Beauty,375,77,134,bank_card,0,,143.29
ord_000002436,u_016639,ss_00054990,clk_0000030100,2026-07-27,p_00948,Kids,915,28,148,bank_card,0,,176.5
ord_000002437,u_016649,ss_00055016,clk_0000030108,2026-07-02,p_02207,Electronics,8093,899,0,bank_card,0,,988.16
ord_000002438,u_016669,ss_00055075,clk_0000030133,2026-07-06,p_02725,Electronics,4468,138,,cash_on_delivery,0,,618.82
ord_000002439,u_016669,ss_00055077,clk_0000030135,2026-07-27,p_00876,Beauty,573,12,125,cash_on_delivery,0,,145.43
ord_000002440,u_016673,ss_00055089,clk_0000030141,2026-07-27,p_02015,Electronics,3451,384,,ozon_card,0,,611.86
ord_000002441,u_016679,ss_00055105,clk_0000030150,2026-07-01,p_02836,Kids,1055,0,117,bank_card,0,,195.18
ord_000002442,u_016682,ss_00055115,clk_0000030158,2026-07-20,p_04330,Electronics,2928,325,194,bank_card,0,,314.47
ord_000002443,u_016686,ss_00055126,clk_0000030164,2026-07-20,p_00370,Beauty,663,20,174,ozon_card,0,,186.1
ord_000002444,u_016686,ss_00055127,clk_0000030167,2026-07-01,p_00737,Electronics,3424,0,0,bank_card,0,,565.99
ord_000002445,u_016702,ss_00055174,clk_0000030197,2026-07-16,p_03614,Fashion,1441,76,228,ozon_card,0,,441.67
ord_000002446,u_016713,ss_00055203,clk_0000030210,2026-07-30,p_02905,Kids,821,43,0,ozon_card,0,,194.17
ord_000002447,u_016717,ss_00055218,clk_0000030215,2026-07-17,p_00690,Fashion,300,61,349,sberpay,0,,58.71
ord_000002448,u_016722,ss_00055233,clk_0000030222,2026-07-16,p_03430,Home,2335,259,85,cash_on_delivery,0,,565.07
ord_000002449,u_016722,ss_00055235,clk_0000030224,2026-07-23,p_02644,Books,111,6,93,sberpay,1,2026-08-08,-3.33
ord_000002450,u_016729,ss_00055265,clk_0000030239,2026-07-02,p_02034,Auto,6736,0,0,ozon_card,0,,1239.42
ord_000002451,u_016733,ss_00055272,clk_0000030243,2026-07-10,p_01171,Electronics,5798,0,0,installment,0,,693.44
ord_000002452,u_016742,ss_00055300,clk_0000030251,2026-07-13,p_03431,Electronics,3069,162,0,sberpay,1,2026-07-18,-92.07
ord_000002453,u_016747,ss_00055312,clk_0000030261,2026-07-11,p_00414,FMCG,215,0,132,bank_card,0,,27.0
ord_000002454,u_016749,ss_00055323,clk_0000030266,2026-07-04,p_02734,Pet,724,0,337,bank_card,0,,156.89
ord_000002455,u_016764,ss_00055376,clk_0000030287,2026-07-22,p_01052,Home,1917,101,214,bank_card,0,,322.82
ord_000002456,u_016768,ss_00055389,clk_0000030292,2026-07-29,p_04377,Home,1566,82,220,installment,0,,374.74
ord_000002457,u_016774,ss_00055407,clk_0000030300,2026-07-25,p_03934,Fashion,836,17,235,bank_card,0,,184.0
ord_000002458,u_016782,ss_00055431,clk_0000030315,2026-07-27,p_04221,Electronics,3580,0,0,bank_card,1,2026-08-25,-107.4
ord_000002459,u_016784,ss_00055441,clk_0000030318,2026-07-02,p_01002,Fashion,427,47,0,ozon_card,0,,111.06
ord_000002460,u_016811,ss_00055520,clk_0000030365,2026-07-13,p_00960,Books,375,42,205,ozon_card,0,,62.89
ord_000002461,u_016821,ss_00055554,clk_0000030389,2026-07-06,p_02095,Fashion,1461,0,317,bank_card,0,,161.15
ord_000002462,u_016831,ss_00055583,clk_0000030396,2026-07-04,p_01256,Beauty,602,19,0,ozon_card,0,,191.68
ord_000002463,u_016833,ss_00055595,clk_0000030404,2026-07-19,p_02328,Electronics,10785,0,0,bank_card,0,,1358.91
ord_000002464,u_016837,ss_00055618,clk_0000030414,2026-07-15,p_00615,Home,3297,0,101,sberpay,0,,807.11
ord_000002465,u_016838,ss_00055619,clk_0000030415,2026-07-26,p_02707,Fashion,1954,0,76,sberpay,0,,428.51
ord_000002466,u_016838,ss_00055621,clk_0000030416,2026-07-03,p_02063,Sports,1695,0,159,bank_card,0,,370.02
ord_000002467,u_016838,ss_00055621,clk_0000030417,2026-07-03,p_02889,Beauty,634,70,85,bank_card,0,,171.94
ord_000002468,u_016848,ss_00055639,clk_0000030430,2026-07-29,p_00782,Sports,1499,0,51,bank_card,0,,393.79
ord_000002469,u_016849,ss_00055643,clk_0000030433,2026-07-18,p_02288,Home,988,0,284,sberpay,0,,242.06
ord_000002470,u_016862,ss_00055679,clk_0000030449,2026-07-18,p_03765,Kids,989,52,333,cash_on_delivery,0,,131.14
ord_000002471,u_016867,ss_00055696,clk_0000030460,2026-07-23,p_02729,Fashion,941,19,201,bank_card,0,,231.77
ord_000002472,u_016882,ss_00055738,clk_0000030490,2026-07-15,p_03851,Sports,823,43,217,bank_card,0,,180.73
ord_000002473,u_016887,ss_00055750,clk_0000030499,2026-07-01,p_00532,Fashion,2260,251,235,bank_card,0,,571.33
ord_000002474,u_016894,ss_00055767,clk_0000030508,2026-07-23,p_03595,Auto,1856,0,0,bank_card,0,,379.0
ord_000002475,u_016895,ss_00055772,clk_0000030512,2026-07-21,p_04402,Kids,1441,0,227,bank_card,0,,340.8
ord_000002476,u_016898,ss_00055786,clk_0000030517,2026-07-06,p_01028,Beauty,740,15,194,bank_card,0,,230.44
ord_000002477,u_016901,ss_00055794,clk_0000030520,2026-07-16,p_01111,Electronics,4255,473,0,sberpay,0,,649.74
ord_000002478,u_016959,ss_00055966,clk_0000030616,2026-07-04,p_02939,Electronics,3361,177,0,bank_card,0,,516.25
ord_000002479,u_016968,ss_00055994,clk_0000030634,2026-07-03,p_00689,Beauty,324,17,207,ozon_card,0,,113.01
ord_000002480,u_016970,ss_00056001,clk_0000030639,2026-07-02,p_02585,Books,84,15,,bank_card,0,,9.92
ord_000002481,u_016972,ss_00056021,clk_0000030656,2026-07-01,p_01549,Electronics,2794,0,,ozon_card,0,,387.81
ord_000002482,u_016972,ss_00056022,clk_0000030658,2026-07-27,p_03939,Pet,632,70,298,bank_card,0,,144.41
ord_000002483,u_016983,ss_00056049,clk_0000030665,2026-07-14,p_01089,FMCG,418,0,199,ozon_card,0,,67.21
ord_000002484,u_016983,ss_00056051,clk_0000030669,2026-07-23,p_04406,Pet,1575,49,250,sberpay,0,,218.61
ord_000002485,u_016990,ss_00056077,clk_0000030681,2026-07-21,p_01889,Electronics,2299,406,19,bank_card,0,,236.57
ord_000002486,u_016991,ss_00056078,clk_0000030684,2026-07-04,p_04348,Electronics,3484,0,0,bank_card,0,,511.8
ord_000002487,u_017001,ss_00056104,clk_0000030694,2026-07-14,p_01386,Pet,478,0,58,bank_card,0,,90.82
ord_000002488,u_017005,ss_00056113,clk_0000030698,2026-07-09,p_02855,Fashion,3184,240,214,ozon_card,0,,953.61
ord_000002489,u_017021,ss_00056161,clk_0000030724,2026-07-22,p_02885,Pet,368,0,157,bank_card,0,,29.81
ord_000002490,u_017025,ss_00056175,clk_0000030734,2026-07-25,p_00515,Pet,717,126,200,installment,0,,147.42
ord_000002491,u_017028,ss_00056188,clk_0000030740,2026-07-02,p_00554,Sports,2559,0,0,bank_card,0,,472.65
ord_000002492,u_017037,ss_00056210,clk_0000030750,2026-07-11,p_02055,FMCG,395,0,64,bank_card,0,,15.8
ord_000002493,u_017038,ss_00056215,clk_0000030752,2026-07-06,p_01295,Fashion,2198,244,177,sberpay,0,,479.16
ord_000002494,u_017041,ss_00056223,clk_0000030756,2026-07-23,p_02657,Pet,314,35,260,cash_on_delivery,0,,65.97
ord_000002495,u_017048,ss_00056244,clk_0000030771,2026-07-11,p_00438,Fashion,2627,538,112,ozon_card,0,,506.49
ord_000002496,u_017069,ss_00056327,clk_0000030824,2026-07-19,p_01316,Beauty,461,14,0,installment,0,,138.76
ord_000002497,u_017075,ss_00056348,clk_0000030840,2026-07-25,p_00695,Auto,833,26,,installment,0,,229.82
ord_000002498,u_017095,ss_00056426,clk_0000030886,2026-07-01,p_00876,Beauty,573,12,223,sberpay,0,,145.43
ord_000002499,u_017099,ss_00056438,clk_0000030891,2026-07-09,p_01235,Home,1682,0,165,bank_card,0,,400.32
ord_000002500,u_017108,ss_00056468,clk_0000030912,2026-07-12,p_01878,FMCG,398,0,202,bank_card,0,,89.19
ord_000002501,u_017109,ss_00056469,clk_0000030914,2026-07-09,p_04240,Electronics,2547,134,204,bank_card,0,,274.06
ord_000002502,u_017137,ss_00056552,clk_0000030963,2026-07-07,p_04133,Kids,1223,0,0,ozon_card,0,,229.31
ord_000002503,u_017154,ss_00056590,clk_0000030979,2026-07-13,p_00397,Fashion,718,80,250,installment,0,,218.2
ord_000002504,u_017154,ss_00056594,clk_0000030980,2026-07-12,p_01489,Beauty,294,33,149,ozon_card,0,,85.76
ord_000002505,u_017162,ss_00056628,clk_0000031000,2026-07-11,p_03243,Beauty,882,0,226,bank_card,0,,238.05
ord_000002506,u_017194,ss_00056738,clk_0000031052,2026-07-25,p_00989,Beauty,535,0,106,ozon_card,0,,135.94
ord_000002507,u_017197,ss_00056746,clk_0000031057,2026-07-30,p_03328,Sports,536,0,,ozon_card,0,,143.97
ord_000002508,u_017226,ss_00056839,clk_0000031107,2026-07-28,p_00203,Electronics,4510,501,0,ozon_card,0,,888.02
ord_000002509,u_017240,ss_00056892,clk_0000031133,2026-07-26,p_01161,Beauty,664,21,0,ozon_card,0,,189.24
ord_000002510,u_017245,ss_00056906,clk_0000031138,2026-07-18,p_02608,Fashion,673,0,269,bank_card,0,,207.01
ord_000002511,u_017251,ss_00056921,clk_0000031145,2026-07-11,p_02065,Sports,2854,88,134,bank_card,0,,318.51
ord_000002512,u_017252,ss_00056923,clk_0000031146,2026-07-11,p_00646,Auto,2792,310,108,sberpay,0,,602.51
ord_000002513,u_017257,ss_00056933,clk_0000031152,2026-07-30,p_02258,Beauty,508,69,210,bank_card,0,,130.15
ord_000002514,u_017267,ss_00056965,clk_0000031169,2026-07-06,p_01423,Pet,833,93,,ozon_card,0,,110.96
ord_000002515,u_017279,ss_00057001,clk_0000031196,2026-07-07,p_01175,Fashion,1871,38,336,ozon_card,0,,375.51
ord_000002516,u_017281,ss_00057006,clk_0000031199,2026-07-29,p_01214,Beauty,1134,35,273,bank_card,0,,290.19
ord_000002517,u_017291,ss_00057039,clk_0000031215,2026-07-29,p_00867,Fashion,799,25,224,sberpay,0,,205.5
ord_000002518,u_017293,ss_00057049,clk_0000031221,2026-07-06,p_03587,FMCG,397,70,210,bank_card,0,,73.01
ord_000002519,u_017309,ss_00057100,clk_0000031248,2026-07-23,p_04198,Books,277,9,176,installment,0,,40.91
ord_000002520,u_017311,ss_00057103,clk_0000031253,2026-07-27,p_00617,FMCG,464,0,154,bank_card,0,,48.21
ord_000002521,u_017332,ss_00057168,clk_0000031277,2026-07-30,p_02726,Electronics,6768,0,300,bank_card,0,,722.82
ord_000002522,u_017334,ss_00057179,clk_0000031283,2026-07-11,p_00568,Home,645,20,219,installment,0,,68.95
ord_000002523,u_017346,ss_00057219,clk_0000031303,2026-07-18,p_04490,Home,1022,114,0,bank_card,0,,184.78
ord_000002524,u_017346,ss_00057220,clk_0000031305,2026-07-22,p_04169,Home,611,32,0,bank_card,0,,106.13
ord_000002525,u_017357,ss_00057247,clk_0000031316,2026-07-17,p_03482,Auto,3523,109,83,ozon_card,0,,528.1
ord_000002526,u_017361,ss_00057259,clk_0000031322,2026-07-18,p_01958,Home,3990,123,286,ozon_card,0,,997.9
ord_000002527,u_017365,ss_00057270,clk_0000031332,2026-07-08,p_02859,Electronics,3215,0,268,bank_card,0,,482.89
ord_000002528,u_017367,ss_00057277,clk_0000031336,2026-07-06,p_04339,Home,866,0,159,sberpay,0,,186.88
ord_000002529,u_017367,ss_00057280,clk_0000031340,2026-07-13,p_03797,Fashion,1563,213,0,bank_card,1,2026-08-09,-46.89
ord_000002530,u_017368,ss_00057282,clk_0000031342,2026-07-28,p_03869,Sports,897,0,269,sberpay,0,,191.51
ord_000002531,u_017374,ss_00057313,clk_0000031351,2026-07-05,p_02326,Kids,768,40,179,ozon_card,0,,147.46
ord_000002532,u_017393,ss_00057381,clk_0000031392,2026-07-16,p_00804,Kids,982,52,212,ozon_card,0,,220.26
ord_000002533,u_017413,ss_00057442,clk_0000031425,2026-07-02,p_00277,Fashion,883,120,86,bank_card,0,,243.44
ord_000002534,u_017420,ss_00057467,clk_0000031445,2026-07-04,p_02652,Home,4404,0,0,ozon_card,0,,743.84
ord_000002535,u_017430,ss_00057512,clk_0000031469,2026-07-26,p_02464,Pet,723,38,234,sberpay,0,,169.4
ord_000002536,u_017431,ss_00057514,clk_0000031473,2026-07-06,p_02324,Fashion,611,68,242,bank_card,0,,115.54
ord_000002537,u_017431,ss_00057515,clk_0000031476,2026-07-24,p_03153,Home,5176,0,0,bank_card,0,,1522.26
ord_000002538,u_017431,ss_00057515,clk_0000031477,2026-07-24,p_03010,Home,1324,0,208,bank_card,0,,233.02
ord_000002539,u_017439,ss_00057540,clk_0000031495,2026-07-04,p_02250,Kids,863,27,134,bank_card,0,,170.62
ord_000002540,u_017442,ss_00057548,clk_0000031499,2026-07-24,p_00730,Books,235,0,223,sberpay,0,,27.57
ord_000002541,u_017453,ss_00057585,clk_0000031519,2026-07-11,p_01360,Fashion,1539,210,148,ozon_card,0,,405.22
ord_000002542,u_017456,ss_00057599,clk_0000031524,2026-07-25,p_00985,Electronics,1844,0,309,bank_card,0,,260.37
ord_000002543,u_017462,ss_00057626,clk_0000031533,2026-07-29,p_00440,Fashion,2292,47,171,sberpay,0,,519.6
ord_000002544,u_017482,ss_00057680,clk_0000031567,2026-07-12,p_04191,Home,2628,0,239,bank_card,0,,207.87
ord_000002545,u_017483,ss_00057689,clk_0000031569,2026-07-24,p_00555,Fashion,4120,844,0,bank_card,0,,1103.75
ord_000002546,u_017484,ss_00057691,clk_0000031570,2026-07-16,p_01489,Beauty,320,7,,installment,0,,93.34
ord_000002547,u_017499,ss_00057744,clk_0000031592,2026-07-09,p_03964,Beauty,1685,187,299,bank_card,0,,579.64
ord_000002548,u_017502,ss_00057750,clk_0000031596,2026-07-24,p_04498,Pet,1465,0,166,bank_card,0,,348.08
ord_000002549,u_017504,ss_00057758,clk_0000031601,2026-07-16,p_01951,Auto,2541,282,117,ozon_card,0,,251.3
ord_000002550,u_017505,ss_00057760,clk_0000031602,2026-07-26,p_04172,Fashion,1105,83,161,bank_card,0,,248.07
ord_000002551,u_017508,ss_00057771,clk_0000031609,2026-07-26,p_02225,Electronics,1739,54,144,bank_card,0,,155.29
ord_000002552,u_017515,ss_00057803,clk_0000031625,2026-07-05,p_03251,Electronics,5590,173,0,bank_card,0,,649.0
ord_000002553,u_017524,ss_00057833,clk_0000031640,2026-07-14,p_02260,Home,1007,112,164,cash_on_delivery,0,,240.87
ord_000002554,u_017528,ss_00057850,clk_0000031655,2026-07-03,p_02051,Home,1693,0,247,bank_card,0,,474.04
ord_000002555,u_017532,ss_00057859,clk_0000031660,2026-07-13,p_03687,Fashion,931,127,293,ozon_card,0,,249.97
ord_000002556,u_017533,ss_00057862,clk_0000031666,2026-07-21,p_04064,Beauty,459,35,119,ozon_card,0,,155.19
ord_000002557,u_017534,ss_00057867,clk_0000031669,2026-07-21,p_01882,Fashion,2000,41,165,bank_card,0,,576.6
ord_000002558,u_017537,ss_00057880,clk_0000031675,2026-07-13,p_03055,Fashion,2821,58,193,bank_card,0,,657.58
ord_000002559,u_017537,ss_00057881,clk_0000031676,2026-07-03,p_04410,Sports,965,0,194,bank_card,0,,275.02
ord_000002560,u_017545,ss_00057908,clk_0000031689,2026-07-10,p_01275,Sports,1126,59,219,bank_card,0,,271.37
ord_000002561,u_017547,ss_00057915,clk_0000031692,2026-07-05,p_04421,Fashion,1584,83,103,installment,0,,253.6
ord_000002562,u_017552,ss_00057928,clk_0000031698,2026-07-11,p_04107,Pet,1426,0,127,bank_card,0,,372.04
ord_000002563,u_017553,ss_00057929,clk_0000031700,2026-07-20,p_01550,Books,390,0,250,ozon_card,0,,72.27
ord_000002564,u_017559,ss_00057939,clk_0000031705,2026-07-19,p_00584,Sports,1212,135,135,bank_card,1,2026-07-27,-36.36
ord_000002565,u_017560,ss_00057947,clk_0000031708,2026-07-28,p_02650,Auto,1399,156,256,sberpay,0,,207.05
ord_000002566,u_017566,ss_00057966,clk_0000031724,2026-07-10,p_00092,Beauty,365,19,362,bank_card,0,,89.72
ord_000002567,u_017575,ss_00058002,clk_0000031745,2026-07-13,p_03758,Home,6724,747,184,installment,0,,1215.7
ord_000002568,u_017597,ss_00058075,clk_0000031788,2026-07-22,p_01817,Books,682,76,121,sberpay,0,,104.0
ord_000002569,u_017604,ss_00058104,clk_0000031811,2026-07-18,p_01957,Fashion,2208,0,322,bank_card,0,,463.46
ord_000002570,u_017620,ss_00058158,clk_0000031850,2026-07-02,p_01456,Auto,1453,76,78,bank_card,0,,244.83
ord_000002571,u_017628,ss_00058191,clk_0000031875,2026-07-09,p_03506,Pet,740,82,321,bank_card,0,,184.63
ord_000002572,u_017632,ss_00058204,clk_0000031882,2026-07-20,p_04095,Home,1615,179,0,bank_card,0,,378.39
ord_000002573,u_017634,ss_00058210,clk_0000031886,2026-07-24,p_01087,Fashion,411,31,205,sberpay,1,2026-08-09,-12.33
ord_000002574,u_017641,ss_00058249,clk_0000031922,2026-07-27,p_02987,Sports,1516,0,151,bank_card,0,,316.69
ord_000002575,u_017644,ss_00058259,clk_0000031925,2026-07-04,p_00916,Auto,1399,74,107,bank_card,0,,314.78
ord_000002576,u_017644,ss_00058259,clk_0000031927,2026-07-04,p_00512,Kids,1526,0,181,bank_card,1,2026-07-21,-45.78
ord_000002577,u_017659,ss_00058300,clk_0000031955,2026-07-07,p_02212,Beauty,420,9,231,bank_card,0,,106.05
ord_000002578,u_017660,ss_00058303,clk_0000031957,2026-07-09,p_02868,Fashion,1718,129,361,bank_card,0,,375.04
ord_000002579,u_017660,ss_00058304,clk_0000031958,2026-07-12,p_03817,Electronics,2750,306,355,bank_card,0,,495.55
ord_000002580,u_017667,ss_00058330,clk_0000031969,2026-07-15,p_01656,Beauty,592,0,165,bank_card,0,,120.47
ord_000002581,u_017670,ss_00058337,clk_0000031977,2026-07-12,p_03114,Fashion,1654,0,358,ozon_card,0,,498.68
ord_000002582,u_017680,ss_00058371,clk_0000031995,2026-07-02,p_02011,Home,1694,188,297,ozon_card,0,,346.42
ord_000002583,u_017690,ss_00058401,clk_0000032008,2026-07-03,p_00164,Pet,1242,138,255,bank_card,0,,260.94
ord_000002584,u_017705,ss_00058466,clk_0000032048,2026-07-17,p_03441,Electronics,3777,117,0,ozon_card,1,2026-08-11,-113.31
ord_000002585,u_017708,ss_00058482,clk_0000032062,2026-07-15,p_00048,Fashion,2955,156,320,bank_card,0,,834.2
ord_000002586,u_017712,ss_00058489,clk_0000032068,2026-07-30,p_00899,Fashion,1280,175,119,bank_card,0,,340.74
ord_000002587,u_017715,ss_00058503,clk_0000032076,2026-07-08,p_00740,Fashion,1025,0,228,bank_card,0,,309.96
ord_000002588,u_017768,ss_00058647,clk_0000032150,2026-07-23,p_03275,Pet,958,30,189,installment,0,,173.78
ord_000002589,u_017768,ss_00058648,clk_0000032152,2026-07-28,p_03577,Home,823,92,235,sberpay,0,,160.24
ord_000002590,u_017769,ss_00058653,clk_0000032158,2026-07-06,p_03681,Home,4260,0,0,bank_card,0,,818.77
ord_000002591,u_017772,ss_00058667,clk_0000032165,2026-07-17,p_03227,Fashion,984,52,0,bank_card,0,,260.66
ord_000002592,u_017773,ss_00058668,clk_0000032166,2026-07-09,p_01726,Fashion,2104,111,,bank_card,0,,631.41
ord_000002593,u_017784,ss_00058709,clk_0000032190,2026-07-23,p_00778,Electronics,3033,0,252,bank_card,0,,497.11
ord_000002594,u_017786,ss_00058718,clk_0000032197,2026-07-24,p_03206,Auto,3163,166,0,cash_on_delivery,0,,553.52
ord_000002595,u_017791,ss_00058735,clk_0000032207,2026-07-01,p_02704,Home,1522,0,163,bank_card,0,,324.34
ord_000002596,u_017792,ss_00058740,clk_0000032209,2026-07-14,p_02150,Pet,495,55,148,ozon_card,0,,98.51
ord_000002597,u_017796,ss_00058752,clk_0000032216,2026-07-16,p_03567,Home,1042,116,206,installment,0,,316.56
ord_000002598,u_017799,ss_00058765,clk_0000032227,2026-07-13,p_03663,Pet,2900,90,139,bank_card,0,,457.04
ord_000002599,u_017802,ss_00058778,clk_0000032234,2026-07-16,p_04483,Electronics,3406,378,0,bank_card,0,,579.02
ord_000002600,u_017803,ss_00058781,clk_0000032236,2026-07-18,p_04499,Auto,1526,47,170,bank_card,0,,331.75
ord_000002601,u_017814,ss_00058810,clk_0000032252,2026-07-28,p_03616,Auto,3708,195,0,bank_card,0,,482.41
ord_000002602,u_017816,ss_00058813,clk_0000032254,2026-07-02,p_03434,Books,276,0,128,sberpay,0,,64.42
ord_000002603,u_017824,ss_00058838,clk_0000032268,2026-07-12,p_02702,Electronics,3410,0,241,bank_card,0,,524.8
ord_000002604,u_017828,ss_00058851,clk_0000032272,2026-07-08,p_04402,Kids,1441,0,241,ozon_card,0,,340.8
ord_000002605,u_017829,ss_00058853,clk_0000032278,2026-07-18,p_03906,Sports,2015,62,228,bank_card,0,,542.44
ord_000002606,u_017834,ss_00058869,clk_0000032283,2026-07-24,p_01835,Books,606,19,64,bank_card,0,,88.23
ord_000002607,u_017842,ss_00058900,clk_0000032301,2026-07-15,p_00973,Books,103,3,229,installment,0,,19.14
ord_000002608,u_017854,ss_00058926,clk_0000032311,2026-07-25,p_03911,Sports,3254,101,0,ozon_card,0,,595.16
ord_000002609,u_017859,ss_00058947,clk_0000032326,2026-07-12,p_03212,Electronics,5691,300,0,ozon_card,0,,227.64
ord_000002610,u_017860,ss_00058953,clk_0000032331,2026-07-16,p_03242,Books,193,10,395,bank_card,0,,37.13
ord_000002611,u_017874,ss_00059001,clk_0000032351,2026-07-08,p_03850,Beauty,480,10,276,ozon_card,0,,160.27
ord_000002612,u_017875,ss_00059004,clk_0000032354,2026-07-09,p_03261,Beauty,1152,61,190,ozon_card,0,,299.29
ord_000002613,u_017877,ss_00059014,clk_0000032359,2026-07-03,p_01863,FMCG,252,13,156,bank_card,0,,33.01
ord_000002614,u_017880,ss_00059022,clk_0000032363,2026-07-08,p_02406,Kids,1520,47,102,bank_card,0,,359.63
ord_000002615,u_017894,ss_00059078,clk_0000032392,2026-07-07,p_01517,Home,3076,0,0,bank_card,0,,592.75
ord_000002616,u_017896,ss_00059087,clk_0000032403,2026-07-13,p_02297,Home,2405,0,184,cash_on_delivery,0,,508.66
ord_000002617,u_017896,ss_00059088,clk_0000032404,2026-07-04,p_01322,Fashion,1987,41,204,ozon_card,0,,416.28
ord_000002618,u_017899,ss_00059101,clk_0000032409,2026-07-25,p_01938,Fashion,1819,37,185,installment,0,,524.05
ord_000002619,u_017901,ss_00059113,clk_0000032418,2026-07-15,p_02244,Beauty,961,20,0,installment,0,,242.75
ord_000002620,u_017921,ss_00059171,clk_0000032455,2026-07-03,p_03708,Books,627,70,0,bank_card,0,,138.57
ord_000002621,u_017926,ss_00059187,clk_0000032466,2026-07-03,p_02742,Fashion,921,48,72,bank_card,1,2026-07-12,-27.63
ord_000002622,u_017933,ss_00059227,clk_0000032498,2026-07-12,p_02549,Auto,678,21,129,bank_card,0,,99.26
ord_000002623,u_017939,ss_00059267,clk_0000032527,2026-07-27,p_00029,Electronics,1483,0,0,bank_card,0,,160.76
ord_000002624,u_017942,ss_00059278,clk_0000032534,2026-07-16,p_01647,Beauty,382,20,0,installment,0,,84.31
ord_000002625,u_017956,ss_00059325,clk_0000032584,2026-07-13,p_00027,Pet,1459,258,232,ozon_card,0,,337.17
ord_000002626,u_017962,ss_00059338,clk_0000032590,2026-07-25,p_03428,Home,2773,0,311,ozon_card,0,,419.83
ord_000002627,u_017965,ss_00059344,clk_0000032592,2026-07-25,p_02793,Auto,1607,50,185,ozon_card,0,,254.87
ord_000002628,u_017967,ss_00059355,clk_0000032600,2026-07-27,p_02973,Auto,2686,0,147,ozon_card,0,,448.02
ord_000002629,u_017975,ss_00059380,clk_0000032623,2026-07-28,p_00576,Auto,1059,187,229,bank_card,0,,225.14
ord_000002630,u_018000,ss_00059449,clk_0000032660,2026-07-28,p_04452,Home,2122,0,112,installment,0,,510.98
ord_000002631,u_018006,ss_00059467,clk_0000032669,2026-07-17,p_01491,Books,191,0,8,bank_card,0,,33.44
ord_000002632,u_018008,ss_00059477,clk_0000032672,2026-07-09,p_02156,Beauty,567,63,130,sberpay,0,,188.53
ord_000002633,u_018026,ss_00059530,clk_0000032699,2026-07-25,p_01041,Auto,812,43,181,ozon_card,0,,84.61
ord_000002634,u_018033,ss_00059560,clk_0000032711,2026-07-02,p_03219,Auto,2172,0,179,sberpay,0,,441.35
ord_000002635,u_018037,ss_00059579,clk_0000032719,2026-07-11,p_02196,Pet,1024,114,0,bank_card,0,,94.52
ord_000002636,u_018054,ss_00059620,clk_0000032737,2026-07-02,p_01418,FMCG,521,16,256,ozon_card,0,,111.29
ord_000002637,u_018066,ss_00059654,clk_0000032762,2026-07-02,p_00007,Fashion,1042,78,306,sberpay,1,2026-07-05,-31.26
ord_000002638,u_018079,ss_00059686,clk_0000032779,2026-07-26,p_01829,Books,289,9,396,ozon_card,0,,50.66
ord_000002639,u_018079,ss_00059688,clk_0000032780,2026-07-28,p_01246,Fashion,930,19,198,bank_card,0,,291.28
ord_000002640,u_018081,ss_00059694,clk_0000032787,2026-07-06,p_00384,Fashion,1265,140,251,bank_card,0,,348.0
ord_000002641,u_018089,ss_00059713,clk_0000032797,2026-07-10,p_03176,Electronics,1706,53,288,bank_card,0,,287.63
ord_000002642,u_018094,ss_00059731,clk_0000032805,2026-07-12,p_04430,Auto,7408,229,137,installment,0,,1165.28
ord_000002643,u_018099,ss_00059739,clk_0000032811,2026-07-29,p_02574,Electronics,5374,0,0,bank_card,0,,598.66
ord_000002644,u_018103,ss_00059758,clk_0000032823,2026-07-17,p_01667,Electronics,4565,0,0,ozon_card,0,,694.79
ord_000002645,u_018108,ss_00059773,clk_0000032833,2026-07-24,p_03750,Sports,1271,0,106,bank_card,0,,288.26
ord_000002646,u_018121,ss_00059830,clk_0000032883,2026-07-05,p_03554,Home,971,0,228,bank_card,1,2026-07-31,-29.13
ord_000002647,u_018131,ss_00059859,clk_0000032897,2026-07-05,p_04040,Auto,2703,477,,installment,0,,460.86
ord_000002648,u_018137,ss_00059873,clk_0000032904,2026-07-05,p_01738,Electronics,8745,0,,ozon_card,0,,1307.38
ord_000002649,u_018143,ss_00059895,clk_0000032915,2026-07-12,p_01306,Beauty,1986,407,171,ozon_card,0,,520.73
ord_000002650,u_018144,ss_00059899,clk_0000032919,2026-07-17,p_01004,FMCG,485,26,110,bank_card,0,,76.63
ord_000002651,u_018166,ss_00059978,clk_0000032954,2026-07-01,p_02312,Fashion,539,28,0,bank_card,0,,124.72
ord_000002652,u_018169,ss_00059987,clk_0000032960,2026-07-04,p_01530,Electronics,2193,244,0,cash_on_delivery,0,,353.73
ord_000002653,u_018171,ss_00059994,clk_0000032966,2026-07-11,p_01779,Electronics,3861,119,0,ozon_card,0,,453.28
ord_000002654,u_018190,ss_00060059,clk_0000032999,2026-07-22,p_01637,Beauty,278,6,261,bank_card,0,,85.99
ord_000002655,u_018201,ss_00060088,clk_0000033008,2026-07-01,p_01771,Beauty,298,6,364,bank_card,0,,63.38
ord_000002656,u_018204,ss_00060103,clk_0000033018,2026-07-11,p_03009,Electronics,5492,0,0,ozon_card,1,2026-07-16,-164.76
ord_000002657,u_018212,ss_00060123,clk_0000033028,2026-07-24,p_02629,Electronics,3606,112,0,sberpay,0,,278.74
ord_000002658,u_018212,ss_00060124,clk_0000033029,2026-07-20,p_00072,Electronics,3792,0,0,sberpay,0,,701.14
ord_000002659,u_018213,ss_00060127,clk_0000033031,2026-07-09,p_01809,FMCG,411,0,85,sberpay,0,,79.16
ord_000002660,u_018220,ss_00060150,clk_0000033042,2026-07-08,p_01903,Sports,906,101,,bank_card,0,,243.35
ord_000002661,u_018221,ss_00060152,clk_0000033043,2026-07-22,p_00921,Books,157,17,0,bank_card,0,,26.71
ord_000002662,u_018229,ss_00060175,clk_0000033052,2026-07-25,p_03808,Home,904,28,4,bank_card,0,,130.63
ord_000002663,u_018246,ss_00060220,clk_0000033077,2026-07-10,p_01272,Books,304,0,298,bank_card,0,,56.09
ord_000002664,u_018246,ss_00060220,clk_0000033078,2026-07-10,p_01130,Sports,923,0,280,bank_card,0,,201.77
ord_000002665,u_018246,ss_00060223,clk_0000033083,2026-07-17,p_01602,Fashion,3822,201,0,installment,0,,1009.01
ord_000002666,u_018248,ss_00060230,clk_0000033085,2026-07-08,p_01602,Fashion,4023,0,0,cash_on_delivery,0,,1062.07
ord_000002667,u_018251,ss_00060240,clk_0000033088,2026-07-19,p_04324,Kids,696,37,,bank_card,0,,146.16
ord_000002668,u_018257,ss_00060258,clk_0000033098,2026-07-19,p_02550,Home,4431,137,401,bank_card,0,,666.87
ord_000002669,u_018261,ss_00060269,clk_0000033102,2026-07-04,p_02145,Auto,1286,227,0,ozon_card,0,,262.34
ord_000002670,u_018267,ss_00060290,clk_0000033117,2026-07-14,p_03919,Home,789,0,99,sberpay,0,,163.4
ord_000002671,u_018267,ss_00060290,clk_0000033118,2026-07-14,p_01340,Home,1582,83,271,cash_on_delivery,0,,343.29
ord_000002672,u_018282,ss_00060344,clk_0000033152,2026-07-07,p_03567,Home,1158,0,104,ozon_card,0,,351.8
ord_000002673,u_018282,ss_00060346,clk_0000033155,2026-07-19,p_04375,Books,186,6,230,sberpay,0,,39.26
ord_000002674,u_018286,ss_00060362,clk_0000033164,2026-07-08,p_03845,Electronics,4888,0,202,sberpay,0,,916.01
ord_000002675,u_018293,ss_00060378,clk_0000033169,2026-07-07,p_01386,Pet,430,48,152,bank_card,0,,81.7
ord_000002676,u_018296,ss_00060389,clk_0000033177,2026-07-04,p_02303,Electronics,4611,0,0,bank_card,0,,205.19
ord_000002677,u_018304,ss_00060407,clk_0000033186,2026-07-01,p_02311,Pet,482,0,253,bank_card,0,,129.37
ord_000002678,u_018306,ss_00060412,clk_0000033189,2026-07-28,p_03290,Electronics,1231,65,288,bank_card,1,2026-09-03,-36.93
ord_000002679,u_018308,ss_00060421,clk_0000033194,2026-07-04,p_04410,Sports,917,48,105,cash_on_delivery,0,,261.34
ord_000002680,u_018338,ss_00060504,clk_0000033241,2026-07-18,p_01337,Home,1287,143,363,bank_card,0,,338.35
ord_000002681,u_018339,ss_00060505,clk_0000033242,2026-07-09,p_03038,Sports,1485,78,328,bank_card,1,2026-07-16,-44.55
ord_000002682,u_018353,ss_00060554,clk_0000033270,2026-07-14,p_03657,Sports,1377,72,164,bank_card,0,,232.71
ord_000002683,u_018358,ss_00060566,clk_0000033275,2026-07-22,p_03679,Auto,2150,67,114,bank_card,0,,332.18
ord_000002684,u_018366,ss_00060592,clk_0000033289,2026-07-26,p_03005,Beauty,1591,120,182,installment,1,2026-07-31,-47.73
ord_000002685,u_018372,ss_00060612,clk_0000033304,2026-07-27,p_01112,FMCG,1199,212,0,ozon_card,0,,187.64
ord_000002686,u_018378,ss_00060633,clk_0000033313,2026-07-13,p_01172,Electronics,4149,461,0,ozon_card,0,,577.13
ord_000002687,u_018380,ss_00060645,clk_0000033318,2026-07-02,p_00387,Fashion,2533,0,0,sberpay,1,2026-07-18,-75.99
ord_000002688,u_018381,ss_00060648,clk_0000033320,2026-07-18,p_00525,Electronics,6343,0,0,bank_card,0,,1101.14
ord_000002689,u_018396,ss_00060721,clk_0000033354,2026-07-12,p_01163,Books,281,15,0,bank_card,0,,36.0
ord_000002690,u_018400,ss_00060731,clk_0000033360,2026-07-10,p_02023,Beauty,2428,128,0,bank_card,0,,617.93
ord_000002691,u_018409,ss_00060770,clk_0000033381,2026-07-03,p_03492,Sports,605,0,240,ozon_card,0,,128.56
ord_000002692,u_018415,ss_00060792,clk_0000033391,2026-07-20,p_00963,Fashion,3359,373,0,bank_card,0,,785.67
ord_000002693,u_018419,ss_00060801,clk_0000033397,2026-07-23,p_00241,Pet,999,53,183,bank_card,0,,232.57
ord_000002694,u_018427,ss_00060822,clk_0000033407,2026-07-01,p_04335,Electronics,3745,116,0,ozon_card,0,,324.32
ord_000002695,u_018429,ss_00060837,clk_0000033423,2026-07-05,p_03635,Books,318,0,0,bank_card,0,,67.32
ord_000002696,u_018429,ss_00060837,clk_0000033424,2026-07-05,p_01161,Beauty,685,0,204,cash_on_delivery,0,,195.22
ord_000002697,u_018429,ss_00060838,clk_0000033425,2026-07-19,p_01168,Beauty,2285,71,43,ozon_card,1,2026-08-13,-68.55
ord_000002698,u_018439,ss_00060863,clk_0000033434,2026-07-24,p_02936,Electronics,3260,101,0,ozon_card,0,,429.99
ord_000002699,u_018441,ss_00060879,clk_0000033440,2026-07-24,p_00586,Beauty,609,68,232,bank_card,0,,159.74
ord_000002700,u_018447,ss_00060903,clk_0000033454,2026-07-26,p_01413,Pet,864,46,245,bank_card,0,,228.87
ord_000002701,u_018448,ss_00060907,clk_0000033457,2026-07-06,p_04262,Electronics,2367,125,0,bank_card,0,,219.42
ord_000002702,u_018449,ss_00060919,clk_0000033464,2026-07-06,p_03139,Auto,3319,0,0,ozon_card,0,,466.98
ord_000002703,u_018458,ss_00060946,clk_0000033474,2026-07-08,p_02719,Pet,391,21,246,bank_card,0,,64.98
ord_000002704,u_018459,ss_00060949,clk_0000033477,2026-07-11,p_02108,Kids,2136,0,202,bank_card,0,,415.88
ord_000002705,u_018464,ss_00060969,clk_0000033485,2026-07-02,p_00446,Books,193,0,282,ozon_card,0,,33.06
ord_000002706,u_018468,ss_00060987,clk_0000033494,2026-07-06,p_00243,Beauty,588,12,120,ozon_card,0,,144.53
ord_000002707,u_018469,ss_00060995,clk_0000033498,2026-07-02,p_03380,Beauty,627,19,234,bank_card,0,,205.22
ord_000002708,u_018473,ss_00061009,clk_0000033510,2026-07-11,p_00837,Fashion,1631,50,200,bank_card,0,,362.41
ord_000002709,u_018475,ss_00061014,clk_0000033514,2026-07-02,p_03221,Fashion,1036,141,66,sberpay,0,,233.51
ord_000002710,u_018485,ss_00061053,clk_0000033531,2026-07-14,p_03757,Beauty,385,8,195,ozon_card,0,,111.57
ord_000002711,u_018486,ss_00061059,clk_0000033537,2026-07-14,p_01340,Home,1665,0,190,bank_card,0,,361.31
ord_000002712,u_018486,ss_00061063,clk_0000033539,2026-07-11,p_02246,Electronics,1831,57,253,bank_card,0,,273.92
ord_000002713,u_018493,ss_00061080,clk_0000033552,2026-07-13,p_01497,Fashion,1938,60,183,sberpay,0,,412.6
ord_000002714,u_018493,ss_00061082,clk_0000033553,2026-07-15,p_03924,FMCG,378,0,232,sberpay,0,,27.86
ord_000002715,u_018493,ss_00061082,clk_0000033554,2026-07-15,p_02769,Auto,2390,0,136,bank_card,0,,513.37
ord_000002716,u_018500,ss_00061103,clk_0000033566,2026-07-24,p_02863,Sports,1967,61,293,installment,0,,492.73
ord_000002717,u_018513,ss_00061137,clk_0000033581,2026-07-09,p_04247,Home,4274,0,,bank_card,0,,775.73
ord_000002718,u_018518,ss_00061150,clk_0000033589,2026-07-24,p_00283,FMCG,821,91,126,ozon_card,0,,118.47
ord_000002719,u_018520,ss_00061155,clk_0000033592,2026-07-02,p_02486,Electronics,6199,0,167,ozon_card,0,,846.16
ord_000002720,u_018523,ss_00061171,clk_0000033599,2026-07-12,p_02415,Fashion,466,14,269,cash_on_delivery,0,,127.82
ord_000002721,u_018536,ss_00061208,clk_0000033620,2026-07-30,p_02971,Fashion,837,26,0,bank_card,0,,228.58
ord_000002722,u_018561,ss_00061298,clk_0000033664,2026-07-25,p_02924,Home,1277,40,238,sberpay,0,,304.31
ord_000002723,u_018570,ss_00061327,clk_0000033677,2026-07-12,p_01512,FMCG,610,0,135,cash_on_delivery,0,,35.44
ord_000002724,u_018581,ss_00061365,clk_0000033705,2026-07-08,p_01317,Beauty,614,13,343,bank_card,0,,148.83
ord_000002725,u_018616,ss_00061475,clk_0000033756,2026-07-15,p_01467,Pet,1064,118,254,bank_card,0,,214.18
ord_000002726,u_018621,ss_00061490,clk_0000033765,2026-07-15,p_03276,Kids,1128,0,120,bank_card,0,,196.84
ord_000002727,u_018627,ss_00061510,clk_0000033777,2026-07-16,p_03186,Beauty,1782,36,125,bank_card,0,,470.09
ord_000002728,u_018630,ss_00061517,clk_0000033780,2026-07-10,p_01659,Home,1486,46,211,ozon_card,0,,197.94
ord_000002729,u_018637,ss_00061536,clk_0000033786,2026-07-16,p_04479,Books,269,0,0,ozon_card,1,2026-08-21,-8.07
ord_000002730,u_018666,ss_00061618,clk_0000033834,2026-07-06,p_04255,Fashion,990,52,260,ozon_card,0,,213.64
ord_000002731,u_018668,ss_00061621,clk_0000033839,2026-07-09,p_01423,Pet,926,0,231,ozon_card,0,,123.34
ord_000002732,u_018688,ss_00061677,clk_0000033873,2026-07-03,p_02487,Pet,1378,73,0,cash_on_delivery,0,,193.47
ord_000002733,u_018701,ss_00061717,clk_0000033898,2026-07-04,p_01907,Beauty,419,9,0,bank_card,0,,125.57
ord_000002734,u_018701,ss_00061724,clk_0000033904,2026-07-30,p_00247,Pet,746,39,269,bank_card,0,,161.88
ord_000002735,u_018712,ss_00061758,clk_0000033917,2026-07-22,p_03167,Kids,603,32,283,bank_card,0,,114.09
ord_000002736,u_018715,ss_00061769,clk_0000033922,2026-07-21,p_00932,Electronics,4476,0,0,installment,0,,379.56
ord_000002737,u_018718,ss_00061783,clk_0000033929,2026-07-24,p_00951,FMCG,371,0,223,ozon_card,0,,21.26
ord_000002738,u_018723,ss_00061792,clk_0000033930,2026-07-13,p_04362,Fashion,786,16,276,ozon_card,0,,204.2
ord_000002739,u_018727,ss_00061798,clk_0000033936,2026-07-20,p_00927,Home,1988,61,60,ozon_card,0,,442.93
ord_000002740,u_018731,ss_00061809,clk_0000033940,2026-07-27,p_01330,Pet,984,0,150,bank_card,0,,196.31
ord_000002741,u_018738,ss_00061838,clk_0000033950,2026-07-16,p_01129,FMCG,163,9,355,installment,0,,33.32
ord_000002742,u_018739,ss_00061843,clk_0000033953,2026-07-05,p_03152,Home,3291,0,0,ozon_card,0,,657.21
ord_000002743,u_018761,ss_00061911,clk_0000033983,2026-07-02,p_04071,Fashion,2065,42,65,bank_card,0,,451.62
ord_000002744,u_018765,ss_00061925,clk_0000033997,2026-07-11,p_01865,Home,1501,46,154,ozon_card,0,,298.7
ord_000002745,u_018791,ss_00062004,clk_0000034037,2026-07-11,p_01447,Pet,368,0,56,bank_card,0,,59.91
ord_000002746,u_018802,ss_00062046,clk_0000034051,2026-07-30,p_03733,Kids,901,159,361,bank_card,1,2026-08-17,-27.03
ord_000002747,u_018813,ss_00062100,clk_0000034088,2026-07-27,p_02637,Sports,3399,0,225,bank_card,1,2026-08-04,-101.97
ord_000002748,u_018827,ss_00062153,clk_0000034107,2026-07-09,p_02159,Home,854,0,0,bank_card,0,,146.29
ord_000002749,u_018832,ss_00062168,clk_0000034122,2026-07-24,p_00532,Fashion,2511,0,0,cash_on_delivery,0,,634.78
ord_000002750,u_018839,ss_00062190,clk_0000034135,2026-07-30,p_00851,Fashion,1191,63,167,bank_card,0,,204.73
ord_000002751,u_018844,ss_00062199,clk_0000034142,2026-07-21,p_00027,Pet,1665,52,307,installment,0,,384.78
ord_000002752,u_018848,ss_00062212,clk_0000034156,2026-07-11,p_04046,Beauty,729,15,0,bank_card,0,,262.73
ord_000002753,u_018859,ss_00062242,clk_0000034172,2026-07-15,p_03370,Beauty,1370,281,261,ozon_card,0,,318.53
ord_000002754,u_018866,ss_00062275,clk_0000034191,2026-07-19,p_02152,Sports,769,85,129,bank_card,0,,175.18
ord_000002755,u_018867,ss_00062277,clk_0000034192,2026-07-18,p_04037,Books,144,25,147,bank_card,0,,26.58
ord_000002756,u_018870,ss_00062292,clk_0000034203,2026-07-28,p_03009,Electronics,5492,0,0,bank_card,0,,646.41
ord_000002757,u_018872,ss_00062300,clk_0000034209,2026-07-16,p_03697,Electronics,6470,0,0,ozon_card,0,,553.19
ord_000002758,u_018873,ss_00062305,clk_0000034212,2026-07-18,p_01378,Beauty,528,0,294,cash_on_delivery,0,,163.31
ord_000002759,u_018876,ss_00062315,clk_0000034218,2026-07-22,p_03145,Beauty,351,11,,ozon_card,0,,88.52
ord_000002760,u_018905,ss_00062405,clk_0000034271,2026-07-24,p_03147,Home,1175,130,151,sberpay,0,,266.96
ord_000002761,u_018920,ss_00062459,clk_0000034299,2026-07-16,p_01317,Beauty,608,19,248,bank_card,0,,147.38
ord_000002762,u_018933,ss_00062508,clk_0000034321,2026-07-26,p_03714,Books,725,81,0,bank_card,0,,167.19
ord_000002763,u_018934,ss_00062509,clk_0000034322,2026-07-01,p_01947,FMCG,695,0,221,cash_on_delivery,0,,104.04
ord_000002764,u_018939,ss_00062529,clk_0000034332,2026-07-26,p_01253,Fashion,3833,0,187,bank_card,0,,1098.15
ord_000002765,u_018943,ss_00062537,clk_0000034336,2026-07-16,p_03914,Electronics,3474,183,0,ozon_card,1,2026-08-22,-104.22
ord_000002766,u_018946,ss_00062551,clk_0000034348,2026-07-13,p_02735,Books,383,0,240,bank_card,0,,42.32
ord_000002767,u_018957,ss_00062600,clk_0000034373,2026-07-25,p_01169,Sports,464,0,228,ozon_card,0,,134.84
ord_000002768,u_018967,ss_00062635,clk_0000034396,2026-07-22,p_02216,Home,2975,0,194,sberpay,0,,620.29
ord_000002769,u_018971,ss_00062650,clk_0000034407,2026-07-20,p_03758,Home,7471,0,0,bank_card,0,,1350.76
ord_000002770,u_018975,ss_00062659,clk_0000034410,2026-07-17,p_02760,Books,322,17,0,ozon_card,0,,50.94
ord_000002771,u_018986,ss_00062697,clk_0000034424,2026-07-13,p_01709,Fashion,1508,0,176,ozon_card,1,2026-08-03,-45.24
ord_000002772,u_018992,ss_00062710,clk_0000034429,2026-07-15,p_00264,Fashion,3269,0,0,cash_on_delivery,0,,830.0
ord_000002773,u_018993,ss_00062713,clk_0000034430,2026-07-23,p_03582,Electronics,1605,0,165,bank_card,0,,156.33
ord_000002774,u_019008,ss_00062762,clk_0000034457,2026-07-24,p_03001,Home,209,0,149,sberpay,0,,27.57
ord_000002775,u_019013,ss_00062775,clk_0000034468,2026-07-23,p_02190,Home,2391,0,42,ozon_card,0,,522.43
ord_000002776,u_019016,ss_00062782,clk_0000034473,2026-07-03,p_04077,Auto,405,13,101,bank_card,0,,62.94
ord_000002777,u_019016,ss_00062783,clk_0000034474,2026-07-04,p_01261,Sports,762,40,,ozon_card,0,,216.48
ord_000002778,u_019021,ss_00062801,clk_0000034489,2026-07-05,p_01882,Fashion,1898,143,246,bank_card,1,2026-08-04,-56.94
ord_000002779,u_019035,ss_00062840,clk_0000034504,2026-07-30,p_01528,Sports,689,77,273,bank_card,0,,148.2
ord_000002780,u_019040,ss_00062857,clk_0000034510,2026-07-18,p_00224,Fashion,1508,206,,bank_card,0,,354.08
ord_000002781,u_019040,ss_00062858,clk_0000034511,2026-07-02,p_03175,Beauty,996,20,299,bank_card,0,,335.45
ord_000002782,u_019040,ss_00062859,clk_0000034512,2026-07-18,p_02559,Books,512,27,0,bank_card,0,,83.0
ord_000002783,u_019041,ss_00062861,clk_0000034515,2026-07-25,p_01614,Electronics,4385,0,,bank_card,0,,672.22
ord_000002784,u_019045,ss_00062877,clk_0000034520,2026-07-20,p_03332,Beauty,2126,43,179,bank_card,0,,532.35
ord_000002785,u_019048,ss_00062887,clk_0000034526,2026-07-24,p_03645,FMCG,252,44,233,bank_card,0,,40.12
ord_000002786,u_019050,ss_00062897,clk_0000034530,2026-07-10,p_02852,Books,275,0,147,ozon_card,0,,43.48
ord_000002787,u_019058,ss_00062929,clk_0000034543,2026-07-11,p_01092,Kids,1087,34,132,sberpay,0,,155.55
ord_000002788,u_019063,ss_00062950,clk_0000034554,2026-07-28,p_03501,Auto,2101,0,213,installment,0,,419.99
ord_000002789,u_019069,ss_00062969,clk_0000034566,2026-07-28,p_02649,Sports,1864,0,41,ozon_card,0,,376.9
ord_000002790,u_019070,ss_00062979,clk_0000034577,2026-07-26,p_00880,Beauty,1276,0,317,bank_card,0,,294.5
ord_000002791,u_019076,ss_00063008,clk_0000034593,2026-07-19,p_03858,Beauty,690,52,118,bank_card,0,,194.58
ord_000002792,u_019108,ss_00063113,clk_0000034647,2026-07-07,p_04395,Fashion,920,48,125,ozon_card,0,,275.26
ord_000002793,u_019110,ss_00063123,clk_0000034651,2026-07-26,p_00233,Fashion,1520,169,202,bank_card,0,,301.72
ord_000002794,u_019115,ss_00063143,clk_0000034661,2026-07-13,p_03911,Sports,3019,336,93,cash_on_delivery,0,,552.18
ord_000002795,u_019128,ss_00063182,clk_0000034678,2026-07-08,p_00446,Books,164,29,0,bank_card,0,,28.09
ord_000002796,u_019135,ss_00063212,clk_0000034692,2026-07-25,p_04285,Electronics,2883,0,177,bank_card,0,,155.97
ord_000002797,u_019141,ss_00063231,clk_0000034710,2026-07-17,p_02722,FMCG,251,0,157,bank_card,0,,18.98
ord_000002798,u_019149,ss_00063264,clk_0000034743,2026-07-26,p_01133,Kids,1308,69,59,ozon_card,0,,314.7
ord_000002799,u_019151,ss_00063269,clk_0000034747,2026-07-29,p_04358,Home,1589,0,245,bank_card,0,,252.81
ord_000002800,u_019156,ss_00063281,clk_0000034749,2026-07-21,p_00457,Home,1019,0,333,ozon_card,0,,265.14
ord_000002801,u_019157,ss_00063283,clk_0000034751,2026-07-10,p_02295,Electronics,4516,238,0,ozon_card,0,,180.64
ord_000002802,u_019159,ss_00063292,clk_0000034755,2026-07-21,p_00254,Home,941,29,259,ozon_card,0,,191.78
ord_000002803,u_019164,ss_00063306,clk_0000034763,2026-07-12,p_04147,Sports,1007,0,218,bank_card,0,,162.73
ord_000002804,u_019177,ss_00063351,clk_0000034784,2026-07-07,p_00506,FMCG,409,0,188,cash_on_delivery,0,,58.08
ord_000002805,u_019178,ss_00063353,clk_0000034786,2026-07-11,p_03068,Beauty,915,19,252,ozon_card,0,,267.36
ord_000002806,u_019183,ss_00063382,clk_0000034814,2026-07-24,p_01898,Fashion,2433,75,246,ozon_card,0,,756.91
ord_000002807,u_019184,ss_00063388,clk_0000034818,2026-07-19,p_00305,FMCG,578,0,188,cash_on_delivery,0,,66.87
ord_000002808,u_019189,ss_00063401,clk_0000034825,2026-07-12,p_02322,Auto,1226,0,0,installment,0,,190.52
ord_000002809,u_019194,ss_00063421,clk_0000034837,2026-07-22,p_03272,Beauty,231,5,268,bank_card,0,,64.31
ord_000002810,u_019207,ss_00063459,clk_0000034853,2026-07-05,p_02760,Books,339,0,232,sberpay,0,,53.63
ord_000002811,u_019210,ss_00063469,clk_0000034858,2026-07-11,p_00111,Sports,1373,153,239,bank_card,0,,358.49
ord_000002812,u_019224,ss_00063520,clk_0000034883,2026-07-12,p_01821,Home,1641,290,0,bank_card,0,,309.82
ord_000002813,u_019242,ss_00063588,clk_0000034919,2026-07-23,p_00110,Fashion,1180,89,225,installment,0,,309.63
ord_000002814,u_019246,ss_00063598,clk_0000034926,2026-07-14,p_01445,Auto,1555,274,253,ozon_card,0,,293.12
ord_000002815,u_019257,ss_00063629,clk_0000034941,2026-07-01,p_01278,Auto,2220,117,261,bank_card,0,,421.36
ord_000002816,u_019272,ss_00063680,clk_0000034964,2026-07-24,p_04203,Electronics,5198,0,248,installment,0,,1044.8
ord_000002817,u_019274,ss_00063689,clk_0000034972,2026-07-23,p_02972,FMCG,581,0,221,ozon_card,0,,80.99
ord_000002818,u_019279,ss_00063707,clk_0000034982,2026-07-17,p_00773,Sports,1648,183,0,bank_card,1,2026-08-06,-49.44
ord_000002819,u_019288,ss_00063733,clk_0000034998,2026-07-18,p_00225,Home,643,71,73,sberpay,0,,85.52
ord_000002820,u_019302,ss_00063773,clk_0000035015,2026-07-28,p_00665,Fashion,1654,125,357,sberpay,0,,301.86
ord_000002821,u_019317,ss_00063833,clk_0000035038,2026-07-29,p_01299,Sports,669,35,151,cash_on_delivery,0,,166.65
ord_000002822,u_019320,ss_00063842,clk_0000035044,2026-07-06,p_00779,Sports,2687,0,167,ozon_card,0,,679.27
ord_000002823,u_019327,ss_00063854,clk_0000035052,2026-07-08,p_03474,Electronics,5045,890,,ozon_card,1,2026-07-30,-151.35
ord_000002824,u_019327,ss_00063857,clk_0000035054,2026-07-02,p_01539,Beauty,2081,0,40,installment,0,,495.9
ord_000002825,u_019331,ss_00063866,clk_0000035060,2026-07-17,p_00370,Beauty,649,34,233,sberpay,0,,182.17
ord_000002826,u_019333,ss_00063873,clk_0000035064,2026-07-19,p_02156,Beauty,598,32,190,sberpay,0,,198.84
ord_000002827,u_019334,ss_00063880,clk_0000035068,2026-07-19,p_01700,Kids,659,0,148,ozon_card,0,,107.35
ord_000002828,u_019341,ss_00063898,clk_0000035079,2026-07-03,p_03137,Auto,1883,332,271,ozon_card,0,,318.23
ord_000002829,u_019349,ss_00063916,clk_0000035093,2026-07-19,p_01169,Sports,441,23,116,bank_card,0,,128.15
ord_000002830,u_019349,ss_00063916,clk_0000035094,2026-07-19,p_00858,Home,1295,144,89,sberpay,0,,187.9
ord_000002831,u_019353,ss_00063931,clk_0000035110,2026-07-01,p_03870,Beauty,374,0,168,bank_card,0,,102.59
ord_000002832,u_019356,ss_00063943,clk_0000035118,2026-07-20,p_02871,Beauty,724,38,0,bank_card,0,,215.32
ord_000002833,u_019366,ss_00063975,clk_0000035133,2026-07-30,p_02121,Beauty,1056,56,62,ozon_card,0,,246.68
ord_000002834,u_019372,ss_00063996,clk_0000035146,2026-07-27,p_00871,Electronics,2516,0,122,sberpay,0,,204.8
ord_000002835,u_019379,ss_00064022,clk_0000035161,2026-07-11,p_02859,Electronics,3054,161,0,bank_card,0,,458.71
ord_000002836,u_019382,ss_00064031,clk_0000035165,2026-07-15,p_03144,Electronics,1138,201,182,ozon_card,0,,133.03
ord_000002837,u_019384,ss_00064036,clk_0000035169,2026-07-24,p_02718,Sports,1121,0,190,sberpay,0,,196.74
ord_000002838,u_019390,ss_00064064,clk_0000035176,2026-07-01,p_02908,Sports,1349,42,209,bank_card,0,,244.98
ord_000002839,u_019405,ss_00064106,clk_0000035191,2026-07-21,p_01467,Pet,1182,0,0,ozon_card,0,,237.94
ord_000002840,u_019406,ss_00064109,clk_0000035193,2026-07-29,p_02462,Home,1775,0,226,bank_card,0,,291.1
ord_000002841,u_019408,ss_00064112,clk_0000035196,2026-07-15,p_00389,FMCG,556,29,195,bank_card,0,,56.66
ord_000002842,u_019409,ss_00064117,clk_0000035201,2026-07-05,p_02681,Fashion,2010,223,0,bank_card,0,,564.41
ord_000002843,u_019427,ss_00064176,clk_0000035225,2026-07-23,p_04290,FMCG,514,91,348,ozon_card,0,,89.38
ord_000002844,u_019433,ss_00064191,clk_0000035228,2026-07-13,p_00032,Home,1368,42,185,bank_card,0,,269.63
ord_000002845,u_019444,ss_00064228,clk_0000035248,2026-07-28,p_01041,Auto,855,0,0,ozon_card,0,,89.09
ord_000002846,u_019446,ss_00064235,clk_0000035253,2026-07-07,p_01344,Books,134,7,282,ozon_card,0,,28.06
ord_000002847,u_019449,ss_00064245,clk_0000035267,2026-07-01,p_04419,Fashion,778,59,158,sberpay,1,2026-07-24,-23.34
ord_000002848,u_019475,ss_00064328,clk_0000035309,2026-07-09,p_04019,Beauty,488,10,216,ozon_card,0,,143.81
ord_000002849,u_019475,ss_00064329,clk_0000035311,2026-07-02,p_01992,Books,155,0,172,installment,0,,16.32
ord_000002850,u_019481,ss_00064347,clk_0000035316,2026-07-05,p_03896,Sports,2184,0,278,ozon_card,0,,566.53
ord_000002851,u_019490,ss_00064371,clk_0000035331,2026-07-13,p_02300,Fashion,1495,112,0,bank_card,0,,425.63
ord_000002852,u_019497,ss_00064399,clk_0000035344,2026-07-09,p_01395,Electronics,4270,753,0,ozon_card,0,,636.23
ord_000002853,u_019499,ss_00064404,clk_0000035347,2026-07-10,p_03558,Beauty,733,55,222,bank_card,0,,221.81
ord_000002854,u_019502,ss_00064409,clk_0000035351,2026-07-18,p_04208,FMCG,675,21,0,installment,0,,58.66
ord_000002855,u_019507,ss_00064425,clk_0000035361,2026-07-03,p_00175,Beauty,513,70,276,bank_card,0,,157.23
ord_000002856,u_019507,ss_00064428,clk_0000035362,2026-07-29,p_00086,Fashion,3780,77,0,sberpay,0,,860.71
ord_000002857,u_019507,ss_00064431,clk_0000035364,2026-07-28,p_01178,Electronics,6081,0,0,bank_card,0,,723.64
ord_000002858,u_019514,ss_00064449,clk_0000035369,2026-07-11,p_02396,Kids,531,59,218,sberpay,1,2026-07-29,-15.93
ord_000002859,u_019520,ss_00064463,clk_0000035377,2026-07-07,p_03000,Electronics,2569,0,300,bank_card,0,,145.66
ord_000002860,u_019523,ss_00064469,clk_0000035380,2026-07-18,p_00889,Beauty,595,0,241,ozon_card,0,,186.12
ord_000002861,u_019524,ss_00064475,clk_0000035385,2026-07-10,p_00374,Fashion,2133,44,118,bank_card,0,,590.63
ord_000002862,u_019533,ss_00064497,clk_0000035391,2026-07-08,p_03973,Kids,2135,0,112,bank_card,0,,444.72
ord_000002863,u_019539,ss_00064516,clk_0000035399,2026-07-28,p_01696,Electronics,2489,131,0,bank_card,0,,474.65
ord_000002864,u_019544,ss_00064537,clk_0000035409,2026-07-12,p_03565,Books,485,26,108,bank_card,0,,95.55
ord_000002865,u_019548,ss_00064550,clk_0000035418,2026-07-27,p_00307,Auto,791,24,,bank_card,0,,138.74
ord_000002866,u_019548,ss_00064551,clk_0000035419,2026-07-01,p_02377,Sports,1185,37,0,bank_card,0,,206.07
ord_000002867,u_019553,ss_00064566,clk_0000035430,2026-07-13,p_03303,Electronics,3241,0,143,bank_card,0,,643.01
ord_000002868,u_019561,ss_00064598,clk_0000035449,2026-07-04,p_01890,Fashion,1518,31,218,installment,0,,451.91
ord_000002869,u_019562,ss_00064599,clk_0000035451,2026-07-21,p_02294,FMCG,949,0,251,bank_card,0,,129.44
ord_000002870,u_019568,ss_00064621,clk_0000035463,2026-07-30,p_02567,Beauty,384,52,0,bank_card,0,,109.71
ord_000002871,u_019571,ss_00064627,clk_0000035471,2026-07-28,p_03585,Electronics,8698,269,241,installment,0,,907.2
ord_000002872,u_019576,ss_00064647,clk_0000035483,2026-07-15,p_01556,Home,798,0,,ozon_card,0,,88.1
ord_000002873,u_019606,ss_00064725,clk_0000035513,2026-07-19,p_03266,Home,971,0,228,bank_card,0,,192.06
ord_000002874,u_019606,ss_00064726,clk_0000035515,2026-07-01,p_03378,Sports,237,0,203,bank_card,0,,65.13
ord_000002875,u_019610,ss_00064743,clk_0000035527,2026-07-09,p_01744,FMCG,403,12,230,installment,0,,66.01
ord_000002876,u_019619,ss_00064765,clk_0000035546,2026-07-24,p_00279,Auto,2129,112,153,sberpay,0,,503.72
ord_000002877,u_019621,ss_00064769,clk_0000035550,2026-07-13,p_02899,Beauty,1245,25,47,sberpay,0,,323.82
ord_000002878,u_019621,ss_00064773,clk_0000035552,2026-07-06,p_02384,FMCG,340,60,296,cash_on_delivery,0,,55.28
ord_000002879,u_019625,ss_00064786,clk_0000035560,2026-07-21,p_01384,Fashion,855,45,0,cash_on_delivery,0,,241.37
ord_000002880,u_019645,ss_00064842,clk_0000035596,2026-07-26,p_01567,Fashion,1179,161,257,bank_card,0,,254.66
ord_000002881,u_019645,ss_00064844,clk_0000035600,2026-07-29,p_02422,Auto,6157,0,134,bank_card,0,,897.07
ord_000002882,u_019652,ss_00064865,clk_0000035610,2026-07-09,p_04402,Kids,1398,43,27,bank_card,0,,330.63
ord_000002883,u_019654,ss_00064879,clk_0000035617,2026-07-19,p_04103,Pet,869,153,203,cash_on_delivery,0,,152.6
ord_000002884,u_019656,ss_00064885,clk_0000035620,2026-07-16,p_00067,Kids,564,30,,bank_card,0,,78.79
ord_000002885,u_019659,ss_00064893,clk_0000035623,2026-07-09,p_01963,FMCG,477,25,384,sberpay,1,2026-07-21,-14.31
ord_000002886,u_019661,ss_00064900,clk_0000035625,2026-07-27,p_00538,Beauty,1116,23,217,ozon_card,0,,241.06
ord_000002887,u_019661,ss_00064901,clk_0000035626,2026-07-23,p_03345,Beauty,408,21,184,bank_card,0,,80.21
ord_000002888,u_019666,ss_00064917,clk_0000035634,2026-07-29,p_03632,Home,678,0,273,installment,0,,107.12
ord_000002889,u_019666,ss_00064917,clk_0000035635,2026-07-29,p_00895,FMCG,1053,55,175,bank_card,0,,153.84
ord_000002890,u_019668,ss_00064927,clk_0000035638,2026-07-03,p_03435,Sports,2026,0,236,sberpay,0,,328.21
ord_000002891,u_019678,ss_00064953,clk_0000035648,2026-07-06,p_03864,Sports,1243,38,101,sberpay,0,,273.21
ord_000002892,u_019699,ss_00065033,clk_0000035683,2026-07-10,p_02162,Books,286,9,156,ozon_card,0,,56.43
ord_000002893,u_019704,ss_00065045,clk_0000035685,2026-07-17,p_03837,Fashion,1942,0,391,bank_card,0,,559.3
ord_000002894,u_019708,ss_00065057,clk_0000035696,2026-07-19,p_00418,Electronics,6356,0,84,bank_card,0,,1126.92
ord_000002895,u_019716,ss_00065078,clk_0000035702,2026-07-26,p_01633,FMCG,512,0,0,installment,0,,67.12
ord_000002896,u_019719,ss_00065088,clk_0000035706,2026-07-06,p_02417,Home,1427,159,96,sberpay,0,,207.34
ord_000002897,u_019737,ss_00065164,clk_0000035767,2026-07-03,p_02239,Beauty,687,0,0,sberpay,0,,195.79
ord_000002898,u_019754,ss_00065213,clk_0000035785,2026-07-04,p_00632,Kids,708,0,205,ozon_card,0,,137.71
ord_000002899,u_019758,ss_00065224,clk_0000035791,2026-07-09,p_01677,FMCG,774,0,23,bank_card,0,,89.78
ord_000002900,u_019759,ss_00065230,clk_0000035797,2026-07-29,p_02548,Pet,789,0,148,ozon_card,0,,218.79
ord_000002901,u_019761,ss_00065238,clk_0000035807,2026-07-13,p_00386,Beauty,463,14,,bank_card,0,,127.6
ord_000002902,u_019762,ss_00065256,clk_0000035829,2026-07-07,p_03023,Fashion,1936,40,203,bank_card,1,2026-08-08,-58.08
ord_000002903,u_019763,ss_00065259,clk_0000035831,2026-07-24,p_00700,Beauty,605,12,267,ozon_card,0,,157.24
ord_000002904,u_019766,ss_00065271,clk_0000035835,2026-07-06,p_00326,Kids,1441,45,0,bank_card,0,,369.62
ord_000002905,u_019773,ss_00065299,clk_0000035846,2026-07-01,p_03728,FMCG,138,15,204,ozon_card,0,,12.46
ord_000002906,u_019776,ss_00065310,clk_0000035854,2026-07-06,p_01834,Auto,5823,0,0,ozon_card,0,,663.82
ord_000002907,u_019780,ss_00065333,clk_0000035864,2026-07-20,p_03660,Fashion,2792,210,197,bank_card,0,,569.01
ord_000002908,u_019784,ss_00065340,clk_0000035870,2026-07-10,p_03829,Fashion,2553,52,142,bank_card,0,,620.12
ord_000002909,u_019786,ss_00065344,clk_0000035873,2026-07-26,p_02210,Beauty,1550,0,103,bank_card,0,,433.84
ord_000002910,u_019788,ss_00065352,clk_0000035878,2026-07-29,p_03305,Kids,2078,231,196,installment,0,,393.99
ord_000002911,u_019789,ss_00065357,clk_0000035882,2026-07-09,p_04288,Books,262,8,169,ozon_card,0,,25.26
ord_000002912,u_019811,ss_00065454,clk_0000035932,2026-07-21,p_01687,Auto,1494,166,176,sberpay,0,,253.23
ord_000002913,u_019812,ss_00065457,clk_0000035934,2026-07-20,p_04105,Electronics,2859,88,304,cash_on_delivery,0,,222.43
ord_000002914,u_019812,ss_00065458,clk_0000035936,2026-07-30,p_03858,Beauty,727,15,247,bank_card,0,,205.01
ord_000002915,u_019816,ss_00065472,clk_0000035943,2026-07-09,p_03638,Home,658,116,0,ozon_card,0,,150.48
ord_000002916,u_019821,ss_00065490,clk_0000035950,2026-07-19,p_02892,FMCG,355,0,61,bank_card,0,,42.0
ord_000002917,u_019821,ss_00065491,clk_0000035951,2026-07-16,p_04157,Electronics,4577,808,0,bank_card,0,,540.09
ord_000002918,u_019827,ss_00065509,clk_0000035960,2026-07-17,p_04171,Electronics,8159,0,0,sberpay,0,,973.37
ord_000002919,u_019837,ss_00065533,clk_0000035971,2026-07-20,p_02814,Fashion,1009,76,314,ozon_card,1,2026-08-23,-30.27
ord_000002920,u_019839,ss_00065545,clk_0000035981,2026-07-02,p_03491,Fashion,1590,49,241,sberpay,0,,457.76
ord_000002921,u_019844,ss_00065556,clk_0000035989,2026-07-18,p_00444,Home,1703,189,219,bank_card,0,,321.19
ord_000002922,u_019845,ss_00065563,clk_0000035992,2026-07-12,p_00447,FMCG,571,63,155,bank_card,0,,76.51
ord_000002923,u_019852,ss_00065584,clk_0000036003,2026-07-06,p_01244,Beauty,527,0,117,installment,0,,117.26
ord_000002924,u_019867,ss_00065623,clk_0000036022,2026-07-30,p_03277,Fashion,1492,79,187,installment,0,,352.86
ord_000002925,u_019872,ss_00065644,clk_0000036036,2026-07-13,p_03562,Home,2236,248,179,cash_on_delivery,0,,521.88
ord_000002926,u_019873,ss_00065645,clk_0000036038,2026-07-13,p_00852,Home,1524,80,117,bank_card,0,,290.78
ord_000002927,u_019892,ss_00065720,clk_0000036087,2026-07-26,p_03664,Home,872,46,0,ozon_card,0,,204.83
ord_000002928,u_019909,ss_00065771,clk_0000036121,2026-07-27,p_01433,Pet,704,0,0,bank_card,0,,165.79
ord_000002929,u_019915,ss_00065787,clk_0000036134,2026-07-28,p_02834,FMCG,282,9,,bank_card,0,,44.5
ord_000002930,u_019918,ss_00065799,clk_0000036138,2026-07-22,p_04087,Beauty,1247,66,0,installment,0,,258.88
ord_000002931,u_019931,ss_00065850,clk_0000036160,2026-07-19,p_01696,Electronics,2358,262,207,ozon_card,0,,449.67
ord_000002932,u_019938,ss_00065872,clk_0000036172,2026-07-16,p_03011,Fashion,1299,26,191,bank_card,1,2026-07-24,-38.97
ord_000002933,u_019944,ss_00065895,clk_0000036183,2026-07-10,p_00478,FMCG,460,0,0,bank_card,0,,58.88
ord_000002934,u_019955,ss_00065947,clk_0000036218,2026-07-30,p_04125,Electronics,7089,0,150,ozon_card,0,,482.76
ord_000002935,u_019960,ss_00065963,clk_0000036229,2026-07-16,p_01693,Kids,1502,79,0,bank_card,0,,418.16
ord_000002936,u_019982,ss_00066033,clk_0000036269,2026-07-11,p_00959,Kids,1096,0,154,bank_card,0,,258.98
ord_000002937,u_019992,ss_00066069,clk_0000036293,2026-07-05,p_01414,Home,2293,0,316,ozon_card,0,,450.8
ord_000002938,u_020024,ss_00066175,clk_0000036344,2026-07-17,p_04493,Home,765,0,272,bank_card,0,,203.03
ord_000002939,u_020034,ss_00066214,clk_0000036360,2026-07-21,p_03844,Books,274,0,0,cash_on_delivery,0,,59.13
ord_000002940,u_020044,ss_00066252,clk_0000036377,2026-07-12,p_01109,Books,89,10,258,bank_card,0,,16.35
ord_000002941,u_020050,ss_00066273,clk_0000036389,2026-07-07,p_02882,Books,150,0,174,ozon_card,0,,27.78
ord_000002942,u_020052,ss_00066277,clk_0000036390,2026-07-22,p_01094,Home,2764,85,0,sberpay,0,,540.09
ord_000002943,u_020060,ss_00066302,clk_0000036402,2026-07-19,p_01266,Fashion,1626,0,308,ozon_card,0,,469.91
ord_000002944,u_020068,ss_00066327,clk_0000036415,2026-07-02,p_00407,FMCG,608,0,250,bank_card,0,,99.23
ord_000002945,u_020072,ss_00066347,clk_0000036421,2026-07-09,p_04098,Fashion,1156,87,123,bank_card,0,,207.16
ord_000002946,u_020073,ss_00066353,clk_0000036426,2026-07-29,p_03506,Pet,822,0,0,ozon_card,0,,205.09
ord_000002947,u_020095,ss_00066427,clk_0000036460,2026-07-01,p_03957,FMCG,737,0,205,sberpay,0,,73.92
ord_000002948,u_020132,ss_00066542,clk_0000036514,2026-07-12,p_01008,Electronics,2975,92,126,installment,0,,327.55
ord_000002949,u_020136,ss_00066553,clk_0000036520,2026-07-05,p_04453,Fashion,817,167,0,sberpay,0,,189.95
ord_000002950,u_020142,ss_00066578,clk_0000036536,2026-07-13,p_03601,Kids,631,70,142,ozon_card,0,,105.31
ord_000002951,u_020142,ss_00066578,clk_0000036537,2026-07-13,p_01873,Beauty,580,31,120,ozon_card,0,,184.32
ord_000002952,u_020146,ss_00066588,clk_0000036541,2026-07-25,p_03066,FMCG,262,0,120,sberpay,0,,46.01
ord_000002953,u_020156,ss_00066620,clk_0000036555,2026-07-28,p_03421,Fashion,1817,0,387,ozon_card,1,2026-09-01,-54.51
ord_000002954,u_020165,ss_00066642,clk_0000036569,2026-07-06,p_00832,Kids,1215,38,398,bank_card,0,,306.3
ord_000002955,u_020165,ss_00066643,clk_0000036570,2026-07-01,p_01146,Electronics,5524,0,210,bank_card,0,,297.19
ord_000002956,u_020165,ss_00066644,clk_0000036571,2026-07-24,p_02856,Pet,2304,71,0,sberpay,0,,545.59
ord_000002957,u_020179,ss_00066682,clk_0000036600,2026-07-23,p_00003,Fashion,1395,0,203,bank_card,0,,370.79
ord_000002958,u_020196,ss_00066752,clk_0000036636,2026-07-08,p_02949,Books,283,0,222,bank_card,0,,20.46
ord_000002959,u_020214,ss_00066803,clk_0000036660,2026-07-03,p_00553,Fashion,2322,47,207,ozon_card,0,,519.9
ord_000002960,u_020216,ss_00066809,clk_0000036664,2026-07-29,p_01807,Kids,1779,314,0,cash_on_delivery,0,,385.69
ord_000002961,u_020229,ss_00066843,clk_0000036685,2026-07-07,p_01286,Beauty,1211,64,0,sberpay,0,,318.86
ord_000002962,u_020238,ss_00066871,clk_0000036702,2026-07-04,p_01430,Books,341,0,0,sberpay,0,,50.91
ord_000002963,u_020246,ss_00066895,clk_0000036716,2026-07-23,p_03797,Fashion,1740,36,137,bank_card,0,,268.48
ord_000002964,u_020247,ss_00066899,clk_0000036717,2026-07-06,p_02317,Auto,885,27,0,bank_card,0,,60.8
ord_000002965,u_020247,ss_00066899,clk_0000036718,2026-07-06,p_00559,Kids,1375,0,0,ozon_card,0,,300.03
ord_000002966,u_020263,ss_00066958,clk_0000036745,2026-07-09,p_02950,Home,974,0,273,sberpay,0,,165.29
ord_000002967,u_020265,ss_00066967,clk_0000036749,2026-07-23,p_04398,Beauty,812,43,114,bank_card,0,,213.88
ord_000002968,u_020272,ss_00066989,clk_0000036762,2026-07-30,p_03862,Electronics,1206,63,36,bank_card,0,,103.11
ord_000002969,u_020301,ss_00067077,clk_0000036808,2026-07-09,p_00890,Kids,579,18,70,sberpay,0,,140.47
ord_000002970,u_020321,ss_00067141,clk_0000036841,2026-07-23,p_03834,Fashion,1867,255,159,ozon_card,0,,396.92
ord_000002971,u_020322,ss_00067147,clk_0000036846,2026-07-27,p_04437,FMCG,303,0,0,ozon_card,0,,36.06
ord_000002972,u_020326,ss_00067158,clk_0000036857,2026-07-01,p_01916,Fashion,1145,0,119,bank_card,0,,408.65
ord_000002973,u_020326,ss_00067161,clk_0000036859,2026-07-24,p_00202,Sports,1031,54,275,sberpay,0,,275.69
ord_000002974,u_020346,ss_00067209,clk_0000036884,2026-07-22,p_00468,Beauty,659,73,,sberpay,0,,211.54
ord_000002975,u_020346,ss_00067209,clk_0000036885,2026-07-22,p_04259,Home,1463,0,170,bank_card,0,,315.42
ord_000002976,u_020363,ss_00067259,clk_0000036907,2026-07-03,p_03408,Sports,694,21,317,ozon_card,0,,163.78
ord_000002977,u_020363,ss_00067260,clk_0000036908,2026-07-04,p_01547,Electronics,5471,966,0,bank_card,0,,1081.07
ord_000002978,u_020363,ss_00067260,clk_0000036909,2026-07-04,p_02631,Kids,1611,50,242,sberpay,0,,456.07
ord_000002979,u_020370,ss_00067282,clk_0000036919,2026-07-13,p_01268,Books,435,23,235,cash_on_delivery,0,,89.52
ord_000002980,u_020376,ss_00067313,clk_0000036938,2026-07-08,p_03788,Home,1024,0,216,bank_card,0,,201.52
ord_000002981,u_020379,ss_00067321,clk_0000036940,2026-07-01,p_04037,Books,161,8,400,bank_card,0,,29.72
ord_000002982,u_020384,ss_00067344,clk_0000036955,2026-07-23,p_03740,Fashion,2462,130,181,ozon_card,0,,452.27
ord_000002983,u_020389,ss_00067355,clk_0000036959,2026-07-02,p_04057,Books,218,12,46,ozon_card,0,,34.75
ord_000002984,u_020408,ss_00067407,clk_0000037002,2026-07-11,p_01352,Electronics,5063,266,0,bank_card,0,,208.6
ord_000002985,u_020410,ss_00067413,clk_0000037007,2026-07-09,p_00713,Electronics,4240,223,168,bank_card,0,,216.24
ord_000002986,u_020413,ss_00067422,clk_0000037017,2026-07-19,p_01937,Kids,707,22,81,bank_card,0,,166.85
ord_000002987,u_020417,ss_00067433,clk_0000037021,2026-07-10,p_03389,Home,1512,47,1,bank_card,0,,359.7
ord_000002988,u_020440,ss_00067505,clk_0000037061,2026-07-08,p_04349,Books,266,14,124,ozon_card,0,,24.5
ord_000002989,u_020443,ss_00067517,clk_0000037065,2026-07-08,p_00110,Fashion,1244,25,0,sberpay,0,,326.43
ord_000002990,u_020444,ss_00067521,clk_0000037069,2026-07-25,p_03092,Kids,581,0,244,bank_card,0,,118.12
ord_000002991,u_020448,ss_00067530,clk_0000037078,2026-07-09,p_02908,Sports,1349,42,71,bank_card,0,,244.98
ord_000002992,u_020457,ss_00067559,clk_0000037090,2026-07-15,p_00617,FMCG,464,0,171,ozon_card,0,,48.21
ord_000002993,u_020462,ss_00067579,clk_0000037105,2026-07-14,p_03175,Beauty,914,102,139,bank_card,0,,307.84
ord_000002994,u_020463,ss_00067581,clk_0000037108,2026-07-12,p_02179,Pet,1422,0,223,sberpay,0,,262.22
ord_000002995,u_020466,ss_00067598,clk_0000037120,2026-07-02,p_00086,Fashion,3780,77,0,bank_card,0,,860.71
ord_000002996,u_020471,ss_00067613,clk_0000037129,2026-07-02,p_01948,Pet,2091,232,19,bank_card,1,2026-07-30,-62.73
ord_000002997,u_020472,ss_00067619,clk_0000037134,2026-07-05,p_00289,Books,442,14,286,bank_card,0,,84.51
ord_000002998,u_020476,ss_00067631,clk_0000037140,2026-07-14,p_00629,Auto,3986,210,149,ozon_card,0,,613.84
ord_000002999,u_020485,ss_00067672,clk_0000037174,2026-07-16,p_02212,Beauty,408,21,205,cash_on_delivery,0,,103.02
ord_000003000,u_020496,ss_00067710,clk_0000037191,2026-07-22,p_02979,Pet,967,30,167,bank_card,0,,122.42
ord_000003001,u_020497,ss_00067715,clk_0000037196,2026-07-28,p_02396,Kids,531,59,206,installment,0,,124.09
ord_000003002,u_020504,ss_00067736,clk_0000037201,2026-07-19,p_01435,Beauty,1127,23,121,bank_card,0,,350.5
ord_000003003,u_020510,ss_00067768,clk_0000037225,2026-07-04,p_01047,Electronics,3965,440,102,ozon_card,0,,241.07
ord_000003004,u_020513,ss_00067780,clk_0000037232,2026-07-06,p_01496,Beauty,156,3,171,bank_card,0,,41.43
ord_000003005,u_020518,ss_00067789,clk_0000037237,2026-07-19,p_00733,Pet,545,0,96,sberpay,0,,116.47
ord_000003006,u_020527,ss_00067822,clk_0000037254,2026-07-10,p_01099,Auto,2100,0,350,bank_card,0,,391.86
ord_000003007,u_020530,ss_00067828,clk_0000037256,2026-07-29,p_01252,Fashion,1194,63,288,sberpay,0,,265.78
ord_000003008,u_020533,ss_00067837,clk_0000037262,2026-07-03,p_03689,Beauty,2049,154,250,bank_card,0,,586.83
ord_000003009,u_020535,ss_00067845,clk_0000037268,2026-07-17,p_02340,Sports,2026,107,237,bank_card,0,,259.33
ord_000003010,u_020539,ss_00067856,clk_0000037275,2026-07-06,p_00293,Home,1500,0,301,ozon_card,0,,239.85
ord_000003011,u_020539,ss_00067859,clk_0000037280,2026-07-24,p_02223,Electronics,1961,0,226,ozon_card,0,,364.75
ord_000003012,u_020540,ss_00067861,clk_0000037281,2026-07-09,p_02931,Home,530,0,191,bank_card,0,,83.58
ord_000003013,u_020543,ss_00067872,clk_0000037287,2026-07-06,p_03402,Electronics,4502,500,0,ozon_card,0,,583.46
ord_000003014,u_020547,ss_00067888,clk_0000037295,2026-07-19,p_02942,Electronics,1014,53,227,installment,0,,98.46
ord_000003015,u_020549,ss_00067895,clk_0000037298,2026-07-06,p_03867,Books,533,16,130,bank_card,0,,102.44
ord_000003016,u_020550,ss_00067897,clk_0000037302,2026-07-12,p_03477,Fashion,971,30,238,bank_card,0,,276.44
ord_000003017,u_020563,ss_00067937,clk_0000037330,2026-07-15,p_02397,FMCG,306,9,108,bank_card,0,,21.11
ord_000003018,u_020564,ss_00067945,clk_0000037336,2026-07-22,p_02267,Home,2417,0,0,installment,0,,349.98
ord_000003019,u_020569,ss_00067956,clk_0000037341,2026-07-16,p_00559,Kids,1237,138,105,sberpay,0,,269.91
ord_000003020,u_020570,ss_00067959,clk_0000037344,2026-07-15,p_00092,Beauty,376,8,234,bank_card,0,,92.42
ord_000003021,u_020579,ss_00067985,clk_0000037353,2026-07-17,p_00689,Beauty,324,17,253,bank_card,0,,113.01
ord_000003022,u_020580,ss_00067988,clk_0000037356,2026-07-06,p_00112,Kids,1129,126,251,bank_card,0,,230.32
ord_000003023,u_020587,ss_00068003,clk_0000037365,2026-07-24,p_01909,Fashion,935,165,217,bank_card,0,,276.01
ord_000003024,u_020595,ss_00068031,clk_0000037376,2026-07-16,p_00690,Fashion,350,11,231,bank_card,0,,68.5
ord_000003025,u_020599,ss_00068046,clk_0000037386,2026-07-11,p_00650,Beauty,690,122,304,sberpay,0,,241.71
ord_000003026,u_020600,ss_00068050,clk_0000037388,2026-07-12,p_02887,Sports,585,0,363,bank_card,0,,108.52
ord_000003027,u_020603,ss_00068061,clk_0000037394,2026-07-23,p_01709,Fashion,1357,151,,ozon_card,0,,389.05
ord_000003028,u_020605,ss_00068072,clk_0000037400,2026-07-04,p_01955,Sports,1588,0,199,ozon_card,0,,341.58
ord_000003029,u_020607,ss_00068083,clk_0000037406,2026-07-21,p_02681,Fashion,1965,268,,ozon_card,0,,551.77
ord_000003030,u_020613,ss_00068103,clk_0000037414,2026-07-09,p_00608,Electronics,11066,0,0,bank_card,1,2026-07-26,-331.98
ord_000003031,u_020626,ss_00068143,clk_0000037437,2026-07-03,p_01327,Fashion,3259,0,0,sberpay,0,,956.84
ord_000003032,u_020628,ss_00068148,clk_0000037440,2026-07-12,p_01318,Sports,1529,0,203,bank_card,0,,353.66
ord_000003033,u_020630,ss_00068155,clk_0000037443,2026-07-16,p_01291,Fashion,1054,0,186,bank_card,0,,189.93
ord_000003034,u_020632,ss_00068160,clk_0000037446,2026-07-30,p_01080,Kids,220,7,289,ozon_card,0,,52.73
ord_000003035,u_020643,ss_00068196,clk_0000037464,2026-07-07,p_00550,Auto,2163,114,140,bank_card,1,2026-07-22,-64.89
ord_000003036,u_020646,ss_00068209,clk_0000037472,2026-07-30,p_03301,Auto,1196,0,0,bank_card,0,,237.29
ord_000003037,u_020647,ss_00068212,clk_0000037474,2026-07-19,p_02515,Home,575,18,258,bank_card,0,,148.18
ord_000003038,u_020648,ss_00068214,clk_0000037475,2026-07-25,p_04444,Home,1753,195,200,sberpay,0,,421.25
ord_000003039,u_020676,ss_00068307,clk_0000037512,2026-07-16,p_03667,Kids,865,96,273,bank_card,0,,141.17
ord_000003040,u_020682,ss_00068326,clk_0000037527,2026-07-14,p_00797,Electronics,3799,0,221,bank_card,0,,331.27
ord_000003041,u_020683,ss_00068329,clk_0000037529,2026-07-22,p_04391,Books,388,12,319,bank_card,0,,73.6
ord_000003042,u_020702,ss_00068385,clk_0000037553,2026-07-04,p_02904,Books,128,0,212,ozon_card,0,,27.52
ord_000003043,u_020716,ss_00068415,clk_0000037566,2026-07-12,p_04230,Electronics,8569,0,,bank_card,0,,497.86
ord_000003044,u_020725,ss_00068445,clk_0000037577,2026-07-10,p_02469,Home,1445,160,188,sberpay,0,,279.61
ord_000003045,u_020731,ss_00068465,clk_0000037587,2026-07-13,p_01747,Beauty,301,41,346,sberpay,0,,74.56
ord_000003046,u_020734,ss_00068471,clk_0000037589,2026-07-20,p_03691,FMCG,491,26,,ozon_card,0,,61.82
ord_000003047,u_020740,ss_00068496,clk_0000037600,2026-07-14,p_00646,Auto,3009,93,0,ozon_card,0,,649.34
ord_000003048,u_020746,ss_00068515,clk_0000037617,2026-07-12,p_01585,Home,1524,0,164,bank_card,0,,181.05
ord_000003049,u_020759,ss_00068555,clk_0000037638,2026-07-04,p_02437,Fashion,1297,0,226,cash_on_delivery,0,,315.82
ord_000003050,u_020767,ss_00068579,clk_0000037657,2026-07-07,p_00175,Beauty,542,41,231,cash_on_delivery,0,,166.12
ord_000003051,u_020770,ss_00068589,clk_0000037663,2026-07-15,p_01564,Kids,1599,84,127,bank_card,0,,303.49
ord_000003052,u_020770,ss_00068589,clk_0000037664,2026-07-15,p_02511,Beauty,571,12,148,installment,0,,194.08
ord_000003053,u_020789,ss_00068646,clk_0000037689,2026-07-04,p_00835,Auto,1245,0,204,bank_card,0,,172.68
ord_000003054,u_020798,ss_00068679,clk_0000037703,2026-07-29,p_01906,Pet,1232,0,0,installment,0,,189.48
ord_000003055,u_020817,ss_00068724,clk_0000037723,2026-07-20,p_01994,Home,2100,0,275,ozon_card,0,,451.71
ord_000003056,u_020839,ss_00068788,clk_0000037761,2026-07-18,p_00898,Electronics,4283,0,0,ozon_card,0,,268.12
ord_000003057,u_020842,ss_00068794,clk_0000037762,2026-07-18,p_03167,Kids,603,32,224,cash_on_delivery,0,,114.09
ord_000003058,u_020846,ss_00068804,clk_0000037766,2026-07-19,p_03525,Electronics,1056,33,319,bank_card,0,,196.31
ord_000003059,u_020849,ss_00068817,clk_0000037775,2026-07-17,p_02646,Beauty,192,21,191,bank_card,0,,47.48
ord_000003060,u_020868,ss_00068866,clk_0000037806,2026-07-21,p_02983,Fashion,1286,97,43,installment,0,,298.35
ord_000003061,u_020873,ss_00068878,clk_0000037818,2026-07-18,p_00856,Fashion,873,97,0,ozon_card,1,2026-08-20,-26.19
ord_000003062,u_020880,ss_00068900,clk_0000037827,2026-07-17,p_03734,Beauty,272,8,170,bank_card,0,,95.23
ord_000003063,u_020881,ss_00068902,clk_0000037829,2026-07-21,p_02420,Electronics,2163,0,256,ozon_card,0,,286.38
ord_000003064,u_020903,ss_00068972,clk_0000037871,2026-07-10,p_02177,FMCG,356,19,0,ozon_card,1,2026-07-27,-10.68
ord_000003065,u_020915,ss_00069022,clk_0000037892,2026-07-27,p_03931,Sports,1347,0,62,ozon_card,1,2026-08-27,-40.41
ord_000003066,u_020925,ss_00069056,clk_0000037913,2026-07-02,p_01607,Sports,2188,68,85,bank_card,0,,489.24
ord_000003067,u_020938,ss_00069092,clk_0000037928,2026-07-22,p_03083,Fashion,1661,51,0,bank_card,0,,215.43
ord_000003068,u_020940,ss_00069102,clk_0000037933,2026-07-05,p_03195,FMCG,197,35,253,sberpay,0,,25.59
ord_000003069,u_020953,ss_00069139,clk_0000037949,2026-07-15,p_00462,Beauty,600,32,238,ozon_card,0,,150.78
ord_000003070,u_020960,ss_00069156,clk_0000037959,2026-07-12,p_04181,Electronics,4558,141,198,bank_card,0,,789.9
ord_000003071,u_020961,ss_00069164,clk_0000037963,2026-07-20,p_01134,Fashion,1406,43,262,ozon_card,0,,418.28
ord_000003072,u_020962,ss_00069168,clk_0000037967,2026-07-28,p_03577,Home,915,0,137,installment,0,,178.15
ord_000003073,u_020969,ss_00069192,clk_0000037987,2026-07-25,p_00953,Home,1074,119,298,bank_card,0,,255.18
ord_000003074,u_020983,ss_00069225,clk_0000038004,2026-07-11,p_02721,Home,3378,0,0,ozon_card,0,,698.57
ord_000003075,u_020984,ss_00069231,clk_0000038007,2026-07-03,p_03771,Electronics,8806,0,0,ozon_card,0,,787.26
ord_000003076,u_021001,ss_00069287,clk_0000038025,2026-07-06,p_03191,Beauty,1281,142,316,ozon_card,0,,443.35
ord_000003077,u_021008,ss_00069314,clk_0000038034,2026-07-28,p_03849,Fashion,1357,28,257,bank_card,0,,367.07
ord_000003078,u_021010,ss_00069323,clk_0000038038,2026-07-02,p_04052,Sports,1009,31,162,bank_card,0,,220.77
ord_000003079,u_021012,ss_00069330,clk_0000038046,2026-07-12,p_01928,Home,4076,0,357,bank_card,0,,591.43
ord_000003080,u_021015,ss_00069347,clk_0000038059,2026-07-30,p_01569,Electronics,12846,676,242,ozon_card,0,,1472.15
ord_000003081,u_021026,ss_00069385,clk_0000038084,2026-07-16,p_03027,Kids,1217,0,0,bank_card,0,,277.6
ord_000003082,u_021031,ss_00069397,clk_0000038092,2026-07-23,p_03323,Beauty,1041,55,196,ozon_card,0,,281.8
ord_000003083,u_021034,ss_00069415,clk_0000038103,2026-07-24,p_00662,Fashion,1396,190,192,sberpay,0,,338.67
ord_000003084,u_021045,ss_00069464,clk_0000038139,2026-07-03,p_04478,Beauty,512,10,197,ozon_card,0,,166.04
ord_000003085,u_021059,ss_00069515,clk_0000038157,2026-07-01,p_02793,Auto,1491,166,0,installment,0,,236.47
ord_000003086,u_021059,ss_00069516,clk_0000038159,2026-07-23,p_00869,Fashion,1710,0,0,installment,0,,500.35
ord_000003087,u_021059,ss_00069517,clk_0000038160,2026-07-26,p_02290,Electronics,2651,82,0,sberpay,0,,215.0
ord_000003088,u_021059,ss_00069519,clk_0000038162,2026-07-24,p_03997,Kids,436,23,151,ozon_card,0,,74.12
ord_000003089,u_021078,ss_00069571,clk_0000038191,2026-07-09,p_02157,Electronics,4292,0,0,bank_card,0,,728.78
ord_000003090,u_021089,ss_00069617,clk_0000038212,2026-07-20,p_00111,Sports,1297,229,0,bank_card,0,,338.65
ord_000003091,u_021089,ss_00069620,clk_0000038214,2026-07-24,p_01422,Kids,1067,33,0,cash_on_delivery,0,,259.81
ord_000003092,u_021094,ss_00069634,clk_0000038224,2026-07-22,p_03493,Kids,556,17,,ozon_card,0,,113.26
ord_000003093,u_021095,ss_00069639,clk_0000038228,2026-07-21,p_01832,FMCG,754,133,147,sberpay,0,,126.14
ord_000003094,u_021125,ss_00069734,clk_0000038284,2026-07-05,p_01302,FMCG,261,0,139,bank_card,0,,42.7
ord_000003095,u_021127,ss_00069740,clk_0000038290,2026-07-23,p_02093,Sports,528,28,223,ozon_card,0,,115.42
ord_000003096,u_021153,ss_00069823,clk_0000038337,2026-07-08,p_03232,Electronics,1637,182,139,ozon_card,0,,322.65
ord_000003097,u_021153,ss_00069825,clk_0000038339,2026-07-12,p_01449,Home,1735,0,144,bank_card,0,,219.3
ord_000003098,u_021166,ss_00069860,clk_0000038356,2026-07-05,p_01845,Home,1525,80,24,installment,0,,351.82
ord_000003099,u_021175,ss_00069885,clk_0000038368,2026-07-22,p_03567,Home,1158,0,161,bank_card,0,,351.8
ord_000003100,u_021178,ss_00069897,clk_0000038373,2026-07-12,p_01392,Fashion,3489,263,196,sberpay,0,,835.27
ord_000003101,u_021182,ss_00069908,clk_0000038379,2026-07-22,p_01239,Electronics,4296,0,0,bank_card,0,,505.21
ord_000003102,u_021185,ss_00069919,clk_0000038382,2026-07-07,p_01758,Beauty,902,0,0,bank_card,0,,239.75
ord_000003103,u_021200,ss_00069978,clk_0000038415,2026-07-11,p_00863,Fashion,1443,76,265,bank_card,0,,368.11
ord_000003104,u_021202,ss_00069987,clk_0000038419,2026-07-20,p_01797,Books,269,8,65,cash_on_delivery,0,,43.71
ord_000003105,u_021209,ss_00070007,clk_0000038429,2026-07-17,p_03331,Fashion,815,17,112,ozon_card,1,2026-08-18,-24.45
ord_000003106,u_021211,ss_00070012,clk_0000038432,2026-07-17,p_00699,Kids,1859,0,289,sberpay,0,,365.48
ord_000003107,u_021217,ss_00070043,clk_0000038454,2026-07-13,p_00375,Sports,190,0,136,bank_card,1,2026-08-19,-5.7
ord_000003108,u_021217,ss_00070044,clk_0000038456,2026-07-08,p_02106,Home,1693,299,,bank_card,0,,286.96
ord_000003109,u_021219,ss_00070047,clk_0000038458,2026-07-14,p_01257,FMCG,853,0,209,bank_card,0,,102.79
ord_000003110,u_021223,ss_00070062,clk_0000038462,2026-07-30,p_03305,Kids,2309,0,224,cash_on_delivery,0,,437.79
ord_000003111,u_021224,ss_00070063,clk_0000038465,2026-07-26,p_02555,Home,853,95,221,cash_on_delivery,0,,107.82
ord_000003112,u_021236,ss_00070110,clk_0000038505,2026-07-29,p_01723,Beauty,897,0,59,bank_card,0,,271.79
ord_000003113,u_021248,ss_00070155,clk_0000038520,2026-07-03,p_02914,Beauty,604,12,85,cash_on_delivery,0,,192.62
ord_000003114,u_021250,ss_00070162,clk_0000038523,2026-07-20,p_02422,Auto,6157,0,0,bank_card,0,,897.07
ord_000003115,u_021253,ss_00070173,clk_0000038532,2026-07-26,p_02749,Fashion,1438,29,196,sberpay,0,,302.99
ord_000003116,u_021260,ss_00070203,clk_0000038554,2026-07-06,p_01252,Fashion,1106,151,216,ozon_card,0,,246.2
ord_000003117,u_021267,ss_00070232,clk_0000038571,2026-07-09,p_03088,Sports,1650,0,203,ozon_card,0,,263.18
ord_000003118,u_021273,ss_00070260,clk_0000038592,2026-07-29,p_03939,Pet,702,0,173,ozon_card,0,,160.41
ord_000003119,u_021275,ss_00070267,clk_0000038596,2026-07-29,p_03525,Electronics,980,109,178,bank_card,0,,182.18
ord_000003120,u_021283,ss_00070295,clk_0000038612,2026-07-03,p_04254,Home,5293,0,191,ozon_card,0,,1427.52
ord_000003121,u_021287,ss_00070309,clk_0000038618,2026-07-30,p_00724,Electronics,3065,340,0,sberpay,0,,438.91
ord_000003122,u_021287,ss_00070312,clk_0000038620,2026-07-14,p_04127,Home,618,19,344,sberpay,0,,117.42
ord_000003123,u_021295,ss_00070337,clk_0000038630,2026-07-29,p_00777,Electronics,1953,0,167,installment,0,,351.74
ord_000003124,u_021297,ss_00070341,clk_0000038632,2026-07-13,p_02739,Books,137,4,271,ozon_card,0,,19.3
ord_000003125,u_021298,ss_00070344,clk_0000038635,2026-07-11,p_04192,Fashion,921,126,218,cash_on_delivery,0,,169.92
ord_000003126,u_021300,ss_00070347,clk_0000038637,2026-07-24,p_01630,Fashion,2113,111,290,bank_card,1,2026-08-24,-63.39
ord_000003127,u_021302,ss_00070353,clk_0000038640,2026-07-07,p_00617,FMCG,441,23,245,bank_card,0,,45.82
ord_000003128,u_021317,ss_00070393,clk_0000038658,2026-07-17,p_00825,Auto,3330,103,296,installment,0,,771.23
ord_000003129,u_021321,ss_00070408,clk_0000038664,2026-07-03,p_04207,Electronics,2541,134,194,sberpay,0,,469.83
ord_000003130,u_021325,ss_00070418,clk_0000038669,2026-07-23,p_03749,Sports,784,41,192,cash_on_delivery,0,,190.67
ord_000003131,u_021333,ss_00070450,clk_0000038685,2026-07-07,p_04389,Electronics,4754,0,0,bank_card,0,,1079.63
ord_000003132,u_021335,ss_00070458,clk_0000038690,2026-07-03,p_04269,Beauty,1054,144,128,cash_on_delivery,0,,318.83
ord_000003133,u_021345,ss_00070490,clk_0000038706,2026-07-24,p_01919,Fashion,1518,169,215,bank_card,0,,305.27
ord_000003134,u_021351,ss_00070507,clk_0000038715,2026-07-28,p_00600,Fashion,626,0,197,bank_card,0,,156.44
ord_000003135,u_021351,ss_00070509,clk_0000038718,2026-07-24,p_02196,Pet,1138,0,137,sberpay,0,,105.04
ord_000003136,u_021367,ss_00070570,clk_0000038746,2026-07-27,p_03723,Auto,3065,541,279,ozon_card,1,2026-08-29,-91.95
ord_000003137,u_021370,ss_00070580,clk_0000038749,2026-07-20,p_00442,Home,697,22,263,bank_card,0,,136.19
ord_000003138,u_021380,ss_00070611,clk_0000038764,2026-07-15,p_01428,Home,1662,51,0,bank_card,0,,344.2
ord_000003139,u_021383,ss_00070624,clk_0000038769,2026-07-09,p_02314,Kids,2309,0,245,sberpay,0,,533.84
ord_000003140,u_021385,ss_00070630,clk_0000038777,2026-07-29,p_03032,Electronics,2818,0,149,bank_card,0,,358.17
ord_000003141,u_021390,ss_00070649,clk_0000038790,2026-07-18,p_01386,Pet,430,48,207,sberpay,0,,81.7
ord_000003142,u_021400,ss_00070679,clk_0000038808,2026-07-12,p_01123,Fashion,895,18,288,bank_card,0,,208.89
ord_000003143,u_021406,ss_00070706,clk_0000038820,2026-07-23,p_02819,Sports,1056,33,191,sberpay,0,,148.05
ord_000003144,u_021408,ss_00070710,clk_0000038822,2026-07-24,p_02355,Home,2030,107,227,bank_card,0,,435.84
ord_000003145,u_021418,ss_00070744,clk_0000038842,2026-07-22,p_02266,Beauty,1532,0,170,bank_card,0,,425.59
ord_000003146,u_021431,ss_00070790,clk_0000038860,2026-07-03,p_01640,Home,1698,0,131,bank_card,0,,325.0
ord_000003147,u_021432,ss_00070793,clk_0000038863,2026-07-01,p_04222,Home,1727,0,224,bank_card,0,,206.89
ord_000003148,u_021443,ss_00070830,clk_0000038883,2026-07-30,p_01660,Electronics,4842,538,0,bank_card,0,,719.52
ord_000003149,u_021454,ss_00070858,clk_0000038901,2026-07-20,p_04124,Kids,829,0,135,ozon_card,0,,168.7
ord_000003150,u_021454,ss_00070859,clk_0000038902,2026-07-24,p_01795,Home,913,102,134,bank_card,0,,169.0
ord_000003151,u_021464,ss_00070889,clk_0000038918,2026-07-30,p_01854,Fashion,1637,223,217,bank_card,0,,492.25
ord_000003152,u_021471,ss_00070914,clk_0000038929,2026-07-09,p_01778,Fashion,928,0,97,bank_card,0,,181.7
ord_000003153,u_021471,ss_00070914,clk_0000038930,2026-07-09,p_03415,Electronics,5577,620,0,sberpay,0,,456.2
ord_000003154,u_021480,ss_00070961,clk_0000038949,2026-07-15,p_01830,Fashion,954,0,205,bank_card,0,,192.52
ord_000003155,u_021480,ss_00070962,clk_0000038950,2026-07-05,p_00468,Beauty,732,0,316,sberpay,0,,234.97
ord_000003156,u_021486,ss_00070986,clk_0000038968,2026-07-24,p_00541,FMCG,329,0,196,bank_card,0,,48.56
ord_000003157,u_021498,ss_00071023,clk_0000038989,2026-07-05,p_02618,Sports,670,0,291,bank_card,0,,176.61
ord_000003158,u_021516,ss_00071086,clk_0000039025,2026-07-27,p_01119,Electronics,4216,0,258,ozon_card,0,,776.59
ord_000003159,u_021525,ss_00071110,clk_0000039042,2026-07-27,p_01290,Home,5834,0,330,bank_card,0,,866.93
ord_000003160,u_021531,ss_00071131,clk_0000039052,2026-07-09,p_03051,Kids,1034,32,0,ozon_card,0,,176.09
ord_000003161,u_021533,ss_00071135,clk_0000039056,2026-07-02,p_00769,Home,2139,0,127,sberpay,0,,437.43
ord_000003162,u_021533,ss_00071135,clk_0000039057,2026-07-02,p_04261,Electronics,2843,0,0,ozon_card,0,,305.91
ord_000003163,u_021546,ss_00071174,clk_0000039069,2026-07-15,p_03792,Fashion,2852,0,253,bank_card,0,,772.89
ord_000003164,u_021546,ss_00071175,clk_0000039071,2026-07-06,p_04142,Electronics,3402,0,,bank_card,0,,532.41
ord_000003165,u_021548,ss_00071177,clk_0000039073,2026-07-10,p_04393,Pet,1296,0,169,sberpay,0,,325.3
ord_000003166,u_021552,ss_00071190,clk_0000039081,2026-07-08,p_04067,Electronics,3421,0,0,sberpay,0,,530.6
ord_000003167,u_021552,ss_00071193,clk_0000039082,2026-07-16,p_04423,Home,1051,32,261,bank_card,0,,130.11
ord_000003168,u_021554,ss_00071200,clk_0000039084,2026-07-04,p_00751,Fashion,712,54,197,sberpay,1,2026-08-06,-21.36
ord_000003169,u_021561,ss_00071219,clk_0000039096,2026-07-05,p_00841,Fashion,2546,52,288,ozon_card,0,,456.75
ord_000003170,u_021577,ss_00071263,clk_0000039115,2026-07-21,p_02254,Kids,1482,0,260,bank_card,0,,281.88
ord_000003171,u_021579,ss_00071265,clk_0000039117,2026-07-01,p_03912,Pet,551,0,99,installment,0,,93.67
ord_000003172,u_021590,ss_00071305,clk_0000039136,2026-07-14,p_00266,Fashion,888,47,134,ozon_card,0,,236.3
ord_000003173,u_021591,ss_00071306,clk_0000039138,2026-07-13,p_00574,Fashion,2343,48,81,ozon_card,0,,525.3
ord_000003174,u_021597,ss_00071331,clk_0000039147,2026-07-15,p_04428,Home,1458,0,141,bank_card,0,,432.88
ord_000003175,u_021600,ss_00071346,clk_0000039158,2026-07-16,p_02573,Beauty,349,72,0,ozon_card,0,,93.92
ord_000003176,u_021609,ss_00071368,clk_0000039166,2026-07-22,p_03973,Kids,2135,0,246,ozon_card,0,,444.72
ord_000003177,u_021630,ss_00071437,clk_0000039208,2026-07-11,p_00051,Beauty,463,24,0,bank_card,0,,145.24
ord_000003178,u_021632,ss_00071446,clk_0000039214,2026-07-22,p_00557,Electronics,2001,222,60,ozon_card,0,,240.52
ord_000003179,u_021635,ss_00071454,clk_0000039219,2026-07-24,p_01957,Fashion,2098,110,262,ozon_card,0,,440.37
ord_000003180,u_021648,ss_00071484,clk_0000039234,2026-07-18,p_01096,Home,1555,82,359,bank_card,1,2026-07-31,-46.65
ord_000003181,u_021670,ss_00071576,clk_0000039296,2026-07-11,p_02682,Fashion,2707,55,164,bank_card,0,,765.0
ord_000003182,u_021670,ss_00071577,clk_0000039297,2026-07-26,p_03028,Home,967,0,61,bank_card,0,,164.29
ord_000003183,u_021675,ss_00071593,clk_0000039310,2026-07-03,p_00114,Electronics,4010,0,125,ozon_card,0,,526.11
ord_000003184,u_021689,ss_00071644,clk_0000039330,2026-07-03,p_02104,Beauty,1327,70,87,ozon_card,0,,392.13
ord_000003185,u_021696,ss_00071675,clk_0000039348,2026-07-02,p_02864,Electronics,1998,0,310,bank_card,1,2026-07-21,-59.94
ord_000003186,u_021697,ss_00071676,clk_0000039350,2026-07-09,p_04284,Books,300,33,0,bank_card,0,,63.57
ord_000003187,u_021705,ss_00071697,clk_0000039361,2026-07-03,p_02324,Fashion,679,0,53,cash_on_delivery,0,,128.4
ord_000003188,u_021705,ss_00071698,clk_0000039362,2026-07-11,p_01086,Fashion,1399,0,100,ozon_card,0,,341.36
ord_000003189,u_021713,ss_00071727,clk_0000039370,2026-07-01,p_01366,FMCG,1104,0,270,bank_card,0,,176.09
ord_000003190,u_021715,ss_00071734,clk_0000039376,2026-07-26,p_04269,Beauty,1054,144,285,cash_on_delivery,1,2026-08-18,-31.62
ord_000003191,u_021722,ss_00071754,clk_0000039388,2026-07-18,p_00359,Sports,2689,0,175,installment,0,,798.36
ord_000003192,u_021725,ss_00071762,clk_0000039391,2026-07-23,p_04171,Electronics,8159,0,0,ozon_card,1,2026-08-24,-244.77
ord_000003193,u_021726,ss_00071764,clk_0000039392,2026-07-20,p_02303,Electronics,4473,138,190,bank_card,0,,199.05
ord_000003194,u_021729,ss_00071776,clk_0000039400,2026-07-16,p_02733,Auto,2980,331,233,sberpay,0,,468.46
ord_000003195,u_021732,ss_00071782,clk_0000039403,2026-07-19,p_01542,FMCG,305,0,0,cash_on_delivery,0,,47.82
ord_000003196,u_021737,ss_00071803,clk_0000039413,2026-07-18,p_02260,Home,1085,34,0,installment,0,,259.53
ord_000003197,u_021738,ss_00071806,clk_0000039416,2026-07-11,p_00129,Kids,1901,0,220,ozon_card,0,,356.82
ord_000003198,u_021742,ss_00071823,clk_0000039426,2026-07-29,p_00829,Home,1765,55,226,sberpay,0,,442.66
ord_000003199,u_021752,ss_00071860,clk_0000039461,2026-07-23,p_01095,Fashion,537,40,274,ozon_card,0,,117.07
ord_000003200,u_021772,ss_00071925,clk_0000039498,2026-07-22,p_00832,Kids,1215,38,0,bank_card,0,,306.3
ord_000003201,u_021780,ss_00071948,clk_0000039511,2026-07-11,p_01036,Electronics,3225,358,0,ozon_card,0,,286.06
ord_000003202,u_021790,ss_00071978,clk_0000039523,2026-07-04,p_00402,Home,842,26,154,ozon_card,0,,214.96
ord_000003203,u_021792,ss_00071984,clk_0000039527,2026-07-23,p_03196,Electronics,3145,555,0,cash_on_delivery,0,,378.97
ord_000003204,u_021799,ss_00072001,clk_0000039535,2026-07-05,p_00366,FMCG,420,47,203,bank_card,0,,44.39
ord_000003205,u_021802,ss_00072015,clk_0000039541,2026-07-04,p_00188,Sports,1968,0,0,bank_card,0,,446.74
ord_000003206,u_021803,ss_00072018,clk_0000039543,2026-07-07,p_03552,Home,703,0,314,installment,0,,177.09
ord_000003207,u_021815,ss_00072065,clk_0000039559,2026-07-25,p_00989,Beauty,498,37,0,bank_card,0,,126.54
ord_000003208,u_021826,ss_00072096,clk_0000039577,2026-07-07,p_03736,Electronics,1780,0,,installment,0,,139.37
ord_000003209,u_021828,ss_00072102,clk_0000039582,2026-07-03,p_02114,Fashion,876,179,136,ozon_card,0,,260.17
ord_000003210,u_021845,ss_00072158,clk_0000039613,2026-07-19,p_01742,Fashion,1911,261,149,bank_card,0,,536.8
ord_000003211,u_021850,ss_00072169,clk_0000039620,2026-07-13,p_01520,Sports,1848,97,0,installment,0,,334.67
ord_000003212,u_021867,ss_00072215,clk_0000039639,2026-07-15,p_00977,Beauty,1158,204,303,ozon_card,0,,316.48
ord_000003213,u_021890,ss_00072286,clk_0000039672,2026-07-22,p_01448,Home,1715,90,151,sberpay,1,2026-08-19,-51.45
ord_000003214,u_021896,ss_00072303,clk_0000039679,2026-07-05,p_03150,Books,432,48,133,ozon_card,0,,67.87
ord_000003215,u_021903,ss_00072327,clk_0000039689,2026-07-01,p_00194,Beauty,783,41,246,bank_card,0,,221.12
ord_000003216,u_021906,ss_00072332,clk_0000039692,2026-07-22,p_03164,Electronics,911,28,0,bank_card,0,,69.33
ord_000003217,u_021910,ss_00072344,clk_0000039700,2026-07-27,p_01971,Books,256,8,210,sberpay,0,,58.06
ord_000003218,u_021913,ss_00072351,clk_0000039705,2026-07-09,p_03450,Kids,1477,78,5,ozon_card,0,,331.29
ord_000003219,u_021915,ss_00072354,clk_0000039707,2026-07-13,p_04383,Electronics,978,173,155,ozon_card,0,,123.42
ord_000003220,u_021917,ss_00072359,clk_0000039713,2026-07-26,p_01293,Auto,1841,0,293,bank_card,1,2026-08-27,-55.23
ord_000003221,u_021928,ss_00072392,clk_0000039729,2026-07-14,p_01518,Books,323,0,0,sberpay,0,,50.29
ord_000003222,u_021928,ss_00072392,clk_0000039730,2026-07-14,p_01371,Home,3599,0,170,bank_card,0,,942.22
ord_000003223,u_021930,ss_00072404,clk_0000039735,2026-07-30,p_00878,Beauty,227,31,0,sberpay,0,,70.64
ord_000003224,u_021931,ss_00072406,clk_0000039737,2026-07-12,p_04041,Fashion,781,87,176,ozon_card,0,,170.88
ord_000003225,u_021934,ss_00072417,clk_0000039741,2026-07-27,p_02356,Beauty,1021,21,0,bank_card,0,,271.69
ord_000003226,u_021941,ss_00072439,clk_0000039755,2026-07-26,p_04253,Fashion,4950,550,0,bank_card,0,,1425.6
ord_000003227,u_021951,ss_00072478,clk_0000039771,2026-07-22,p_02391,Kids,884,47,64,bank_card,0,,149.4
ord_000003228,u_021956,ss_00072489,clk_0000039777,2026-07-08,p_00961,Kids,797,25,88,sberpay,0,,158.6
ord_000003229,u_021963,ss_00072503,clk_0000039784,2026-07-16,p_01261,Sports,802,0,156,ozon_card,0,,227.85
ord_000003230,u_021969,ss_00072520,clk_0000039792,2026-07-05,p_01722,FMCG,339,0,208,installment,0,,49.09
ord_000003231,u_021972,ss_00072528,clk_0000039795,2026-07-28,p_01806,Fashion,1804,370,339,bank_card,0,,517.03
ord_000003232,u_021982,ss_00072563,clk_0000039813,2026-07-30,p_03341,Sports,791,24,0,ozon_card,0,,160.49
ord_000003233,u_021986,ss_00072576,clk_0000039817,2026-07-17,p_00410,FMCG,226,0,0,bank_card,0,,12.02
ord_000003234,u_021988,ss_00072586,clk_0000039825,2026-07-16,p_01305,Beauty,818,167,0,ozon_card,0,,345.03
ord_000003235,u_022006,ss_00072642,clk_0000039848,2026-07-18,p_03543,Fashion,2052,0,31,installment,1,2026-07-24,-61.56
ord_000003236,u_022007,ss_00072646,clk_0000039850,2026-07-02,p_03882,Electronics,5574,0,0,bank_card,0,,656.06
ord_000003237,u_022016,ss_00072674,clk_0000039869,2026-07-14,p_00362,Fashion,1614,121,154,ozon_card,0,,408.18
ord_000003238,u_022022,ss_00072698,clk_0000039880,2026-07-24,p_00043,Electronics,6922,0,181,bank_card,0,,662.44
ord_000003239,u_022033,ss_00072726,clk_0000039895,2026-07-10,p_04003,Home,2399,0,196,bank_card,0,,571.44
ord_000003240,u_022036,ss_00072736,clk_0000039903,2026-07-24,p_03965,Kids,1610,85,0,bank_card,0,,267.1
ord_000003241,u_022037,ss_00072738,clk_0000039904,2026-07-27,p_00008,Books,96,3,193,bank_card,0,,13.05
ord_000003242,u_022040,ss_00072746,clk_0000039910,2026-07-29,p_01593,Fashion,1170,160,265,sberpay,0,,295.89
ord_000003243,u_022048,ss_00072769,clk_0000039924,2026-07-23,p_00430,Sports,901,28,127,bank_card,0,,222.1
ord_000003244,u_022051,ss_00072784,clk_0000039930,2026-07-28,p_03978,Kids,930,49,223,ozon_card,0,,101.93
ord_000003245,u_022054,ss_00072794,clk_0000039941,2026-07-28,p_02272,Pet,642,71,107,bank_card,0,,155.24
ord_000003246,u_022066,ss_00072829,clk_0000039960,2026-07-01,p_00253,Sports,1397,0,111,cash_on_delivery,0,,334.58
ord_000003247,u_022067,ss_00072830,clk_0000039961,2026-07-29,p_03142,Beauty,388,8,164,sberpay,0,,108.1
ord_000003248,u_022072,ss_00072849,clk_0000039969,2026-07-10,p_01649,FMCG,243,8,333,ozon_card,0,,28.82
ord_000003249,u_022075,ss_00072859,clk_0000039976,2026-07-02,p_03684,Fashion,573,12,172,bank_card,0,,147.78
ord_000003250,u_022087,ss_00072902,clk_0000039992,2026-07-29,p_02517,Fashion,2128,43,182,bank_card,1,2026-09-04,-63.84
ord_000003251,u_022088,ss_00072910,clk_0000039998,2026-07-21,p_01800,Fashion,1540,171,0,installment,0,,318.47
ord_000003252,u_022096,ss_00072931,clk_0000040009,2026-07-27,p_04044,Auto,1002,31,208,bank_card,0,,209.82
ord_000003253,u_022097,ss_00072932,clk_0000040010,2026-07-18,p_04393,Pet,1102,194,0,ozon_card,0,,276.6
ord_000003254,u_022099,ss_00072943,clk_0000040017,2026-07-17,p_02166,Beauty,1126,23,246,bank_card,0,,329.24
ord_000003255,u_022099,ss_00072947,clk_0000040022,2026-07-20,p_02056,Fashion,669,14,125,installment,0,,133.0
ord_000003256,u_022102,ss_00072954,clk_0000040028,2026-07-02,p_03487,Electronics,1999,105,28,bank_card,0,,226.29
ord_000003257,u_022115,ss_00073000,clk_0000040042,2026-07-11,p_02480,Electronics,5475,0,217,installment,0,,219.0
ord_000003258,u_022147,ss_00073116,clk_0000040102,2026-07-28,p_01573,Sports,2966,92,115,bank_card,0,,530.91
ord_000003259,u_022153,ss_00073136,clk_0000040111,2026-07-07,p_02585,Books,84,15,281,bank_card,0,,9.92
ord_000003260,u_022159,ss_00073152,clk_0000040122,2026-07-04,p_02524,Beauty,421,0,226,ozon_card,0,,130.85
ord_000003261,u_022178,ss_00073208,clk_0000040150,2026-07-14,p_04260,Kids,573,30,187,ozon_card,0,,118.44
ord_000003262,u_022180,ss_00073217,clk_0000040155,2026-07-23,p_03205,Home,2351,73,306,bank_card,0,,533.91
ord_000003263,u_022182,ss_00073226,clk_0000040160,2026-07-18,p_01220,Home,915,28,218,ozon_card,0,,234.61
ord_000003264,u_022184,ss_00073231,clk_0000040163,2026-07-02,p_01208,Kids,719,22,218,cash_on_delivery,0,,203.12
ord_000003265,u_022191,ss_00073248,clk_0000040174,2026-07-17,p_03647,Beauty,593,66,269,sberpay,0,,239.28
ord_000003266,u_022211,ss_00073322,clk_0000040209,2026-07-04,p_00313,FMCG,780,24,196,installment,0,,59.83
ord_000003267,u_022219,ss_00073342,clk_0000040219,2026-07-26,p_02159,Home,769,85,166,bank_card,0,,131.73
ord_000003268,u_022227,ss_00073358,clk_0000040232,2026-07-03,p_02049,Beauty,538,40,193,ozon_card,0,,178.24
ord_000003269,u_022232,ss_00073380,clk_0000040255,2026-07-01,p_03892,Electronics,3188,0,186,sberpay,0,,127.52
ord_000003270,u_022234,ss_00073386,clk_0000040259,2026-07-11,p_02470,Electronics,2940,91,164,bank_card,0,,377.5
ord_000003271,u_022240,ss_00073402,clk_0000040269,2026-07-11,p_03730,FMCG,154,0,157,bank_card,0,,16.34
ord_000003272,u_022248,ss_00073424,clk_0000040283,2026-07-18,p_02947,Kids,2306,121,298,bank_card,0,,536.14
ord_000003273,u_022249,ss_00073429,clk_0000040287,2026-07-01,p_02380,Sports,1445,76,157,bank_card,0,,361.11
ord_000003274,u_022251,ss_00073432,clk_0000040290,2026-07-28,p_02409,Beauty,614,13,201,ozon_card,0,,157.06
ord_000003275,u_022252,ss_00073440,clk_0000040295,2026-07-07,p_00291,Books,236,12,181,bank_card,0,,50.29
ord_000003276,u_022261,ss_00073474,clk_0000040321,2026-07-10,p_02997,Kids,610,19,172,installment,0,,137.68
ord_000003277,u_022265,ss_00073489,clk_0000040330,2026-07-02,p_01087,Fashion,389,53,291,bank_card,0,,98.84
ord_000003278,u_022267,ss_00073499,clk_0000040334,2026-07-08,p_04093,Home,1581,176,0,bank_card,0,,267.82
ord_000003279,u_022274,ss_00073522,clk_0000040343,2026-07-21,p_00174,Sports,1045,0,387,ozon_card,0,,244.32
ord_000003280,u_022295,ss_00073576,clk_0000040362,2026-07-03,p_02347,Electronics,4174,0,0,ozon_card,0,,358.13
ord_000003281,u_022298,ss_00073585,clk_0000040367,2026-07-20,p_02953,Electronics,9342,0,263,cash_on_delivery,0,,709.06
ord_000003282,u_022304,ss_00073607,clk_0000040375,2026-07-04,p_04496,Home,1590,49,0,sberpay,0,,294.15
ord_000003283,u_022309,ss_00073623,clk_0000040384,2026-07-30,p_04241,Fashion,1959,40,233,sberpay,0,,525.01
ord_000003284,u_022315,ss_00073635,clk_0000040388,2026-07-30,p_01566,Home,1461,45,0,ozon_card,0,,179.41
ord_000003285,u_022322,ss_00073658,clk_0000040400,2026-07-07,p_02979,Pet,997,0,339,ozon_card,0,,126.22
ord_000003286,u_022323,ss_00073659,clk_0000040402,2026-07-12,p_00454,Kids,1324,0,61,ozon_card,0,,217.0
ord_000003287,u_022323,ss_00073661,clk_0000040403,2026-07-05,p_01119,Electronics,4090,126,0,installment,0,,753.38
ord_000003288,u_022324,ss_00073665,clk_0000040406,2026-07-13,p_04420,FMCG,99,0,0,ozon_card,0,,16.68
ord_000003289,u_022325,ss_00073668,clk_0000040408,2026-07-20,p_00861,Beauty,455,51,238,ozon_card,0,,144.14
ord_000003290,u_022347,ss_00073733,clk_0000040436,2026-07-09,p_01271,FMCG,289,0,191,bank_card,0,,25.43
ord_000003291,u_022349,ss_00073750,clk_0000040446,2026-07-22,p_03151,Books,349,18,0,sberpay,0,,58.49
ord_000003292,u_022350,ss_00073751,clk_0000040447,2026-07-24,p_02589,Pet,1527,269,190,installment,0,,147.97
ord_000003293,u_022365,ss_00073791,clk_0000040463,2026-07-01,p_01824,Electronics,1978,0,203,bank_card,0,,310.94
ord_000003294,u_022366,ss_00073795,clk_0000040466,2026-07-13,p_04328,Beauty,2087,43,0,sberpay,0,,670.14
ord_000003295,u_022368,ss_00073801,clk_0000040473,2026-07-30,p_00346,Home,751,0,186,bank_card,0,,124.97
ord_000003296,u_022376,ss_00073823,clk_0000040479,2026-07-17,p_02427,Home,3435,0,201,installment,0,,625.51
ord_000003297,u_022376,ss_00073824,clk_0000040482,2026-07-21,p_01215,Beauty,2747,85,152,ozon_card,0,,486.77
ord_000003298,u_022376,ss_00073825,clk_0000040483,2026-07-06,p_01448,Home,1805,0,159,bank_card,0,,138.8
ord_000003299,u_022378,ss_00073832,clk_0000040488,2026-07-16,p_03047,Pet,320,36,135,bank_card,0,,61.82
ord_000003300,u_022387,ss_00073859,clk_0000040499,2026-07-13,p_00504,Beauty,1207,0,380,installment,0,,348.46
ord_000003301,u_022408,ss_00073930,clk_0000040534,2026-07-04,p_01078,Home,692,36,298,bank_card,0,,143.45
ord_000003302,u_022411,ss_00073940,clk_0000040539,2026-07-26,p_04013,Fashion,4036,125,0,ozon_card,0,,1069.94
ord_000003303,u_022412,ss_00073943,clk_0000040541,2026-07-30,p_03297,Home,989,0,249,bank_card,0,,225.99
ord_000003304,u_022416,ss_00073957,clk_0000040546,2026-07-06,p_01067,Electronics,11271,0,0,sberpay,0,,2171.92
ord_000003305,u_022418,ss_00073962,clk_0000040550,2026-07-01,p_04384,Kids,824,25,285,bank_card,0,,92.37
ord_000003306,u_022419,ss_00073967,clk_0000040555,2026-07-06,p_00234,Fashion,1519,114,202,ozon_card,0,,413.32
ord_000003307,u_022422,ss_00073972,clk_0000040558,2026-07-01,p_03809,Electronics,2753,85,140,cash_on_delivery,0,,204.82
ord_000003308,u_022426,ss_00073979,clk_0000040563,2026-07-12,p_03060,Beauty,265,14,217,installment,0,,77.67
ord_000003309,u_022429,ss_00073988,clk_0000040569,2026-07-23,p_03690,Home,1071,0,384,bank_card,0,,222.34
ord_000003310,u_022435,ss_00074010,clk_0000040577,2026-07-02,p_04363,Fashion,1156,24,267,bank_card,0,,292.12
ord_000003311,u_022436,ss_00074015,clk_0000040581,2026-07-08,p_02578,Books,557,17,283,bank_card,0,,67.4
ord_000003312,u_022439,ss_00074027,clk_0000040589,2026-07-23,p_04418,Electronics,2972,0,192,bank_card,0,,283.53
ord_000003313,u_022457,ss_00074091,clk_0000040617,2026-07-10,p_02915,Beauty,286,15,169,bank_card,0,,68.93
ord_000003314,u_022459,ss_00074097,clk_0000040622,2026-07-08,p_04016,Pet,469,15,108,bank_card,0,,103.79
ord_000003315,u_022459,ss_00074098,clk_0000040624,2026-07-29,p_03642,Home,442,49,57,installment,0,,74.65
ord_000003316,u_022465,ss_00074113,clk_0000040627,2026-07-02,p_04110,Electronics,7168,0,0,ozon_card,0,,703.18
ord_000003317,u_022467,ss_00074117,clk_0000040631,2026-07-22,p_04352,Sports,1100,58,219,sberpay,0,,289.74
ord_000003318,u_022468,ss_00074123,clk_0000040635,2026-07-30,p_02668,Home,1352,0,392,sberpay,0,,149.26
ord_000003319,u_022469,ss_00074125,clk_0000040638,2026-07-05,p_03191,Beauty,1252,171,187,ozon_card,0,,433.32
ord_000003320,u_022472,ss_00074136,clk_0000040645,2026-07-01,p_01385,Electronics,16605,0,0,installment,0,,1504.41
ord_000003321,u_022476,ss_00074149,clk_0000040648,2026-07-08,p_03761,Electronics,4398,136,0,bank_card,0,,388.34
ord_000003322,u_022476,ss_00074150,clk_0000040649,2026-07-22,p_03437,Home,2368,263,184,cash_on_delivery,0,,468.63
ord_000003323,u_022480,ss_00074166,clk_0000040662,2026-07-09,p_01262,Electronics,6132,190,0,bank_card,0,,986.64
ord_000003324,u_022482,ss_00074183,clk_0000040681,2026-07-14,p_00918,Electronics,5485,289,0,ozon_card,0,,448.67
ord_000003325,u_022496,ss_00074240,clk_0000040707,2026-07-25,p_00454,Kids,1258,66,316,bank_card,0,,206.19
ord_000003326,u_022541,ss_00074366,clk_0000040758,2026-07-18,p_02577,Home,1048,185,211,ozon_card,0,,243.56
ord_000003327,u_022543,ss_00074385,clk_0000040775,2026-07-10,p_03446,FMCG,292,0,0,ozon_card,0,,60.18
ord_000003328,u_022546,ss_00074396,clk_0000040782,2026-07-20,p_02481,Pet,902,0,0,installment,0,,208.99
ord_000003329,u_022548,ss_00074400,clk_0000040784,2026-07-25,p_02444,Beauty,298,33,294,bank_card,0,,110.53
ord_000003330,u_022548,ss_00074401,clk_0000040785,2026-07-19,p_03797,Fashion,1776,0,276,sberpay,0,,274.04
ord_000003331,u_022564,ss_00074451,clk_0000040805,2026-07-23,p_01013,Sports,1470,0,219,bank_card,0,,272.69
ord_000003332,u_022565,ss_00074453,clk_0000040807,2026-07-14,p_01605,Electronics,2657,469,85,bank_card,0,,379.69
ord_000003333,u_022565,ss_00074456,clk_0000040808,2026-07-09,p_03384,Fashion,1796,94,155,bank_card,0,,582.08
ord_000003334,u_022566,ss_00074459,clk_0000040811,2026-07-28,p_03540,Fashion,2406,49,269,sberpay,0,,501.17
ord_000003335,u_022567,ss_00074462,clk_0000040812,2026-07-16,p_02496,Sports,1904,336,,bank_card,0,,430.88
ord_000003336,u_022574,ss_00074484,clk_0000040821,2026-07-14,p_00680,Kids,505,0,329,bank_card,0,,87.36
ord_000003337,u_022574,ss_00074487,clk_0000040824,2026-07-05,p_00864,Electronics,1587,84,0,bank_card,0,,196.47
ord_000003338,u_022591,ss_00074553,clk_0000040876,2026-07-07,p_02337,Auto,2580,0,272,ozon_card,0,,187.82
ord_000003339,u_022595,ss_00074564,clk_0000040882,2026-07-13,p_00802,Kids,785,0,226,bank_card,0,,189.66
ord_000003340,u_022618,ss_00074634,clk_0000040928,2026-07-25,p_02987,Sports,1289,227,227,bank_card,1,2026-08-10,-38.67
ord_000003341,u_022633,ss_00074686,clk_0000040951,2026-07-09,p_02114,Fashion,1055,0,218,bank_card,0,,313.33
ord_000003342,u_022652,ss_00074737,clk_0000040976,2026-07-04,p_02221,FMCG,196,10,90,ozon_card,0,,31.24
ord_000003343,u_022661,ss_00074770,clk_0000040989,2026-07-28,p_00494,Home,2432,0,,ozon_card,0,,474.73
ord_000003344,u_022662,ss_00074772,clk_0000040990,2026-07-13,p_02889,Beauty,669,35,0,installment,0,,181.43
ord_000003345,u_022663,ss_00074777,clk_0000040997,2026-07-07,p_01105,Books,264,0,276,installment,0,,41.79
ord_000003346,u_022673,ss_00074813,clk_0000041013,2026-07-14,p_02613,Fashion,291,15,190,sberpay,0,,67.48
ord_000003347,u_022682,ss_00074851,clk_0000041040,2026-07-06,p_01166,Fashion,2564,52,207,ozon_card,0,,593.31
ord_000003348,u_022683,ss_00074853,clk_0000041042,2026-07-12,p_03833,Home,1020,0,370,installment,1,2026-07-26,-30.6
ord_000003349,u_022683,ss_00074854,clk_0000041043,2026-07-26,p_03316,Pet,291,0,160,bank_card,0,,68.59
ord_000003350,u_022683,ss_00074856,clk_0000041044,2026-07-07,p_00208,Kids,1756,92,220,bank_card,0,,308.88
ord_000003351,u_022689,ss_00074878,clk_0000041055,2026-07-12,p_01467,Pet,1182,0,197,ozon_card,0,,237.94
ord_000003352,u_022691,ss_00074885,clk_0000041058,2026-07-02,p_00320,Fashion,1261,258,199,installment,0,,220.04
ord_000003353,u_022701,ss_00074909,clk_0000041079,2026-07-04,p_03073,Books,211,24,119,bank_card,0,,28.93
ord_000003354,u_022702,ss_00074911,clk_0000041081,2026-07-21,p_00776,Electronics,3032,0,0,sberpay,0,,463.59
ord_000003355,u_022727,ss_00074988,clk_0000041116,2026-07-10,p_03329,Home,1430,159,81,bank_card,0,,378.24
ord_000003356,u_022740,ss_00075028,clk_0000041146,2026-07-25,p_04327,Fashion,1030,77,,bank_card,0,,253.48
ord_000003357,u_022740,ss_00075030,clk_0000041148,2026-07-02,p_00293,Home,1455,45,0,bank_card,0,,232.65
ord_000003358,u_022755,ss_00075078,clk_0000041169,2026-07-25,p_01829,Books,283,15,94,installment,0,,49.61
ord_000003359,u_022776,ss_00075135,clk_0000041193,2026-07-23,p_00058,Fashion,674,75,153,ozon_card,0,,181.98
ord_000003360,u_022785,ss_00075168,clk_0000041218,2026-07-28,p_01716,Sports,2556,79,135,sberpay,0,,750.7
ord_000003361,u_022803,ss_00075215,clk_0000041234,2026-07-30,p_02051,Home,1642,51,238,cash_on_delivery,1,2026-08-19,-49.26
ord_000003362,u_022812,ss_00075248,clk_0000041250,2026-07-30,p_02440,Beauty,837,44,163,bank_card,0,,227.75
ord_000003363,u_022815,ss_00075265,clk_0000041256,2026-07-30,p_02597,Home,2665,0,195,bank_card,1,2026-08-18,-79.95
ord_000003364,u_022822,ss_00075287,clk_0000041271,2026-07-25,p_00606,Home,906,101,227,bank_card,0,,228.04
ord_000003365,u_022826,ss_00075293,clk_0000041276,2026-07-24,p_00129,Kids,1844,57,384,bank_card,0,,346.12
ord_000003366,u_022828,ss_00075296,clk_0000041281,2026-07-28,p_01677,FMCG,751,23,294,sberpay,0,,87.12
ord_000003367,u_022844,ss_00075340,clk_0000041300,2026-07-03,p_04039,Beauty,863,45,113,bank_card,0,,257.26
ord_000003368,u_022845,ss_00075348,clk_0000041308,2026-07-03,p_01487,Auto,1120,0,265,bank_card,0,,222.77
ord_000003369,u_022850,ss_00075355,clk_0000041315,2026-07-03,p_02519,Sports,2156,113,,bank_card,0,,542.88
ord_000003370,u_022850,ss_00075356,clk_0000041317,2026-07-27,p_03535,Kids,910,0,107,cash_on_delivery,0,,222.04
ord_000003371,u_022854,ss_00075380,clk_0000041327,2026-07-23,p_03834,Fashion,2016,106,0,ozon_card,0,,428.6
ord_000003372,u_022859,ss_00075392,clk_0000041333,2026-07-09,p_01328,FMCG,533,28,257,bank_card,0,,120.4
ord_000003373,u_022867,ss_00075413,clk_0000041345,2026-07-09,p_02109,Books,188,6,0,sberpay,0,,39.61
ord_000003374,u_022872,ss_00075429,clk_0000041349,2026-07-05,p_00976,Pet,853,0,,bank_card,0,,153.37
ord_000003375,u_022874,ss_00075436,clk_0000041354,2026-07-11,p_04192,Fashion,995,52,67,sberpay,0,,183.58
ord_000003376,u_022880,ss_00075452,clk_0000041361,2026-07-06,p_00651,Pet,461,24,172,ozon_card,0,,123.59
ord_000003377,u_022900,ss_00075508,clk_0000041388,2026-07-09,p_02953,Electronics,9342,0,0,ozon_card,1,2026-07-12,-280.26
ord_000003378,u_022912,ss_00075550,clk_0000041418,2026-07-08,p_01883,Books,998,0,121,bank_card,0,,150.6
ord_000003379,u_022924,ss_00075588,clk_0000041442,2026-07-07,p_00958,Auto,1204,213,192,installment,0,,249.47
ord_000003380,u_022926,ss_00075598,clk_0000041448,2026-07-15,p_03751,Fashion,1249,26,0,sberpay,0,,329.11
ord_000003381,u_022948,ss_00075668,clk_0000041481,2026-07-10,p_02472,Pet,454,0,138,bank_card,0,,127.3
ord_000003382,u_022953,ss_00075688,clk_0000041496,2026-07-15,p_00784,Auto,2146,379,222,sberpay,0,,453.24
ord_000003383,u_022955,ss_00075699,clk_0000041505,2026-07-11,p_01723,Beauty,897,0,259,sberpay,0,,271.79
ord_000003384,u_022972,ss_00075765,clk_0000041549,2026-07-11,p_00947,Home,1607,0,128,ozon_card,0,,299.54
ord_000003385,u_022972,ss_00075767,clk_0000041550,2026-07-25,p_00587,Electronics,5903,0,0,bank_card,0,,733.74
ord_000003386,u_022982,ss_00075811,clk_0000041578,2026-07-21,p_00116,Beauty,326,0,324,sberpay,0,,76.12
ord_000003387,u_022985,ss_00075825,clk_0000041586,2026-07-13,p_02271,Home,2075,64,212,bank_card,0,,410.02
ord_000003388,u_022999,ss_00075871,clk_0000041615,2026-07-28,p_00071,Sports,872,0,252,bank_card,0,,209.89
ord_000003389,u_023001,ss_00075882,clk_0000041622,2026-07-09,p_00798,Home,1343,149,274,bank_card,0,,220.12
ord_000003390,u_023007,ss_00075900,clk_0000041631,2026-07-25,p_04071,Fashion,2107,0,177,cash_on_delivery,0,,460.8
ord_000003391,u_023014,ss_00075917,clk_0000041638,2026-07-29,p_03564,Beauty,691,36,0,ozon_card,0,,116.36
ord_000003392,u_023017,ss_00075922,clk_0000041639,2026-07-19,p_01166,Fashion,2485,131,362,bank_card,0,,575.03
ord_000003393,u_023018,ss_00075929,clk_0000041641,2026-07-04,p_04383,Electronics,1036,115,,sberpay,0,,130.74
ord_000003394,u_023023,ss_00075947,clk_0000041660,2026-07-24,p_04077,Auto,397,21,,ozon_card,0,,61.69
ord_000003395,u_023031,ss_00075974,clk_0000041669,2026-07-19,p_04202,FMCG,199,0,201,ozon_card,0,,39.88
ord_000003396,u_023037,ss_00075992,clk_0000041679,2026-07-10,p_03627,Auto,1346,238,313,sberpay,0,,215.36
ord_000003397,u_023041,ss_00076008,clk_0000041690,2026-07-22,p_01580,Kids,944,29,152,cash_on_delivery,0,,160.86
ord_000003398,u_023043,ss_00076014,clk_0000041693,2026-07-01,p_03023,Fashion,1936,40,218,bank_card,0,,379.84
ord_000003399,u_023046,ss_00076027,clk_0000041699,2026-07-10,p_03135,Beauty,396,12,0,bank_card,1,2026-08-15,-11.88
ord_000003400,u_023050,ss_00076039,clk_0000041709,2026-07-02,p_04015,Beauty,873,46,0,installment,0,,244.27
ord_000003401,u_023051,ss_00076042,clk_0000041712,2026-07-18,p_02573,Beauty,400,21,275,bank_card,0,,107.64
ord_000003402,u_023052,ss_00076045,clk_0000041713,2026-07-05,p_00433,Fashion,2392,0,353,installment,0,,645.36
ord_000003403,u_023055,ss_00076055,clk_0000041716,2026-07-21,p_01024,Kids,927,29,101,cash_on_delivery,0,,222.57
ord_000003404,u_023061,ss_00076076,clk_0000041727,2026-07-11,p_03028,Home,938,29,0,sberpay,0,,159.37
ord_000003405,u_023061,ss_00076077,clk_0000041728,2026-07-08,p_03453,Electronics,6401,711,0,installment,0,,352.7
ord_000003406,u_023063,ss_00076089,clk_0000041731,2026-07-01,p_01879,Kids,589,18,294,ozon_card,1,2026-07-18,-17.67
ord_000003407,u_023067,ss_00076106,clk_0000041746,2026-07-03,p_02239,Beauty,618,69,194,bank_card,0,,176.13
ord_000003408,u_023072,ss_00076122,clk_0000041755,2026-07-20,p_02864,Electronics,1998,0,155,bank_card,0,,314.49
ord_000003409,u_023090,ss_00076183,clk_0000041777,2026-07-02,p_03534,Kids,1502,167,83,bank_card,0,,241.97
ord_000003410,u_023092,ss_00076190,clk_0000041784,2026-07-17,p_04271,Home,1396,73,186,ozon_card,0,,255.61
ord_000003411,u_023096,ss_00076202,clk_0000041793,2026-07-29,p_01957,Fashion,2053,155,0,sberpay,0,,430.92
ord_000003412,u_023103,ss_00076236,clk_0000041821,2026-07-16,p_03047,Pet,320,36,250,bank_card,0,,61.82
ord_000003413,u_023105,ss_00076246,clk_0000041827,2026-07-29,p_00617,FMCG,464,0,178,bank_card,0,,48.21
ord_000003414,u_023106,ss_00076249,clk_0000041830,2026-07-25,p_01731,Beauty,2111,111,156,sberpay,0,,646.6
ord_000003415,u_023112,ss_00076262,clk_0000041838,2026-07-07,p_03819,Home,637,20,102,ozon_card,0,,138.8
ord_000003416,u_023113,ss_00076268,clk_0000041843,2026-07-14,p_02579,Home,3935,122,0,sberpay,0,,1028.61
ord_000003417,u_023118,ss_00076289,clk_0000041858,2026-07-19,p_02079,Pet,707,79,217,bank_card,0,,100.82
ord_000003418,u_023127,ss_00076321,clk_0000041870,2026-07-24,p_02702,Electronics,3308,102,0,bank_card,0,,509.1
ord_000003419,u_023131,ss_00076328,clk_0000041874,2026-07-27,p_03454,Auto,2295,71,260,installment,0,,425.72
ord_000003420,u_023138,ss_00076360,clk_0000041889,2026-07-01,p_00803,Beauty,427,22,0,cash_on_delivery,0,,101.24
ord_000003421,u_023140,ss_00076368,clk_0000041892,2026-07-30,p_04088,Pet,408,0,96,ozon_card,0,,50.55
ord_000003422,u_023141,ss_00076372,clk_0000041897,2026-07-19,p_00788,Electronics,1289,0,0,bank_card,0,,125.68
ord_000003423,u_023187,ss_00076506,clk_0000041953,2026-07-10,p_03963,Electronics,6113,322,0,ozon_card,0,,651.03
ord_000003424,u_023188,ss_00076509,clk_0000041957,2026-07-23,p_01049,Home,3047,338,0,bank_card,0,,549.07
ord_000003425,u_023192,ss_00076524,clk_0000041968,2026-07-22,p_03150,Books,480,0,255,bank_card,0,,75.41
ord_000003426,u_023196,ss_00076533,clk_0000041973,2026-07-20,p_03471,FMCG,284,0,134,cash_on_delivery,0,,51.89
ord_000003427,u_023225,ss_00076643,clk_0000042022,2026-07-25,p_03466,FMCG,442,0,113,installment,0,,83.71
ord_000003428,u_023226,ss_00076647,clk_0000042025,2026-07-22,p_02558,Electronics,1394,0,263,bank_card,1,2026-08-28,-41.82
ord_000003429,u_023234,ss_00076677,clk_0000042041,2026-07-01,p_04345,FMCG,272,0,72,bank_card,0,,35.25
ord_000003430,u_023235,ss_00076681,clk_0000042042,2026-07-11,p_04137,Kids,951,29,290,ozon_card,0,,194.86
ord_000003431,u_023249,ss_00076731,clk_0000042058,2026-07-03,p_01641,Electronics,14010,0,226,sberpay,0,,1686.8
ord_000003432,u_023250,ss_00076732,clk_0000042060,2026-07-28,p_04459,Auto,625,0,215,cash_on_delivery,0,,136.81
ord_000003433,u_023254,ss_00076750,clk_0000042071,2026-07-25,p_02160,Electronics,6016,0,0,installment,0,,240.64
ord_000003434,u_023254,ss_00076755,clk_0000042074,2026-07-01,p_00121,FMCG,579,0,141,ozon_card,0,,54.95
ord_000003435,u_023269,ss_00076811,clk_0000042104,2026-07-22,p_01963,FMCG,477,25,19,bank_card,0,,89.01
ord_000003436,u_023272,ss_00076819,clk_0000042110,2026-07-22,p_00900,Fashion,2286,120,226,bank_card,0,,549.1
ord_000003437,u_023273,ss_00076822,clk_0000042111,2026-07-28,p_01811,Electronics,1533,81,434,bank_card,0,,178.9
ord_000003438,u_023281,ss_00076849,clk_0000042128,2026-07-28,p_00311,Kids,1749,54,319,ozon_card,0,,344.73
ord_000003439,u_023284,ss_00076857,clk_0000042135,2026-07-03,p_03313,Electronics,7055,371,0,bank_card,0,,804.27
ord_000003440,u_023286,ss_00076863,clk_0000042138,2026-07-05,p_04026,Fashion,2309,174,62,bank_card,0,,563.17
ord_000003441,u_023295,ss_00076895,clk_0000042163,2026-07-02,p_04257,Fashion,642,34,173,ozon_card,0,,148.05
ord_000003442,u_023300,ss_00076912,clk_0000042173,2026-07-05,p_02362,Pet,1337,41,,bank_card,0,,215.79
ord_000003443,u_023326,ss_00077005,clk_0000042244,2026-07-29,p_01824,Electronics,1879,99,200,ozon_card,0,,295.38
ord_000003444,u_023328,ss_00077014,clk_0000042250,2026-07-24,p_04430,Auto,7637,0,0,ozon_card,0,,1201.3
ord_000003445,u_023328,ss_00077017,clk_0000042253,2026-07-04,p_04459,Auto,625,0,0,ozon_card,0,,136.81
ord_000003446,u_023335,ss_00077041,clk_0000042264,2026-07-30,p_00486,Auto,2596,137,0,bank_card,0,,344.75
ord_000003447,u_023335,ss_00077046,clk_0000042270,2026-07-19,p_03891,Sports,981,52,0,ozon_card,0,,241.23
ord_000003448,u_023337,ss_00077054,clk_0000042275,2026-07-14,p_00625,Books,181,10,0,bank_card,0,,40.58
ord_000003449,u_023373,ss_00077171,clk_0000042348,2026-07-12,p_02602,Fashion,3636,191,314,bank_card,0,,1007.9
ord_000003450,u_023387,ss_00077222,clk_0000042379,2026-07-01,p_04203,Electronics,5198,0,0,sberpay,0,,1044.8
ord_000003451,u_023395,ss_00077246,clk_0000042392,2026-07-30,p_01584,Home,2647,139,,installment,0,,538.66
ord_000003452,u_023406,ss_00077279,clk_0000042418,2026-07-22,p_02317,Auto,912,0,233,ozon_card,0,,62.65
ord_000003453,u_023412,ss_00077300,clk_0000042430,2026-07-06,p_02752,Electronics,6071,675,0,sberpay,0,,769.8
ord_000003454,u_023418,ss_00077317,clk_0000042441,2026-07-20,p_00650,Beauty,771,41,37,sberpay,0,,270.08
ord_000003455,u_023421,ss_00077325,clk_0000042446,2026-07-01,p_01989,Electronics,3064,0,0,installment,0,,164.84
ord_000003456,u_023423,ss_00077331,clk_0000042451,2026-07-06,p_01752,Fashion,2337,72,261,bank_card,0,,600.84
ord_000003457,u_023427,ss_00077347,clk_0000042460,2026-07-06,p_03306,Home,1788,55,204,bank_card,0,,384.6
ord_000003458,u_023428,ss_00077351,clk_0000042466,2026-07-04,p_04069,Beauty,378,0,246,bank_card,0,,137.89
ord_000003459,u_023441,ss_00077401,clk_0000042513,2026-07-13,p_02817,Sports,2684,0,218,bank_card,0,,616.25
ord_000003460,u_023449,ss_00077423,clk_0000042529,2026-07-10,p_04313,Electronics,3508,0,84,sberpay,0,,302.74
ord_000003461,u_023449,ss_00077425,clk_0000042530,2026-07-25,p_04153,FMCG,414,0,219,bank_card,0,,60.36
ord_000003462,u_023450,ss_00077427,clk_0000042532,2026-07-14,p_01427,Auto,1732,192,230,bank_card,0,,431.44
ord_000003463,u_023452,ss_00077438,clk_0000042538,2026-07-30,p_00344,Beauty,469,10,296,installment,0,,142.06
ord_000003464,u_023469,ss_00077491,clk_0000042558,2026-07-28,p_02670,Electronics,3806,423,165,ozon_card,0,,439.59
ord_000003465,u_023474,ss_00077509,clk_0000042564,2026-07-21,p_01561,Beauty,430,0,325,ozon_card,0,,131.71
ord_000003466,u_023481,ss_00077529,clk_0000042573,2026-07-22,p_01017,Pet,609,32,276,ozon_card,0,,117.78
ord_000003467,u_023489,ss_00077552,clk_0000042578,2026-07-22,p_01032,Electronics,1532,0,81,ozon_card,0,,278.52
ord_000003468,u_023495,ss_00077580,clk_0000042588,2026-07-13,p_00206,Books,193,0,80,bank_card,0,,26.73
ord_000003469,u_023495,ss_00077580,clk_0000042589,2026-07-13,p_02782,Beauty,638,34,209,bank_card,0,,177.43
ord_000003470,u_023501,ss_00077604,clk_0000042601,2026-07-29,p_00620,Fashion,2359,0,0,cash_on_delivery,0,,504.59
ord_000003471,u_023510,ss_00077625,clk_0000042616,2026-07-09,p_02136,Electronics,6825,0,402,ozon_card,0,,885.2
ord_000003472,u_023514,ss_00077632,clk_0000042621,2026-07-09,p_02163,Pet,794,0,177,installment,0,,135.46
ord_000003473,u_023519,ss_00077664,clk_0000042647,2026-07-29,p_03155,Fashion,3329,68,,sberpay,0,,760.01
ord_000003474,u_023520,ss_00077669,clk_0000042648,2026-07-25,p_02877,FMCG,355,40,149,sberpay,0,,20.45
ord_000003475,u_023522,ss_00077672,clk_0000042651,2026-07-10,p_01734,Home,3821,425,0,bank_card,0,,728.66
ord_000003476,u_023522,ss_00077677,clk_0000042656,2026-07-24,p_01051,Home,1548,82,234,bank_card,0,,232.51
ord_000003477,u_023524,ss_00077679,clk_0000042659,2026-07-11,p_01324,Kids,758,0,101,ozon_card,0,,199.81
ord_000003478,u_023527,ss_00077694,clk_0000042668,2026-07-16,p_00915,FMCG,273,14,0,bank_card,0,,52.91
ord_000003479,u_023529,ss_00077701,clk_0000042670,2026-07-20,p_03853,Fashion,452,9,301,installment,0,,97.81
ord_000003480,u_023539,ss_00077738,clk_0000042686,2026-07-09,p_00711,Home,1929,60,124,installment,0,,291.86
ord_000003481,u_023557,ss_00077795,clk_0000042731,2026-07-07,p_03163,Auto,4844,538,292,bank_card,0,,954.75
ord_000003482,u_023558,ss_00077796,clk_0000042732,2026-07-14,p_01026,Electronics,9428,292,118,installment,0,,1376.49
ord_000003483,u_023558,ss_00077802,clk_0000042736,2026-07-12,p_01547,Electronics,6244,193,0,bank_card,0,,1233.81
ord_000003484,u_023559,ss_00077804,clk_0000042739,2026-07-15,p_02270,Beauty,361,0,0,bank_card,0,,109.13
ord_000003485,u_023561,ss_00077811,clk_0000042745,2026-07-19,p_02890,Electronics,3359,0,237,bank_card,0,,342.95
ord_000003486,u_023584,ss_00077870,clk_0000042768,2026-07-28,p_02749,Fashion,1438,29,330,bank_card,0,,302.99
ord_000003487,u_023589,ss_00077891,clk_0000042781,2026-07-29,p_03172,Electronics,1744,54,227,bank_card,0,,202.65
ord_000003488,u_023597,ss_00077912,clk_0000042794,2026-07-02,p_00730,Books,211,24,151,ozon_card,0,,24.75
ord_000003489,u_023616,ss_00077983,clk_0000042825,2026-07-15,p_03271,FMCG,423,22,0,bank_card,0,,80.41
ord_000003490,u_023626,ss_00078019,clk_0000042839,2026-07-29,p_01189,Electronics,8726,0,0,bank_card,0,,605.58
ord_000003491,u_023626,ss_00078024,clk_0000042846,2026-07-28,p_03535,Kids,864,46,,cash_on_delivery,0,,210.82
ord_000003492,u_023630,ss_00078041,clk_0000042857,2026-07-10,p_03527,Kids,1856,57,218,bank_card,0,,348.19
ord_000003493,u_023636,ss_00078068,clk_0000042870,2026-07-07,p_00638,Beauty,1017,54,,ozon_card,0,,292.18
ord_000003494,u_023656,ss_00078127,clk_0000042906,2026-07-25,p_03376,Sports,1160,61,129,cash_on_delivery,0,,232.58
ord_000003495,u_023660,ss_00078142,clk_0000042912,2026-07-12,p_00392,Electronics,6962,215,136,cash_on_delivery,0,,460.88
ord_000003496,u_023661,ss_00078145,clk_0000042916,2026-07-22,p_01657,Sports,788,0,0,ozon_card,0,,251.45
ord_000003497,u_023682,ss_00078207,clk_0000042950,2026-07-14,p_01697,Kids,317,0,89,installment,0,,55.06
ord_000003498,u_023682,ss_00078209,clk_0000042953,2026-07-06,p_03921,Kids,1626,287,149,ozon_card,1,2026-07-11,-48.78
ord_000003499,u_023684,ss_00078215,clk_0000042955,2026-07-25,p_04242,Electronics,6036,0,305,ozon_card,0,,272.83
ord_000003500,u_023690,ss_00078248,clk_0000042978,2026-07-01,p_00522,Auto,3039,160,0,ozon_card,0,,646.7
ord_000003501,u_023696,ss_00078265,clk_0000042988,2026-07-19,p_02691,Fashion,1182,62,0,sberpay,0,,259.8
ord_000003502,u_023697,ss_00078269,clk_0000042990,2026-07-14,p_03520,Electronics,6186,0,212,bank_card,0,,796.14
ord_000003503,u_023700,ss_00078287,clk_0000043003,2026-07-28,p_01991,Beauty,541,11,300,sberpay,0,,157.0
ord_000003504,u_023709,ss_00078340,clk_0000043051,2026-07-21,p_02873,Beauty,613,32,172,installment,0,,225.34
ord_000003505,u_023720,ss_00078363,clk_0000043057,2026-07-24,p_01054,Sports,959,50,0,ozon_card,0,,268.33
ord_000003506,u_023723,ss_00078370,clk_0000043059,2026-07-23,p_00391,Beauty,5353,403,148,sberpay,0,,1597.87
ord_000003507,u_023733,ss_00078396,clk_0000043072,2026-07-10,p_03897,Electronics,3318,103,302,ozon_card,0,,454.9
ord_000003508,u_023740,ss_00078421,clk_0000043092,2026-07-27,p_00899,Fashion,1411,44,225,bank_card,1,2026-08-03,-42.33
ord_000003509,u_023766,ss_00078494,clk_0000043123,2026-07-02,p_00158,FMCG,330,0,287,sberpay,0,,49.37
ord_000003510,u_023768,ss_00078503,clk_0000043129,2026-07-13,p_03071,Fashion,673,51,0,ozon_card,0,,216.5
ord_000003511,u_023776,ss_00078533,clk_0000043144,2026-07-09,p_01207,Pet,1388,154,66,sberpay,0,,263.86
ord_000003512,u_023779,ss_00078541,clk_0000043146,2026-07-05,p_01907,Beauty,398,30,228,cash_on_delivery,0,,119.28
ord_000003513,u_023782,ss_00078556,clk_0000043152,2026-07-02,p_02353,Fashion,2136,66,0,bank_card,0,,385.12
ord_000003514,u_023784,ss_00078565,clk_0000043157,2026-07-09,p_04127,Home,573,64,191,installment,0,,108.87
ord_000003515,u_023786,ss_00078570,clk_0000043163,2026-07-19,p_04487,Electronics,2730,0,0,installment,0,,657.93
ord_000003516,u_023790,ss_00078582,clk_0000043169,2026-07-02,p_04436,Fashion,1116,84,154,cash_on_delivery,0,,276.1
ord_000003517,u_023790,ss_00078586,clk_0000043171,2026-07-17,p_01446,Sports,1746,0,0,sberpay,0,,424.28
ord_000003518,u_023799,ss_00078609,clk_0000043182,2026-07-03,p_01726,Fashion,2104,111,116,bank_card,1,2026-07-06,-63.12
ord_000003519,u_023802,ss_00078622,clk_0000043193,2026-07-23,p_04024,Electronics,2326,258,71,sberpay,0,,225.85
ord_000003520,u_023806,ss_00078633,clk_0000043196,2026-07-28,p_04446,Auto,979,173,0,bank_card,0,,219.3
ord_000003521,u_023807,ss_00078634,clk_0000043197,2026-07-11,p_02465,Auto,1239,38,49,bank_card,0,,186.59
ord_000003522,u_023810,ss_00078646,clk_0000043205,2026-07-13,p_03820,Kids,1212,37,231,bank_card,0,,264.09
ord_000003523,u_023850,ss_00078759,clk_0000043260,2026-07-23,p_04484,Fashion,5557,292,,ozon_card,0,,987.48
ord_000003524,u_023851,ss_00078762,clk_0000043263,2026-07-07,p_00323,Books,294,0,280,bank_card,0,,50.33
ord_000003525,u_023859,ss_00078790,clk_0000043278,2026-07-14,p_03713,Home,2024,0,163,bank_card,0,,424.43
ord_000003526,u_023865,ss_00078805,clk_0000043288,2026-07-09,p_01033,Electronics,5325,0,0,bank_card,0,,649.65
ord_000003527,u_023865,ss_00078807,clk_0000043289,2026-07-14,p_00587,Electronics,5313,590,,ozon_card,0,,660.41
ord_000003528,u_023887,ss_00078863,clk_0000043317,2026-07-06,p_03453,Electronics,6756,356,0,ozon_card,0,,372.26
ord_000003529,u_023906,ss_00078920,clk_0000043344,2026-07-18,p_03527,Kids,1817,96,45,bank_card,0,,340.87
ord_000003530,u_023912,ss_00078936,clk_0000043351,2026-07-15,p_03740,Fashion,2540,52,215,cash_on_delivery,0,,466.6
ord_000003531,u_023933,ss_00079009,clk_0000043382,2026-07-11,p_02062,Kids,747,39,152,bank_card,0,,187.95
ord_000003532,u_023933,ss_00079010,clk_0000043383,2026-07-04,p_03117,Auto,3065,161,308,cash_on_delivery,0,,605.95
ord_000003533,u_023935,ss_00079014,clk_0000043385,2026-07-22,p_00182,Auto,5637,174,0,bank_card,0,,1453.78
ord_000003534,u_023937,ss_00079018,clk_0000043389,2026-07-23,p_04325,Home,1725,0,206,bank_card,0,,473.34
ord_000003535,u_023938,ss_00079027,clk_0000043394,2026-07-02,p_01037,Home,835,0,69,ozon_card,0,,200.73
ord_000003536,u_023948,ss_00079058,clk_0000043413,2026-07-03,p_02354,Pet,767,0,0,bank_card,0,,171.04
ord_000003537,u_023966,ss_00079098,clk_0000043427,2026-07-14,p_03289,Electronics,5754,0,0,sberpay,0,,509.8
ord_000003538,u_023969,ss_00079112,clk_0000043433,2026-07-27,p_01305,Beauty,887,98,206,installment,0,,374.14
ord_000003539,u_023970,ss_00079114,clk_0000043434,2026-07-24,p_03517,Home,1953,0,258,bank_card,0,,511.69
ord_000003540,u_023971,ss_00079117,clk_0000043436,2026-07-01,p_02721,Home,3378,0,0,ozon_card,0,,698.57
ord_000003541,u_023976,ss_00079127,clk_0000043444,2026-07-10,p_02068,Pet,327,36,229,bank_card,0,,62.82
ord_000003542,u_023981,ss_00079149,clk_0000043457,2026-07-03,p_02671,Home,889,0,0,ozon_card,0,,204.2
ord_000003543,u_023984,ss_00079162,clk_0000043467,2026-07-13,p_00795,Fashion,837,114,248,bank_card,0,,205.99
ord_000003544,u_023994,ss_00079198,clk_0000043482,2026-07-02,p_01570,Pet,2407,127,206,bank_card,0,,453.48
ord_000003545,u_023995,ss_00079205,clk_0000043486,2026-07-22,p_02369,Beauty,402,0,164,ozon_card,0,,69.3
ord_000003546,u_024017,ss_00079266,clk_0000043510,2026-07-27,p_00969,Beauty,523,11,291,ozon_card,0,,152.45
ord_000003547,u_024025,ss_00079310,clk_0000043536,2026-07-05,p_03893,Home,4334,0,,installment,0,,680.87
ord_000003548,u_024027,ss_00079316,clk_0000043542,2026-07-03,p_03695,Sports,474,84,303,ozon_card,0,,108.97
ord_000003549,u_024054,ss_00079403,clk_0000043583,2026-07-18,p_03630,Kids,759,0,223,bank_card,0,,172.14
ord_000003550,u_024062,ss_00079445,clk_0000043612,2026-07-26,p_01392,Fashion,3377,375,177,bank_card,0,,808.45
ord_000003551,u_024065,ss_00079459,clk_0000043618,2026-07-24,p_00961,Kids,822,0,250,bank_card,0,,163.58
ord_000003552,u_024067,ss_00079469,clk_0000043626,2026-07-23,p_04311,Fashion,1758,36,0,bank_card,0,,465.34
ord_000003553,u_024068,ss_00079475,clk_0000043629,2026-07-14,p_02258,Beauty,565,12,210,bank_card,0,,144.75
ord_000003554,u_024074,ss_00079517,clk_0000043664,2026-07-22,p_02763,Sports,1827,96,195,installment,0,,322.83
ord_000003555,u_024076,ss_00079523,clk_0000043668,2026-07-04,p_03107,Electronics,2135,0,315,sberpay,0,,283.31
ord_000003556,u_024077,ss_00079526,clk_0000043671,2026-07-29,p_02135,Electronics,2475,0,0,ozon_card,0,,401.2
ord_000003557,u_024085,ss_00079551,clk_0000043684,2026-07-30,p_04093,Home,1704,53,145,sberpay,0,,288.66
ord_000003558,u_024091,ss_00079568,clk_0000043690,2026-07-24,p_04136,Fashion,999,0,230,bank_card,0,,276.82
ord_000003559,u_024092,ss_00079573,clk_0000043692,2026-07-10,p_00918,Electronics,5197,577,0,ozon_card,1,2026-07-20,-155.91
ord_000003560,u_024097,ss_00079584,clk_0000043700,2026-07-17,p_02134,Pet,713,0,333,bank_card,0,,152.23
ord_000003561,u_024104,ss_00079613,clk_0000043721,2026-07-28,p_04177,Home,498,15,223,ozon_card,0,,110.16
ord_000003562,u_024119,ss_00079667,clk_0000043762,2026-07-29,p_02790,Beauty,340,18,139,ozon_card,0,,106.11
ord_000003563,u_024119,ss_00079667,clk_0000043763,2026-07-29,p_01976,Sports,955,50,93,ozon_card,0,,224.23
ord_000003564,u_024119,ss_00079670,clk_0000043768,2026-07-11,p_01419,Fashion,409,31,142,bank_card,0,,103.6
ord_000003565,u_024127,ss_00079693,clk_0000043780,2026-07-24,p_01638,Beauty,641,71,287,bank_card,0,,155.96
ord_000003566,u_024153,ss_00079775,clk_0000043826,2026-07-29,p_02688,Electronics,4806,0,,bank_card,0,,685.34
ord_000003567,u_024156,ss_00079785,clk_0000043832,2026-07-01,p_03728,FMCG,153,0,373,bank_card,0,,13.82
ord_000003568,u_024160,ss_00079802,clk_0000043839,2026-07-04,p_01222,Pet,281,50,0,bank_card,0,,29.7
ord_000003569,u_024161,ss_00079804,clk_0000043842,2026-07-14,p_00429,Fashion,1063,22,197,ozon_card,0,,219.19
ord_000003570,u_024162,ss_00079809,clk_0000043845,2026-07-05,p_00156,Fashion,2246,306,78,bank_card,0,,419.55
ord_000003571,u_024169,ss_00079822,clk_0000043855,2026-07-18,p_00459,Home,3182,167,0,ozon_card,0,,473.16
ord_000003572,u_024182,ss_00079875,clk_0000043884,2026-07-21,p_04292,Fashion,2367,125,75,ozon_card,0,,453.52
ord_000003573,u_024184,ss_00079881,clk_0000043888,2026-07-04,p_02305,Home,1508,79,300,installment,0,,248.52
ord_000003574,u_024192,ss_00079911,clk_0000043902,2026-07-13,p_01290,Home,5834,0,0,installment,0,,866.93
ord_000003575,u_024200,ss_00079942,clk_0000043919,2026-07-10,p_02259,Books,217,24,313,sberpay,0,,39.3
ord_000003576,u_024205,ss_00079961,clk_0000043931,2026-07-05,p_00879,Books,199,0,196,ozon_card,0,,38.98
ord_000003577,u_024206,ss_00079964,clk_0000043933,2026-07-13,p_03933,Kids,929,0,348,installment,0,,139.07
ord_000003578,u_024212,ss_00079980,clk_0000043938,2026-07-09,p_02003,Kids,1673,0,0,ozon_card,0,,419.42
ord_000003579,u_024212,ss_00079983,clk_0000043941,2026-07-20,p_00620,Fashion,2288,71,0,ozon_card,0,,489.4
ord_000003580,u_024233,ss_00080047,clk_0000043976,2026-07-24,p_00963,Fashion,3732,0,0,bank_card,0,,872.91
ord_000003581,u_024237,ss_00080053,clk_0000043982,2026-07-14,p_03954,Pet,486,0,155,bank_card,0,,85.78
ord_000003582,u_024258,ss_00080117,clk_0000044006,2026-07-13,p_02121,Beauty,1112,0,246,bank_card,0,,259.76
ord_000003583,u_024259,ss_00080124,clk_0000044010,2026-07-02,p_02972,FMCG,564,17,88,installment,0,,78.62
ord_000003584,u_024272,ss_00080160,clk_0000044029,2026-07-21,p_02968,Beauty,904,0,0,installment,0,,260.62
ord_000003585,u_024283,ss_00080188,clk_0000044043,2026-07-28,p_04275,Pet,895,47,60,cash_on_delivery,0,,162.26
ord_000003586,u_024283,ss_00080189,clk_0000044044,2026-07-16,p_02804,Beauty,1489,0,107,sberpay,0,,466.8
ord_000003587,u_024285,ss_00080195,clk_0000044048,2026-07-16,p_01343,Fashion,848,17,0,sberpay,0,,265.42
ord_000003588,u_024287,ss_00080204,clk_0000044051,2026-07-06,p_03723,Auto,3606,0,0,sberpay,0,,675.04
ord_000003589,u_024288,ss_00080208,clk_0000044053,2026-07-01,p_02181,Pet,469,14,0,bank_card,0,,91.92
ord_000003590,u_024303,ss_00080261,clk_0000044088,2026-07-06,p_01834,Auto,5823,0,0,ozon_card,0,,663.82
ord_000003591,u_024304,ss_00080270,clk_0000044093,2026-07-15,p_04490,Home,1079,57,0,ozon_card,0,,195.08
ord_000003592,u_024325,ss_00080329,clk_0000044126,2026-07-14,p_01580,Kids,973,0,0,installment,0,,165.8
ord_000003593,u_024338,ss_00080389,clk_0000044166,2026-07-29,p_02671,Home,845,44,0,installment,0,,194.1
ord_000003594,u_024339,ss_00080395,clk_0000044171,2026-07-09,p_02350,Sports,1052,33,185,ozon_card,0,,249.85
ord_000003595,u_024345,ss_00080413,clk_0000044179,2026-07-19,p_03867,Books,533,16,182,cash_on_delivery,0,,102.44
ord_000003596,u_024345,ss_00080413,clk_0000044180,2026-07-19,p_00892,Fashion,606,32,285,bank_card,0,,159.14
ord_000003597,u_024351,ss_00080438,clk_0000044197,2026-07-13,p_02355,Home,2137,0,208,ozon_card,1,2026-07-30,-64.11
ord_000003598,u_024361,ss_00080463,clk_0000044208,2026-07-21,p_02014,Electronics,3055,0,0,ozon_card,0,,225.15
ord_000003599,u_024361,ss_00080463,clk_0000044209,2026-07-21,p_01808,Electronics,5130,0,0,bank_card,0,,347.81
ord_000003600,u_024364,ss_00080476,clk_0000044218,2026-07-13,p_03453,Electronics,6756,356,0,bank_card,0,,372.26
ord_000003601,u_024390,ss_00080554,clk_0000044263,2026-07-03,p_02318,FMCG,263,0,0,installment,0,,33.4
ord_000003602,u_024403,ss_00080592,clk_0000044283,2026-07-28,p_02735,Books,364,19,184,ozon_card,0,,40.22
ord_000003603,u_024404,ss_00080594,clk_0000044284,2026-07-22,p_01437,Fashion,814,0,148,ozon_card,1,2026-07-27,-24.42
ord_000003604,u_024408,ss_00080600,clk_0000044286,2026-07-21,p_02671,Home,889,0,163,bank_card,0,,204.2
ord_000003605,u_024411,ss_00080606,clk_0000044291,2026-07-07,p_00052,Beauty,1168,0,291,ozon_card,0,,342.11
ord_000003606,u_024417,ss_00080624,clk_0000044299,2026-07-23,p_02900,Fashion,2160,0,208,ozon_card,0,,637.42
ord_000003607,u_024421,ss_00080634,clk_0000044303,2026-07-21,p_04142,Electronics,3062,340,0,bank_card,0,,479.2
ord_000003608,u_024435,ss_00080682,clk_0000044334,2026-07-23,p_00543,Electronics,2042,360,0,ozon_card,0,,292.01
ord_000003609,u_024438,ss_00080690,clk_0000044341,2026-07-15,p_04041,Fashion,807,61,147,cash_on_delivery,1,2026-08-04,-24.21
ord_000003610,u_024447,ss_00080721,clk_0000044358,2026-07-04,p_00336,Beauty,392,30,346,ozon_card,0,,123.4
ord_000003611,u_024460,ss_00080759,clk_0000044373,2026-07-20,p_04253,Fashion,5335,165,81,sberpay,0,,1536.48
ord_000003612,u_024465,ss_00080776,clk_0000044382,2026-07-14,p_00905,Beauty,483,0,0,bank_card,0,,143.55
ord_000003613,u_024470,ss_00080790,clk_0000044392,2026-07-13,p_03752,Electronics,2653,0,250,sberpay,0,,449.15
ord_000003614,u_024487,ss_00080847,clk_0000044430,2026-07-07,p_01455,Fashion,1527,47,0,cash_on_delivery,0,,354.26
ord_000003615,u_024497,ss_00080880,clk_0000044443,2026-07-14,p_03759,Beauty,1503,79,176,bank_card,0,,434.07
ord_000003616,u_024506,ss_00080905,clk_0000044459,2026-07-08,p_01707,Beauty,411,8,281,ozon_card,0,,105.79
ord_000003617,u_024508,ss_00080913,clk_0000044463,2026-07-02,p_03581,Home,1072,119,178,bank_card,0,,179.56
ord_000003618,u_024509,ss_00080919,clk_0000044473,2026-07-05,p_04140,Kids,1080,120,274,bank_card,0,,301.0
ord_000003619,u_024512,ss_00080932,clk_0000044480,2026-07-16,p_00507,Books,500,15,289,ozon_card,0,,77.85
ord_000003620,u_024528,ss_00080988,clk_0000044505,2026-07-20,p_02370,Fashion,1520,47,256,bank_card,0,,400.82
ord_000003621,u_024530,ss_00080997,clk_0000044507,2026-07-19,p_01296,Fashion,517,57,185,ozon_card,0,,106.55
ord_000003622,u_024536,ss_00081018,clk_0000044526,2026-07-05,p_03156,FMCG,433,23,194,bank_card,0,,60.01
ord_000003623,u_024541,ss_00081031,clk_0000044532,2026-07-26,p_04472,Electronics,3708,412,0,ozon_card,0,,344.1
ord_000003624,u_024545,ss_00081044,clk_0000044542,2026-07-22,p_03104,Beauty,671,92,181,installment,0,,190.63
ord_000003625,u_024549,ss_00081057,clk_0000044549,2026-07-26,p_01707,Beauty,390,29,0,ozon_card,0,,100.39
ord_000003626,u_024550,ss_00081062,clk_0000044552,2026-07-02,p_00304,Sports,991,110,170,ozon_card,0,,193.54
ord_000003627,u_024551,ss_00081065,clk_0000044555,2026-07-05,p_02736,Kids,685,76,122,bank_card,0,,158.65
ord_000003628,u_024560,ss_00081100,clk_0000044578,2026-07-27,p_02347,Electronics,4049,125,156,ozon_card,0,,347.4
ord_000003629,u_024577,ss_00081163,clk_0000044606,2026-07-10,p_00506,FMCG,409,0,288,ozon_card,0,,58.08
ord_000003630,u_024578,ss_00081165,clk_0000044608,2026-07-20,p_00102,Fashion,1085,192,58,ozon_card,0,,291.54
ord_000003631,u_024578,ss_00081167,clk_0000044610,2026-07-26,p_03469,Beauty,825,0,98,bank_card,0,,251.13
ord_000003632,u_024586,ss_00081189,clk_0000044618,2026-07-15,p_03868,Kids,2332,0,0,cash_on_delivery,0,,554.55
ord_000003633,u_024592,ss_00081211,clk_0000044636,2026-07-24,p_01786,Pet,845,0,254,bank_card,0,,191.81
ord_000003634,u_024592,ss_00081213,clk_0000044638,2026-07-30,p_03931,Sports,1347,0,203,bank_card,0,,272.77
ord_000003635,u_024594,ss_00081216,clk_0000044640,2026-07-23,p_00418,Electronics,6356,0,0,bank_card,0,,1126.92
ord_000003636,u_024596,ss_00081228,clk_0000044651,2026-07-06,p_03036,Kids,1683,0,0,ozon_card,0,,388.44
ord_000003637,u_024598,ss_00081238,clk_0000044656,2026-07-21,p_01244,Beauty,516,11,206,bank_card,0,,114.81
ord_000003638,u_024600,ss_00081244,clk_0000044664,2026-07-05,p_02202,Home,1011,0,278,sberpay,0,,188.25
ord_000003639,u_024601,ss_00081251,clk_0000044668,2026-07-06,p_01923,Kids,1715,0,162,bank_card,0,,342.49
ord_000003640,u_024604,ss_00081262,clk_0000044674,2026-07-28,p_02366,Auto,2022,0,166,sberpay,0,,510.56
ord_000003641,u_024610,ss_00081278,clk_0000044682,2026-07-01,p_00667,Home,3338,0,0,bank_card,0,,601.84
ord_000003642,u_024623,ss_00081336,clk_0000044725,2026-07-30,p_01844,Beauty,530,59,248,sberpay,0,,102.45
ord_000003643,u_024640,ss_00081382,clk_0000044750,2026-07-24,p_03691,FMCG,501,16,261,bank_card,0,,63.08
ord_000003644,u_024642,ss_00081388,clk_0000044753,2026-07-12,p_01050,Kids,2466,0,0,installment,0,,523.53
ord_000003645,u_024647,ss_00081401,clk_0000044757,2026-07-27,p_03788,Home,922,102,,bank_card,0,,181.45
ord_000003646,u_024649,ss_00081406,clk_0000044760,2026-07-12,p_02402,FMCG,263,14,0,bank_card,0,,36.95
ord_000003647,u_024649,ss_00081407,clk_0000044761,2026-07-10,p_04119,Fashion,896,28,188,installment,0,,224.81
ord_000003648,u_024667,ss_00081469,clk_0000044795,2026-07-04,p_00570,Electronics,354,0,312,bank_card,0,,49.91
ord_000003649,u_024669,ss_00081477,clk_0000044799,2026-07-15,p_01250,FMCG,609,0,0,ozon_card,0,,95.92
ord_000003650,u_024674,ss_00081497,clk_0000044810,2026-07-09,p_01804,Beauty,674,14,0,ozon_card,0,,260.77
ord_000003651,u_024675,ss_00081502,clk_0000044816,2026-07-11,p_04339,Home,866,0,0,bank_card,0,,186.88
ord_000003652,u_024684,ss_00081522,clk_0000044821,2026-07-25,p_02943,Books,183,10,151,ozon_card,0,,34.77
ord_000003653,u_024685,ss_00081527,clk_0000044827,2026-07-28,p_01438,Kids,1381,43,224,bank_card,1,2026-08-29,-41.43
ord_000003654,u_024687,ss_00081536,clk_0000044833,2026-07-22,p_03107,Electronics,2071,64,193,installment,0,,274.82
ord_000003655,u_024695,ss_00081566,clk_0000044854,2026-07-15,p_03744,Home,3211,0,0,ozon_card,0,,372.15
ord_000003656,u_024710,ss_00081612,clk_0000044873,2026-07-15,p_03611,Home,4551,240,0,bank_card,0,,953.89
ord_000003657,u_024720,ss_00081644,clk_0000044888,2026-07-19,p_03064,Electronics,3602,400,,ozon_card,0,,213.96
ord_000003658,u_024723,ss_00081658,clk_0000044900,2026-07-25,p_02943,Books,183,10,135,ozon_card,0,,34.77
ord_000003659,u_024729,ss_00081675,clk_0000044907,2026-07-29,p_04410,Sports,917,48,209,bank_card,0,,261.34
ord_000003660,u_024738,ss_00081693,clk_0000044917,2026-07-03,p_03690,Home,1071,0,0,ozon_card,0,,222.34
ord_000003661,u_024741,ss_00081704,clk_0000044924,2026-07-17,p_02718,Sports,1065,56,289,sberpay,0,,186.91
ord_000003662,u_024742,ss_00081706,clk_0000044926,2026-07-12,p_04233,Electronics,9767,302,0,ozon_card,0,,390.68
ord_000003663,u_024751,ss_00081735,clk_0000044942,2026-07-18,p_03147,Home,1305,0,285,bank_card,0,,296.5
ord_000003664,u_024756,ss_00081754,clk_0000044951,2026-07-01,p_00439,Home,1055,117,239,cash_on_delivery,0,,191.17
ord_000003665,u_024761,ss_00081772,clk_0000044960,2026-07-19,p_03389,Home,1512,47,125,sberpay,1,2026-08-09,-45.36
ord_000003666,u_024763,ss_00081781,clk_0000044966,2026-07-30,p_00922,Electronics,8204,0,198,bank_card,0,,690.78
ord_000003667,u_024783,ss_00081850,clk_0000045002,2026-07-08,p_01187,Sports,1531,0,0,bank_card,0,,307.58
ord_000003668,u_024784,ss_00081854,clk_0000045004,2026-07-23,p_01608,Kids,482,54,204,ozon_card,0,,103.44
ord_000003669,u_024784,ss_00081855,clk_0000045008,2026-07-25,p_02729,Fashion,941,19,277,bank_card,0,,231.77
ord_000003670,u_024792,ss_00081907,clk_0000045046,2026-07-09,p_01699,Fashion,957,0,268,bank_card,0,,256.19
ord_000003671,u_024797,ss_00081926,clk_0000045059,2026-07-05,p_00683,Books,449,14,0,ozon_card,0,,71.21
ord_000003672,u_024798,ss_00081932,clk_0000045064,2026-07-06,p_01043,Fashion,1189,210,85,sberpay,0,,325.43
ord_000003673,u_024799,ss_00081935,clk_0000045067,2026-07-09,p_00473,Electronics,11926,369,0,ozon_card,0,,1521.76
ord_000003674,u_024822,ss_00082003,clk_0000045101,2026-07-09,p_02039,Beauty,160,8,0,bank_card,0,,29.54
ord_000003675,u_024827,ss_00082019,clk_0000045109,2026-07-07,p_00347,Electronics,2603,0,207,sberpay,0,,344.64
ord_000003676,u_024840,ss_00082056,clk_0000045130,2026-07-17,p_03160,Fashion,1291,68,0,bank_card,0,,284.41
ord_000003677,u_024850,ss_00082092,clk_0000045142,2026-07-16,p_00588,Electronics,7623,0,161,bank_card,0,,699.79
ord_000003678,u_024856,ss_00082113,clk_0000045151,2026-07-25,p_04416,Fashion,1101,58,0,ozon_card,1,2026-08-28,-33.03
ord_000003679,u_024863,ss_00082137,clk_0000045161,2026-07-20,p_03197,Electronics,3539,625,0,installment,0,,141.56
ord_000003680,u_024871,ss_00082163,clk_0000045180,2026-07-21,p_03582,Electronics,1605,0,123,ozon_card,1,2026-08-05,-48.15
ord_000003681,u_024872,ss_00082166,clk_0000045182,2026-07-24,p_02431,Books,279,0,235,sberpay,0,,75.13
ord_000003682,u_024877,ss_00082181,clk_0000045187,2026-07-29,p_02967,FMCG,263,46,115,bank_card,0,,35.58
ord_000003683,u_024884,ss_00082202,clk_0000045199,2026-07-07,p_00247,Pet,746,39,0,bank_card,0,,161.88
ord_000003684,u_024920,ss_00082307,clk_0000045243,2026-07-05,p_00062,Beauty,815,111,209,bank_card,0,,256.32
ord_000003685,u_024936,ss_00082359,clk_0000045266,2026-07-24,p_00058,Fashion,712,37,285,bank_card,0,,192.24
ord_000003686,u_024942,ss_00082386,clk_0000045278,2026-07-03,p_02878,Home,968,108,74,sberpay,0,,177.24
ord_000003687,u_024950,ss_00082416,clk_0000045287,2026-07-15,p_02448,Fashion,2678,365,337,bank_card,0,,634.69
ord_000003688,u_024965,ss_00082473,clk_0000045314,2026-07-10,p_03936,Home,1023,54,185,cash_on_delivery,0,,110.89
ord_000003689,u_024967,ss_00082482,clk_0000045321,2026-07-16,p_01507,Beauty,251,28,359,ozon_card,0,,67.69
ord_000003690,u_024969,ss_00082486,clk_0000045323,2026-07-21,p_01392,Fashion,3639,113,0,bank_card,1,2026-07-31,-109.17
ord_000003691,u_024982,ss_00082528,clk_0000045341,2026-07-25,p_00690,Fashion,350,11,163,bank_card,0,,68.5
ord_000003692,u_024989,ss_00082552,clk_0000045361,2026-07-01,p_03423,Electronics,4981,154,208,bank_card,0,,555.38
ord_000003693,u_025000,ss_00082575,clk_0000045371,2026-07-26,p_03665,FMCG,301,0,198,ozon_card,0,,61.55
ord_000003694,u_025007,ss_00082604,clk_0000045382,2026-07-20,p_02193,Beauty,522,27,127,ozon_card,0,,143.13
ord_000003695,u_025012,ss_00082616,clk_0000045391,2026-07-29,p_00280,Pet,1972,0,65,ozon_card,0,,449.62
ord_000003696,u_025014,ss_00082621,clk_0000045394,2026-07-23,p_03096,Beauty,1023,140,127,bank_card,0,,287.26
ord_000003697,u_025017,ss_00082634,clk_0000045403,2026-07-08,p_01288,Electronics,5141,0,0,bank_card,0,,335.19
ord_000003698,u_025017,ss_00082635,clk_0000045404,2026-07-08,p_01600,Books,303,0,258,bank_card,0,,56.12
ord_000003699,u_025017,ss_00082636,clk_0000045407,2026-07-14,p_00678,FMCG,1572,49,108,ozon_card,0,,184.4
ord_000003700,u_025021,ss_00082654,clk_0000045421,2026-07-01,p_00586,Beauty,596,81,153,bank_card,0,,156.33
ord_000003701,u_025024,ss_00082666,clk_0000045427,2026-07-19,p_01085,Fashion,606,12,127,bank_card,0,,160.77
ord_000003702,u_025026,ss_00082669,clk_0000045429,2026-07-19,p_04005,Fashion,2766,208,54,installment,0,,519.73
ord_000003703,u_025036,ss_00082701,clk_0000045446,2026-07-30,p_01191,FMCG,105,0,215,installment,0,,16.63
ord_000003704,u_025037,ss_00082704,clk_0000045449,2026-07-25,p_00767,Home,1660,0,229,ozon_card,0,,264.77
ord_000003705,u_025043,ss_00082714,clk_0000045455,2026-07-11,p_01316,Beauty,475,0,197,bank_card,0,,142.97
ord_000003706,u_025048,ss_00082726,clk_0000045464,2026-07-22,p_03739,Electronics,4916,0,0,ozon_card,0,,811.14
ord_000003707,u_025048,ss_00082732,clk_0000045469,2026-07-26,p_01373,Beauty,525,16,0,installment,0,,148.37
ord_000003708,u_025049,ss_00082735,clk_0000045472,2026-07-23,p_03054,Pet,499,0,137,ozon_card,0,,67.46
ord_000003709,u_025051,ss_00082760,clk_0000045502,2026-07-02,p_04226,Auto,2860,0,216,bank_card,0,,237.95
ord_000003710,u_025064,ss_00082808,clk_0000045517,2026-07-14,p_03421,Fashion,1635,182,271,cash_on_delivery,0,,375.4
ord_000003711,u_025069,ss_00082820,clk_0000045525,2026-07-12,p_00470,Books,207,6,0,sberpay,0,,45.89
ord_000003712,u_025069,ss_00082822,clk_0000045528,2026-07-12,p_01449,Home,1561,174,0,installment,0,,197.31
ord_000003713,u_025069,ss_00082823,clk_0000045529,2026-07-07,p_04236,Electronics,9787,1088,0,bank_card,0,,1436.73
ord_000003714,u_025078,ss_00082842,clk_0000045539,2026-07-16,p_01538,Beauty,487,10,168,bank_card,0,,131.05
ord_000003715,u_025088,ss_00082888,clk_0000045559,2026-07-06,p_04404,Sports,2487,0,,ozon_card,0,,438.46
ord_000003716,u_025102,ss_00082936,clk_0000045581,2026-07-15,p_00958,Auto,1417,0,201,bank_card,0,,293.6
ord_000003717,u_025103,ss_00082937,clk_0000045582,2026-07-26,p_01598,Sports,2444,0,315,installment,0,,561.88
ord_000003718,u_025108,ss_00082953,clk_0000045590,2026-07-26,p_04023,Home,2411,75,213,sberpay,1,2026-08-19,-72.33
ord_000003719,u_025109,ss_00082956,clk_0000045593,2026-07-01,p_01716,Sports,2635,0,0,ozon_card,0,,773.9
ord_000003720,u_025110,ss_00082960,clk_0000045595,2026-07-26,p_03636,Sports,914,0,234,bank_card,0,,189.2
ord_000003721,u_025133,ss_00083043,clk_0000045660,2026-07-13,p_02344,Auto,2420,75,285,bank_card,0,,367.84
ord_000003722,u_025133,ss_00083044,clk_0000045662,2026-07-27,p_03615,Electronics,3253,361,0,ozon_card,0,,288.54
ord_000003723,u_025135,ss_00083050,clk_0000045670,2026-07-20,p_01570,Pet,2534,0,0,sberpay,0,,477.41
ord_000003724,u_025135,ss_00083059,clk_0000045674,2026-07-07,p_03035,Beauty,711,15,0,bank_card,0,,176.11
ord_000003725,u_025142,ss_00083081,clk_0000045685,2026-07-26,p_01340,Home,1665,0,172,bank_card,0,,361.31
ord_000003726,u_025144,ss_00083087,clk_0000045687,2026-07-25,p_01618,Sports,1897,211,,ozon_card,0,,268.99
ord_000003727,u_025144,ss_00083087,clk_0000045688,2026-07-25,p_03877,Kids,831,26,0,bank_card,0,,111.35
ord_000003728,u_025150,ss_00083141,clk_0000045731,2026-07-06,p_01531,Home,833,0,0,ozon_card,0,,68.06
ord_000003729,u_025152,ss_00083148,clk_0000045736,2026-07-19,p_01293,Auto,1786,55,149,bank_card,0,,372.38
ord_000003730,u_025153,ss_00083152,clk_0000045738,2026-07-11,p_04039,Beauty,881,27,201,bank_card,0,,262.63
ord_000003731,u_025154,ss_00083154,clk_0000045739,2026-07-19,p_02865,Fashion,711,0,228,ozon_card,0,,137.37
ord_000003732,u_025178,ss_00083215,clk_0000045773,2026-07-05,p_00259,Electronics,1315,41,,bank_card,0,,161.88
ord_000003733,u_025180,ss_00083224,clk_0000045778,2026-07-25,p_01170,Fashion,697,14,230,sberpay,0,,216.35
ord_000003734,u_025182,ss_00083229,clk_0000045784,2026-07-14,p_04037,Books,169,0,269,bank_card,0,,31.2
ord_000003735,u_025183,ss_00083234,clk_0000045785,2026-07-25,p_04338,Electronics,2394,74,305,installment,0,,254.72
ord_000003736,u_025194,ss_00083265,clk_0000045800,2026-07-12,p_04013,Fashion,4036,125,0,ozon_card,1,2026-07-30,-121.08
ord_000003737,u_025200,ss_00083287,clk_0000045814,2026-07-18,p_01119,Electronics,4005,211,0,bank_card,0,,737.72
ord_000003738,u_025209,ss_00083316,clk_0000045825,2026-07-15,p_03515,Beauty,709,14,0,installment,0,,205.54
ord_000003739,u_025222,ss_00083353,clk_0000045847,2026-07-11,p_04156,Fashion,1341,101,0,ozon_card,0,,294.08
ord_000003740,u_025234,ss_00083388,clk_0000045859,2026-07-11,p_00946,Auto,3405,601,0,ozon_card,0,,450.82
ord_000003741,u_025238,ss_00083400,clk_0000045866,2026-07-24,p_00236,Beauty,397,0,104,ozon_card,0,,114.81
ord_000003742,u_025244,ss_00083418,clk_0000045879,2026-07-03,p_01295,Fashion,2442,0,124,sberpay,0,,532.36
ord_000003743,u_025251,ss_00083441,clk_0000045892,2026-07-05,p_01497,Fashion,1958,40,155,cash_on_delivery,0,,416.86
ord_000003744,u_025258,ss_00083462,clk_0000045905,2026-07-20,p_00626,Home,2072,64,152,sberpay,0,,426.83
ord_000003745,u_025268,ss_00083498,clk_0000045922,2026-07-27,p_00345,Sports,2129,0,0,bank_card,0,,486.26
ord_000003746,u_025271,ss_00083503,clk_0000045926,2026-07-06,p_00832,Kids,1253,0,292,installment,0,,315.88
ord_000003747,u_025277,ss_00083521,clk_0000045934,2026-07-22,p_04168,Kids,474,53,0,cash_on_delivery,0,,85.08
ord_000003748,u_025280,ss_00083527,clk_0000045938,2026-07-21,p_03766,Auto,1714,0,287,bank_card,0,,344.69
ord_000003749,u_025294,ss_00083581,clk_0000045963,2026-07-07,p_02981,Electronics,2442,0,219,bank_card,0,,298.66
ord_000003750,u_025299,ss_00083594,clk_0000045971,2026-07-30,p_00367,Fashion,700,0,177,bank_card,0,,180.95
ord_000003751,u_025315,ss_00083637,clk_0000045991,2026-07-12,p_03447,Home,2982,526,300,bank_card,0,,935.16
ord_000003752,u_025321,ss_00083658,clk_0000046007,2026-07-23,p_03816,Electronics,3789,0,0,cash_on_delivery,0,,672.17
ord_000003753,u_025323,ss_00083660,clk_0000046008,2026-07-13,p_00277,Fashion,983,20,0,bank_card,0,,271.01
ord_000003754,u_025331,ss_00083683,clk_0000046016,2026-07-22,p_02215,Sports,727,0,285,ozon_card,0,,134.42
ord_000003755,u_025337,ss_00083700,clk_0000046027,2026-07-27,p_01366,FMCG,1049,55,85,sberpay,0,,167.32
ord_000003756,u_025339,ss_00083704,clk_0000046029,2026-07-09,p_00946,Auto,3886,120,223,bank_card,0,,514.51
ord_000003757,u_025342,ss_00083722,clk_0000046037,2026-07-29,p_00740,Fashion,974,51,0,ozon_card,0,,294.54
ord_000003758,u_025352,ss_00083756,clk_0000046065,2026-07-01,p_02872,Beauty,377,42,226,bank_card,0,,91.69
ord_000003759,u_025360,ss_00083779,clk_0000046080,2026-07-10,p_02111,Home,1306,0,196,ozon_card,0,,143.27
ord_000003760,u_025382,ss_00083836,clk_0000046118,2026-07-14,p_02584,Electronics,1979,104,188,ozon_card,0,,242.43
ord_000003761,u_025394,ss_00083874,clk_0000046142,2026-07-13,p_02078,Beauty,765,104,83,cash_on_delivery,0,,213.05
ord_000003762,u_025399,ss_00083886,clk_0000046146,2026-07-13,p_01164,Home,2590,80,195,bank_card,0,,549.08
ord_000003763,u_025406,ss_00083903,clk_0000046153,2026-07-07,p_03481,Home,1875,0,228,sberpay,0,,327.0
ord_000003764,u_025413,ss_00083923,clk_0000046164,2026-07-29,p_01465,Electronics,6486,721,0,sberpay,0,,446.24
ord_000003765,u_025421,ss_00083942,clk_0000046171,2026-07-02,p_00302,Home,2502,0,189,bank_card,0,,595.73
ord_000003766,u_025432,ss_00083969,clk_0000046183,2026-07-30,p_00672,Kids,872,0,238,sberpay,0,,126.7
ord_000003767,u_025436,ss_00083983,clk_0000046193,2026-07-01,p_01331,Books,190,6,32,bank_card,0,,41.38
ord_000003768,u_025438,ss_00083988,clk_0000046196,2026-07-24,p_02968,Beauty,886,18,151,bank_card,0,,255.43
ord_000003769,u_025450,ss_00084026,clk_0000046220,2026-07-14,p_02869,Books,527,0,258,cash_on_delivery,0,,114.89
ord_000003770,u_025451,ss_00084027,clk_0000046221,2026-07-07,p_00248,Electronics,9590,0,132,bank_card,0,,1253.41
ord_000003771,u_025472,ss_00084101,clk_0000046270,2026-07-01,p_01598,Sports,2200,244,55,bank_card,0,,505.78
ord_000003772,u_025480,ss_00084134,clk_0000046291,2026-07-12,p_00618,Sports,1266,141,343,ozon_card,0,,308.4
ord_000003773,u_025480,ss_00084134,clk_0000046292,2026-07-12,p_00235,FMCG,339,10,138,bank_card,0,,35.87
ord_000003774,u_025488,ss_00084156,clk_0000046305,2026-07-22,p_01956,Fashion,2336,48,119,bank_card,0,,509.72
ord_000003775,u_025489,ss_00084157,clk_0000046306,2026-07-01,p_03789,Kids,1616,50,0,installment,0,,290.72
ord_000003776,u_025489,ss_00084161,clk_0000046312,2026-07-07,p_02646,Beauty,209,4,270,ozon_card,0,,51.69
ord_000003777,u_025496,ss_00084194,clk_0000046350,2026-07-17,p_01546,FMCG,222,0,248,sberpay,0,,38.36
ord_000003778,u_025497,ss_00084195,clk_0000046352,2026-07-11,p_01263,FMCG,533,0,186,bank_card,0,,56.02
ord_000003779,u_025498,ss_00084200,clk_0000046358,2026-07-16,p_00701,Pet,3508,109,0,bank_card,0,,894.19
ord_000003780,u_025505,ss_00084222,clk_0000046366,2026-07-17,p_00170,Home,1291,144,117,sberpay,0,,257.3
ord_000003781,u_025509,ss_00084235,clk_0000046375,2026-07-12,p_01789,Beauty,1106,83,179,ozon_card,0,,191.01
ord_000003782,u_025525,ss_00084277,clk_0000046409,2026-07-06,p_01379,Auto,1725,0,226,bank_card,0,,282.21
ord_000003783,u_025533,ss_00084303,clk_0000046424,2026-07-19,p_00919,Fashion,982,30,7,installment,0,,273.98
ord_000003784,u_025537,ss_00084313,clk_0000046431,2026-07-01,p_02039,Beauty,165,3,235,ozon_card,0,,30.46
ord_000003785,u_025537,ss_00084315,clk_0000046433,2026-07-26,p_00696,Beauty,246,5,219,bank_card,0,,68.46
ord_000003786,u_025539,ss_00084320,clk_0000046438,2026-07-12,p_01041,Auto,769,86,196,installment,0,,80.13
ord_000003787,u_025550,ss_00084355,clk_0000046451,2026-07-21,p_02574,Electronics,4568,806,0,sberpay,0,,508.88
ord_000003788,u_025563,ss_00084389,clk_0000046470,2026-07-19,p_02457,Electronics,966,107,233,ozon_card,0,,179.39
ord_000003789,u_025568,ss_00084417,clk_0000046505,2026-07-14,p_00179,Pet,402,0,116,bank_card,0,,69.55
ord_000003790,u_025573,ss_00084430,clk_0000046516,2026-07-24,p_04254,Home,5293,0,271,ozon_card,0,,1427.52
ord_000003791,u_025576,ss_00084440,clk_0000046521,2026-07-08,p_01814,Sports,965,107,273,ozon_card,0,,262.19
ord_000003792,u_025578,ss_00084450,clk_0000046524,2026-07-04,p_03313,Electronics,6312,1114,266,bank_card,0,,719.57
ord_000003793,u_025579,ss_00084457,clk_0000046532,2026-07-05,p_00337,FMCG,125,22,0,installment,0,,16.32
ord_000003794,u_025579,ss_00084459,clk_0000046533,2026-07-23,p_03540,Fashion,2087,368,0,ozon_card,0,,434.72
ord_000003795,u_025581,ss_00084469,clk_0000046541,2026-07-25,p_03590,FMCG,470,25,273,bank_card,0,,93.77
ord_000003796,u_025593,ss_00084497,clk_0000046554,2026-07-01,p_03147,Home,1109,196,,cash_on_delivery,0,,251.96
ord_000003797,u_025607,ss_00084548,clk_0000046585,2026-07-29,p_01163,Books,296,0,176,bank_card,0,,37.92
ord_000003798,u_025614,ss_00084580,clk_0000046612,2026-07-06,p_02707,Fashion,1720,234,227,bank_card,0,,377.2
ord_000003799,u_025615,ss_00084587,clk_0000046619,2026-07-04,p_01425,Home,1974,61,125,ozon_card,0,,461.92
ord_000003800,u_025616,ss_00084589,clk_0000046622,2026-07-28,p_03178,Fashion,1131,35,0,bank_card,0,,260.92
ord_000003801,u_025634,ss_00084660,clk_0000046660,2026-07-28,p_02618,Sports,603,67,284,bank_card,0,,158.95
ord_000003802,u_025646,ss_00084691,clk_0000046672,2026-07-07,p_02872,Beauty,406,13,208,sberpay,0,,98.74
ord_000003803,u_025648,ss_00084698,clk_0000046677,2026-07-13,p_03861,Sports,1539,0,151,ozon_card,0,,293.64
ord_000003804,u_025651,ss_00084709,clk_0000046682,2026-07-24,p_00008,Books,99,0,204,installment,0,,13.45
ord_000003805,u_025657,ss_00084735,clk_0000046690,2026-07-30,p_02059,Kids,2498,131,0,cash_on_delivery,0,,403.43
ord_000003806,u_025658,ss_00084738,clk_0000046692,2026-07-13,p_04394,Fashion,1599,120,149,ozon_card,0,,423.89
ord_000003807,u_025664,ss_00084753,clk_0000046694,2026-07-22,p_00706,Fashion,1236,137,0,bank_card,0,,215.93
ord_000003808,u_025673,ss_00084774,clk_0000046706,2026-07-20,p_03718,Pet,1327,0,250,bank_card,0,,181.93
ord_000003809,u_025688,ss_00084840,clk_0000046760,2026-07-16,p_03576,Home,4013,0,0,bank_card,0,,787.75
ord_000003810,u_025692,ss_00084870,clk_0000046778,2026-07-02,p_02982,Fashion,646,49,215,ozon_card,0,,129.14
ord_000003811,u_025692,ss_00084872,clk_0000046780,2026-07-18,p_04342,Electronics,2843,88,182,cash_on_delivery,0,,451.75
ord_000003812,u_025695,ss_00084879,clk_0000046783,2026-07-18,p_02749,Fashion,1394,73,0,cash_on_delivery,1,2026-08-21,-41.82
ord_000003813,u_025695,ss_00084879,clk_0000046784,2026-07-18,p_01042,Home,1955,217,,ozon_card,0,,446.52
ord_000003814,u_025700,ss_00084899,clk_0000046791,2026-07-30,p_01312,Electronics,5294,0,0,bank_card,0,,631.57
ord_000003815,u_025708,ss_00084939,clk_0000046824,2026-07-01,p_02969,Pet,464,52,85,cash_on_delivery,0,,109.78
ord_000003816,u_025729,ss_00084992,clk_0000046853,2026-07-30,p_01789,Beauty,1165,24,0,ozon_card,1,2026-08-27,-34.95
ord_000003817,u_025732,ss_00084997,clk_0000046855,2026-07-15,p_03268,Beauty,1426,29,195,sberpay,0,,326.84
ord_000003818,u_025737,ss_00085009,clk_0000046863,2026-07-14,p_00496,FMCG,1476,0,0,ozon_card,0,,182.58
ord_000003819,u_025741,ss_00085039,clk_0000046885,2026-07-03,p_02214,Home,1722,53,71,installment,0,,282.58
ord_000003820,u_025762,ss_00085099,clk_0000046928,2026-07-06,p_02292,Pet,1165,61,190,installment,0,,246.4
ord_000003821,u_025770,ss_00085118,clk_0000046942,2026-07-09,p_03001,Home,188,21,172,bank_card,0,,24.8
ord_000003822,u_025772,ss_00085124,clk_0000046947,2026-07-05,p_03553,Fashion,752,103,103,sberpay,0,,161.3
ord_000003823,u_025777,ss_00085139,clk_0000046958,2026-07-04,p_02448,Fashion,2982,61,62,ozon_card,0,,706.73
ord_000003824,u_025786,ss_00085171,clk_0000046972,2026-07-26,p_04070,Fashion,1563,82,223,bank_card,0,,489.53
ord_000003825,u_025793,ss_00085200,clk_0000046986,2026-07-03,p_00104,Sports,1063,33,210,sberpay,0,,332.29
ord_000003826,u_025794,ss_00085205,clk_0000046990,2026-07-28,p_01869,Sports,3314,174,0,ozon_card,0,,837.78
ord_000003827,u_025794,ss_00085206,clk_0000046991,2026-07-08,p_04385,Home,1393,155,332,sberpay,0,,364.41
ord_000003828,u_025801,ss_00085237,clk_0000047003,2026-07-01,p_01390,Home,2204,0,345,bank_card,1,2026-07-17,-66.12
ord_000003829,u_025802,ss_00085240,clk_0000047005,2026-07-17,p_02005,Home,988,0,147,bank_card,0,,198.98
ord_000003830,u_025824,ss_00085319,clk_0000047041,2026-07-19,p_01034,Kids,815,25,253,installment,0,,145.15
ord_000003831,u_025830,ss_00085339,clk_0000047051,2026-07-02,p_02916,Fashion,908,48,0,bank_card,0,,250.15
ord_000003832,u_025838,ss_00085374,clk_0000047080,2026-07-19,p_04010,Electronics,2996,0,,ozon_card,0,,398.47
ord_000003833,u_025839,ss_00085378,clk_0000047083,2026-07-17,p_01974,Electronics,3046,537,0,bank_card,0,,273.84
ord_000003834,u_025842,ss_00085389,clk_0000047090,2026-07-28,p_03905,Fashion,963,72,0,bank_card,0,,184.32
ord_000003835,u_025851,ss_00085417,clk_0000047104,2026-07-15,p_00367,Fashion,616,84,0,sberpay,0,,159.24
ord_000003836,u_025865,ss_00085456,clk_0000047127,2026-07-02,p_03491,Fashion,1475,164,246,sberpay,0,,424.65
ord_000003837,u_025865,ss_00085456,clk_0000047128,2026-07-02,p_02087,Fashion,325,0,78,cash_on_delivery,0,,80.76
ord_000003838,u_025867,ss_00085460,clk_0000047132,2026-07-28,p_03234,Home,2707,142,279,sberpay,0,,423.65
ord_000003839,u_025871,ss_00085472,clk_0000047140,2026-07-28,p_04054,Sports,1140,0,96,ozon_card,0,,246.47
ord_000003840,u_025873,ss_00085478,clk_0000047143,2026-07-03,p_00055,FMCG,409,13,,bank_card,0,,79.96
ord_000003841,u_025877,ss_00085494,clk_0000047154,2026-07-08,p_04478,Beauty,512,10,0,bank_card,0,,166.04
ord_000003842,u_025887,ss_00085525,clk_0000047171,2026-07-10,p_03349,Sports,3862,119,374,bank_card,0,,564.62
ord_000003843,u_025890,ss_00085536,clk_0000047178,2026-07-13,p_00566,Home,2375,0,232,ozon_card,0,,308.04
ord_000003844,u_025890,ss_00085537,clk_0000047179,2026-07-20,p_01018,FMCG,939,0,0,ozon_card,0,,118.03
ord_000003845,u_025890,ss_00085538,clk_0000047180,2026-07-27,p_00907,FMCG,1101,0,0,bank_card,0,,205.89
ord_000003846,u_025891,ss_00085543,clk_0000047185,2026-07-06,p_03051,Kids,1066,0,182,bank_card,0,,181.54
ord_000003847,u_025892,ss_00085548,clk_0000047188,2026-07-23,p_03552,Home,633,70,256,bank_card,0,,159.45
ord_000003848,u_025892,ss_00085551,clk_0000047191,2026-07-21,p_03491,Fashion,1606,33,122,bank_card,0,,462.37
ord_000003849,u_025894,ss_00085557,clk_0000047198,2026-07-10,p_04250,Home,570,18,185,ozon_card,0,,119.59
ord_000003850,u_025906,ss_00085588,clk_0000047209,2026-07-11,p_03509,Fashion,577,30,0,bank_card,0,,152.56
ord_000003851,u_025916,ss_00085620,clk_0000047223,2026-07-26,p_03852,Home,3632,0,,bank_card,0,,470.71
ord_000003852,u_025941,ss_00085690,clk_0000047250,2026-07-21,p_04477,Electronics,1410,157,165,ozon_card,0,,103.78
ord_000003853,u_025946,ss_00085702,clk_0000047258,2026-07-19,p_01897,Auto,3259,101,0,installment,0,,604.87
ord_000003854,u_025947,ss_00085707,clk_0000047260,2026-07-18,p_03304,Fashion,3348,104,0,ozon_card,1,2026-08-01,-100.44
ord_000003855,u_025953,ss_00085732,clk_0000047277,2026-07-23,p_03851,Sports,866,0,0,ozon_card,0,,190.17
ord_000003856,u_025961,ss_00085749,clk_0000047289,2026-07-23,p_00967,Fashion,783,16,175,bank_card,0,,210.63
ord_000003857,u_025975,ss_00085789,clk_0000047314,2026-07-19,p_03065,Fashion,2554,134,208,bank_card,0,,635.69
ord_000003858,u_025980,ss_00085815,clk_0000047332,2026-07-24,p_01440,Pet,1052,117,237,bank_card,0,,143.7
ord_000003859,u_025991,ss_00085851,clk_0000047346,2026-07-04,p_00932,Electronics,3805,671,208,ozon_card,0,,322.66
ord_000003860,u_026010,ss_00085930,clk_0000047393,2026-07-10,p_04296,Electronics,2480,130,247,installment,0,,310.5
ord_000003861,u_026021,ss_00085960,clk_0000047410,2026-07-26,p_01248,FMCG,666,0,154,ozon_card,0,,93.77
ord_000003862,u_026041,ss_00086029,clk_0000047441,2026-07-01,p_03547,Kids,808,90,53,bank_card,0,,172.59
ord_000003863,u_026041,ss_00086030,clk_0000047442,2026-07-30,p_00237,Kids,777,0,297,installment,0,,167.6
ord_000003864,u_026045,ss_00086051,clk_0000047452,2026-07-12,p_00556,Fashion,1490,30,252,bank_card,0,,339.72
ord_000003865,u_026061,ss_00086117,clk_0000047498,2026-07-01,p_01799,Electronics,7609,1343,230,ozon_card,0,,769.27
ord_000003866,u_026063,ss_00086125,clk_0000047502,2026-07-05,p_02645,FMCG,231,12,179,bank_card,0,,27.63
ord_000003867,u_026063,ss_00086125,clk_0000047504,2026-07-05,p_02265,Fashion,2612,356,0,ozon_card,0,,568.11
ord_000003868,u_026064,ss_00086133,clk_0000047505,2026-07-03,p_03596,Books,130,7,414,bank_card,0,,37.04
ord_000003869,u_026066,ss_00086135,clk_0000047506,2026-07-27,p_02199,Pet,1388,0,262,bank_card,0,,288.15
ord_000003870,u_026067,ss_00086139,clk_0000047510,2026-07-02,p_03191,Beauty,1395,28,281,bank_card,0,,482.81
ord_000003871,u_026069,ss_00086142,clk_0000047515,2026-07-01,p_01558,Electronics,4411,0,84,bank_card,0,,900.73
ord_000003872,u_026075,ss_00086157,clk_0000047522,2026-07-24,p_01631,Fashion,999,20,0,ozon_card,0,,269.83
ord_000003873,u_026075,ss_00086161,clk_0000047525,2026-07-01,p_03687,Fashion,1037,21,239,sberpay,0,,278.43
ord_000003874,u_026080,ss_00086180,clk_0000047536,2026-07-21,p_02391,Kids,884,47,19,bank_card,0,,149.4
ord_000003875,u_026081,ss_00086188,clk_0000047539,2026-07-26,p_00509,Kids,694,77,264,ozon_card,0,,150.11
ord_000003876,u_026089,ss_00086219,clk_0000047560,2026-07-29,p_00545,Fashion,869,0,112,sberpay,0,,236.8
ord_000003877,u_026096,ss_00086242,clk_0000047568,2026-07-01,p_00895,FMCG,1108,0,153,bank_card,0,,161.88
ord_000003878,u_026123,ss_00086315,clk_0000047600,2026-07-20,p_01658,Electronics,2238,69,178,ozon_card,0,,138.08
ord_000003879,u_026124,ss_00086316,clk_0000047602,2026-07-23,p_03817,Electronics,3056,0,0,sberpay,0,,550.69
ord_000003880,u_026127,ss_00086321,clk_0000047605,2026-07-01,p_01037,Home,835,0,177,ozon_card,0,,200.73
ord_000003881,u_026136,ss_00086347,clk_0000047622,2026-07-05,p_03623,Fashion,1289,68,215,ozon_card,0,,374.58
ord_000003882,u_026151,ss_00086386,clk_0000047643,2026-07-02,p_00575,Fashion,3117,64,154,bank_card,0,,480.64
ord_000003883,u_026156,ss_00086404,clk_0000047657,2026-07-13,p_02292,Pet,1226,0,245,installment,0,,259.3
ord_000003884,u_026169,ss_00086447,clk_0000047681,2026-07-24,p_01032,Electronics,1455,77,153,sberpay,0,,264.52
ord_000003885,u_026172,ss_00086460,clk_0000047687,2026-07-01,p_04311,Fashion,1579,215,72,bank_card,0,,417.96
ord_000003886,u_026176,ss_00086470,clk_0000047697,2026-07-21,p_02244,Beauty,932,49,81,bank_card,0,,235.42
ord_000003887,u_026183,ss_00086492,clk_0000047711,2026-07-21,p_02050,FMCG,289,51,153,bank_card,0,,45.2
ord_000003888,u_026184,ss_00086499,clk_0000047716,2026-07-07,p_01300,Electronics,2735,144,0,bank_card,0,,306.59
ord_000003889,u_026186,ss_00086511,clk_0000047724,2026-07-02,p_04086,Electronics,2421,127,234,bank_card,0,,304.08
ord_000003890,u_026190,ss_00086527,clk_0000047729,2026-07-21,p_02389,Electronics,2140,0,236,ozon_card,0,,332.56
ord_000003891,u_026194,ss_00086540,clk_0000047738,2026-07-10,p_01880,Auto,1254,66,201,ozon_card,0,,166.41
ord_000003892,u_026199,ss_00086553,clk_0000047751,2026-07-26,p_02854,Beauty,1013,138,223,cash_on_delivery,0,,325.68
ord_000003893,u_026211,ss_00086582,clk_0000047772,2026-07-10,p_02180,Fashion,378,42,167,cash_on_delivery,0,,105.5
ord_000003894,u_026216,ss_00086597,clk_0000047783,2026-07-16,p_00579,Fashion,869,46,8,bank_card,0,,247.75
ord_000003895,u_026226,ss_00086631,clk_0000047800,2026-07-05,p_00359,Sports,2689,0,236,installment,0,,798.36
ord_000003896,u_026239,ss_00086676,clk_0000047824,2026-07-20,p_01478,Beauty,443,9,311,bank_card,0,,169.27
ord_000003897,u_026243,ss_00086696,clk_0000047835,2026-07-24,p_00697,FMCG,663,0,187,bank_card,0,,81.55
ord_000003898,u_026250,ss_00086715,clk_0000047845,2026-07-23,p_04112,Electronics,4050,0,0,ozon_card,0,,640.71
ord_000003899,u_026251,ss_00086716,clk_0000047847,2026-07-29,p_03222,Electronics,4047,213,0,ozon_card,0,,765.29
ord_000003900,u_026251,ss_00086719,clk_0000047848,2026-07-11,p_00435,Home,1678,88,272,ozon_card,0,,317.98
ord_000003901,u_026261,ss_00086750,clk_0000047869,2026-07-22,p_01547,Electronics,6244,193,0,bank_card,0,,1233.81
ord_000003902,u_026274,ss_00086783,clk_0000047882,2026-07-18,p_00157,FMCG,237,0,180,cash_on_delivery,0,,20.26
ord_000003903,u_026275,ss_00086787,clk_0000047887,2026-07-20,p_01054,Sports,1009,0,226,cash_on_delivery,0,,282.32
ord_000003904,u_026276,ss_00086793,clk_0000047890,2026-07-21,p_02392,FMCG,798,0,258,bank_card,0,,105.58
ord_000003905,u_026287,ss_00086822,clk_0000047898,2026-07-30,p_01625,Kids,802,0,0,bank_card,0,,135.7
ord_000003906,u_026287,ss_00086823,clk_0000047900,2026-07-28,p_02069,Fashion,1222,38,270,ozon_card,0,,291.08
ord_000003907,u_026287,ss_00086826,clk_0000047901,2026-07-17,p_03361,Kids,1143,60,0,bank_card,0,,171.22
ord_000003908,u_026289,ss_00086832,clk_0000047904,2026-07-17,p_00889,Beauty,595,0,306,bank_card,0,,186.12
ord_000003909,u_026302,ss_00086876,clk_0000047936,2026-07-18,p_02910,Fashion,1973,40,225,bank_card,1,2026-08-11,-59.19
ord_000003910,u_026325,ss_00086968,clk_0000047981,2026-07-22,p_00103,Home,1312,231,0,cash_on_delivery,0,,281.03
ord_000003911,u_026348,ss_00087066,clk_0000048047,2026-07-22,p_03124,Home,1439,0,247,installment,0,,242.18
ord_000003912,u_026349,ss_00087071,clk_0000048052,2026-07-12,p_03865,Books,346,18,201,bank_card,0,,75.81
ord_000003913,u_026368,ss_00087121,clk_0000048069,2026-07-02,p_03301,Auto,1136,60,253,bank_card,0,,225.38
ord_000003914,u_026390,ss_00087181,clk_0000048104,2026-07-12,p_01646,FMCG,665,35,179,bank_card,0,,80.27
ord_000003915,u_026392,ss_00087189,clk_0000048110,2026-07-20,p_02108,Kids,2136,0,95,bank_card,0,,415.88
ord_000003916,u_026397,ss_00087210,clk_0000048117,2026-07-30,p_01566,Home,1506,0,285,installment,0,,184.94
ord_000003917,u_026397,ss_00087214,clk_0000048120,2026-07-01,p_00344,Beauty,469,10,292,ozon_card,1,2026-07-06,-14.07
ord_000003918,u_026411,ss_00087277,clk_0000048165,2026-07-17,p_02339,Kids,1355,0,211,bank_card,0,,149.32
ord_000003919,u_026431,ss_00087339,clk_0000048194,2026-07-17,p_01014,Fashion,823,92,161,bank_card,0,,197.85
ord_000003920,u_026432,ss_00087345,clk_0000048199,2026-07-02,p_04254,Home,4764,529,0,bank_card,0,,1284.85
ord_000003921,u_026437,ss_00087368,clk_0000048211,2026-07-13,p_01539,Beauty,2039,42,155,ozon_card,0,,485.89
ord_000003922,u_026448,ss_00087405,clk_0000048224,2026-07-20,p_03498,Electronics,5079,0,243,bank_card,0,,1002.59
ord_000003923,u_026451,ss_00087411,clk_0000048231,2026-07-18,p_04092,Books,533,0,261,sberpay,0,,48.66
ord_000003924,u_026455,ss_00087427,clk_0000048235,2026-07-10,p_01015,Sports,1528,270,155,ozon_card,0,,369.93
ord_000003925,u_026456,ss_00087435,clk_0000048238,2026-07-24,p_01000,Electronics,1948,216,309,ozon_card,0,,162.27
ord_000003926,u_026460,ss_00087448,clk_0000048244,2026-07-28,p_01741,Fashion,476,10,250,cash_on_delivery,0,,102.44
ord_000003927,u_026466,ss_00087462,clk_0000048251,2026-07-09,p_00565,Home,1172,62,78,bank_card,0,,227.49
ord_000003928,u_026468,ss_00087467,clk_0000048254,2026-07-02,p_03328,Sports,520,16,150,bank_card,0,,139.67
ord_000003929,u_026468,ss_00087468,clk_0000048256,2026-07-02,p_04098,Fashion,1094,149,243,installment,1,2026-07-31,-32.82
ord_000003930,u_026469,ss_00087469,clk_0000048258,2026-07-23,p_00280,Pet,1972,0,247,bank_card,0,,449.62
ord_000003931,u_026484,ss_00087505,clk_0000048276,2026-07-17,p_00294,FMCG,199,0,212,sberpay,0,,12.58
ord_000003932,u_026487,ss_00087514,clk_0000048280,2026-07-14,p_01417,Pet,1010,31,174,ozon_card,1,2026-07-18,-30.3
ord_000003933,u_026488,ss_00087520,clk_0000048285,2026-07-15,p_03139,Auto,2987,332,57,bank_card,0,,420.27
ord_000003934,u_026495,ss_00087543,clk_0000048297,2026-07-29,p_03017,FMCG,734,39,0,ozon_card,0,,140.05
ord_000003935,u_026498,ss_00087552,clk_0000048302,2026-07-19,p_01901,Beauty,820,62,160,installment,0,,189.91
ord_000003936,u_026526,ss_00087638,clk_0000048344,2026-07-26,p_04209,Kids,2509,443,182,bank_card,0,,627.0
ord_000003937,u_026530,ss_00087649,clk_0000048352,2026-07-03,p_03947,Kids,1446,45,122,sberpay,0,,317.54
ord_000003938,u_026535,ss_00087664,clk_0000048360,2026-07-21,p_02476,Home,1824,96,227,installment,0,,393.62
ord_000003939,u_026540,ss_00087680,clk_0000048368,2026-07-09,p_02113,Sports,1716,53,266,bank_card,0,,212.27
ord_000003940,u_026541,ss_00087682,clk_0000048369,2026-07-23,p_00661,Auto,1288,68,111,bank_card,0,,247.81
ord_000003941,u_026543,ss_00087687,clk_0000048375,2026-07-14,p_02763,Sports,1827,96,137,installment,0,,322.83
ord_000003942,u_026546,ss_00087695,clk_0000048380,2026-07-25,p_00785,Electronics,4674,0,0,bank_card,0,,522.55
ord_000003943,u_026550,ss_00087705,clk_0000048386,2026-07-16,p_00382,Fashion,1055,117,15,sberpay,0,,259.21
ord_000003944,u_026556,ss_00087719,clk_0000048402,2026-07-04,p_04220,Pet,576,64,139,sberpay,0,,124.93
ord_000003945,u_026560,ss_00087726,clk_0000048405,2026-07-05,p_01479,Books,180,9,237,installment,0,,34.85
ord_000003946,u_026570,ss_00087760,clk_0000048424,2026-07-01,p_01012,Books,145,0,207,ozon_card,0,,28.86
ord_000003947,u_026578,ss_00087781,clk_0000048434,2026-07-06,p_03524,Electronics,21926,0,0,bank_card,0,,1048.06
ord_000003948,u_026586,ss_00087806,clk_0000048444,2026-07-07,p_00797,Electronics,3685,114,172,installment,0,,321.33
ord_000003949,u_026598,ss_00087834,clk_0000048455,2026-07-07,p_02665,FMCG,409,0,145,ozon_card,0,,70.88
ord_000003950,u_026602,ss_00087851,clk_0000048467,2026-07-12,p_03400,Fashion,1538,31,212,bank_card,0,,444.33
ord_000003951,u_026603,ss_00087860,clk_0000048472,2026-07-08,p_02586,Home,572,30,281,sberpay,0,,103.02
ord_000003952,u_026604,ss_00087866,clk_0000048476,2026-07-05,p_01988,FMCG,383,20,191,bank_card,0,,48.79
ord_000003953,u_026605,ss_00087867,clk_0000048477,2026-07-09,p_00278,Electronics,2499,132,172,ozon_card,0,,176.68
ord_000003954,u_026606,ss_00087872,clk_0000048480,2026-07-02,p_03411,Sports,3606,190,0,ozon_card,0,,945.85
ord_000003955,u_026612,ss_00087893,clk_0000048488,2026-07-04,p_02825,Electronics,2242,118,97,ozon_card,0,,140.8
ord_000003956,u_026615,ss_00087899,clk_0000048494,2026-07-03,p_04145,Pet,217,11,0,installment,0,,55.34
ord_000003957,u_026617,ss_00087904,clk_0000048498,2026-07-15,p_02831,Beauty,981,0,74,bank_card,0,,318.82
ord_000003958,u_026618,ss_00087906,clk_0000048500,2026-07-19,p_04363,Fashion,1180,0,0,ozon_card,0,,298.19
ord_000003959,u_026625,ss_00087930,clk_0000048515,2026-07-13,p_03180,Fashion,988,20,202,installment,0,,250.95
ord_000003960,u_026641,ss_00087977,clk_0000048543,2026-07-05,p_03989,Electronics,4465,0,0,bank_card,0,,548.75
ord_000003961,u_026646,ss_00087994,clk_0000048549,2026-07-03,p_03915,Electronics,6264,0,0,installment,0,,939.6
ord_000003962,u_026653,ss_00088014,clk_0000048555,2026-07-03,p_02069,Fashion,1235,25,197,bank_card,0,,294.18
ord_000003963,u_026654,ss_00088019,clk_0000048558,2026-07-22,p_03299,Home,1144,35,115,bank_card,0,,246.07
ord_000003964,u_026663,ss_00088056,clk_0000048591,2026-07-12,p_03410,Fashion,1962,103,284,bank_card,0,,433.01
ord_000003965,u_026668,ss_00088073,clk_0000048599,2026-07-15,p_03209,Fashion,887,18,223,bank_card,0,,274.62
ord_000003966,u_026670,ss_00088079,clk_0000048603,2026-07-05,p_00078,Kids,549,29,172,cash_on_delivery,0,,143.23
ord_000003967,u_026672,ss_00088087,clk_0000048610,2026-07-02,p_00527,Home,1148,0,,sberpay,0,,210.77
ord_000003968,u_026681,ss_00088110,clk_0000048625,2026-07-16,p_00277,Fashion,973,30,90,bank_card,1,2026-08-17,-29.19
ord_000003969,u_026688,ss_00088143,clk_0000048641,2026-07-02,p_01306,Beauty,2225,168,256,ozon_card,0,,583.39
ord_000003970,u_026688,ss_00088146,clk_0000048643,2026-07-11,p_01641,Electronics,13590,420,0,bank_card,0,,1636.24
ord_000003971,u_026692,ss_00088156,clk_0000048652,2026-07-12,p_01323,Home,605,0,163,bank_card,0,,176.18
ord_000003972,u_026700,ss_00088174,clk_0000048658,2026-07-17,p_00639,Auto,2660,0,177,ozon_card,0,,352.72
ord_000003973,u_026712,ss_00088212,clk_0000048684,2026-07-24,p_02367,Sports,885,0,246,cash_on_delivery,0,,225.85
ord_000003974,u_026720,ss_00088242,clk_0000048698,2026-07-09,p_03108,Sports,1627,86,0,installment,0,,267.15
ord_000003975,u_026736,ss_00088286,clk_0000048719,2026-07-07,p_01438,Kids,1424,0,259,ozon_card,0,,379.07
ord_000003976,u_026737,ss_00088288,clk_0000048721,2026-07-06,p_04095,Home,1615,179,126,bank_card,0,,378.39
ord_000003977,u_026741,ss_00088304,clk_0000048725,2026-07-17,p_01658,Electronics,2307,0,250,bank_card,0,,142.34
ord_000003978,u_026767,ss_00088398,clk_0000048756,2026-07-06,p_03087,Home,2261,0,207,bank_card,0,,420.77
ord_000003979,u_026770,ss_00088402,clk_0000048758,2026-07-04,p_00817,Beauty,362,11,110,cash_on_delivery,0,,83.15
ord_000003980,u_026782,ss_00088439,clk_0000048783,2026-07-23,p_01915,Electronics,3149,166,0,bank_card,0,,340.41
ord_000003981,u_026789,ss_00088456,clk_0000048791,2026-07-08,p_00300,Kids,1812,201,207,bank_card,0,,334.31
ord_000003982,u_026820,ss_00088568,clk_0000048848,2026-07-09,p_00169,Fashion,2871,151,207,sberpay,0,,685.88
ord_000003983,u_026826,ss_00088594,clk_0000048868,2026-07-16,p_01239,Electronics,4296,0,89,ozon_card,0,,505.21
ord_000003984,u_026826,ss_00088596,clk_0000048870,2026-07-11,p_03255,FMCG,220,0,253,sberpay,0,,25.39
ord_000003985,u_026828,ss_00088605,clk_0000048874,2026-07-08,p_00629,Auto,3986,210,263,installment,0,,613.84
ord_000003986,u_026845,ss_00088651,clk_0000048903,2026-07-18,p_03391,Electronics,3213,0,0,sberpay,0,,531.11
ord_000003987,u_026846,ss_00088659,clk_0000048909,2026-07-26,p_03817,Electronics,3056,0,0,ozon_card,0,,550.69
ord_000003988,u_026847,ss_00088667,clk_0000048913,2026-07-22,p_04037,Books,164,5,182,sberpay,0,,30.27
ord_000003989,u_026849,ss_00088673,clk_0000048915,2026-07-24,p_02407,Kids,1156,0,312,bank_card,0,,204.84
ord_000003990,u_026850,ss_00088675,clk_0000048917,2026-07-11,p_01497,Fashion,1758,240,179,bank_card,0,,374.28
ord_000003991,u_026850,ss_00088678,clk_0000048918,2026-07-15,p_04253,Fashion,5390,110,0,sberpay,0,,1552.32
ord_000003992,u_026853,ss_00088687,clk_0000048923,2026-07-02,p_01082,Beauty,482,10,172,bank_card,0,,101.08
ord_000003993,u_026853,ss_00088687,clk_0000048925,2026-07-02,p_02521,Fashion,395,30,185,bank_card,0,,102.38
ord_000003994,u_026868,ss_00088731,clk_0000048958,2026-07-27,p_04159,Home,496,26,107,ozon_card,0,,67.95
ord_000003995,u_026870,ss_00088742,clk_0000048960,2026-07-16,p_00301,FMCG,396,0,154,sberpay,0,,80.43
ord_000003996,u_026891,ss_00088811,clk_0000049000,2026-07-14,p_03380,Beauty,601,45,398,sberpay,0,,196.71
ord_000003997,u_026909,ss_00088887,clk_0000049056,2026-07-06,p_02724,Fashion,3272,67,314,ozon_card,0,,836.98
ord_000003998,u_026912,ss_00088905,clk_0000049059,2026-07-21,p_03805,Electronics,2218,246,245,cash_on_delivery,0,,265.72
ord_000003999,u_026916,ss_00088916,clk_0000049061,2026-07-02,p_02266,Beauty,1486,46,0,installment,0,,412.81
ord_000004000,u_026942,ss_00089016,clk_0000049116,2026-07-10,p_04327,Fashion,974,133,196,cash_on_delivery,0,,239.7
ord_000004001,u_026947,ss_00089034,clk_0000049122,2026-07-04,p_04358,Home,1589,0,259,bank_card,0,,252.81
ord_000004002,u_026948,ss_00089036,clk_0000049124,2026-07-18,p_00489,Beauty,406,55,,bank_card,0,,82.74
ord_000004003,u_026953,ss_00089050,clk_0000049132,2026-07-02,p_00390,Home,2136,112,113,bank_card,0,,464.79
ord_000004004,u_026957,ss_00089064,clk_0000049141,2026-07-28,p_03757,Beauty,381,12,0,ozon_card,0,,110.41
ord_000004005,u_026964,ss_00089088,clk_0000049149,2026-07-28,p_02396,Kids,502,88,281,ozon_card,0,,117.32
ord_000004006,u_026973,ss_00089114,clk_0000049165,2026-07-18,p_04069,Beauty,359,19,129,cash_on_delivery,0,,130.96
ord_000004007,u_026979,ss_00089139,clk_0000049182,2026-07-15,p_02823,Kids,821,43,76,cash_on_delivery,0,,160.92
ord_000004008,u_027003,ss_00089206,clk_0000049219,2026-07-04,p_03251,Electronics,5187,576,0,sberpay,0,,602.21
ord_000004009,u_027005,ss_00089213,clk_0000049223,2026-07-07,p_04067,Electronics,3421,0,0,ozon_card,0,,530.6
ord_000004010,u_027007,ss_00089216,clk_0000049225,2026-07-02,p_01210,Electronics,5632,296,,bank_card,0,,579.53
ord_000004011,u_027012,ss_00089234,clk_0000049237,2026-07-20,p_03955,Fashion,1180,161,,bank_card,0,,323.44
ord_000004012,u_027015,ss_00089244,clk_0000049241,2026-07-27,p_00947,Home,1607,0,0,sberpay,0,,299.54
ord_000004013,u_027023,ss_00089268,clk_0000049253,2026-07-04,p_04007,Beauty,450,0,0,installment,0,,93.33
ord_000004014,u_027029,ss_00089278,clk_0000049260,2026-07-13,p_02339,Kids,1355,0,123,sberpay,1,2026-07-20,-40.65
ord_000004015,u_027030,ss_00089282,clk_0000049263,2026-07-14,p_01650,Beauty,396,30,310,ozon_card,0,,124.94
ord_000004016,u_027030,ss_00089284,clk_0000049266,2026-07-06,p_03527,Kids,1856,57,51,bank_card,0,,348.19
ord_000004017,u_027031,ss_00089285,clk_0000049267,2026-07-22,p_04342,Electronics,2638,293,251,bank_card,0,,419.18
ord_000004018,u_027034,ss_00089294,clk_0000049272,2026-07-19,p_03923,Electronics,3937,207,0,bank_card,0,,583.07
ord_000004019,u_027040,ss_00089310,clk_0000049285,2026-07-27,p_02998,Electronics,3113,164,171,bank_card,0,,276.12
ord_000004020,u_027042,ss_00089324,clk_0000049290,2026-07-02,p_00219,Electronics,3179,98,286,bank_card,0,,470.81
ord_000004021,u_027042,ss_00089325,clk_0000049291,2026-07-22,p_01169,Sports,450,14,0,cash_on_delivery,1,2026-08-10,-13.5
ord_000004022,u_027046,ss_00089335,clk_0000049296,2026-07-14,p_01014,Fashion,869,46,0,installment,0,,208.91
ord_000004023,u_027047,ss_00089341,clk_0000049302,2026-07-18,p_00125,Beauty,1274,26,281,bank_card,0,,430.61
ord_000004024,u_027056,ss_00089374,clk_0000049315,2026-07-06,p_00107,Pet,1674,295,228,bank_card,0,,440.43
ord_000004025,u_027057,ss_00089376,clk_0000049316,2026-07-07,p_03556,FMCG,393,0,230,ozon_card,0,,59.97
ord_000004026,u_027075,ss_00089442,clk_0000049346,2026-07-25,p_03972,Sports,2135,0,111,ozon_card,0,,453.26
ord_000004027,u_027083,ss_00089464,clk_0000049359,2026-07-27,p_03723,Auto,3245,361,0,bank_card,0,,607.46
ord_000004028,u_027090,ss_00089487,clk_0000049371,2026-07-01,p_03326,Pet,1032,0,152,cash_on_delivery,0,,245.72
ord_000004029,u_027106,ss_00089529,clk_0000049393,2026-07-14,p_01249,Home,1658,292,,bank_card,0,,294.29
ord_000004030,u_027108,ss_00089540,clk_0000049398,2026-07-30,p_00897,Beauty,649,0,0,ozon_card,0,,195.74
ord_000004031,u_027127,ss_00089607,clk_0000049434,2026-07-29,p_03365,Pet,675,0,185,bank_card,0,,160.65
ord_000004032,u_027130,ss_00089618,clk_0000049439,2026-07-15,p_01535,Books,276,15,7,ozon_card,0,,31.27
ord_000004033,u_027131,ss_00089622,clk_0000049444,2026-07-03,p_01709,Fashion,1478,30,0,ozon_card,0,,423.74
ord_000004034,u_027132,ss_00089626,clk_0000049449,2026-07-14,p_01028,Beauty,740,15,0,bank_card,0,,230.44
ord_000004035,u_027141,ss_00089646,clk_0000049456,2026-07-13,p_04110,Electronics,6953,215,0,cash_on_delivery,0,,682.09
ord_000004036,u_027144,ss_00089663,clk_0000049469,2026-07-01,p_03798,Pet,1660,0,168,bank_card,0,,300.13
ord_000004037,u_027155,ss_00089691,clk_0000049483,2026-07-15,p_01694,Electronics,2644,0,365,bank_card,0,,486.23
ord_000004038,u_027168,ss_00089737,clk_0000049513,2026-07-01,p_01396,Electronics,5487,0,316,bank_card,0,,969.0
ord_000004039,u_027177,ss_00089770,clk_0000049528,2026-07-11,p_02655,Beauty,1091,57,0,bank_card,0,,274.93
ord_000004040,u_027184,ss_00089796,clk_0000049546,2026-07-10,p_00164,Pet,1242,138,0,ozon_card,0,,260.94
ord_000004041,u_027187,ss_00089808,clk_0000049553,2026-07-23,p_01426,Kids,2450,76,234,sberpay,0,,473.83
ord_000004042,u_027191,ss_00089820,clk_0000049558,2026-07-02,p_04154,Home,1935,0,51,installment,0,,365.71
ord_000004043,u_027193,ss_00089829,clk_0000049562,2026-07-21,p_03676,Electronics,2364,0,186,installment,0,,216.78
ord_000004044,u_027202,ss_00089853,clk_0000049570,2026-07-28,p_01583,Beauty,224,0,155,installment,0,,63.15
ord_000004045,u_027204,ss_00089858,clk_0000049572,2026-07-15,p_01260,FMCG,674,35,184,bank_card,0,,70.97
ord_000004046,u_027213,ss_00089885,clk_0000049585,2026-07-07,p_00264,Fashion,3269,0,332,ozon_card,0,,830.0
ord_000004047,u_027217,ss_00089895,clk_0000049589,2026-07-05,p_00430,Sports,883,46,183,sberpay,0,,217.66
ord_000004048,u_027229,ss_00089930,clk_0000049607,2026-07-11,p_02743,Pet,754,23,294,bank_card,0,,169.95
ord_000004049,u_027232,ss_00089943,clk_0000049616,2026-07-05,p_01334,Kids,878,46,,cash_on_delivery,0,,236.62
ord_000004050,u_027235,ss_00089953,clk_0000049621,2026-07-17,p_01619,Kids,637,34,46,ozon_card,0,,108.93
ord_000004051,u_027238,ss_00089962,clk_0000049626,2026-07-14,p_00788,Electronics,1289,0,137,ozon_card,0,,125.68
ord_000004052,u_027257,ss_00090012,clk_0000049653,2026-07-04,p_00011,Fashion,899,47,248,ozon_card,0,,239.31
ord_000004053,u_027258,ss_00090014,clk_0000049657,2026-07-15,p_00691,Books,173,9,220,bank_card,0,,40.88
ord_000004054,u_027284,ss_00090102,clk_0000049698,2026-07-28,p_03745,Fashion,2983,157,300,ozon_card,0,,851.65
ord_000004055,u_027291,ss_00090125,clk_0000049712,2026-07-21,p_01253,Fashion,3756,77,0,installment,1,2026-08-23,-112.68
ord_000004056,u_027293,ss_00090132,clk_0000049718,2026-07-24,p_00579,Fashion,869,46,109,bank_card,0,,247.75
ord_000004057,u_027295,ss_00090139,clk_0000049721,2026-07-06,p_04030,Books,278,9,0,ozon_card,0,,36.61
ord_000004058,u_027297,ss_00090147,clk_0000049729,2026-07-11,p_03945,Sports,838,0,160,cash_on_delivery,0,,167.6
ord_000004059,u_027315,ss_00090199,clk_0000049761,2026-07-08,p_00041,Home,2847,0,193,sberpay,0,,623.78
ord_000004060,u_027328,ss_00090233,clk_0000049781,2026-07-23,p_01754,Electronics,2929,0,182,sberpay,0,,488.56
ord_000004061,u_027335,ss_00090253,clk_0000049789,2026-07-15,p_03897,Electronics,3421,0,0,bank_card,0,,469.02
ord_000004062,u_027343,ss_00090283,clk_0000049809,2026-07-15,p_03681,Home,4260,0,103,ozon_card,0,,818.77
ord_000004063,u_027345,ss_00090286,clk_0000049811,2026-07-28,p_04192,Fashion,942,105,202,ozon_card,0,,173.8
ord_000004064,u_027353,ss_00090309,clk_0000049825,2026-07-03,p_02776,Books,363,0,165,bank_card,0,,63.16
ord_000004065,u_027357,ss_00090322,clk_0000049835,2026-07-01,p_03662,Books,686,0,133,ozon_card,0,,160.32
ord_000004066,u_027360,ss_00090334,clk_0000049843,2026-07-24,p_00287,Sports,942,0,218,bank_card,0,,191.32
ord_000004067,u_027363,ss_00090338,clk_0000049848,2026-07-24,p_00230,Fashion,1391,28,132,bank_card,0,,231.46
ord_000004068,u_027363,ss_00090340,clk_0000049850,2026-07-13,p_03877,Kids,857,0,238,bank_card,0,,114.84
ord_000004069,u_027371,ss_00090371,clk_0000049869,2026-07-02,p_04159,Home,506,16,0,installment,0,,69.32
ord_000004070,u_027372,ss_00090376,clk_0000049870,2026-07-02,p_03977,Electronics,5793,179,0,bank_card,0,,741.5
ord_000004071,u_027374,ss_00090381,clk_0000049874,2026-07-03,p_00841,Fashion,2598,0,0,bank_card,0,,466.08
ord_000004072,u_027375,ss_00090386,clk_0000049877,2026-07-05,p_04119,Fashion,813,111,158,ozon_card,0,,203.98
ord_000004073,u_027384,ss_00090411,clk_0000049889,2026-07-14,p_00129,Kids,1806,95,163,cash_on_delivery,0,,338.99
ord_000004074,u_027386,ss_00090418,clk_0000049893,2026-07-30,p_02513,Auto,2112,0,98,installment,0,,465.7
ord_000004075,u_027387,ss_00090422,clk_0000049895,2026-07-11,p_04350,Home,3275,0,0,bank_card,1,2026-08-11,-98.25
ord_000004076,u_027399,ss_00090465,clk_0000049909,2026-07-02,p_04320,Pet,743,39,352,ozon_card,0,,93.17
ord_000004077,u_027399,ss_00090466,clk_0000049910,2026-07-17,p_01088,Beauty,2191,165,237,sberpay,0,,554.32
ord_000004078,u_027404,ss_00090486,clk_0000049917,2026-07-15,p_01276,Kids,590,31,258,ozon_card,0,,148.15
ord_000004079,u_027407,ss_00090493,clk_0000049922,2026-07-26,p_02000,Fashion,819,0,276,installment,0,,146.36
ord_000004080,u_027415,ss_00090517,clk_0000049937,2026-07-28,p_03339,FMCG,1182,37,116,ozon_card,0,,198.46
ord_000004081,u_027423,ss_00090540,clk_0000049948,2026-07-26,p_02066,Sports,574,18,155,cash_on_delivery,0,,85.35
ord_000004082,u_027428,ss_00090552,clk_0000049957,2026-07-12,p_02762,Sports,746,0,341,bank_card,0,,176.95
ord_000004083,u_027436,ss_00090580,clk_0000049970,2026-07-19,p_00786,FMCG,251,13,0,sberpay,0,,38.75
ord_000004084,u_027446,ss_00090615,clk_0000049992,2026-07-03,p_00986,Kids,1150,0,180,bank_card,0,,300.15
ord_000004085,u_027457,ss_00090643,clk_0000050009,2026-07-13,p_01600,Books,288,15,143,ozon_card,0,,53.34
ord_000004086,u_027465,ss_00090668,clk_0000050022,2026-07-28,p_00173,Electronics,2564,135,0,bank_card,0,,148.97
ord_000004087,u_027479,ss_00090706,clk_0000050038,2026-07-30,p_04166,Fashion,1442,0,193,sberpay,0,,372.61
ord_000004088,u_027499,ss_00090784,clk_0000050083,2026-07-10,p_00324,Home,2311,122,318,bank_card,0,,453.88
ord_000004089,u_027507,ss_00090814,clk_0000050097,2026-07-24,p_03750,Sports,1271,0,179,bank_card,0,,288.26
ord_000004090,u_027507,ss_00090818,clk_0000050098,2026-07-11,p_04295,FMCG,268,8,202,bank_card,0,,14.63
ord_000004091,u_027525,ss_00090876,clk_0000050126,2026-07-18,p_02454,Beauty,490,26,170,bank_card,0,,129.7
ord_000004092,u_027528,ss_00090882,clk_0000050130,2026-07-02,p_03939,Pet,681,21,284,sberpay,0,,155.61
ord_000004093,u_027531,ss_00090889,clk_0000050133,2026-07-02,p_02058,Books,240,0,202,bank_card,0,,37.94
ord_000004094,u_027541,ss_00090922,clk_0000050150,2026-07-30,p_01186,Fashion,1616,33,203,bank_card,0,,450.54
ord_000004095,u_027544,ss_00090935,clk_0000050155,2026-07-01,p_01339,Sports,1288,0,0,bank_card,0,,248.46
ord_000004096,u_027553,ss_00090985,clk_0000050196,2026-07-05,p_01464,Electronics,6653,350,227,bank_card,0,,574.82
ord_000004097,u_027555,ss_00090992,clk_0000050201,2026-07-16,p_03016,Home,345,11,189,installment,0,,70.31
ord_000004098,u_027562,ss_00091009,clk_0000050215,2026-07-07,p_00676,Electronics,3549,0,0,installment,0,,471.31
ord_000004099,u_027567,ss_00091027,clk_0000050222,2026-07-26,p_02050,FMCG,340,0,235,sberpay,0,,53.18
ord_000004100,u_027594,ss_00091112,clk_0000050261,2026-07-10,p_02401,Books,505,27,386,ozon_card,0,,63.58
ord_000004101,u_027610,ss_00091156,clk_0000050282,2026-07-30,p_02595,Home,1396,73,232,bank_card,0,,249.19
ord_000004102,u_027616,ss_00091167,clk_0000050290,2026-07-22,p_01845,Home,1605,0,162,ozon_card,0,,370.27
ord_000004103,u_027621,ss_00091179,clk_0000050293,2026-07-19,p_01944,Beauty,644,88,129,installment,0,,149.34
ord_000004104,u_027627,ss_00091194,clk_0000050300,2026-07-09,p_00697,FMCG,643,20,56,bank_card,0,,79.09
ord_000004105,u_027628,ss_00091195,clk_0000050302,2026-07-13,p_01215,Beauty,2775,57,177,installment,0,,491.73
ord_000004106,u_027634,ss_00091213,clk_0000050308,2026-07-03,p_04022,Beauty,644,49,181,sberpay,0,,167.25
ord_000004107,u_027638,ss_00091224,clk_0000050316,2026-07-23,p_00713,Electronics,4463,0,0,ozon_card,0,,227.61
ord_000004108,u_027644,ss_00091243,clk_0000050327,2026-07-23,p_02709,Electronics,2650,468,170,ozon_card,0,,354.04
ord_000004109,u_027649,ss_00091272,clk_0000050347,2026-07-30,p_02783,Books,380,0,206,installment,0,,84.55
ord_000004110,u_027658,ss_00091302,clk_0000050358,2026-07-28,p_03590,FMCG,495,0,195,bank_card,0,,98.75
ord_000004111,u_027668,ss_00091331,clk_0000050376,2026-07-10,p_01704,Pet,122,4,186,bank_card,0,,7.97
ord_000004112,u_027668,ss_00091332,clk_0000050377,2026-07-30,p_01505,Home,1743,0,345,cash_on_delivery,0,,417.1
ord_000004113,u_027675,ss_00091348,clk_0000050388,2026-07-29,p_03755,Kids,2318,0,336,cash_on_delivery,1,2026-08-24,-69.54
ord_000004114,u_027678,ss_00091360,clk_0000050392,2026-07-30,p_02571,Fashion,2180,44,288,cash_on_delivery,0,,529.3
ord_000004115,u_027686,ss_00091379,clk_0000050400,2026-07-23,p_03791,Books,687,36,84,installment,0,,155.81
ord_000004116,u_027697,ss_00091417,clk_0000050415,2026-07-07,p_01885,Pet,1907,0,,installment,0,,321.9
ord_000004117,u_027700,ss_00091424,clk_0000050418,2026-07-04,p_02931,Home,530,0,124,bank_card,0,,83.58
ord_000004118,u_027700,ss_00091425,clk_0000050419,2026-07-04,p_00039,Sports,649,20,200,sberpay,0,,183.34
ord_000004119,u_027703,ss_00091435,clk_0000050425,2026-07-04,p_01043,Fashion,1259,140,0,bank_card,0,,344.59
ord_000004120,u_027715,ss_00091464,clk_0000050444,2026-07-01,p_04219,FMCG,468,0,186,installment,0,,81.99
ord_000004121,u_027721,ss_00091493,clk_0000050464,2026-07-30,p_03477,Fashion,951,50,211,ozon_card,0,,270.75
ord_000004122,u_027735,ss_00091536,clk_0000050493,2026-07-01,p_01943,Auto,7537,233,0,sberpay,0,,834.35
ord_000004123,u_027755,ss_00091588,clk_0000050515,2026-07-04,p_02475,Electronics,2783,309,125,ozon_card,0,,353.72
ord_000004124,u_027760,ss_00091600,clk_0000050520,2026-07-27,p_00115,Beauty,575,30,166,bank_card,0,,134.61
ord_000004125,u_027767,ss_00091614,clk_0000050525,2026-07-18,p_02470,Electronics,3031,0,0,ozon_card,0,,389.18
ord_000004126,u_027773,ss_00091640,clk_0000050543,2026-07-22,p_01895,Fashion,388,29,38,installment,0,,111.78
ord_000004127,u_027778,ss_00091655,clk_0000050551,2026-07-10,p_03538,Home,365,64,338,bank_card,0,,65.33
ord_000004128,u_027781,ss_00091668,clk_0000050558,2026-07-17,p_04031,Beauty,430,0,143,installment,0,,146.2
ord_000004129,u_027790,ss_00091707,clk_0000050579,2026-07-19,p_03714,Books,806,0,221,bank_card,0,,185.86
ord_000004130,u_027811,ss_00091755,clk_0000050599,2026-07-09,p_02563,Sports,2831,0,,bank_card,0,,435.69
ord_000004131,u_027818,ss_00091771,clk_0000050605,2026-07-06,p_02113,Sports,1504,265,218,cash_on_delivery,0,,186.04
ord_000004132,u_027821,ss_00091779,clk_0000050608,2026-07-06,p_01941,Beauty,1272,0,240,bank_card,0,,437.95
ord_000004133,u_027827,ss_00091796,clk_0000050621,2026-07-10,p_02478,Electronics,3934,122,0,sberpay,0,,739.2
ord_000004134,u_027828,ss_00091803,clk_0000050623,2026-07-05,p_01277,Beauty,668,118,,bank_card,0,,218.24
ord_000004135,u_027828,ss_00091804,clk_0000050624,2026-07-15,p_03714,Books,782,24,168,bank_card,0,,180.33
ord_000004136,u_027836,ss_00091827,clk_0000050635,2026-07-19,p_03922,Beauty,967,20,204,bank_card,0,,309.05
ord_000004137,u_027836,ss_00091827,clk_0000050636,2026-07-19,p_03429,Books,275,14,91,bank_card,0,,48.37
ord_000004138,u_027836,ss_00091830,clk_0000050637,2026-07-17,p_01894,Beauty,625,13,174,installment,0,,185.94
ord_000004139,u_027837,ss_00091832,clk_0000050639,2026-07-17,p_02045,Home,1554,82,211,ozon_card,0,,231.24
ord_000004140,u_027841,ss_00091844,clk_0000050649,2026-07-16,p_01002,Fashion,474,0,202,ozon_card,0,,123.29
ord_000004141,u_027858,ss_00091887,clk_0000050675,2026-07-06,p_00778,Electronics,2730,303,151,ozon_card,0,,447.45
ord_000004142,u_027872,ss_00091930,clk_0000050697,2026-07-19,p_01134,Fashion,1275,174,0,bank_card,0,,379.31
ord_000004143,u_027914,ss_00092079,clk_0000050768,2026-07-26,p_01770,Sports,2300,121,200,ozon_card,0,,593.63
ord_000004144,u_027925,ss_00092109,clk_0000050780,2026-07-03,p_03852,Home,3632,0,87,bank_card,0,,470.71
ord_000004145,u_027928,ss_00092116,clk_0000050783,2026-07-23,p_04452,Home,2016,106,0,sberpay,0,,485.45
ord_000004146,u_027931,ss_00092122,clk_0000050786,2026-07-18,p_04034,FMCG,1510,0,163,bank_card,0,,148.74
ord_000004147,u_027932,ss_00092124,clk_0000050787,2026-07-29,p_04063,Pet,881,98,114,bank_card,0,,169.15
ord_000004148,u_027938,ss_00092142,clk_0000050795,2026-07-20,p_02766,Electronics,2171,241,116,ozon_card,0,,190.4
ord_000004149,u_027941,ss_00092150,clk_0000050800,2026-07-13,p_01100,Sports,2021,62,229,bank_card,0,,347.61
ord_000004150,u_027942,ss_00092151,clk_0000050801,2026-07-26,p_02226,Beauty,1038,21,189,ozon_card,0,,263.96
ord_000004151,u_027945,ss_00092164,clk_0000050804,2026-07-19,p_03224,Kids,1629,50,,ozon_card,0,,297.94
ord_000004152,u_027955,ss_00092190,clk_0000050814,2026-07-25,p_01649,FMCG,251,0,76,bank_card,0,,29.77
ord_000004153,u_027958,ss_00092198,clk_0000050824,2026-07-05,p_03266,Home,942,29,293,bank_card,0,,186.33
ord_000004154,u_027961,ss_00092217,clk_0000050842,2026-07-19,p_02357,FMCG,215,11,153,ozon_card,0,,25.18
ord_000004155,u_027961,ss_00092218,clk_0000050843,2026-07-05,p_03470,Fashion,1605,33,238,bank_card,1,2026-08-08,-48.15
ord_000004156,u_027963,ss_00092224,clk_0000050848,2026-07-27,p_00029,Electronics,1483,0,325,bank_card,0,,160.76
ord_000004157,u_027975,ss_00092265,clk_0000050868,2026-07-20,p_03311,FMCG,544,60,189,installment,0,,75.45
ord_000004158,u_027976,ss_00092269,clk_0000050870,2026-07-21,p_01607,Sports,2188,68,0,bank_card,1,2026-08-10,-65.64
ord_000004159,u_027984,ss_00092308,clk_0000050888,2026-07-12,p_04169,Home,611,32,156,bank_card,0,,106.13
ord_000004160,u_027996,ss_00092337,clk_0000050900,2026-07-14,p_01323,Home,545,60,260,sberpay,0,,158.7
ord_000004161,u_027999,ss_00092355,clk_0000050912,2026-07-26,p_01612,Kids,981,0,312,bank_card,0,,182.37
ord_000004162,u_028001,ss_00092363,clk_0000050919,2026-07-13,p_03234,Home,2849,0,100,ozon_card,0,,445.87
ord_000004163,u_028012,ss_00092397,clk_0000050935,2026-07-05,p_02094,Fashion,3519,391,0,sberpay,0,,1051.48
ord_000004164,u_028018,ss_00092415,clk_0000050945,2026-07-01,p_04099,FMCG,251,8,209,bank_card,0,,37.1
ord_000004165,u_028029,ss_00092467,clk_0000050984,2026-07-18,p_03725,Electronics,4591,810,0,bank_card,0,,218.53
ord_000004166,u_028032,ss_00092480,clk_0000050991,2026-07-17,p_02358,Books,403,0,0,bank_card,0,,55.86
ord_000004167,u_028032,ss_00092480,clk_0000050992,2026-07-17,p_00762,Beauty,641,34,0,ozon_card,0,,148.39
ord_000004168,u_028032,ss_00092480,clk_0000050993,2026-07-17,p_04089,Kids,3092,0,0,bank_card,0,,764.96
ord_000004169,u_028038,ss_00092498,clk_0000051004,2026-07-17,p_02107,Books,242,13,0,ozon_card,0,,32.65
ord_000004170,u_028050,ss_00092541,clk_0000051020,2026-07-13,p_03586,Home,1054,33,323,sberpay,0,,220.18
ord_000004171,u_028056,ss_00092564,clk_0000051033,2026-07-28,p_01789,Beauty,1130,59,204,ozon_card,0,,195.15
ord_000004172,u_028079,ss_00092645,clk_0000051072,2026-07-29,p_04003,Home,2327,72,162,sberpay,0,,554.29
ord_000004173,u_028088,ss_00092670,clk_0000051093,2026-07-25,p_01812,Auto,2493,77,31,bank_card,0,,349.27
ord_000004174,u_028093,ss_00092692,clk_0000051104,2026-07-28,p_00530,Pet,599,32,0,ozon_card,0,,82.6
ord_000004175,u_028095,ss_00092697,clk_0000051107,2026-07-24,p_00633,Beauty,1146,23,116,bank_card,0,,369.7
ord_000004176,u_028100,ss_00092707,clk_0000051112,2026-07-29,p_00361,Sports,1275,67,257,ozon_card,0,,405.58
ord_000004177,u_028109,ss_00092735,clk_0000051123,2026-07-20,p_04004,FMCG,210,7,210,ozon_card,0,,38.05
ord_000004178,u_028110,ss_00092741,clk_0000051127,2026-07-07,p_01471,Sports,2672,83,146,sberpay,0,,624.98
ord_000004179,u_028110,ss_00092742,clk_0000051130,2026-07-03,p_04348,Electronics,3136,348,0,bank_card,0,,460.68
ord_000004180,u_028112,ss_00092749,clk_0000051137,2026-07-29,p_04378,Fashion,1321,0,173,sberpay,0,,334.74
ord_000004181,u_028114,ss_00092751,clk_0000051138,2026-07-04,p_00573,Beauty,522,39,20,cash_on_delivery,0,,141.51
ord_000004182,u_028124,ss_00092779,clk_0000051150,2026-07-06,p_00925,Fashion,958,131,163,bank_card,0,,277.25
ord_000004183,u_028134,ss_00092806,clk_0000051166,2026-07-09,p_00142,Home,1194,37,199,bank_card,0,,102.45
ord_000004184,u_028161,ss_00092872,clk_0000051191,2026-07-29,p_00570,Electronics,343,11,279,bank_card,0,,48.36
ord_000004185,u_028163,ss_00092880,clk_0000051197,2026-07-20,p_00475,Beauty,878,46,156,bank_card,0,,246.81
ord_000004186,u_028169,ss_00092902,clk_0000051208,2026-07-10,p_03709,Beauty,1069,22,264,cash_on_delivery,0,,316.21
ord_000004187,u_028171,ss_00092910,clk_0000051213,2026-07-18,p_00355,Beauty,393,12,160,bank_card,0,,120.65
ord_000004188,u_028171,ss_00092910,clk_0000051215,2026-07-18,p_01043,Fashion,1399,0,307,bank_card,0,,382.91
ord_000004189,u_028172,ss_00092916,clk_0000051219,2026-07-27,p_01204,Books,496,0,179,installment,0,,118.69
ord_000004190,u_028180,ss_00092937,clk_0000051233,2026-07-11,p_04204,FMCG,278,0,273,cash_on_delivery,0,,36.56
ord_000004191,u_028180,ss_00092940,clk_0000051236,2026-07-05,p_01955,Sports,1509,79,277,installment,1,2026-08-01,-45.27
ord_000004192,u_028193,ss_00092985,clk_0000051269,2026-07-24,p_02916,Fashion,956,0,171,cash_on_delivery,0,,263.38
ord_000004193,u_028199,ss_00093002,clk_0000051281,2026-07-01,p_00467,Electronics,3525,186,0,bank_card,0,,517.82
ord_000004194,u_028200,ss_00093005,clk_0000051286,2026-07-07,p_02965,Home,2069,0,201,bank_card,0,,440.9
ord_000004195,u_028210,ss_00093032,clk_0000051309,2026-07-20,p_02554,Fashion,1860,0,54,ozon_card,0,,640.03
ord_000004196,u_028210,ss_00093035,clk_0000051311,2026-07-21,p_01302,FMCG,261,0,187,cash_on_delivery,0,,42.7
ord_000004197,u_028215,ss_00093055,clk_0000051324,2026-07-24,p_04162,Fashion,1530,0,396,bank_card,0,,500.31
ord_000004198,u_028220,ss_00093081,clk_0000051333,2026-07-07,p_01297,Fashion,2329,0,162,sberpay,0,,480.71
ord_000004199,u_028224,ss_00093096,clk_0000051341,2026-07-26,p_04351,Home,2213,68,289,ozon_card,1,2026-08-13,-66.39
ord_000004200,u_028230,ss_00093114,clk_0000051349,2026-07-19,p_01351,Home,787,88,0,sberpay,0,,173.53
ord_000004201,u_028236,ss_00093143,clk_0000051367,2026-07-13,p_01805,Home,1920,0,207,bank_card,0,,525.7
ord_000004202,u_028244,ss_00093174,clk_0000051386,2026-07-06,p_01915,Electronics,3315,0,0,bank_card,0,,358.35
ord_000004203,u_028245,ss_00093182,clk_0000051390,2026-07-10,p_01944,Beauty,695,37,185,installment,0,,161.17
ord_000004204,u_028251,ss_00093195,clk_0000051399,2026-07-04,p_01512,FMCG,518,92,0,sberpay,0,,30.1
ord_000004205,u_028256,ss_00093212,clk_0000051403,2026-07-21,p_02886,Electronics,4738,0,338,installment,0,,453.43
ord_000004206,u_028260,ss_00093224,clk_0000051412,2026-07-15,p_02840,Sports,1561,48,53,bank_card,0,,346.54
ord_000004207,u_028268,ss_00093241,clk_0000051423,2026-07-21,p_02393,Home,1788,199,218,ozon_card,0,,414.82
ord_000004208,u_028268,ss_00093242,clk_0000051424,2026-07-07,p_01160,Home,1129,199,131,installment,0,,296.02
ord_000004209,u_028271,ss_00093258,clk_0000051430,2026-07-07,p_02662,Pet,663,20,236,ozon_card,0,,126.3
ord_000004210,u_028280,ss_00093281,clk_0000051443,2026-07-13,p_02722,FMCG,251,0,0,ozon_card,0,,18.98
ord_000004211,u_028284,ss_00093298,clk_0000051454,2026-07-18,p_00317,Fashion,1586,84,247,bank_card,0,,433.14
ord_000004212,u_028292,ss_00093322,clk_0000051468,2026-07-17,p_00526,Beauty,1528,80,262,bank_card,0,,413.94
ord_000004213,u_028318,ss_00093406,clk_0000051505,2026-07-28,p_02599,Books,515,0,182,ozon_card,0,,49.29
ord_000004214,u_028322,ss_00093421,clk_0000051510,2026-07-14,p_01273,FMCG,328,36,211,bank_card,0,,60.91
ord_000004215,u_028324,ss_00093430,clk_0000051517,2026-07-12,p_01025,Beauty,707,78,259,installment,0,,227.65
ord_000004216,u_028335,ss_00093465,clk_0000051531,2026-07-19,p_00312,Home,1195,133,232,cash_on_delivery,0,,269.47
ord_000004217,u_028347,ss_00093503,clk_0000051548,2026-07-10,p_03387,Home,2596,0,88,bank_card,0,,548.28
ord_000004218,u_028350,ss_00093508,clk_0000051549,2026-07-14,p_01873,Beauty,599,12,168,bank_card,0,,190.36
ord_000004219,u_028355,ss_00093530,clk_0000051563,2026-07-23,p_03288,Electronics,3822,0,232,cash_on_delivery,0,,736.5
ord_000004220,u_028360,ss_00093542,clk_0000051566,2026-07-05,p_04367,Beauty,770,105,299,ozon_card,0,,242.47
ord_000004221,u_028367,ss_00093558,clk_0000051579,2026-07-26,p_01566,Home,1461,45,92,sberpay,0,,179.41
ord_000004222,u_028369,ss_00093563,clk_0000051581,2026-07-03,p_02000,Fashion,721,98,311,bank_card,0,,128.84
ord_000004223,u_028370,ss_00093568,clk_0000051585,2026-07-20,p_01873,Beauty,611,0,112,bank_card,0,,194.18
ord_000004224,u_028375,ss_00093591,clk_0000051597,2026-07-03,p_03661,Sports,1273,0,169,bank_card,0,,337.09
ord_000004225,u_028404,ss_00093689,clk_0000051667,2026-07-20,p_01964,Fashion,1988,150,150,bank_card,0,,462.21
ord_000004226,u_028405,ss_00093692,clk_0000051668,2026-07-27,p_00013,Home,2367,125,232,installment,0,,391.27
ord_000004227,u_028409,ss_00093703,clk_0000051676,2026-07-18,p_00888,Kids,696,37,133,bank_card,0,,135.09
ord_000004228,u_028409,ss_00093703,clk_0000051677,2026-07-18,p_02815,Fashion,2287,120,51,ozon_card,0,,572.44
ord_000004229,u_028410,ss_00093712,clk_0000051682,2026-07-04,p_00578,Sports,611,0,103,bank_card,0,,186.66
ord_000004230,u_028412,ss_00093717,clk_0000051685,2026-07-03,p_03537,Fashion,2874,0,260,ozon_card,0,,713.61
ord_000004231,u_028415,ss_00093728,clk_0000051692,2026-07-08,p_01721,Home,1324,0,,bank_card,0,,271.16
ord_000004232,u_028432,ss_00093785,clk_0000051721,2026-07-02,p_03729,Home,600,0,0,installment,0,,170.64
ord_000004233,u_028441,ss_00093809,clk_0000051738,2026-07-20,p_03536,Electronics,1587,176,78,ozon_card,0,,167.9
ord_000004234,u_028443,ss_00093815,clk_0000051744,2026-07-06,p_01807,Kids,2093,0,183,bank_card,0,,453.76
ord_000004235,u_028443,ss_00093816,clk_0000051746,2026-07-04,p_01773,Pet,413,0,188,cash_on_delivery,0,,93.87
ord_000004236,u_028445,ss_00093822,clk_0000051752,2026-07-23,p_01817,Books,758,0,363,ozon_card,0,,115.59
ord_000004237,u_028446,ss_00093826,clk_0000051754,2026-07-29,p_04104,Pet,998,0,232,cash_on_delivery,0,,218.36
ord_000004238,u_028446,ss_00093826,clk_0000051755,2026-07-29,p_01792,Electronics,1597,177,146,bank_card,0,,95.5
ord_000004239,u_028455,ss_00093859,clk_0000051776,2026-07-19,p_04303,Auto,3865,120,0,bank_card,0,,280.21
ord_000004240,u_028456,ss_00093860,clk_0000051777,2026-07-19,p_04222,Home,1468,259,0,bank_card,0,,175.87
ord_000004241,u_028457,ss_00093864,clk_0000051780,2026-07-10,p_00021,Sports,1755,92,0,ozon_card,0,,236.22
ord_000004242,u_028457,ss_00093865,clk_0000051781,2026-07-19,p_03331,Fashion,815,17,0,installment,0,,190.38
ord_000004243,u_028459,ss_00093873,clk_0000051788,2026-07-25,p_00182,Auto,5520,291,299,bank_card,0,,1423.61
ord_000004244,u_028464,ss_00093892,clk_0000051798,2026-07-25,p_02921,Fashion,954,106,323,ozon_card,1,2026-08-24,-28.62
ord_000004245,u_028472,ss_00093916,clk_0000051810,2026-07-12,p_03645,FMCG,266,30,186,ozon_card,0,,42.35
ord_000004246,u_028476,ss_00093931,clk_0000051816,2026-07-13,p_00769,Home,2139,0,214,bank_card,0,,437.43
ord_000004247,u_028486,ss_00093966,clk_0000051832,2026-07-19,p_01050,Kids,2392,74,299,bank_card,1,2026-08-23,-71.76
ord_000004248,u_028486,ss_00093967,clk_0000051833,2026-07-10,p_01109,Books,99,0,59,bank_card,0,,18.19
ord_000004249,u_028488,ss_00093972,clk_0000051836,2026-07-26,p_00606,Home,1007,0,224,cash_on_delivery,0,,253.46
ord_000004250,u_028499,ss_00094005,clk_0000051854,2026-07-15,p_04220,Pet,621,19,229,bank_card,0,,134.69
ord_000004251,u_028504,ss_00094019,clk_0000051867,2026-07-27,p_03314,Sports,866,0,170,installment,0,,321.98
ord_000004252,u_028507,ss_00094024,clk_0000051874,2026-07-14,p_00401,Books,365,19,235,cash_on_delivery,0,,61.94
ord_000004253,u_028514,ss_00094044,clk_0000051885,2026-07-23,p_02604,Kids,1566,0,1,installment,0,,296.44
ord_000004254,u_028515,ss_00094048,clk_0000051890,2026-07-02,p_00045,Fashion,896,47,361,ozon_card,0,,141.75
ord_000004255,u_028520,ss_00094066,clk_0000051899,2026-07-30,p_00126,Electronics,4690,0,0,ozon_card,0,,303.44
ord_000004256,u_028533,ss_00094109,clk_0000051921,2026-07-27,p_01419,Fashion,418,22,0,ozon_card,0,,105.88
ord_000004257,u_028541,ss_00094144,clk_0000051944,2026-07-27,p_02376,Auto,2255,398,73,sberpay,0,,389.21
ord_000004258,u_028541,ss_00094146,clk_0000051945,2026-07-20,p_01178,Electronics,6081,0,0,installment,0,,723.64
ord_000004259,u_028546,ss_00094168,clk_0000051957,2026-07-26,p_02212,Beauty,356,73,,sberpay,0,,89.89
ord_000004260,u_028546,ss_00094168,clk_0000051958,2026-07-26,p_03351,Auto,1020,54,0,cash_on_delivery,0,,129.54
ord_000004261,u_028551,ss_00094184,clk_0000051967,2026-07-14,p_01129,FMCG,172,0,,bank_card,0,,35.16
ord_000004262,u_028594,ss_00094307,clk_0000052035,2026-07-08,p_04131,Fashion,977,51,0,ozon_card,0,,206.24
ord_000004263,u_028603,ss_00094336,clk_0000052056,2026-07-16,p_04413,Electronics,4087,454,0,ozon_card,0,,474.91
ord_000004264,u_028607,ss_00094352,clk_0000052061,2026-07-28,p_03289,Electronics,5754,0,0,bank_card,0,,509.8
ord_000004265,u_028614,ss_00094374,clk_0000052074,2026-07-24,p_01533,Electronics,2241,0,120,bank_card,0,,338.62
ord_000004266,u_028621,ss_00094396,clk_0000052085,2026-07-01,p_00910,Home,2446,0,0,ozon_card,0,,290.58
ord_000004267,u_028637,ss_00094451,clk_0000052113,2026-07-13,p_03511,Beauty,469,52,0,ozon_card,0,,120.25
ord_000004268,u_028639,ss_00094454,clk_0000052116,2026-07-01,p_03082,Books,224,0,255,ozon_card,0,,48.07
ord_000004269,u_028648,ss_00094479,clk_0000052137,2026-07-04,p_00943,Electronics,1889,0,0,cash_on_delivery,0,,123.54
ord_000004270,u_028648,ss_00094479,clk_0000052138,2026-07-04,p_03477,Fashion,881,120,212,bank_card,1,2026-07-10,-26.43
ord_000004271,u_028656,ss_00094508,clk_0000052155,2026-07-15,p_01433,Pet,704,0,0,installment,1,2026-08-10,-21.12
ord_000004272,u_028659,ss_00094520,clk_0000052166,2026-07-23,p_03332,Beauty,2126,43,0,ozon_card,0,,532.35
ord_000004273,u_028666,ss_00094544,clk_0000052178,2026-07-05,p_00139,Pet,558,29,0,bank_card,0,,129.9
ord_000004274,u_028666,ss_00094546,clk_0000052181,2026-07-18,p_02215,Sports,705,22,166,bank_card,0,,130.35
ord_000004275,u_028673,ss_00094567,clk_0000052194,2026-07-07,p_01377,Beauty,1472,0,71,sberpay,0,,434.39
ord_000004276,u_028690,ss_00094617,clk_0000052219,2026-07-09,p_03693,Kids,1726,0,151,bank_card,0,,377.65
ord_000004277,u_028696,ss_00094629,clk_0000052222,2026-07-22,p_01353,FMCG,169,0,122,bank_card,0,,32.7
ord_000004278,u_028703,ss_00094650,clk_0000052230,2026-07-22,p_00717,Books,381,42,163,bank_card,0,,52.88
ord_000004279,u_028708,ss_00094663,clk_0000052241,2026-07-10,p_01985,Pet,719,0,208,ozon_card,1,2026-08-09,-21.57
ord_000004280,u_028710,ss_00094668,clk_0000052242,2026-07-04,p_04105,Electronics,2800,147,192,bank_card,0,,217.84
ord_000004281,u_028717,ss_00094698,clk_0000052259,2026-07-10,p_03115,Sports,720,22,261,bank_card,0,,185.11
ord_000004282,u_028731,ss_00094733,clk_0000052280,2026-07-17,p_01861,Books,373,0,322,bank_card,0,,78.37
ord_000004283,u_028737,ss_00094760,clk_0000052294,2026-07-05,p_00753,Electronics,5702,300,103,ozon_card,0,,305.63
ord_000004284,u_028741,ss_00094774,clk_0000052303,2026-07-18,p_01746,Fashion,1218,64,301,installment,0,,242.38
ord_000004285,u_028742,ss_00094779,clk_0000052306,2026-07-30,p_03933,Kids,901,28,242,bank_card,0,,134.88
ord_000004286,u_028760,ss_00094838,clk_0000052336,2026-07-24,p_01157,Pet,459,0,186,ozon_card,0,,109.24
ord_000004287,u_028764,ss_00094853,clk_0000052350,2026-07-19,p_01754,Electronics,2929,0,194,sberpay,0,,488.56
ord_000004288,u_028775,ss_00094900,clk_0000052369,2026-07-14,p_01004,FMCG,511,0,252,ozon_card,0,,80.74
ord_000004289,u_028777,ss_00094904,clk_0000052371,2026-07-20,p_02001,Electronics,5461,0,0,bank_card,0,,1114.04
ord_000004290,u_028782,ss_00094922,clk_0000052380,2026-07-29,p_03190,Kids,607,0,0,bank_card,0,,140.76
ord_000004291,u_028783,ss_00094926,clk_0000052384,2026-07-19,p_01152,Books,304,0,0,bank_card,0,,35.51
ord_000004292,u_028790,ss_00094939,clk_0000052396,2026-07-25,p_04406,Pet,1624,0,199,bank_card,0,,225.41
ord_000004293,u_028800,ss_00094964,clk_0000052406,2026-07-06,p_01551,Books,569,18,52,sberpay,0,,94.97
ord_000004294,u_028801,ss_00094967,clk_0000052409,2026-07-27,p_01891,Home,2388,0,320,sberpay,0,,457.3
ord_000004295,u_028804,ss_00094977,clk_0000052416,2026-07-26,p_03037,Electronics,936,0,188,bank_card,0,,60.65
ord_000004296,u_028805,ss_00094984,clk_0000052420,2026-07-17,p_02703,Home,877,0,299,bank_card,0,,103.57
ord_000004297,u_028807,ss_00094993,clk_0000052425,2026-07-21,p_04061,Fashion,1632,86,0,ozon_card,0,,379.77
ord_000004298,u_028811,ss_00095003,clk_0000052428,2026-07-17,p_02286,Auto,786,24,124,ozon_card,0,,138.1
ord_000004299,u_028825,ss_00095051,clk_0000052461,2026-07-04,p_00517,Auto,1539,0,247,bank_card,0,,269.63
ord_000004300,u_028828,ss_00095068,clk_0000052472,2026-07-01,p_04353,Sports,635,0,226,bank_card,0,,142.43
ord_000004301,u_028831,ss_00095089,clk_0000052483,2026-07-13,p_02296,Home,3714,115,0,cash_on_delivery,0,,691.18
ord_000004302,u_028849,ss_00095144,clk_0000052506,2026-07-22,p_01431,Fashion,1796,56,124,ozon_card,0,,403.92
ord_000004303,u_028860,ss_00095181,clk_0000052531,2026-07-10,p_03450,Kids,1555,0,129,ozon_card,0,,348.79
ord_000004304,u_028864,ss_00095191,clk_0000052536,2026-07-17,p_02976,Home,1193,63,195,bank_card,1,2026-08-19,-35.79
ord_000004305,u_028872,ss_00095216,clk_0000052551,2026-07-01,p_02426,Sports,954,30,153,cash_on_delivery,0,,286.96
ord_000004306,u_028879,ss_00095237,clk_0000052564,2026-07-05,p_02428,Electronics,2283,0,0,sberpay,0,,91.32
ord_000004307,u_028880,ss_00095240,clk_0000052569,2026-07-10,p_02774,Electronics,2201,245,98,ozon_card,0,,224.72
ord_000004308,u_028882,ss_00095247,clk_0000052575,2026-07-14,p_01298,Pet,1255,0,177,bank_card,0,,252.38
ord_000004309,u_028883,ss_00095250,clk_0000052579,2026-07-17,p_03324,Auto,1373,42,298,bank_card,0,,398.03
ord_000004310,u_028889,ss_00095259,clk_0000052585,2026-07-26,p_00452,Home,2059,0,137,bank_card,0,,454.01
ord_000004311,u_028890,ss_00095262,clk_0000052588,2026-07-29,p_03504,Fashion,977,109,184,bank_card,0,,274.54
ord_000004312,u_028891,ss_00095267,clk_0000052590,2026-07-26,p_02811,Beauty,267,14,298,installment,0,,83.25
ord_000004313,u_028909,ss_00095316,clk_0000052619,2026-07-25,p_01863,FMCG,257,8,0,bank_card,0,,33.67
ord_000004314,u_028921,ss_00095363,clk_0000052648,2026-07-28,p_04371,Books,218,0,,cash_on_delivery,0,,38.98
ord_000004315,u_028927,ss_00095372,clk_0000052652,2026-07-23,p_01241,Electronics,8343,0,,sberpay,1,2026-07-31,-250.29
ord_000004316,u_028930,ss_00095379,clk_0000052658,2026-07-14,p_01440,Pet,1134,35,310,ozon_card,0,,154.9
ord_000004317,u_028933,ss_00095390,clk_0000052665,2026-07-09,p_01333,Electronics,4284,0,0,bank_card,0,,272.46
ord_000004318,u_028945,ss_00095423,clk_0000052675,2026-07-29,p_02227,Home,1088,57,204,bank_card,0,,224.89
ord_000004319,u_028960,ss_00095459,clk_0000052694,2026-07-30,p_02060,Sports,1653,51,256,cash_on_delivery,0,,340.02
ord_000004320,u_028967,ss_00095484,clk_0000052708,2026-07-10,p_00553,Fashion,2203,166,280,ozon_card,0,,493.25
ord_000004321,u_028972,ss_00095499,clk_0000052717,2026-07-28,p_00459,Home,3182,167,150,cash_on_delivery,0,,473.16
ord_000004322,u_028976,ss_00095510,clk_0000052725,2026-07-11,p_02225,Electronics,1739,54,120,cash_on_delivery,0,,155.29
ord_000004323,u_028981,ss_00095520,clk_0000052732,2026-07-03,p_01829,Books,268,30,140,ozon_card,0,,46.98
ord_000004324,u_029008,ss_00095610,clk_0000052769,2026-07-20,p_02573,Beauty,413,8,276,ozon_card,0,,111.14
ord_000004325,u_029018,ss_00095637,clk_0000052780,2026-07-09,p_00803,Beauty,427,22,263,ozon_card,0,,101.24
ord_000004326,u_029018,ss_00095640,clk_0000052782,2026-07-26,p_02599,Books,515,0,159,bank_card,0,,49.29
ord_000004327,u_029018,ss_00095640,clk_0000052783,2026-07-26,p_00876,Beauty,527,58,229,bank_card,0,,133.75
ord_000004328,u_029020,ss_00095645,clk_0000052788,2026-07-21,p_03530,Auto,2688,0,86,bank_card,0,,374.17
ord_000004329,u_029020,ss_00095646,clk_0000052789,2026-07-28,p_03920,Beauty,419,57,228,bank_card,0,,120.04
ord_000004330,u_029028,ss_00095664,clk_0000052797,2026-07-30,p_01877,Beauty,534,40,0,ozon_card,0,,143.65
ord_000004331,u_029028,ss_00095668,clk_0000052799,2026-07-26,p_04164,Auto,1189,37,191,ozon_card,0,,68.72
ord_000004332,u_029028,ss_00095670,clk_0000052800,2026-07-27,p_01861,Books,362,11,0,bank_card,0,,76.06
ord_000004333,u_029041,ss_00095720,clk_0000052836,2026-07-22,p_00578,Sports,611,0,0,cash_on_delivery,0,,186.66
ord_000004334,u_029043,ss_00095728,clk_0000052838,2026-07-01,p_00662,Fashion,1554,32,217,cash_on_delivery,1,2026-07-07,-46.62
ord_000004335,u_029055,ss_00095761,clk_0000052857,2026-07-04,p_00066,Sports,2030,0,0,bank_card,0,,519.07
ord_000004336,u_029056,ss_00095763,clk_0000052858,2026-07-10,p_00706,Fashion,1346,27,22,ozon_card,0,,235.15
ord_000004337,u_029058,ss_00095778,clk_0000052870,2026-07-03,p_01565,Fashion,986,110,0,ozon_card,0,,207.45
ord_000004338,u_029077,ss_00095837,clk_0000052898,2026-07-21,p_00558,Pet,584,18,0,installment,0,,135.37
ord_000004339,u_029080,ss_00095848,clk_0000052905,2026-07-26,p_00127,Beauty,555,11,0,cash_on_delivery,0,,124.43
ord_000004340,u_029087,ss_00095867,clk_0000052912,2026-07-27,p_01838,Auto,3601,400,0,ozon_card,0,,846.96
ord_000004341,u_029087,ss_00095868,clk_0000052913,2026-07-06,p_03654,Fashion,2178,115,132,ozon_card,0,,448.01
ord_000004342,u_029093,ss_00095886,clk_0000052921,2026-07-20,p_02761,Electronics,5513,0,0,ozon_card,0,,739.84
ord_000004343,u_029108,ss_00095938,clk_0000052942,2026-07-07,p_02473,Books,105,6,0,ozon_card,0,,14.63
ord_000004344,u_029118,ss_00095970,clk_0000052962,2026-07-28,p_02094,Fashion,3636,274,334,ozon_card,0,,1086.44
ord_000004345,u_029118,ss_00095976,clk_0000052965,2026-07-07,p_01099,Auto,1785,315,0,bank_card,0,,333.08
ord_000004346,u_029119,ss_00095980,clk_0000052968,2026-07-22,p_00731,Books,268,0,170,ozon_card,0,,57.83
ord_000004347,u_029122,ss_00095987,clk_0000052973,2026-07-14,p_00369,Fashion,1172,160,217,installment,0,,286.44
ord_000004348,u_029123,ss_00095995,clk_0000052980,2026-07-04,p_00960,Books,417,0,191,ozon_card,0,,69.93
ord_000004349,u_029124,ss_00095998,clk_0000052982,2026-07-11,p_03254,Fashion,1490,305,,ozon_card,0,,316.77
ord_000004350,u_029143,ss_00096063,clk_0000053011,2026-07-19,p_04318,Auto,3048,339,0,bank_card,0,,687.63
ord_000004351,u_029145,ss_00096074,clk_0000053019,2026-07-04,p_01067,Electronics,10707,564,0,bank_card,0,,2063.24
ord_000004352,u_029156,ss_00096108,clk_0000053038,2026-07-26,p_03630,Kids,736,23,247,bank_card,1,2026-08-21,-22.08
ord_000004353,u_029156,ss_00096110,clk_0000053039,2026-07-15,p_02999,Electronics,4853,539,0,ozon_card,0,,480.45
ord_000004354,u_029157,ss_00096113,clk_0000053043,2026-07-21,p_03182,Auto,1043,0,294,bank_card,0,,209.12
ord_000004355,u_029164,ss_00096144,clk_0000053067,2026-07-16,p_01544,Sports,968,51,130,bank_card,0,,156.53
ord_000004356,u_029164,ss_00096145,clk_0000053068,2026-07-15,p_00734,Fashion,504,27,114,bank_card,0,,128.97
ord_000004357,u_029169,ss_00096163,clk_0000053075,2026-07-24,p_04373,Fashion,1002,53,236,bank_card,0,,245.09
ord_000004358,u_029180,ss_00096200,clk_0000053089,2026-07-10,p_02679,Fashion,526,72,0,bank_card,0,,122.56
ord_000004359,u_029188,ss_00096226,clk_0000053105,2026-07-19,p_00483,Beauty,1025,32,122,ozon_card,0,,314.16
ord_000004360,u_029188,ss_00096226,clk_0000053106,2026-07-19,p_02522,Beauty,452,50,203,bank_card,0,,136.96
ord_000004361,u_029190,ss_00096239,clk_0000053113,2026-07-11,p_02233,Beauty,1776,93,0,sberpay,0,,478.81
ord_000004362,u_029195,ss_00096250,clk_0000053118,2026-07-25,p_02967,FMCG,294,15,0,ozon_card,0,,39.78
ord_000004363,u_029202,ss_00096285,clk_0000053140,2026-07-01,p_00288,Fashion,1250,66,0,installment,0,,343.12
ord_000004364,u_029203,ss_00096286,clk_0000053141,2026-07-01,p_02658,Auto,1197,37,407,ozon_card,0,,179.79
ord_000004365,u_029204,ss_00096287,clk_0000053143,2026-07-30,p_04302,FMCG,354,0,104,sberpay,0,,47.86
ord_000004366,u_029207,ss_00096299,clk_0000053149,2026-07-15,p_01302,FMCG,253,8,0,bank_card,0,,41.39
ord_000004367,u_029211,ss_00096313,clk_0000053159,2026-07-09,p_02175,Fashion,1737,91,205,bank_card,0,,293.21
ord_000004368,u_029214,ss_00096319,clk_0000053167,2026-07-07,p_03011,Fashion,1299,26,350,sberpay,1,2026-07-15,-38.97
ord_000004369,u_029214,ss_00096322,clk_0000053171,2026-07-16,p_02046,FMCG,504,0,,bank_card,0,,30.04
ord_000004370,u_029215,ss_00096325,clk_0000053173,2026-07-22,p_03283,Auto,2957,329,0,ozon_card,0,,593.47
ord_000004371,u_029222,ss_00096353,clk_0000053189,2026-07-08,p_03062,Sports,723,38,250,cash_on_delivery,0,,183.71
ord_000004372,u_029225,ss_00096362,clk_0000053193,2026-07-04,p_03232,Electronics,1728,91,26,bank_card,0,,340.59
ord_000004373,u_029229,ss_00096376,clk_0000053199,2026-07-25,p_04451,Auto,3681,650,0,ozon_card,0,,653.75
ord_000004374,u_029235,ss_00096396,clk_0000053214,2026-07-20,p_03053,Electronics,4808,534,0,installment,0,,371.18
ord_000004375,u_029265,ss_00096507,clk_0000053268,2026-07-30,p_02580,Fashion,1101,22,,bank_card,0,,322.59
ord_000004376,u_029267,ss_00096514,clk_0000053273,2026-07-10,p_04329,Beauty,2163,44,184,bank_card,0,,632.89
ord_000004377,u_029270,ss_00096522,clk_0000053277,2026-07-06,p_01280,Pet,612,32,0,ozon_card,0,,122.34
ord_000004378,u_029274,ss_00096533,clk_0000053284,2026-07-09,p_00743,Kids,2081,110,329,installment,0,,253.47
ord_000004379,u_029285,ss_00096564,clk_0000053301,2026-07-29,p_02498,Pet,908,48,248,ozon_card,0,,137.29
ord_000004380,u_029288,ss_00096577,clk_0000053304,2026-07-06,p_00920,Electronics,1552,172,235,ozon_card,0,,217.59
ord_000004381,u_029289,ss_00096580,clk_0000053307,2026-07-19,p_03484,FMCG,201,6,224,bank_card,0,,28.18
ord_000004382,u_029289,ss_00096580,clk_0000053308,2026-07-19,p_01940,Fashion,4560,240,0,bank_card,0,,779.76
ord_000004383,u_029289,ss_00096581,clk_0000053309,2026-07-03,p_02559,Books,512,27,313,ozon_card,0,,83.0
ord_000004384,u_029296,ss_00096609,clk_0000053326,2026-07-01,p_02996,FMCG,203,0,236,ozon_card,0,,35.93
ord_000004385,u_029300,ss_00096622,clk_0000053334,2026-07-22,p_01148,Fashion,684,52,190,bank_card,0,,145.97
ord_000004386,u_029301,ss_00096627,clk_0000053337,2026-07-23,p_00496,FMCG,1476,0,210,cash_on_delivery,0,,182.58
ord_000004387,u_029317,ss_00096676,clk_0000053366,2026-07-28,p_02313,Beauty,547,11,233,cash_on_delivery,0,,196.65
ord_000004388,u_029320,ss_00096688,clk_0000053373,2026-07-13,p_03986,Electronics,2502,132,141,bank_card,1,2026-07-28,-75.06
ord_000004389,u_029320,ss_00096689,clk_0000053375,2026-07-05,p_03061,Fashion,1929,60,101,sberpay,0,,541.28
ord_000004390,u_029331,ss_00096719,clk_0000053381,2026-07-21,p_00859,Electronics,4656,245,,ozon_card,0,,514.02
ord_000004391,u_029339,ss_00096750,clk_0000053397,2026-07-07,p_03665,FMCG,301,0,128,bank_card,0,,61.55
ord_000004392,u_029339,ss_00096753,clk_0000053399,2026-07-25,p_01928,Home,4076,0,300,sberpay,0,,591.43
ord_000004393,u_029342,ss_00096762,clk_0000053404,2026-07-07,p_04279,Home,1236,0,,sberpay,1,2026-07-29,-37.08
ord_000004394,u_029349,ss_00096785,clk_0000053420,2026-07-14,p_03869,Sports,897,0,182,bank_card,0,,191.51
ord_000004395,u_029350,ss_00096786,clk_0000053422,2026-07-28,p_02705,Kids,734,0,317,bank_card,0,,170.14
ord_000004396,u_029353,ss_00096796,clk_0000053426,2026-07-27,p_04316,Electronics,1639,0,183,sberpay,0,,241.42
ord_000004397,u_029354,ss_00096800,clk_0000053429,2026-07-26,p_03782,Electronics,4770,251,161,cash_on_delivery,0,,536.62
ord_000004398,u_029361,ss_00096852,clk_0000053481,2026-07-26,p_04272,Books,662,0,336,bank_card,0,,104.66
ord_000004399,u_029364,ss_00096865,clk_0000053489,2026-07-19,p_00906,Electronics,1506,0,71,ozon_card,0,,217.47
ord_000004400,u_029374,ss_00096888,clk_0000053505,2026-07-28,p_03489,Beauty,472,25,234,sberpay,0,,148.21
ord_000004401,u_029381,ss_00096936,clk_0000053525,2026-07-10,p_01759,Sports,1262,140,130,bank_card,0,,281.43
ord_000004402,u_029394,ss_00096976,clk_0000053547,2026-07-17,p_04407,Auto,1190,0,112,cash_on_delivery,0,,179.21
ord_000004403,u_029404,ss_00097010,clk_0000053566,2026-07-12,p_00914,Kids,625,70,133,cash_on_delivery,0,,142.19
ord_000004404,u_029417,ss_00097059,clk_0000053608,2026-07-10,p_00937,Fashion,2403,126,351,cash_on_delivery,0,,414.04
ord_000004405,u_029420,ss_00097066,clk_0000053610,2026-07-02,p_01144,FMCG,1741,92,267,installment,0,,103.59
ord_000004406,u_029422,ss_00097073,clk_0000053617,2026-07-05,p_02827,Fashion,840,17,245,bank_card,0,,160.19
ord_000004407,u_029427,ss_00097090,clk_0000053622,2026-07-14,p_04464,Electronics,3873,120,160,ozon_card,0,,541.06
ord_000004408,u_029432,ss_00097109,clk_0000053635,2026-07-30,p_04320,Pet,759,23,0,bank_card,0,,95.18
ord_000004409,u_029441,ss_00097139,clk_0000053652,2026-07-20,p_01127,Auto,2049,0,150,bank_card,0,,404.06
ord_000004410,u_029459,ss_00097180,clk_0000053678,2026-07-09,p_02954,Fashion,3652,75,0,ozon_card,0,,536.48
ord_000004411,u_029461,ss_00097185,clk_0000053680,2026-07-26,p_01913,Fashion,2031,63,376,cash_on_delivery,0,,614.99
ord_000004412,u_029464,ss_00097195,clk_0000053686,2026-07-19,p_01294,Kids,1100,34,186,bank_card,0,,243.21
ord_000004413,u_029464,ss_00097201,clk_0000053690,2026-07-11,p_02065,Sports,2854,88,278,sberpay,0,,318.51
ord_000004414,u_029464,ss_00097201,clk_0000053691,2026-07-11,p_01885,Pet,1907,0,164,bank_card,0,,321.9
ord_000004415,u_029466,ss_00097212,clk_0000053698,2026-07-09,p_03082,Books,224,0,0,bank_card,0,,48.07
ord_000004416,u_029476,ss_00097250,clk_0000053715,2026-07-27,p_04181,Electronics,4464,235,0,cash_on_delivery,0,,773.61
ord_000004417,u_029479,ss_00097259,clk_0000053720,2026-07-26,p_00614,Home,1549,273,219,ozon_card,0,,258.53
ord_000004418,u_029491,ss_00097294,clk_0000053736,2026-07-03,p_03816,Electronics,3600,189,0,bank_card,0,,638.64
ord_000004419,u_029506,ss_00097352,clk_0000053763,2026-07-01,p_01622,Pet,454,14,226,ozon_card,0,,109.1
ord_000004420,u_029520,ss_00097390,clk_0000053781,2026-07-11,p_00026,Beauty,2038,153,183,bank_card,0,,705.35
ord_000004421,u_029520,ss_00097391,clk_0000053784,2026-07-29,p_03707,Home,581,0,133,sberpay,0,,128.58
ord_000004422,u_029521,ss_00097396,clk_0000053788,2026-07-18,p_03938,Home,1096,34,129,ozon_card,0,,213.39
ord_000004423,u_029535,ss_00097434,clk_0000053803,2026-07-01,p_03612,Sports,913,0,61,bank_card,0,,199.67
ord_000004424,u_029535,ss_00097434,clk_0000053804,2026-07-01,p_03144,Electronics,1339,0,135,sberpay,0,,156.53
ord_000004425,u_029536,ss_00097438,clk_0000053809,2026-07-09,p_03206,Auto,3229,100,282,bank_card,0,,565.07
ord_000004426,u_029542,ss_00097466,clk_0000053829,2026-07-12,p_01461,Books,94,10,0,bank_card,0,,13.48
ord_000004427,u_029545,ss_00097475,clk_0000053835,2026-07-09,p_03480,Beauty,714,15,106,sberpay,0,,184.28
ord_000004428,u_029555,ss_00097511,clk_0000053851,2026-07-13,p_04264,Sports,1938,0,0,bank_card,0,,446.71
ord_000004429,u_029559,ss_00097527,clk_0000053861,2026-07-04,p_01382,FMCG,347,38,309,bank_card,0,,40.81
ord_000004430,u_029562,ss_00097536,clk_0000053864,2026-07-26,p_03958,Fashion,1393,0,78,sberpay,1,2026-08-18,-41.79
ord_000004431,u_029577,ss_00097582,clk_0000053886,2026-07-30,p_04295,FMCG,276,0,239,bank_card,0,,15.07
ord_000004432,u_029602,ss_00097664,clk_0000053929,2026-07-22,p_04188,Electronics,2318,0,290,bank_card,0,,378.07
ord_000004433,u_029619,ss_00097746,clk_0000053979,2026-07-06,p_01547,Electronics,6115,322,0,bank_card,0,,1208.32
ord_000004434,u_029655,ss_00097848,clk_0000054022,2026-07-02,p_02164,FMCG,1385,43,135,installment,0,,197.5
ord_000004435,u_029669,ss_00097904,clk_0000054055,2026-07-06,p_00470,Books,213,0,347,bank_card,0,,47.22
ord_000004436,u_029679,ss_00097936,clk_0000054070,2026-07-05,p_04315,FMCG,501,15,245,ozon_card,0,,54.11
ord_000004437,u_029686,ss_00097952,clk_0000054080,2026-07-17,p_03036,Kids,1515,168,241,sberpay,0,,349.66
ord_000004438,u_029694,ss_00097972,clk_0000054087,2026-07-13,p_00233,Fashion,1605,84,306,installment,0,,318.59
ord_000004439,u_029700,ss_00098007,clk_0000054125,2026-07-30,p_04381,Beauty,1146,23,239,sberpay,0,,418.86
ord_000004440,u_029704,ss_00098020,clk_0000054135,2026-07-02,p_01395,Electronics,4772,251,137,bank_card,0,,711.03
ord_000004441,u_029710,ss_00098051,clk_0000054156,2026-07-05,p_01560,Beauty,790,140,412,ozon_card,0,,179.49
ord_000004442,u_029713,ss_00098059,clk_0000054159,2026-07-24,p_01326,Home,1645,0,204,bank_card,0,,388.22
ord_000004443,u_029732,ss_00098131,clk_0000054201,2026-07-23,p_03449,Electronics,5822,647,0,bank_card,0,,797.03
ord_000004444,u_029750,ss_00098191,clk_0000054234,2026-07-13,p_02057,FMCG,193,6,172,cash_on_delivery,0,,31.79
ord_000004445,u_029754,ss_00098207,clk_0000054239,2026-07-17,p_03399,Beauty,517,106,233,ozon_card,0,,147.81
ord_000004446,u_029760,ss_00098218,clk_0000054243,2026-07-10,p_01313,Fashion,2494,131,129,ozon_card,0,,257.88
ord_000004447,u_029761,ss_00098222,clk_0000054245,2026-07-27,p_03529,Books,156,0,227,bank_card,0,,26.69
ord_000004448,u_029766,ss_00098236,clk_0000054251,2026-07-25,p_00225,Home,643,71,0,ozon_card,0,,85.52
ord_000004449,u_029771,ss_00098256,clk_0000054260,2026-07-26,p_02304,Sports,1651,87,159,ozon_card,0,,426.12
ord_000004450,u_029797,ss_00098349,clk_0000054308,2026-07-15,p_02448,Fashion,2982,61,257,bank_card,0,,706.73
ord_000004451,u_029801,ss_00098363,clk_0000054318,2026-07-21,p_02602,Fashion,3750,77,,ozon_card,0,,1039.5
ord_000004452,u_029802,ss_00098367,clk_0000054322,2026-07-11,p_04138,FMCG,434,48,241,bank_card,0,,54.16
ord_000004453,u_029825,ss_00098460,clk_0000054368,2026-07-24,p_03466,FMCG,398,44,143,ozon_card,0,,75.38
ord_000004454,u_029825,ss_00098461,clk_0000054370,2026-07-02,p_00587,Electronics,5726,177,0,bank_card,0,,711.74
ord_000004455,u_029829,ss_00098475,clk_0000054378,2026-07-21,p_01660,Electronics,5380,0,0,bank_card,0,,799.47
ord_000004456,u_029835,ss_00098499,clk_0000054391,2026-07-06,p_04266,Sports,1049,0,141,cash_on_delivery,0,,162.91
ord_000004457,u_029839,ss_00098513,clk_0000054403,2026-07-15,p_01806,Fashion,2131,43,211,bank_card,1,2026-08-01,-63.93
ord_000004458,u_029855,ss_00098580,clk_0000054457,2026-07-19,p_04464,Electronics,3993,0,249,sberpay,0,,557.82
ord_000004459,u_029856,ss_00098586,clk_0000054460,2026-07-09,p_03888,Fashion,1680,126,0,bank_card,0,,430.58
ord_000004460,u_029868,ss_00098616,clk_0000054474,2026-07-09,p_02050,FMCG,306,34,286,bank_card,0,,47.86
ord_000004461,u_029871,ss_00098623,clk_0000054481,2026-07-29,p_00863,Fashion,1337,182,215,bank_card,0,,341.07
ord_000004462,u_029876,ss_00098637,clk_0000054485,2026-07-04,p_01496,Beauty,132,27,212,ozon_card,0,,35.06
ord_000004463,u_029881,ss_00098655,clk_0000054496,2026-07-14,p_00231,Electronics,3242,100,0,bank_card,0,,345.27
ord_000004464,u_029882,ss_00098660,clk_0000054499,2026-07-05,p_01337,Home,1430,0,355,bank_card,0,,375.95
ord_000004465,u_029886,ss_00098670,clk_0000054506,2026-07-24,p_02179,Pet,1422,0,166,sberpay,0,,262.22
ord_000004466,u_029887,ss_00098672,clk_0000054508,2026-07-20,p_01223,Beauty,284,0,279,ozon_card,0,,85.43
ord_000004467,u_029899,ss_00098703,clk_0000054525,2026-07-28,p_03420,Kids,1040,55,0,bank_card,0,,177.74
ord_000004468,u_029903,ss_00098711,clk_0000054528,2026-07-13,p_00956,Home,2503,0,214,bank_card,0,,344.91
ord_000004469,u_029907,ss_00098723,clk_0000054535,2026-07-05,p_02487,Pet,1451,0,0,ozon_card,0,,203.72
ord_000004470,u_029913,ss_00098739,clk_0000054547,2026-07-19,p_04266,Sports,892,157,0,sberpay,1,2026-08-17,-26.76
ord_000004471,u_029924,ss_00098769,clk_0000054558,2026-07-30,p_01690,Kids,1663,51,197,ozon_card,0,,223.01
ord_000004472,u_029924,ss_00098769,clk_0000054559,2026-07-30,p_03068,Beauty,887,47,377,installment,0,,259.18
ord_000004473,u_029928,ss_00098783,clk_0000054567,2026-07-22,p_02810,Electronics,4685,0,0,sberpay,0,,672.77
ord_000004474,u_029932,ss_00098799,clk_0000054576,2026-07-09,p_03752,Electronics,2653,0,140,installment,0,,449.15
ord_000004475,u_029940,ss_00098827,clk_0000054591,2026-07-08,p_03096,Beauty,1140,23,0,ozon_card,0,,320.11
ord_000004476,u_029945,ss_00098841,clk_0000054599,2026-07-08,p_00848,Auto,402,21,156,installment,0,,71.84
ord_000004477,u_029969,ss_00098931,clk_0000054646,2026-07-29,p_00144,Pet,378,0,137,bank_card,0,,58.33
ord_000004478,u_029972,ss_00098939,clk_0000054650,2026-07-22,p_04202,FMCG,179,20,242,bank_card,0,,35.87
ord_000004479,u_029974,ss_00098944,clk_0000054652,2026-07-12,p_04053,Kids,3040,0,0,ozon_card,0,,673.06
ord_000004480,u_029988,ss_00098992,clk_0000054684,2026-07-18,p_03152,Home,2962,329,270,cash_on_delivery,0,,591.51
ord_000004481,u_029989,ss_00098994,clk_0000054686,2026-07-15,p_00844,Kids,128,0,219,ozon_card,0,,33.66
ord_000004482,u_029991,ss_00099006,clk_0000054692,2026-07-08,p_00947,Home,1527,80,103,sberpay,0,,284.63
ord_000004483,u_029997,ss_00099037,clk_0000054709,2026-07-24,p_01804,Beauty,688,0,143,bank_card,0,,266.19
ord_000004484,u_029999,ss_00099041,clk_0000054711,2026-07-19,p_04331,Auto,3126,165,0,sberpay,0,,552.99
ord_000004485,u_030006,ss_00099059,clk_0000054717,2026-07-07,p_00822,Kids,1082,57,11,ozon_card,1,2026-08-08,-32.46
ord_000004486,u_030015,ss_00099096,clk_0000054745,2026-07-04,p_01869,Sports,3383,105,332,bank_card,0,,855.22
ord_000004487,u_030021,ss_00099117,clk_0000054757,2026-07-16,p_03906,Sports,2077,0,0,sberpay,0,,559.13
ord_000004488,u_030026,ss_00099137,clk_0000054773,2026-07-01,p_03163,Auto,5382,0,0,sberpay,0,,1060.79
ord_000004489,u_030033,ss_00099162,clk_0000054787,2026-07-12,p_02851,FMCG,483,25,0,sberpay,0,,59.02
ord_000004490,u_030039,ss_00099178,clk_0000054796,2026-07-12,p_03403,Electronics,1939,215,,sberpay,0,,274.76
ord_000004491,u_030042,ss_00099188,clk_0000054807,2026-07-17,p_00725,Fashion,1248,25,272,bank_card,0,,287.91
ord_000004492,u_030052,ss_00099216,clk_0000054828,2026-07-03,p_01710,Beauty,1664,0,89,bank_card,0,,556.44
ord_000004493,u_030055,ss_00099227,clk_0000054836,2026-07-09,p_00115,Beauty,502,103,248,cash_on_delivery,0,,117.52
ord_000004494,u_030059,ss_00099237,clk_0000054842,2026-07-03,p_01172,Electronics,4472,138,0,sberpay,0,,622.06
ord_000004495,u_030061,ss_00099245,clk_0000054847,2026-07-29,p_02582,Auto,2759,145,154,bank_card,0,,582.42
ord_000004496,u_030064,ss_00099259,clk_0000054855,2026-07-20,p_02717,Fashion,1234,253,196,bank_card,0,,247.79
ord_000004497,u_030070,ss_00099290,clk_0000054880,2026-07-29,p_02362,Pet,1240,138,53,bank_card,0,,200.14
ord_000004498,u_030085,ss_00099335,clk_0000054896,2026-07-29,p_03582,Electronics,1557,48,260,bank_card,1,2026-09-03,-46.71
ord_000004499,u_030100,ss_00099384,clk_0000054932,2026-07-28,p_03052,Home,3384,178,0,ozon_card,0,,587.12
ord_000004500,u_030109,ss_00099411,clk_0000054947,2026-07-14,p_00740,Fashion,1005,20,0,sberpay,0,,303.91
ord_000004501,u_030113,ss_00099427,clk_0000054953,2026-07-16,p_01432,Electronics,2479,437,127,ozon_card,0,,309.63
ord_000004502,u_030116,ss_00099444,clk_0000054964,2026-07-07,p_03794,Beauty,642,34,239,ozon_card,0,,185.92
ord_000004503,u_030121,ss_00099454,clk_0000054967,2026-07-14,p_03959,Fashion,1288,26,250,bank_card,0,,291.86
ord_000004504,u_030124,ss_00099464,clk_0000054969,2026-07-08,p_01343,Fashion,865,0,216,bank_card,0,,270.75
ord_000004505,u_030130,ss_00099487,clk_0000054983,2026-07-21,p_01933,Kids,624,33,0,ozon_card,0,,164.11
ord_000004506,u_030130,ss_00099491,clk_0000054986,2026-07-11,p_00442,Home,719,0,0,bank_card,0,,140.49
ord_000004507,u_030133,ss_00099495,clk_0000054989,2026-07-01,p_02649,Sports,1808,56,66,ozon_card,0,,365.58
ord_000004508,u_030133,ss_00099496,clk_0000054990,2026-07-20,p_02409,Beauty,596,31,207,bank_card,0,,152.46
ord_000004509,u_030133,ss_00099497,clk_0000054991,2026-07-30,p_03706,Home,1340,0,132,bank_card,0,,210.25
ord_000004510,u_030144,ss_00099528,clk_0000055001,2026-07-13,p_01347,FMCG,711,0,168,ozon_card,0,,100.39
ord_000004511,u_030149,ss_00099544,clk_0000055007,2026-07-17,p_01623,Kids,1106,0,223,sberpay,0,,191.45
ord_000004512,u_030153,ss_00099557,clk_0000055014,2026-07-02,p_03281,Beauty,815,0,259,bank_card,0,,264.39
ord_000004513,u_030154,ss_00099560,clk_0000055017,2026-07-15,p_03993,Electronics,1944,0,344,bank_card,1,2026-08-10,-58.32
ord_000004514,u_030160,ss_00099584,clk_0000055024,2026-07-01,p_03462,Electronics,1544,0,156,sberpay,0,,61.76
ord_000004515,u_030162,ss_00099589,clk_0000055027,2026-07-14,p_00698,Electronics,2593,80,75,ozon_card,0,,189.81
ord_000004516,u_030181,ss_00099644,clk_0000055054,2026-07-26,p_01702,Kids,1166,0,163,bank_card,0,,255.0
ord_000004517,u_030183,ss_00099659,clk_0000055060,2026-07-02,p_04297,Beauty,1174,24,0,ozon_card,0,,294.56
ord_000004518,u_030214,ss_00099773,clk_0000055128,2026-07-24,p_01869,Sports,3314,174,0,installment,0,,837.78
ord_000004519,u_030223,ss_00099805,clk_0000055147,2026-07-13,p_02232,Beauty,459,24,246,sberpay,0,,118.42
ord_000004520,u_030233,ss_00099839,clk_0000055163,2026-07-26,p_03068,Beauty,869,65,342,ozon_card,0,,253.92
ord_000004521,u_030247,ss_00099876,clk_0000055174,2026-07-12,p_03671,Fashion,1925,0,278,sberpay,0,,494.53
ord_000004522,u_030248,ss_00099878,clk_0000055175,2026-07-20,p_01938,Fashion,1819,37,155,bank_card,0,,524.05
ord_000004523,u_030260,ss_00099920,clk_0000055198,2026-07-21,p_01987,Kids,1305,0,,bank_card,0,,238.95
ord_000004524,u_030260,ss_00099921,clk_0000055199,2026-07-05,p_02731,Pet,635,0,,installment,0,,99.19
ord_000004525,u_030266,ss_00099943,clk_0000055214,2026-07-01,p_01862,Home,876,46,146,ozon_card,1,2026-07-06,-26.28
ord_000004526,u_030269,ss_00099956,clk_0000055223,2026-07-15,p_00548,Auto,2988,92,258,bank_card,0,,178.68
ord_000004527,u_030274,ss_00099980,clk_0000055240,2026-07-10,p_04466,Fashion,1277,26,115,ozon_card,0,,333.94
ord_000004528,u_030280,ss_00099994,clk_0000055247,2026-07-04,p_02827,Fashion,771,86,250,bank_card,0,,147.03
ord_000004529,u_030298,ss_00100062,clk_0000055287,2026-07-17,p_01098,Books,526,0,261,sberpay,0,,72.01
ord_000004530,u_030301,ss_00100071,clk_0000055292,2026-07-08,p_00287,Sports,848,94,83,installment,0,,172.23
ord_000004531,u_030311,ss_00100104,clk_0000055307,2026-07-23,p_02590,Fashion,1861,0,247,bank_card,0,,447.2
ord_000004532,u_030311,ss_00100107,clk_0000055311,2026-07-11,p_03430,Home,2464,130,229,bank_card,0,,596.29
ord_000004533,u_030318,ss_00100131,clk_0000055320,2026-07-25,p_00177,Books,107,0,278,bank_card,0,,10.0
ord_000004534,u_030326,ss_00100162,clk_0000055338,2026-07-29,p_01782,Fashion,1218,0,221,ozon_card,0,,257.36
ord_000004535,u_030355,ss_00100243,clk_0000055378,2026-07-21,p_00124,Electronics,3419,106,0,installment,0,,545.33
ord_000004536,u_030371,ss_00100298,clk_0000055414,2026-07-23,p_02228,Books,475,0,188,ozon_card,0,,51.68
ord_000004537,u_030372,ss_00100305,clk_0000055418,2026-07-29,p_02682,Fashion,2707,55,170,bank_card,0,,765.0
ord_000004538,u_030373,ss_00100309,clk_0000055423,2026-07-24,p_04092,Books,533,0,275,bank_card,0,,48.66
ord_000004539,u_030380,ss_00100320,clk_0000055428,2026-07-28,p_00251,Fashion,354,39,179,bank_card,1,2026-07-31,-10.62
ord_000004540,u_030380,ss_00100320,clk_0000055430,2026-07-28,p_01058,Fashion,1275,225,251,sberpay,0,,365.54
ord_000004541,u_030384,ss_00100333,clk_0000055435,2026-07-07,p_04166,Fashion,1442,0,79,sberpay,0,,372.61
ord_000004542,u_030390,ss_00100352,clk_0000055441,2026-07-08,p_00732,FMCG,470,0,239,ozon_card,0,,58.75
ord_000004543,u_030393,ss_00100360,clk_0000055443,2026-07-29,p_02114,Fashion,1055,0,180,sberpay,0,,313.33
ord_000004544,u_030394,ss_00100361,clk_0000055445,2026-07-30,p_02147,Electronics,8014,422,0,ozon_card,0,,1211.72
ord_000004545,u_030419,ss_00100429,clk_0000055478,2026-07-13,p_04291,Sports,1590,281,175,bank_card,0,,316.73
ord_000004546,u_030432,ss_00100467,clk_0000055504,2026-07-17,p_00945,Beauty,465,0,0,bank_card,0,,121.13
ord_000004547,u_030433,ss_00100470,clk_0000055508,2026-07-20,p_02465,Auto,1277,0,117,bank_card,1,2026-07-31,-38.31
ord_000004548,u_030458,ss_00100547,clk_0000055546,2026-07-16,p_00565,Home,1234,0,232,bank_card,0,,239.52
ord_000004549,u_030460,ss_00100559,clk_0000055551,2026-07-17,p_02071,Books,140,7,299,bank_card,0,,35.92
ord_000004550,u_030466,ss_00100579,clk_0000055560,2026-07-17,p_00440,Fashion,2105,234,267,installment,0,,477.2
ord_000004551,u_030491,ss_00100687,clk_0000055632,2026-07-20,p_02659,Electronics,2838,88,138,bank_card,0,,113.52
ord_000004552,u_030493,ss_00100701,clk_0000055641,2026-07-27,p_00442,Home,697,22,0,bank_card,0,,136.19
ord_000004553,u_030502,ss_00100738,clk_0000055658,2026-07-13,p_04113,Fashion,2363,124,212,bank_card,0,,557.43
ord_000004554,u_030507,ss_00100759,clk_0000055665,2026-07-25,p_03133,Home,1266,0,72,bank_card,0,,187.62
ord_000004555,u_030518,ss_00100788,clk_0000055681,2026-07-01,p_00285,Sports,1252,0,0,bank_card,0,,296.72
ord_000004556,u_030520,ss_00100791,clk_0000055684,2026-07-24,p_00893,Home,2777,86,,bank_card,0,,560.95
ord_000004557,u_030533,ss_00100856,clk_0000055742,2026-07-19,p_02858,Auto,2893,0,310,bank_card,0,,603.48
ord_000004558,u_030560,ss_00100934,clk_0000055791,2026-07-12,p_02443,Fashion,1369,0,0,ozon_card,0,,357.58
ord_000004559,u_030560,ss_00100936,clk_0000055793,2026-07-03,p_00648,Auto,2296,0,189,bank_card,0,,527.85
ord_000004560,u_030560,ss_00100937,clk_0000055795,2026-07-21,p_02115,Pet,544,60,335,cash_on_delivery,0,,102.54
ord_000004561,u_030561,ss_00100945,clk_0000055798,2026-07-16,p_02067,Pet,1004,31,206,ozon_card,0,,215.76
ord_000004562,u_030565,ss_00100957,clk_0000055804,2026-07-04,p_04379,Auto,3071,0,0,bank_card,0,,702.64
ord_000004563,u_030578,ss_00101008,clk_0000055825,2026-07-13,p_04438,Home,1508,0,137,sberpay,0,,258.32
ord_000004564,u_030592,ss_00101047,clk_0000055848,2026-07-27,p_03925,Fashion,1052,0,168,bank_card,0,,157.06
ord_000004565,u_030592,ss_00101049,clk_0000055849,2026-07-07,p_00138,Auto,1999,62,367,ozon_card,0,,427.39
ord_000004566,u_030598,ss_00101067,clk_0000055860,2026-07-11,p_02269,Home,1054,0,245,bank_card,0,,201.74
ord_000004567,u_030601,ss_00101087,clk_0000055871,2026-07-12,p_03673,Auto,1422,44,289,ozon_card,0,,337.01
ord_000004568,u_030603,ss_00101096,clk_0000055873,2026-07-17,p_04348,Electronics,3310,174,58,sberpay,0,,486.24
ord_000004569,u_030604,ss_00101099,clk_0000055876,2026-07-28,p_02571,Fashion,2068,156,138,bank_card,0,,502.11
ord_000004570,u_030605,ss_00101108,clk_0000055881,2026-07-26,p_03477,Fashion,931,70,196,ozon_card,0,,265.06
ord_000004571,u_030609,ss_00101123,clk_0000055894,2026-07-24,p_03948,Beauty,473,10,271,cash_on_delivery,0,,115.84
ord_000004572,u_030617,ss_00101152,clk_0000055910,2026-07-09,p_04007,Beauty,450,0,242,bank_card,0,,93.33
ord_000004573,u_030620,ss_00101156,clk_0000055912,2026-07-05,p_02263,Fashion,2313,0,118,bank_card,0,,624.74
ord_000004574,u_030621,ss_00101164,clk_0000055917,2026-07-21,p_01879,Kids,607,0,0,ozon_card,0,,124.62
ord_000004575,u_030622,ss_00101171,clk_0000055922,2026-07-17,p_02671,Home,845,44,268,bank_card,1,2026-07-23,-25.35
ord_000004576,u_030643,ss_00101246,clk_0000055955,2026-07-05,p_00039,Sports,669,0,0,cash_on_delivery,0,,188.99
ord_000004577,u_030645,ss_00101251,clk_0000055958,2026-07-29,p_04313,Electronics,3333,175,242,sberpay,0,,287.64
ord_000004578,u_030649,ss_00101264,clk_0000055964,2026-07-21,p_03660,Fashion,3002,0,295,ozon_card,0,,611.81
ord_000004579,u_030664,ss_00101306,clk_0000055993,2026-07-05,p_01221,Home,516,57,208,bank_card,0,,116.56
ord_000004580,u_030685,ss_00101375,clk_0000056022,2026-07-15,p_04038,Kids,595,105,0,sberpay,0,,120.96
ord_000004581,u_030688,ss_00101379,clk_0000056024,2026-07-26,p_03694,Home,3430,181,0,bank_card,1,2026-08-17,-102.9
ord_000004582,u_030695,ss_00101397,clk_0000056036,2026-07-22,p_01396,Electronics,4938,549,0,bank_card,0,,872.05
ord_000004583,u_030707,ss_00101431,clk_0000056053,2026-07-08,p_01146,Electronics,5248,276,0,bank_card,0,,282.34
ord_000004584,u_030711,ss_00101438,clk_0000056057,2026-07-08,p_03811,FMCG,162,18,135,sberpay,0,,36.22
ord_000004585,u_030722,ss_00101472,clk_0000056073,2026-07-24,p_03384,Fashion,1758,132,258,bank_card,0,,569.77
ord_000004586,u_030726,ss_00101485,clk_0000056085,2026-07-01,p_02985,Fashion,1329,27,,installment,0,,224.47
ord_000004587,u_030728,ss_00101491,clk_0000056091,2026-07-13,p_00952,Beauty,462,63,178,bank_card,0,,136.94
ord_000004588,u_030731,ss_00101498,clk_0000056100,2026-07-25,p_03943,Beauty,496,26,183,bank_card,0,,134.02
ord_000004589,u_030751,ss_00101579,clk_0000056150,2026-07-29,p_03426,Beauty,174,0,76,ozon_card,0,,43.69
ord_000004590,u_030752,ss_00101585,clk_0000056152,2026-07-28,p_01819,Sports,2200,0,,sberpay,0,,711.92
ord_000004591,u_030759,ss_00101607,clk_0000056160,2026-07-28,p_00689,Beauty,300,41,128,bank_card,0,,104.64
ord_000004592,u_030761,ss_00101614,clk_0000056165,2026-07-26,p_02613,Fashion,300,6,277,bank_card,0,,69.57
ord_000004593,u_030763,ss_00101618,clk_0000056167,2026-07-22,p_02909,Beauty,474,10,,bank_card,0,,114.8
ord_000004594,u_030763,ss_00101620,clk_0000056170,2026-07-18,p_01325,Fashion,2162,44,258,bank_card,0,,430.89
ord_000004595,u_030767,ss_00101636,clk_0000056179,2026-07-23,p_01830,Fashion,954,0,,cash_on_delivery,0,,192.52
ord_000004596,u_030772,ss_00101650,clk_0000056187,2026-07-02,p_01941,Beauty,1272,0,321,bank_card,0,,437.95
ord_000004597,u_030775,ss_00101663,clk_0000056191,2026-07-04,p_02946,Home,2011,355,0,ozon_card,0,,328.6
ord_000004598,u_030778,ss_00101673,clk_0000056197,2026-07-03,p_00168,Home,2228,393,292,ozon_card,0,,634.31
ord_000004599,u_030794,ss_00101728,clk_0000056231,2026-07-04,p_02190,Home,2271,120,0,bank_card,0,,496.21
ord_000004600,u_030800,ss_00101748,clk_0000056237,2026-07-10,p_02706,Books,238,0,141,ozon_card,0,,25.44
ord_000004601,u_030804,ss_00101757,clk_0000056241,2026-07-17,p_04478,Beauty,496,26,213,bank_card,0,,160.85
ord_000004602,u_030815,ss_00101791,clk_0000056264,2026-07-25,p_01598,Sports,2371,73,,sberpay,0,,545.09
ord_000004603,u_030825,ss_00101821,clk_0000056283,2026-07-06,p_03954,Pet,471,15,147,ozon_card,0,,83.13
ord_000004604,u_030825,ss_00101822,clk_0000056284,2026-07-24,p_03932,Kids,1129,0,139,ozon_card,0,,268.81
ord_000004605,u_030834,ss_00101843,clk_0000056301,2026-07-08,p_00540,Kids,1057,117,297,sberpay,0,,270.91
ord_000004606,u_030846,ss_00101872,clk_0000056313,2026-07-11,p_00268,Electronics,776,0,,bank_card,0,,41.13
ord_000004607,u_030852,ss_00101887,clk_0000056317,2026-07-28,p_01842,Beauty,753,15,251,sberpay,0,,230.49
ord_000004608,u_030859,ss_00101905,clk_0000056328,2026-07-20,p_02908,Sports,1349,42,211,bank_card,0,,244.98
ord_000004609,u_030862,ss_00101912,clk_0000056332,2026-07-29,p_00056,Kids,503,0,0,bank_card,0,,64.74
ord_000004610,u_030863,ss_00101916,clk_0000056336,2026-07-16,p_00478,FMCG,460,0,188,installment,0,,58.88
ord_000004611,u_030867,ss_00101928,clk_0000056346,2026-07-03,p_03010,Home,1258,66,254,ozon_card,1,2026-07-25,-37.74
ord_000004612,u_030868,ss_00101935,clk_0000056352,2026-07-05,p_01240,Kids,515,16,307,cash_on_delivery,0,,102.79
ord_000004613,u_030884,ss_00101984,clk_0000056374,2026-07-04,p_01580,Kids,973,0,96,bank_card,1,2026-07-29,-29.19
ord_000004614,u_030885,ss_00101987,clk_0000056376,2026-07-07,p_02087,Fashion,325,0,204,sberpay,0,,80.76
ord_000004615,u_030886,ss_00101989,clk_0000056378,2026-07-26,p_00155,Beauty,498,10,337,bank_card,0,,112.9
ord_000004616,u_030904,ss_00102056,clk_0000056418,2026-07-12,p_02425,Sports,814,43,229,bank_card,0,,194.38
ord_000004617,u_030912,ss_00102083,clk_0000056436,2026-07-15,p_03894,Fashion,1849,206,0,sberpay,0,,320.62
ord_000004618,u_030917,ss_00102103,clk_0000056442,2026-07-05,p_03567,Home,1158,0,200,bank_card,0,,351.8
ord_000004619,u_030919,ss_00102114,clk_0000056446,2026-07-19,p_02311,Pet,468,14,201,installment,0,,125.61
ord_000004620,u_030928,ss_00102139,clk_0000056460,2026-07-23,p_01217,Home,1386,154,172,bank_card,0,,190.3
ord_000004621,u_030950,ss_00102212,clk_0000056504,2026-07-24,p_00632,Kids,687,21,192,bank_card,0,,133.62
ord_000004622,u_030953,ss_00102222,clk_0000056512,2026-07-12,p_00095,Electronics,2943,91,0,bank_card,0,,217.78
ord_000004623,u_030953,ss_00102224,clk_0000056513,2026-07-09,p_03026,Electronics,2074,0,0,sberpay,0,,152.65
ord_000004624,u_030957,ss_00102236,clk_0000056516,2026-07-09,p_02287,Pet,1237,0,157,bank_card,0,,285.0
ord_000004625,u_030959,ss_00102242,clk_0000056521,2026-07-17,p_00893,Home,2777,86,275,installment,0,,560.95
ord_000004626,u_030962,ss_00102249,clk_0000056526,2026-07-04,p_01547,Electronics,6244,193,209,bank_card,0,,1233.81
ord_000004627,u_030982,ss_00102321,clk_0000056561,2026-07-24,p_03714,Books,782,24,0,ozon_card,0,,180.33
ord_000004628,u_031004,ss_00102388,clk_0000056599,2026-07-05,p_04232,Kids,584,65,0,ozon_card,0,,122.93
ord_000004629,u_031015,ss_00102428,clk_0000056616,2026-07-27,p_02160,Electronics,5715,301,154,bank_card,0,,228.6
ord_000004630,u_031019,ss_00102443,clk_0000056622,2026-07-25,p_02592,Beauty,1643,34,0,sberpay,0,,454.62
ord_000004631,u_031022,ss_00102461,clk_0000056632,2026-07-23,p_04424,Kids,2953,328,0,ozon_card,0,,672.99
ord_000004632,u_031027,ss_00102478,clk_0000056641,2026-07-17,p_01647,Beauty,394,8,249,ozon_card,0,,86.96
ord_000004633,u_031028,ss_00102482,clk_0000056642,2026-07-05,p_02183,Books,304,0,0,bank_card,0,,48.97
ord_000004634,u_031029,ss_00102483,clk_0000056643,2026-07-01,p_02947,Kids,2306,121,250,bank_card,0,,536.14
ord_000004635,u_031029,ss_00102485,clk_0000056647,2026-07-04,p_03833,Home,1020,0,155,ozon_card,0,,167.38
ord_000004636,u_031035,ss_00102504,clk_0000056665,2026-07-16,p_00512,Kids,1373,153,75,ozon_card,1,2026-08-14,-41.19
ord_000004637,u_031036,ss_00102506,clk_0000056667,2026-07-17,p_00995,Beauty,711,37,278,bank_card,0,,189.91
ord_000004638,u_031042,ss_00102521,clk_0000056673,2026-07-19,p_01023,Fashion,1777,242,219,bank_card,1,2026-08-16,-53.31
ord_000004639,u_031047,ss_00102531,clk_0000056678,2026-07-14,p_01003,Electronics,7389,821,231,bank_card,0,,589.64
ord_000004640,u_031053,ss_00102550,clk_0000056688,2026-07-23,p_04491,FMCG,241,0,233,bank_card,0,,19.06
ord_000004641,u_031053,ss_00102551,clk_0000056689,2026-07-16,p_03017,FMCG,750,23,118,bank_card,0,,143.1
ord_000004642,u_031073,ss_00102619,clk_0000056725,2026-07-11,p_00371,Books,288,32,87,bank_card,0,,50.49
ord_000004643,u_031079,ss_00102639,clk_0000056738,2026-07-30,p_00562,Home,1858,0,161,ozon_card,0,,327.01
ord_000004644,u_031099,ss_00102715,clk_0000056772,2026-07-21,p_02891,Sports,1151,0,334,installment,0,,193.14
ord_000004645,u_031112,ss_00102752,clk_0000056787,2026-07-11,p_04449,Electronics,4854,0,275,bank_card,0,,498.02
ord_000004646,u_031114,ss_00102763,clk_0000056795,2026-07-02,p_02695,Auto,1448,0,251,cash_on_delivery,0,,312.48
ord_000004647,u_031123,ss_00102785,clk_0000056803,2026-07-21,p_03004,Fashion,1584,216,250,bank_card,0,,431.64
ord_000004648,u_031125,ss_00102790,clk_0000056805,2026-07-25,p_04043,Home,1544,172,0,ozon_card,0,,287.18
ord_000004649,u_031126,ss_00102792,clk_0000056807,2026-07-20,p_02944,Beauty,743,0,306,bank_card,0,,214.88
ord_000004650,u_031137,ss_00102826,clk_0000056824,2026-07-10,p_03959,Fashion,1248,66,262,sberpay,0,,282.8
ord_000004651,u_031140,ss_00102835,clk_0000056832,2026-07-13,p_04318,Auto,3387,0,290,bank_card,0,,764.11
ord_000004652,u_031145,ss_00102852,clk_0000056839,2026-07-06,p_01886,Electronics,6920,214,258,bank_card,0,,664.32
ord_000004653,u_031150,ss_00102879,clk_0000056846,2026-07-03,p_01805,Home,1728,192,197,bank_card,0,,473.13
ord_000004654,u_031153,ss_00102903,clk_0000056863,2026-07-25,p_03609,Fashion,483,25,282,bank_card,0,,100.13
ord_000004655,u_031153,ss_00102905,clk_0000056864,2026-07-09,p_01044,Books,341,18,0,ozon_card,0,,75.97
ord_000004656,u_031160,ss_00102931,clk_0000056879,2026-07-23,p_01815,Fashion,1128,0,406,ozon_card,0,,269.14
ord_000004657,u_031171,ss_00102960,clk_0000056901,2026-07-08,p_04313,Electronics,3508,0,0,sberpay,0,,302.74
ord_000004658,u_031171,ss_00102961,clk_0000056902,2026-07-29,p_03096,Beauty,1105,58,112,bank_card,0,,310.28
ord_000004659,u_031176,ss_00102978,clk_0000056911,2026-07-05,p_03943,Beauty,496,26,168,sberpay,0,,134.02
ord_000004660,u_031182,ss_00103005,clk_0000056939,2026-07-30,p_01042,Home,1955,217,235,sberpay,0,,446.52
ord_000004661,u_031198,ss_00103061,clk_0000056967,2026-07-13,p_00281,Beauty,954,19,101,bank_card,0,,264.45
ord_000004662,u_031198,ss_00103063,clk_0000056972,2026-07-01,p_04428,Home,1385,73,227,cash_on_delivery,0,,411.21
ord_000004663,u_031199,ss_00103065,clk_0000056974,2026-07-11,p_02602,Fashion,3559,268,176,sberpay,0,,986.55
ord_000004664,u_031200,ss_00103070,clk_0000056977,2026-07-30,p_03774,Electronics,3719,0,0,sberpay,1,2026-09-02,-111.57
ord_000004665,u_031254,ss_00103269,clk_0000057098,2026-07-13,p_03346,Kids,1429,0,171,sberpay,0,,301.52
ord_000004666,u_031264,ss_00103294,clk_0000057105,2026-07-01,p_00044,FMCG,376,0,318,ozon_card,0,,59.56
ord_000004667,u_031270,ss_00103317,clk_0000057116,2026-07-10,p_00880,Beauty,1276,0,144,ozon_card,0,,294.5
ord_000004668,u_031276,ss_00103339,clk_0000057128,2026-07-27,p_01117,Fashion,1021,21,179,bank_card,1,2026-07-31,-30.63
ord_000004669,u_031278,ss_00103343,clk_0000057129,2026-07-09,p_02625,Home,584,65,185,bank_card,0,,108.62
ord_000004670,u_031283,ss_00103352,clk_0000057132,2026-07-11,p_00169,Fashion,3022,0,0,ozon_card,0,,721.96
ord_000004671,u_031283,ss_00103352,clk_0000057133,2026-07-11,p_02944,Beauty,706,37,274,bank_card,0,,204.18
ord_000004672,u_031285,ss_00103364,clk_0000057141,2026-07-06,p_00986,Kids,1150,0,315,bank_card,0,,300.15
ord_000004673,u_031294,ss_00103396,clk_0000057163,2026-07-30,p_00687,Electronics,4269,0,200,bank_card,0,,726.16
ord_000004674,u_031296,ss_00103400,clk_0000057165,2026-07-04,p_02183,Books,289,15,192,bank_card,0,,46.56
ord_000004675,u_031304,ss_00103422,clk_0000057178,2026-07-26,p_01834,Auto,5648,175,0,installment,0,,643.87
ord_000004676,u_031306,ss_00103427,clk_0000057181,2026-07-05,p_02750,Beauty,673,14,142,bank_card,0,,287.91
ord_000004677,u_031308,ss_00103434,clk_0000057183,2026-07-23,p_03534,Kids,1502,167,220,ozon_card,0,,241.97
ord_000004678,u_031309,ss_00103437,clk_0000057185,2026-07-07,p_00607,Sports,1645,0,283,installment,0,,484.95
ord_000004679,u_031319,ss_00103467,clk_0000057200,2026-07-23,p_03232,Electronics,1637,182,236,sberpay,1,2026-08-02,-49.11
ord_000004680,u_031324,ss_00103496,clk_0000057216,2026-07-24,p_01159,FMCG,689,0,290,bank_card,0,,33.35
ord_000004681,u_031331,ss_00103514,clk_0000057222,2026-07-20,p_01431,Fashion,1759,93,0,ozon_card,0,,395.6
ord_000004682,u_031348,ss_00103584,clk_0000057262,2026-07-18,p_03961,Fashion,2026,41,0,cash_on_delivery,1,2026-07-21,-60.78
ord_000004683,u_031350,ss_00103591,clk_0000057267,2026-07-10,p_02546,Kids,1776,0,134,bank_card,0,,133.02
ord_000004684,u_031354,ss_00103597,clk_0000057271,2026-07-07,p_00911,Auto,3434,0,229,bank_card,0,,700.88
ord_000004685,u_031359,ss_00103615,clk_0000057280,2026-07-10,p_02483,Kids,959,106,225,bank_card,0,,152.19
ord_000004686,u_031371,ss_00103646,clk_0000057296,2026-07-15,p_03812,Kids,2479,130,222,bank_card,0,,440.52
ord_000004687,u_031373,ss_00103649,clk_0000057297,2026-07-19,p_01395,Electronics,4772,251,0,ozon_card,0,,711.03
ord_000004688,u_031378,ss_00103663,clk_0000057305,2026-07-19,p_03885,Kids,756,0,377,installment,0,,171.08
ord_000004689,u_031385,ss_00103686,clk_0000057323,2026-07-03,p_01842,Beauty,745,23,238,ozon_card,0,,228.04
ord_000004690,u_031386,ss_00103693,clk_0000057324,2026-07-21,p_02941,Home,589,66,112,bank_card,0,,84.93
ord_000004691,u_031394,ss_00103725,clk_0000057343,2026-07-27,p_02256,Home,663,35,181,bank_card,0,,183.72
ord_000004692,u_031397,ss_00103735,clk_0000057349,2026-07-28,p_02962,Beauty,414,22,0,cash_on_delivery,0,,110.79
ord_000004693,u_031400,ss_00103753,clk_0000057358,2026-07-05,p_01524,Auto,1025,32,0,bank_card,0,,223.55
ord_000004694,u_031420,ss_00103813,clk_0000057391,2026-07-05,p_02251,Fashion,1174,24,,sberpay,0,,228.34
ord_000004695,u_031423,ss_00103824,clk_0000057397,2026-07-26,p_00163,Books,220,0,228,ozon_card,0,,25.83
ord_000004696,u_031450,ss_00103914,clk_0000057460,2026-07-30,p_01888,Electronics,5387,167,0,bank_card,0,,485.37
ord_000004697,u_031454,ss_00103931,clk_0000057468,2026-07-30,p_01128,Books,278,15,179,ozon_card,0,,40.64
ord_000004698,u_031468,ss_00103970,clk_0000057496,2026-07-10,p_00154,Books,400,0,97,bank_card,0,,106.6
ord_000004699,u_031473,ss_00103978,clk_0000057500,2026-07-01,p_00573,Beauty,533,28,205,bank_card,0,,144.5
ord_000004700,u_031476,ss_00103985,clk_0000057503,2026-07-26,p_01905,Electronics,2256,0,132,ozon_card,0,,342.46
ord_000004701,u_031486,ss_00104025,clk_0000057529,2026-07-21,p_01762,Electronics,2371,125,0,sberpay,1,2026-08-25,-71.13
ord_000004702,u_031504,ss_00104084,clk_0000057557,2026-07-03,p_00108,Electronics,2017,224,173,ozon_card,1,2026-08-06,-60.51
ord_000004703,u_031534,ss_00104189,clk_0000057630,2026-07-02,p_00739,Pet,627,19,29,sberpay,0,,139.32
ord_000004704,u_031536,ss_00104201,clk_0000057642,2026-07-16,p_04352,Sports,1158,0,0,ozon_card,0,,305.02
ord_000004705,u_031538,ss_00104207,clk_0000057646,2026-07-10,p_01178,Electronics,5899,182,0,bank_card,0,,701.98
ord_000004706,u_031540,ss_00104213,clk_0000057648,2026-07-05,p_02643,Fashion,2718,55,0,ozon_card,0,,533.54
ord_000004707,u_031547,ss_00104232,clk_0000057655,2026-07-23,p_01276,Kids,621,0,299,sberpay,0,,155.93
ord_000004708,u_031548,ss_00104239,clk_0000057660,2026-07-20,p_02515,Home,563,30,253,ozon_card,0,,145.09
ord_000004709,u_031552,ss_00104253,clk_0000057668,2026-07-22,p_03657,Sports,1449,0,209,ozon_card,0,,244.88
ord_000004710,u_031577,ss_00104329,clk_0000057704,2026-07-07,p_01720,Kids,906,28,244,bank_card,0,,201.95
ord_000004711,u_031587,ss_00104363,clk_0000057727,2026-07-18,p_02950,Home,945,29,0,cash_on_delivery,0,,160.37
ord_000004712,u_031597,ss_00104394,clk_0000057739,2026-07-28,p_03423,Electronics,5135,0,145,bank_card,0,,572.55
ord_000004713,u_031604,ss_00104421,clk_0000057747,2026-07-21,p_04452,Home,2122,0,0,bank_card,0,,510.98
ord_000004714,u_031613,ss_00104448,clk_0000057761,2026-07-13,p_04399,Electronics,2042,107,185,ozon_card,0,,211.96
ord_000004715,u_031629,ss_00104484,clk_0000057779,2026-07-26,p_03797,Fashion,1598,178,0,sberpay,0,,246.57
ord_000004716,u_031631,ss_00104490,clk_0000057784,2026-07-18,p_00858,Home,1367,72,325,bank_card,0,,198.35
ord_000004717,u_031649,ss_00104544,clk_0000057811,2026-07-28,p_03702,FMCG,724,22,340,sberpay,0,,121.63
ord_000004718,u_031656,ss_00104575,clk_0000057824,2026-07-25,p_00529,Electronics,2707,0,81,ozon_card,0,,200.32
ord_000004719,u_031667,ss_00104611,clk_0000057844,2026-07-27,p_00947,Home,1527,80,305,installment,0,,284.63
ord_000004720,u_031671,ss_00104623,clk_0000057853,2026-07-06,p_02888,Beauty,582,12,174,ozon_card,0,,114.6
ord_000004721,u_031683,ss_00104663,clk_0000057880,2026-07-13,p_00445,Electronics,5554,172,213,bank_card,0,,415.99
ord_000004722,u_031685,ss_00104673,clk_0000057885,2026-07-15,p_03029,Sports,1391,246,194,sberpay,0,,252.88
ord_000004723,u_031686,ss_00104677,clk_0000057888,2026-07-01,p_03436,Home,1652,87,237,installment,0,,356.83
ord_000004724,u_031687,ss_00104688,clk_0000057897,2026-07-26,p_02286,Auto,810,0,0,bank_card,0,,142.32
ord_000004725,u_031692,ss_00104702,clk_0000057911,2026-07-11,p_04131,Fashion,1007,21,179,ozon_card,0,,212.58
ord_000004726,u_031696,ss_00104716,clk_0000057918,2026-07-04,p_01846,Electronics,3510,0,0,bank_card,0,,590.03
ord_000004727,u_031715,ss_00104785,clk_0000057954,2026-07-24,p_02384,FMCG,388,12,170,sberpay,0,,63.09
ord_000004728,u_031730,ss_00104849,clk_0000058003,2026-07-25,p_04390,Sports,1576,278,106,sberpay,0,,376.51
ord_000004729,u_031734,ss_00104868,clk_0000058012,2026-07-30,p_02347,Electronics,3965,209,0,bank_card,0,,340.2
ord_000004730,u_031741,ss_00104888,clk_0000058021,2026-07-14,p_03137,Auto,2149,66,308,bank_card,0,,363.18
ord_000004731,u_031746,ss_00104904,clk_0000058028,2026-07-01,p_00411,FMCG,695,21,349,bank_card,0,,116.2
ord_000004732,u_031767,ss_00104960,clk_0000058054,2026-07-11,p_01483,Electronics,3923,0,0,installment,0,,381.71
ord_000004733,u_031790,ss_00105030,clk_0000058099,2026-07-10,p_00886,Home,3455,610,0,cash_on_delivery,0,,547.27
ord_000004734,u_031791,ss_00105034,clk_0000058103,2026-07-02,p_02796,Fashion,2935,91,219,sberpay,0,,611.36
ord_000004735,u_031794,ss_00105048,clk_0000058108,2026-07-10,p_03454,Auto,2129,237,285,sberpay,0,,394.93
ord_000004736,u_031796,ss_00105065,clk_0000058123,2026-07-13,p_04247,Home,4060,214,217,bank_card,1,2026-07-31,-121.8
ord_000004737,u_031798,ss_00105071,clk_0000058129,2026-07-18,p_00852,Home,1604,0,166,bank_card,1,2026-08-22,-48.12
ord_000004738,u_031802,ss_00105084,clk_0000058141,2026-07-20,p_03786,Kids,2034,63,116,ozon_card,0,,575.62
ord_000004739,u_031805,ss_00105097,clk_0000058150,2026-07-19,p_02713,Pet,659,0,95,ozon_card,0,,111.37
ord_000004740,u_031806,ss_00105098,clk_0000058152,2026-07-06,p_02559,Books,485,54,208,sberpay,0,,78.62
ord_000004741,u_031808,ss_00105100,clk_0000058153,2026-07-24,p_00445,Electronics,5726,0,0,ozon_card,0,,428.88
ord_000004742,u_031810,ss_00105105,clk_0000058154,2026-07-02,p_01141,Home,1270,67,130,installment,0,,246.63
ord_000004743,u_031820,ss_00105132,clk_0000058170,2026-07-08,p_00490,Kids,563,0,347,ozon_card,0,,121.5
ord_000004744,u_031821,ss_00105134,clk_0000058172,2026-07-12,p_01011,Electronics,1508,0,292,bank_card,0,,123.35
ord_000004745,u_031826,ss_00105152,clk_0000058180,2026-07-03,p_00423,Pet,743,39,247,installment,0,,106.77
ord_000004746,u_031831,ss_00105174,clk_0000058188,2026-07-14,p_03564,Beauty,727,0,0,sberpay,0,,122.43
ord_000004747,u_031833,ss_00105177,clk_0000058193,2026-07-18,p_01870,Books,281,0,190,cash_on_delivery,0,,64.32
ord_000004748,u_031841,ss_00105199,clk_0000058203,2026-07-04,p_03834,Fashion,2080,42,0,ozon_card,0,,442.21
ord_000004749,u_031842,ss_00105202,clk_0000058207,2026-07-16,p_03801,Kids,1614,0,249,bank_card,0,,410.12
ord_000004750,u_031848,ss_00105214,clk_0000058214,2026-07-09,p_03483,Home,1555,0,193,installment,0,,366.98
ord_000004751,u_031861,ss_00105252,clk_0000058235,2026-07-27,p_04162,Fashion,1499,31,201,cash_on_delivery,0,,490.17
ord_000004752,u_031861,ss_00105252,clk_0000058236,2026-07-27,p_03712,Home,967,171,191,bank_card,0,,182.47
ord_000004753,u_031866,ss_00105264,clk_0000058242,2026-07-01,p_01183,Books,599,19,183,bank_card,0,,89.91
ord_000004754,u_031879,ss_00105302,clk_0000058264,2026-07-20,p_03862,Electronics,1269,0,164,bank_card,0,,108.5
ord_000004755,u_031882,ss_00105316,clk_0000058275,2026-07-27,p_00987,Beauty,828,26,154,bank_card,0,,281.52
ord_000004756,u_031890,ss_00105333,clk_0000058283,2026-07-26,p_01828,Books,196,10,359,cash_on_delivery,0,,32.69
ord_000004757,u_031894,ss_00105345,clk_0000058289,2026-07-02,p_01124,Electronics,3302,174,0,ozon_card,0,,549.78
ord_000004758,u_031919,ss_00105440,clk_0000058331,2026-07-23,p_03802,Sports,2634,0,189,ozon_card,0,,459.9
ord_000004759,u_031963,ss_00105599,clk_0000058419,2026-07-06,p_01976,Sports,1005,0,301,bank_card,0,,235.97
ord_000004760,u_031972,ss_00105622,clk_0000058437,2026-07-19,p_01933,Kids,637,20,243,bank_card,0,,167.53
ord_000004761,u_031976,ss_00105633,clk_0000058443,2026-07-24,p_00204,Kids,2178,0,221,installment,0,,432.33
ord_000004762,u_031976,ss_00105635,clk_0000058445,2026-07-26,p_02737,Beauty,751,0,198,ozon_card,0,,233.56
ord_000004763,u_031979,ss_00105650,clk_0000058450,2026-07-12,p_03225,FMCG,461,24,55,ozon_card,0,,56.06
ord_000004764,u_031988,ss_00105668,clk_0000058456,2026-07-11,p_01158,Beauty,934,49,0,ozon_card,0,,243.59
ord_000004765,u_031989,ss_00105673,clk_0000058458,2026-07-08,p_02300,Fashion,1575,32,204,bank_card,0,,448.4
ord_000004766,u_031992,ss_00105684,clk_0000058460,2026-07-17,p_04465,Fashion,1046,21,266,bank_card,0,,234.09
ord_000004767,u_031995,ss_00105695,clk_0000058466,2026-07-03,p_01410,Electronics,2263,251,208,ozon_card,0,,104.32
ord_000004768,u_031997,ss_00105703,clk_0000058469,2026-07-10,p_04281,Books,242,0,,bank_card,0,,43.83
ord_000004769,u_032000,ss_00105711,clk_0000058474,2026-07-17,p_01506,Home,2622,138,301,installment,0,,570.55
ord_000004770,u_032000,ss_00105713,clk_0000058476,2026-07-26,p_01580,Kids,973,0,284,bank_card,0,,165.8
ord_000004771,u_032011,ss_00105751,clk_0000058490,2026-07-16,p_00070,Fashion,664,35,106,bank_card,0,,176.16
ord_000004772,u_032011,ss_00105754,clk_0000058491,2026-07-12,p_00296,Pet,741,23,201,installment,0,,166.5
ord_000004773,u_032012,ss_00105756,clk_0000058492,2026-07-02,p_02368,Books,396,0,210,bank_card,0,,47.2
ord_000004774,u_032037,ss_00105833,clk_0000058538,2026-07-01,p_03176,Electronics,1706,53,275,bank_card,0,,287.63
ord_000004775,u_032063,ss_00105926,clk_0000058587,2026-07-18,p_03734,Beauty,246,34,169,ozon_card,0,,86.12
ord_000004776,u_032074,ss_00105958,clk_0000058604,2026-07-05,p_01465,Electronics,6991,216,0,installment,0,,480.98
ord_000004777,u_032079,ss_00105972,clk_0000058608,2026-07-09,p_01931,Electronics,2556,134,0,bank_card,1,2026-08-11,-76.68
ord_000004778,u_032079,ss_00105974,clk_0000058610,2026-07-28,p_00582,Sports,1540,0,0,bank_card,0,,317.55
ord_000004779,u_032081,ss_00105980,clk_0000058614,2026-07-24,p_00527,Home,1148,0,160,ozon_card,0,,210.77
ord_000004780,u_032090,ss_00106010,clk_0000058625,2026-07-23,p_03549,Sports,1187,0,206,bank_card,1,2026-08-09,-35.61
ord_000004781,u_032091,ss_00106012,clk_0000058627,2026-07-21,p_01194,Electronics,3399,179,0,bank_card,0,,261.04
ord_000004782,u_032096,ss_00106032,clk_0000058636,2026-07-15,p_03503,Beauty,754,40,161,bank_card,0,,223.79
ord_000004783,u_032105,ss_00106066,clk_0000058654,2026-07-01,p_01387,FMCG,815,43,115,bank_card,0,,133.74
ord_000004784,u_032111,ss_00106083,clk_0000058659,2026-07-08,p_00454,Kids,1284,40,139,ozon_card,0,,210.45
ord_000004785,u_032121,ss_00106105,clk_0000058670,2026-07-25,p_00015,Fashion,1093,34,192,ozon_card,0,,283.63
ord_000004786,u_032122,ss_00106107,clk_0000058673,2026-07-25,p_02071,Books,147,0,183,bank_card,0,,37.72
ord_000004787,u_032124,ss_00106116,clk_0000058677,2026-07-28,p_04241,Fashion,1899,100,0,ozon_card,0,,508.93
ord_000004788,u_032130,ss_00106129,clk_0000058682,2026-07-13,p_00878,Beauty,258,0,63,bank_card,0,,80.29
ord_000004789,u_032132,ss_00106132,clk_0000058684,2026-07-24,p_04081,Sports,1637,51,0,sberpay,0,,354.57
ord_000004790,u_032144,ss_00106171,clk_0000058706,2026-07-23,p_00366,FMCG,444,23,299,bank_card,0,,46.93
ord_000004791,u_032167,ss_00106230,clk_0000058737,2026-07-29,p_03829,Fashion,2553,52,175,bank_card,0,,620.12
ord_000004792,u_032167,ss_00106233,clk_0000058740,2026-07-25,p_02819,Sports,1056,33,187,ozon_card,0,,148.05
ord_000004793,u_032170,ss_00106239,clk_0000058744,2026-07-16,p_01120,FMCG,647,0,152,installment,0,,88.64
ord_000004794,u_032170,ss_00106240,clk_0000058746,2026-07-24,p_04170,Beauty,484,25,266,sberpay,0,,124.87
ord_000004795,u_032174,ss_00106249,clk_0000058752,2026-07-29,p_02711,Fashion,770,0,53,bank_card,0,,184.65
ord_000004796,u_032175,ss_00106251,clk_0000058753,2026-07-12,p_00107,Pet,1871,98,121,bank_card,0,,492.26
ord_000004797,u_032178,ss_00106258,clk_0000058756,2026-07-18,p_00555,Fashion,4716,248,188,ozon_card,1,2026-07-23,-141.48
ord_000004798,u_032180,ss_00106268,clk_0000058760,2026-07-27,p_03820,Kids,1212,37,0,ozon_card,0,,264.09
ord_000004799,u_032180,ss_00106270,clk_0000058762,2026-07-16,p_01921,Pet,1970,0,0,ozon_card,0,,460.19
ord_000004800,u_032183,ss_00106277,clk_0000058766,2026-07-23,p_03627,Auto,1584,0,,installment,0,,253.44
ord_000004801,u_032186,ss_00106285,clk_0000058773,2026-07-20,p_01145,Kids,259,29,0,installment,0,,42.61
ord_000004802,u_032190,ss_00106295,clk_0000058777,2026-07-15,p_01646,FMCG,700,0,262,ozon_card,0,,84.49
ord_000004803,u_032190,ss_00106299,clk_0000058779,2026-07-21,p_02540,Beauty,207,11,253,ozon_card,0,,50.51
ord_000004804,u_032202,ss_00106321,clk_0000058790,2026-07-03,p_02993,Sports,809,25,0,installment,0,,180.41
ord_000004805,u_032202,ss_00106324,clk_0000058791,2026-07-19,p_03103,Kids,6039,0,0,ozon_card,0,,1208.4
ord_000004806,u_032226,ss_00106392,clk_0000058827,2026-07-05,p_02529,Kids,713,0,203,bank_card,0,,256.32
ord_000004807,u_032262,ss_00106500,clk_0000058877,2026-07-18,p_01442,Beauty,1366,152,245,sberpay,0,,332.48
ord_000004808,u_032268,ss_00106534,clk_0000058901,2026-07-20,p_01283,Pet,345,18,0,cash_on_delivery,0,,54.03
ord_000004809,u_032271,ss_00106542,clk_0000058905,2026-07-08,p_00978,Auto,498,0,193,bank_card,0,,60.16
ord_000004810,u_032272,ss_00106546,clk_0000058907,2026-07-02,p_00071,Sports,872,0,195,bank_card,0,,209.89
ord_000004811,u_032274,ss_00106557,clk_0000058912,2026-07-14,p_00078,Kids,561,17,127,bank_card,0,,146.36
ord_000004812,u_032279,ss_00106572,clk_0000058918,2026-07-19,p_03978,Kids,881,98,,bank_card,0,,96.56
ord_000004813,u_032296,ss_00106621,clk_0000058942,2026-07-07,p_00813,Sports,1128,0,188,bank_card,0,,222.78
ord_000004814,u_032301,ss_00106632,clk_0000058950,2026-07-29,p_03480,Beauty,714,15,246,sberpay,0,,184.28
ord_000004815,u_032303,ss_00106642,clk_0000058956,2026-07-15,p_01062,Sports,1977,349,152,ozon_card,0,,493.46
ord_000004816,u_032304,ss_00106643,clk_0000058957,2026-07-21,p_03715,Electronics,1082,0,163,bank_card,0,,181.02
ord_000004817,u_032311,ss_00106660,clk_0000058960,2026-07-28,p_03970,Electronics,3819,0,0,installment,0,,515.18
ord_000004818,u_032312,ss_00106666,clk_0000058964,2026-07-23,p_02364,Electronics,2024,225,225,installment,0,,245.31
ord_000004819,u_032312,ss_00106667,clk_0000058966,2026-07-06,p_03760,Sports,1973,61,267,installment,0,,481.81
ord_000004820,u_032319,ss_00106685,clk_0000058974,2026-07-25,p_02745,Sports,1601,0,273,bank_card,0,,402.01
ord_000004821,u_032322,ss_00106690,clk_0000058977,2026-07-12,p_01713,FMCG,278,15,216,ozon_card,0,,57.55
ord_000004822,u_032326,ss_00106696,clk_0000058981,2026-07-05,p_00725,Fashion,1248,25,0,bank_card,0,,287.91
ord_000004823,u_032330,ss_00106710,clk_0000058990,2026-07-30,p_04452,Home,2058,64,172,bank_card,0,,495.57
ord_000004824,u_032341,ss_00106747,clk_0000059005,2026-07-25,p_02376,Auto,2388,265,82,bank_card,0,,412.17
ord_000004825,u_032342,ss_00106748,clk_0000059006,2026-07-27,p_03919,Home,710,79,,ozon_card,0,,147.04
ord_000004826,u_032356,ss_00106803,clk_0000059033,2026-07-26,p_00479,Beauty,160,3,0,cash_on_delivery,0,,51.63
ord_000004827,u_032358,ss_00106812,clk_0000059039,2026-07-24,p_02279,Fashion,1274,0,0,ozon_card,0,,252.89
ord_000004828,u_032358,ss_00106812,clk_0000059040,2026-07-24,p_02298,Beauty,959,0,0,ozon_card,0,,238.6
ord_000004829,u_032361,ss_00106826,clk_0000059049,2026-07-25,p_00684,Home,2219,69,310,cash_on_delivery,0,,449.57
ord_000004830,u_032369,ss_00106848,clk_0000059064,2026-07-21,p_00508,Fashion,601,45,277,sberpay,0,,121.46
ord_000004831,u_032373,ss_00106865,clk_0000059073,2026-07-18,p_01736,Fashion,1341,101,205,sberpay,0,,345.71
ord_000004832,u_032387,ss_00106936,clk_0000059120,2026-07-25,p_03656,Fashion,1570,32,208,bank_card,0,,301.13
ord_000004833,u_032389,ss_00106943,clk_0000059123,2026-07-16,p_01630,Fashion,2068,156,138,bank_card,1,2026-08-05,-62.04
ord_000004834,u_032399,ss_00106994,clk_0000059152,2026-07-11,p_04386,Fashion,793,0,319,cash_on_delivery,1,2026-07-16,-23.79
ord_000004835,u_032403,ss_00107006,clk_0000059158,2026-07-17,p_01331,Books,176,20,226,bank_card,0,,38.33
ord_000004836,u_032404,ss_00107011,clk_0000059159,2026-07-01,p_00053,Sports,3018,532,195,bank_card,0,,559.84
ord_000004837,u_032412,ss_00107048,clk_0000059175,2026-07-03,p_00534,Sports,831,0,347,bank_card,1,2026-08-05,-24.93
ord_000004838,u_032416,ss_00107056,clk_0000059180,2026-07-21,p_02163,Pet,754,40,,installment,0,,128.63
ord_000004839,u_032427,ss_00107092,clk_0000059192,2026-07-14,p_03494,Home,1533,0,282,sberpay,0,,283.61
ord_000004840,u_032429,ss_00107102,clk_0000059200,2026-07-13,p_03839,Electronics,1432,75,163,ozon_card,0,,163.53
ord_000004841,u_032445,ss_00107154,clk_0000059224,2026-07-07,p_03119,Home,1100,58,,ozon_card,1,2026-07-25,-33.0
ord_000004842,u_032445,ss_00107156,clk_0000059227,2026-07-25,p_02202,Home,1011,0,254,ozon_card,0,,188.25
ord_000004843,u_032447,ss_00107164,clk_0000059232,2026-07-18,p_00239,Auto,1408,74,0,ozon_card,0,,168.54
ord_000004844,u_032450,ss_00107174,clk_0000059237,2026-07-07,p_00581,Kids,3213,0,0,ozon_card,0,,411.26
ord_000004845,u_032452,ss_00107182,clk_0000059239,2026-07-04,p_03164,Electronics,798,141,236,sberpay,0,,60.73
ord_000004846,u_032465,ss_00107234,clk_0000059280,2026-07-10,p_02789,Electronics,4841,0,0,sberpay,0,,548.97
ord_000004847,u_032469,ss_00107252,clk_0000059285,2026-07-04,p_02875,Home,1580,83,159,installment,0,,270.5
ord_000004848,u_032478,ss_00107280,clk_0000059299,2026-07-26,p_03918,Books,490,26,0,bank_card,0,,84.67
ord_000004849,u_032478,ss_00107281,clk_0000059301,2026-07-03,p_02330,Sports,1172,207,284,ozon_card,0,,273.66
ord_000004850,u_032490,ss_00107320,clk_0000059311,2026-07-21,p_03914,Electronics,3657,0,0,sberpay,0,,351.07
ord_000004851,u_032494,ss_00107330,clk_0000059318,2026-07-15,p_04210,Electronics,2510,78,172,bank_card,0,,311.74
ord_000004852,u_032506,ss_00107356,clk_0000059333,2026-07-12,p_00482,Pet,873,0,0,bank_card,0,,197.04
ord_000004853,u_032507,ss_00107358,clk_0000059334,2026-07-25,p_00465,FMCG,836,44,215,bank_card,0,,98.73
ord_000004854,u_032515,ss_00107378,clk_0000059343,2026-07-19,p_03039,Books,315,10,259,bank_card,0,,61.99
ord_000004855,u_032527,ss_00107434,clk_0000059367,2026-07-23,p_02673,FMCG,1041,55,,bank_card,0,,184.47
ord_000004856,u_032537,ss_00107461,clk_0000059381,2026-07-08,p_02447,Electronics,3998,0,0,bank_card,0,,417.79
ord_000004857,u_032550,ss_00107502,clk_0000059402,2026-07-14,p_01161,Beauty,685,0,232,ozon_card,0,,195.22
ord_000004858,u_032552,ss_00107508,clk_0000059405,2026-07-02,p_02617,Auto,3292,0,0,bank_card,0,,655.77
ord_000004859,u_032562,ss_00107541,clk_0000059414,2026-07-26,p_03028,Home,938,29,241,bank_card,0,,159.37
ord_000004860,u_032566,ss_00107562,clk_0000059427,2026-07-13,p_00792,Kids,1162,0,,ozon_card,0,,257.5
ord_000004861,u_032568,ss_00107569,clk_0000059429,2026-07-19,p_04218,FMCG,991,0,334,ozon_card,0,,138.44
ord_000004862,u_032596,ss_00107656,clk_0000059484,2026-07-29,p_00763,Home,1064,0,,bank_card,0,,219.61
ord_000004863,u_032602,ss_00107678,clk_0000059495,2026-07-30,p_00038,Home,992,31,,ozon_card,0,,229.55
ord_000004864,u_032602,ss_00107680,clk_0000059498,2026-07-09,p_04328,Beauty,2024,106,207,ozon_card,0,,649.91
ord_000004865,u_032616,ss_00107728,clk_0000059521,2026-07-18,p_02689,Auto,2734,85,217,bank_card,1,2026-07-24,-82.02
ord_000004866,u_032623,ss_00107754,clk_0000059533,2026-07-19,p_03217,Fashion,2099,43,199,sberpay,0,,528.53
ord_000004867,u_032626,ss_00107763,clk_0000059535,2026-07-16,p_04091,FMCG,729,0,175,bank_card,0,,65.54
ord_000004868,u_032640,ss_00107807,clk_0000059553,2026-07-26,p_03094,Fashion,526,0,222,ozon_card,0,,116.46
ord_000004869,u_032654,ss_00107861,clk_0000059589,2026-07-07,p_03984,Electronics,6583,0,,sberpay,0,,738.61
ord_000004870,u_032666,ss_00107899,clk_0000059614,2026-07-27,p_00371,Books,310,10,244,bank_card,0,,54.34
ord_000004871,u_032671,ss_00107915,clk_0000059623,2026-07-15,p_04192,Fashion,1047,0,0,bank_card,1,2026-08-03,-31.41
ord_000004872,u_032673,ss_00107927,clk_0000059630,2026-07-16,p_02709,Electronics,3118,0,0,installment,0,,416.56
ord_000004873,u_032677,ss_00107939,clk_0000059634,2026-07-01,p_04184,FMCG,537,0,277,cash_on_delivery,0,,75.66
ord_000004874,u_032687,ss_00107963,clk_0000059647,2026-07-12,p_04098,Fashion,1218,25,204,ozon_card,0,,218.27
ord_000004875,u_032693,ss_00107983,clk_0000059655,2026-07-13,p_00098,Pet,268,14,0,sberpay,0,,58.24
ord_000004876,u_032700,ss_00108006,clk_0000059667,2026-07-11,p_03962,Electronics,7123,792,,bank_card,0,,1055.63
ord_000004877,u_032701,ss_00108013,clk_0000059671,2026-07-22,p_04159,Home,470,52,267,bank_card,0,,64.39
ord_000004878,u_032706,ss_00108056,clk_0000059701,2026-07-04,p_00604,Auto,928,49,213,bank_card,0,,203.97
ord_000004879,u_032721,ss_00108097,clk_0000059720,2026-07-24,p_03284,Auto,2653,0,290,bank_card,0,,540.15
ord_000004880,u_032723,ss_00108103,clk_0000059723,2026-07-05,p_02918,FMCG,408,0,239,bank_card,0,,42.88
ord_000004881,u_032730,ss_00108129,clk_0000059735,2026-07-19,p_00572,Electronics,2059,0,187,sberpay,0,,275.08
ord_000004882,u_032738,ss_00108152,clk_0000059748,2026-07-17,p_00238,FMCG,327,0,200,cash_on_delivery,0,,21.48
ord_000004883,u_032739,ss_00108157,clk_0000059751,2026-07-01,p_01288,Electronics,4884,257,0,bank_card,0,,318.44
ord_000004884,u_032741,ss_00108186,clk_0000059782,2026-07-14,p_01200,Electronics,2305,121,0,bank_card,0,,332.84
ord_000004885,u_032747,ss_00108201,clk_0000059793,2026-07-17,p_01731,Beauty,2222,0,144,sberpay,0,,680.6
ord_000004886,u_032758,ss_00108243,clk_0000059820,2026-07-20,p_03524,Electronics,19733,2193,0,sberpay,0,,943.24
ord_000004887,u_032761,ss_00108250,clk_0000059824,2026-07-02,p_03959,Fashion,1248,66,257,bank_card,0,,282.8
ord_000004888,u_032772,ss_00108274,clk_0000059836,2026-07-21,p_01603,Pet,922,29,194,ozon_card,0,,242.58
ord_000004889,u_032780,ss_00108301,clk_0000059849,2026-07-10,p_03888,Fashion,1716,90,,bank_card,0,,439.81
ord_000004890,u_032785,ss_00108319,clk_0000059859,2026-07-09,p_02317,Auto,885,27,169,bank_card,0,,60.8
ord_000004891,u_032793,ss_00108346,clk_0000059871,2026-07-19,p_03131,FMCG,420,0,230,ozon_card,0,,29.9
ord_000004892,u_032796,ss_00108358,clk_0000059880,2026-07-09,p_03695,Sports,530,28,127,ozon_card,0,,121.85
ord_000004893,u_032813,ss_00108407,clk_0000059904,2026-07-21,p_01552,Home,1881,58,188,sberpay,0,,350.81
ord_000004894,u_032830,ss_00108456,clk_0000059926,2026-07-02,p_03834,Fashion,2122,0,117,ozon_card,0,,451.14
ord_000004895,u_032834,ss_00108467,clk_0000059935,2026-07-12,p_00862,Sports,645,0,181,bank_card,0,,134.35
ord_000004896,u_032840,ss_00108481,clk_0000059941,2026-07-02,p_01693,Kids,1534,47,103,bank_card,1,2026-07-24,-46.02
ord_000004897,u_032841,ss_00108482,clk_0000059943,2026-07-19,p_01164,Home,2590,80,0,bank_card,0,,549.08
ord_000004898,u_032842,ss_00108487,clk_0000059946,2026-07-30,p_02566,Sports,888,99,180,ozon_card,0,,228.57
ord_000004899,u_032846,ss_00108495,clk_0000059949,2026-07-02,p_00683,Books,463,0,269,sberpay,0,,73.43
ord_000004900,u_032852,ss_00108518,clk_0000059960,2026-07-06,p_01295,Fashion,2393,49,0,cash_on_delivery,0,,521.67
ord_000004901,u_032853,ss_00108526,clk_0000059963,2026-07-23,p_04385,Home,1471,77,320,ozon_card,0,,384.81
ord_000004902,u_032859,ss_00108565,clk_0000060001,2026-07-14,p_02807,Fashion,2092,43,0,ozon_card,0,,433.67
ord_000004903,u_032875,ss_00108626,clk_0000060035,2026-07-04,p_03007,Electronics,2976,92,278,sberpay,0,,266.95
ord_000004904,u_032876,ss_00108630,clk_0000060036,2026-07-09,p_02698,Sports,2051,108,233,bank_card,0,,442.61
ord_000004905,u_032878,ss_00108642,clk_0000060045,2026-07-15,p_03207,Sports,1967,61,368,bank_card,0,,370.39
ord_000004906,u_032879,ss_00108644,clk_0000060048,2026-07-19,p_00008,Books,94,5,255,sberpay,0,,12.77
ord_000004907,u_032889,ss_00108681,clk_0000060066,2026-07-02,p_03049,Kids,2568,0,247,bank_card,1,2026-07-27,-77.04
ord_000004908,u_032901,ss_00108717,clk_0000060082,2026-07-29,p_00537,Electronics,3308,0,0,bank_card,0,,299.37
ord_000004909,u_032911,ss_00108743,clk_0000060101,2026-07-13,p_02182,FMCG,201,11,0,bank_card,0,,23.7
ord_000004910,u_032917,ss_00108756,clk_0000060108,2026-07-02,p_01719,Beauty,895,99,0,bank_card,0,,165.4
ord_000004911,u_032918,ss_00108762,clk_0000060110,2026-07-06,p_02144,Beauty,788,0,0,ozon_card,0,,227.18
ord_000004912,u_032923,ss_00108784,clk_0000060116,2026-07-16,p_01739,Beauty,583,44,284,ozon_card,0,,154.32
ord_000004913,u_032924,ss_00108786,clk_0000060117,2026-07-16,p_02788,Electronics,3235,360,0,ozon_card,0,,501.75
ord_000004914,u_032933,ss_00108816,clk_0000060136,2026-07-10,p_02522,Beauty,467,35,0,bank_card,0,,141.5
ord_000004915,u_032941,ss_00108838,clk_0000060144,2026-07-16,p_02800,Beauty,590,31,0,bank_card,0,,191.04
ord_000004916,u_032947,ss_00108857,clk_0000060156,2026-07-18,p_03188,Pet,432,0,155,ozon_card,0,,94.22
ord_000004917,u_032955,ss_00108882,clk_0000060177,2026-07-04,p_04405,Books,337,0,0,installment,0,,62.28
ord_000004918,u_032978,ss_00108949,clk_0000060212,2026-07-14,p_04181,Electronics,4699,0,0,ozon_card,0,,814.34
ord_000004919,u_032980,ss_00108961,clk_0000060215,2026-07-10,p_01928,Home,3872,204,233,bank_card,0,,561.83
ord_000004920,u_032984,ss_00108973,clk_0000060221,2026-07-07,p_03958,Fashion,1295,98,334,ozon_card,0,,361.95
ord_000004921,u_032993,ss_00108997,clk_0000060239,2026-07-06,p_03677,Auto,2305,0,71,ozon_card,0,,309.33
ord_000004922,u_032997,ss_00109010,clk_0000060247,2026-07-06,p_02336,Home,722,38,285,installment,0,,147.14
ord_000004923,u_033002,ss_00109024,clk_0000060255,2026-07-30,p_02657,Pet,332,17,387,bank_card,0,,69.75
ord_000004924,u_033011,ss_00109057,clk_0000060272,2026-07-02,p_02926,Home,3010,0,0,sberpay,0,,710.36
ord_000004925,u_033018,ss_00109078,clk_0000060287,2026-07-13,p_02375,Home,2772,86,268,ozon_card,0,,493.69
ord_000004926,u_033021,ss_00109087,clk_0000060290,2026-07-01,p_03893,Home,3901,433,0,ozon_card,0,,612.85
ord_000004927,u_033027,ss_00109107,clk_0000060303,2026-07-14,p_03492,Sports,575,30,,ozon_card,0,,122.19
ord_000004928,u_033032,ss_00109124,clk_0000060313,2026-07-06,p_00255,FMCG,212,11,351,bank_card,0,,34.9
ord_000004929,u_033043,ss_00109155,clk_0000060327,2026-07-27,p_00340,Kids,909,160,244,bank_card,0,,221.16
ord_000004930,u_033043,ss_00109156,clk_0000060329,2026-07-20,p_01852,Home,1750,0,251,bank_card,0,,394.98
ord_000004931,u_033045,ss_00109166,clk_0000060334,2026-07-14,p_01452,Books,583,0,375,ozon_card,0,,80.63
ord_000004932,u_033053,ss_00109196,clk_0000060344,2026-07-15,p_00085,Beauty,490,10,0,ozon_card,0,,105.69
ord_000004933,u_033066,ss_00109246,clk_0000060379,2026-07-25,p_03156,FMCG,456,0,0,bank_card,0,,63.2
ord_000004934,u_033086,ss_00109307,clk_0000060402,2026-07-24,p_00471,Auto,1966,0,362,cash_on_delivery,0,,284.09
ord_000004935,u_033087,ss_00109311,clk_0000060405,2026-07-22,p_00714,Electronics,2471,0,282,sberpay,0,,294.79
ord_000004936,u_033110,ss_00109376,clk_0000060445,2026-07-03,p_00570,Electronics,354,0,136,bank_card,0,,49.91
ord_000004937,u_033115,ss_00109395,clk_0000060458,2026-07-23,p_00159,Pet,1086,0,,ozon_card,0,,160.19
ord_000004938,u_033121,ss_00109414,clk_0000060471,2026-07-11,p_01012,Books,138,7,301,cash_on_delivery,1,2026-08-09,-4.14
ord_000004939,u_033128,ss_00109439,clk_0000060484,2026-07-19,p_03067,Books,186,21,107,bank_card,0,,33.37
ord_000004940,u_033132,ss_00109455,clk_0000060502,2026-07-22,p_00983,Home,2463,274,0,bank_card,0,,602.7
ord_000004941,u_033132,ss_00109456,clk_0000060505,2026-07-10,p_03586,Home,1087,0,0,cash_on_delivery,0,,227.07
ord_000004942,u_033139,ss_00109479,clk_0000060516,2026-07-15,p_00174,Sports,1045,0,116,ozon_card,0,,244.32
ord_000004943,u_033139,ss_00109484,clk_0000060520,2026-07-16,p_00040,Fashion,1208,64,197,bank_card,1,2026-08-17,-36.24
ord_000004944,u_033141,ss_00109487,clk_0000060522,2026-07-06,p_02984,Beauty,270,6,,cash_on_delivery,0,,69.23
ord_000004945,u_033141,ss_00109488,clk_0000060523,2026-07-04,p_00826,Kids,1162,0,218,ozon_card,0,,214.27
ord_000004946,u_033143,ss_00109494,clk_0000060526,2026-07-01,p_02841,Books,276,0,225,bank_card,1,2026-08-03,-8.28
ord_000004947,u_033146,ss_00109500,clk_0000060530,2026-07-08,p_00089,Beauty,495,67,0,sberpay,0,,122.36
ord_000004948,u_033164,ss_00109571,clk_0000060558,2026-07-29,p_02922,Sports,1287,68,297,bank_card,0,,196.91
ord_000004949,u_033172,ss_00109596,clk_0000060570,2026-07-13,p_01198,Books,176,5,0,ozon_card,0,,24.02
ord_000004950,u_033176,ss_00109615,clk_0000060577,2026-07-17,p_03595,Auto,1763,93,272,bank_card,0,,360.0
ord_000004951,u_033179,ss_00109626,clk_0000060586,2026-07-21,p_01178,Electronics,6081,0,119,bank_card,0,,723.64
ord_000004952,u_033190,ss_00109659,clk_0000060603,2026-07-25,p_03946,Pet,551,0,171,ozon_card,0,,84.25
ord_000004953,u_033198,ss_00109689,clk_0000060618,2026-07-04,p_03751,Fashion,1237,38,298,bank_card,0,,325.95
ord_000004954,u_033216,ss_00109736,clk_0000060641,2026-07-22,p_04167,Home,1652,0,0,ozon_card,0,,361.79
ord_000004955,u_033219,ss_00109744,clk_0000060648,2026-07-04,p_03413,Kids,1318,0,,ozon_card,0,,314.74
ord_000004956,u_033222,ss_00109759,clk_0000060652,2026-07-07,p_01313,Fashion,2494,131,109,sberpay,0,,257.88
ord_000004957,u_033224,ss_00109767,clk_0000060658,2026-07-23,p_02909,Beauty,469,15,95,ozon_card,0,,113.59
ord_000004958,u_033231,ss_00109788,clk_0000060666,2026-07-17,p_03049,Kids,2311,257,63,bank_card,0,,491.78
ord_000004959,u_033234,ss_00109796,clk_0000060672,2026-07-30,p_01019,Beauty,1034,182,179,bank_card,0,,333.15
ord_000004960,u_033235,ss_00109798,clk_0000060674,2026-07-30,p_00431,Auto,620,0,0,installment,0,,143.96
ord_000004961,u_033242,ss_00109821,clk_0000060685,2026-07-22,p_01990,Fashion,1213,91,227,ozon_card,0,,253.15
ord_000004962,u_033250,ss_00109850,clk_0000060694,2026-07-10,p_02562,Fashion,2034,0,199,bank_card,0,,319.74
ord_000004963,u_033258,ss_00109870,clk_0000060706,2026-07-23,p_00440,Fashion,2058,281,0,ozon_card,0,,466.55
ord_000004964,u_033258,ss_00109870,clk_0000060708,2026-07-23,p_01124,Electronics,3302,174,0,sberpay,0,,549.78
ord_000004965,u_033271,ss_00109910,clk_0000060724,2026-07-26,p_01160,Home,1288,40,0,bank_card,0,,337.71
ord_000004966,u_033272,ss_00109914,clk_0000060728,2026-07-25,p_02290,Electronics,2733,0,273,ozon_card,0,,221.65
ord_000004967,u_033274,ss_00109919,clk_0000060730,2026-07-05,p_02489,Fashion,1752,0,214,bank_card,0,,355.66
ord_000004968,u_033283,ss_00109952,clk_0000060745,2026-07-22,p_03809,Electronics,2838,0,0,installment,0,,211.15
ord_000004969,u_033285,ss_00109963,clk_0000060753,2026-07-19,p_01558,Electronics,4411,0,0,sberpay,0,,900.73
ord_000004970,u_033290,ss_00109976,clk_0000060761,2026-07-30,p_03030,FMCG,649,0,159,bank_card,0,,69.7
ord_000004971,u_033297,ss_00109993,clk_0000060771,2026-07-08,p_01949,Pet,1243,0,330,bank_card,0,,274.95
ord_000004972,u_033310,ss_00110030,clk_0000060788,2026-07-09,p_00961,Kids,797,25,193,sberpay,0,,158.6
ord_000004973,u_033314,ss_00110043,clk_0000060792,2026-07-02,p_01049,Home,3283,102,0,bank_card,1,2026-07-31,-98.49
ord_000004974,u_033318,ss_00110053,clk_0000060800,2026-07-04,p_01987,Kids,1305,0,137,cash_on_delivery,0,,238.95
ord_000004975,u_033329,ss_00110086,clk_0000060812,2026-07-02,p_03501,Auto,1996,105,220,installment,0,,399.0
ord_000004976,u_033333,ss_00110105,clk_0000060826,2026-07-27,p_00737,Electronics,3082,342,0,ozon_card,0,,509.45
ord_000004977,u_033359,ss_00110182,clk_0000060866,2026-07-15,p_04497,Electronics,4044,125,0,bank_card,0,,368.81
ord_000004978,u_033386,ss_00110245,clk_0000060894,2026-07-02,p_00699,Kids,1580,279,,ozon_card,0,,310.63
ord_000004979,u_033388,ss_00110254,clk_0000060899,2026-07-13,p_01043,Fashion,1329,70,190,cash_on_delivery,0,,363.75
ord_000004980,u_033390,ss_00110259,clk_0000060901,2026-07-09,p_00737,Electronics,3082,342,0,ozon_card,0,,509.45
ord_000004981,u_033391,ss_00110260,clk_0000060903,2026-07-06,p_00518,FMCG,403,0,259,ozon_card,0,,16.93
ord_000004982,u_033403,ss_00110292,clk_0000060917,2026-07-19,p_00866,Sports,1840,97,259,ozon_card,0,,361.74
ord_000004983,u_033405,ss_00110298,clk_0000060920,2026-07-08,p_01292,Fashion,1653,0,0,ozon_card,0,,349.61
ord_000004984,u_033409,ss_00110318,clk_0000060938,2026-07-01,p_04398,Beauty,838,17,0,bank_card,0,,220.73
ord_000004985,u_033409,ss_00110320,clk_0000060939,2026-07-17,p_00835,Auto,1245,0,0,bank_card,0,,172.68
ord_000004986,u_033409,ss_00110320,clk_0000060940,2026-07-17,p_00115,Beauty,575,30,190,ozon_card,0,,134.61
ord_000004987,u_033412,ss_00110327,clk_0000060943,2026-07-20,p_02300,Fashion,1527,80,181,installment,0,,434.74
ord_000004988,u_033415,ss_00110337,clk_0000060948,2026-07-02,p_02981,Electronics,2198,244,182,bank_card,0,,268.82
ord_000004989,u_033418,ss_00110344,clk_0000060952,2026-07-15,p_00174,Sports,993,52,0,bank_card,0,,232.16
ord_000004990,u_033420,ss_00110350,clk_0000060955,2026-07-30,p_03894,Fashion,1911,144,177,ozon_card,0,,331.37
ord_000004991,u_033423,ss_00110356,clk_0000060958,2026-07-08,p_01553,Pet,654,20,159,bank_card,0,,84.5
ord_000004992,u_033440,ss_00110409,clk_0000060978,2026-07-27,p_02016,Fashion,1358,71,121,bank_card,1,2026-08-01,-40.74
ord_000004993,u_033441,ss_00110414,clk_0000060979,2026-07-03,p_03933,Kids,929,0,223,ozon_card,0,,139.07
ord_000004994,u_033447,ss_00110438,clk_0000060994,2026-07-18,p_04057,Books,218,12,88,bank_card,0,,34.75
ord_000004995,u_033455,ss_00110460,clk_0000061010,2026-07-09,p_00774,Electronics,3668,0,0,bank_card,0,,213.84
ord_000004996,u_033462,ss_00110483,clk_0000061022,2026-07-04,p_01377,Beauty,1369,103,198,cash_on_delivery,0,,403.99
ord_000004997,u_033475,ss_00110520,clk_0000061043,2026-07-19,p_02477,Electronics,7345,816,114,cash_on_delivery,0,,852.02
ord_000004998,u_033475,ss_00110520,clk_0000061044,2026-07-19,p_03063,Electronics,5821,306,254,ozon_card,0,,664.18
ord_000004999,u_033485,ss_00110551,clk_0000061056,2026-07-04,p_04035,Fashion,1012,76,203,ozon_card,0,,220.31
ord_000005000,u_033488,ss_00110569,clk_0000061074,2026-07-07,p_04317,Auto,1000,53,155,ozon_card,0,,177.0
ord_000005001,u_033489,ss_00110574,clk_0000061077,2026-07-30,p_02197,Books,152,17,127,cash_on_delivery,0,,19.71
ord_000005002,u_033493,ss_00110591,clk_0000061088,2026-07-07,p_02093,Sports,556,0,100,bank_card,0,,121.54
ord_000005003,u_033493,ss_00110596,clk_0000061091,2026-07-27,p_02356,Beauty,990,52,,bank_card,0,,263.44
ord_000005004,u_033497,ss_00110604,clk_0000061095,2026-07-01,p_03805,Electronics,2094,370,246,bank_card,0,,250.86
ord_000005005,u_033500,ss_00110614,clk_0000061104,2026-07-06,p_01085,Fashion,606,12,284,ozon_card,0,,160.77
ord_000005006,u_033500,ss_00110623,clk_0000061110,2026-07-24,p_02650,Auto,1399,156,152,bank_card,1,2026-08-05,-41.97
ord_000005007,u_033505,ss_00110637,clk_0000061116,2026-07-28,p_00957,Home,1002,31,197,bank_card,0,,133.97
ord_000005008,u_033511,ss_00110661,clk_0000061128,2026-07-09,p_01653,Auto,3440,106,0,bank_card,0,,752.67
ord_000005009,u_033512,ss_00110662,clk_0000061129,2026-07-04,p_02176,Beauty,871,18,115,cash_on_delivery,0,,238.65
ord_000005010,u_033512,ss_00110663,clk_0000061130,2026-07-21,p_01852,Home,1750,0,113,ozon_card,0,,394.98
ord_000005011,u_033536,ss_00110740,clk_0000061184,2026-07-21,p_04004,FMCG,217,0,347,cash_on_delivery,0,,39.32
ord_000005012,u_033536,ss_00110745,clk_0000061186,2026-07-24,p_02578,Books,557,17,0,ozon_card,0,,67.4
ord_000005013,u_033539,ss_00110755,clk_0000061193,2026-07-05,p_00741,Sports,672,35,,bank_card,0,,189.5
ord_000005014,u_033541,ss_00110762,clk_0000061201,2026-07-18,p_04432,Beauty,417,9,0,bank_card,0,,113.97
ord_000005015,u_033561,ss_00110834,clk_0000061233,2026-07-16,p_03851,Sports,779,87,71,installment,0,,171.07
ord_000005016,u_033570,ss_00110864,clk_0000061244,2026-07-26,p_02793,Auto,1607,50,0,sberpay,0,,254.87
ord_000005017,u_033575,ss_00110877,clk_0000061250,2026-07-26,p_01899,Home,674,0,288,bank_card,0,,123.0
ord_000005018,u_033581,ss_00110901,clk_0000061265,2026-07-07,p_01613,Fashion,2429,50,152,sberpay,0,,533.41
ord_000005019,u_033586,ss_00110914,clk_0000061269,2026-07-20,p_04337,Beauty,714,15,2,bank_card,0,,198.49
ord_000005020,u_033598,ss_00110955,clk_0000061298,2026-07-27,p_03970,Electronics,3819,0,0,bank_card,0,,515.18
ord_000005021,u_033610,ss_00110999,clk_0000061318,2026-07-22,p_02982,Fashion,660,35,0,installment,0,,131.93
ord_000005022,u_033610,ss_00111001,clk_0000061319,2026-07-01,p_02882,Books,142,8,0,sberpay,0,,26.3
ord_000005023,u_033617,ss_00111014,clk_0000061327,2026-07-23,p_01927,Sports,1407,44,174,bank_card,0,,370.74
ord_000005024,u_033623,ss_00111031,clk_0000061335,2026-07-27,p_04136,Fashion,949,50,255,bank_card,1,2026-08-28,-28.47
ord_000005025,u_033636,ss_00111072,clk_0000061354,2026-07-07,p_03718,Pet,1327,0,249,sberpay,1,2026-07-28,-39.81
ord_000005026,u_033643,ss_00111091,clk_0000061367,2026-07-29,p_01246,Fashion,930,19,14,bank_card,0,,291.28
ord_000005027,u_033643,ss_00111091,clk_0000061369,2026-07-29,p_02466,Kids,1074,57,174,bank_card,0,,119.21
ord_000005028,u_033671,ss_00111175,clk_0000061414,2026-07-11,p_03337,Fashion,1891,58,160,bank_card,0,,444.38
ord_000005029,u_033678,ss_00111199,clk_0000061421,2026-07-06,p_00583,Sports,737,0,262,sberpay,0,,191.91
ord_000005030,u_033701,ss_00111282,clk_0000061460,2026-07-17,p_00215,Pet,398,21,158,ozon_card,0,,80.67
ord_000005031,u_033709,ss_00111303,clk_0000061474,2026-07-27,p_01011,Electronics,1508,0,57,cash_on_delivery,0,,123.35
ord_000005032,u_033719,ss_00111323,clk_0000061489,2026-07-03,p_02196,Pet,1138,0,262,installment,0,,105.04
ord_000005033,u_033728,ss_00111349,clk_0000061502,2026-07-16,p_03677,Auto,2305,0,156,ozon_card,0,,309.33
ord_000005034,u_033735,ss_00111377,clk_0000061514,2026-07-17,p_04054,Sports,1106,34,0,bank_card,0,,239.12
ord_000005035,u_033735,ss_00111379,clk_0000061515,2026-07-19,p_03930,Fashion,892,0,123,bank_card,0,,271.7
ord_000005036,u_033737,ss_00111386,clk_0000061520,2026-07-22,p_02957,FMCG,434,23,232,bank_card,0,,83.15
ord_000005037,u_033739,ss_00111393,clk_0000061524,2026-07-10,p_02642,Auto,2058,64,143,installment,0,,255.6
ord_000005038,u_033744,ss_00111414,clk_0000061541,2026-07-08,p_01877,Beauty,574,0,135,bank_card,0,,154.41
ord_000005039,u_033752,ss_00111436,clk_0000061549,2026-07-17,p_03884,Beauty,1068,22,228,installment,0,,376.36
ord_000005040,u_033759,ss_00111449,clk_0000061561,2026-07-08,p_01536,FMCG,190,0,108,bank_card,0,,16.62
ord_000005041,u_033773,ss_00111495,clk_0000061583,2026-07-18,p_03707,Home,581,0,134,ozon_card,0,,128.58
ord_000005042,u_033774,ss_00111496,clk_0000061584,2026-07-01,p_04208,FMCG,696,0,91,sberpay,0,,60.48
ord_000005043,u_033779,ss_00111510,clk_0000061593,2026-07-16,p_00772,Electronics,3249,0,135,installment,0,,559.8
ord_000005044,u_033793,ss_00111547,clk_0000061614,2026-07-25,p_01610,Sports,1149,0,114,ozon_card,0,,200.39
ord_000005045,u_033794,ss_00111550,clk_0000061615,2026-07-16,p_01335,Electronics,5053,562,0,installment,0,,863.56
ord_000005046,u_033797,ss_00111560,clk_0000061617,2026-07-27,p_04457,Electronics,2224,392,94,sberpay,0,,180.37
ord_000005047,u_033802,ss_00111582,clk_0000061628,2026-07-08,p_01302,FMCG,248,13,0,bank_card,0,,40.57
ord_000005048,u_033804,ss_00111589,clk_0000061631,2026-07-13,p_01677,FMCG,735,39,261,bank_card,0,,85.26
ord_000005049,u_033805,ss_00111591,clk_0000061633,2026-07-17,p_03555,Kids,1052,0,311,bank_card,0,,176.74
ord_000005050,u_033811,ss_00111604,clk_0000061639,2026-07-08,p_03978,Kids,979,0,,sberpay,0,,107.3
ord_000005051,u_033829,ss_00111663,clk_0000061666,2026-07-16,p_03945,Sports,796,42,205,bank_card,0,,159.2
ord_000005052,u_033831,ss_00111670,clk_0000061667,2026-07-11,p_03418,Home,859,96,190,bank_card,0,,173.52
ord_000005053,u_033833,ss_00111678,clk_0000061679,2026-07-02,p_02498,Pet,813,143,181,ozon_card,0,,122.93
ord_000005054,u_033835,ss_00111682,clk_0000061683,2026-07-01,p_00685,Fashion,900,18,115,sberpay,0,,201.69
ord_000005055,u_033837,ss_00111688,clk_0000061686,2026-07-27,p_03014,Fashion,1814,137,443,ozon_card,0,,497.76
ord_000005056,u_033843,ss_00111705,clk_0000061695,2026-07-01,p_03095,Electronics,4039,449,221,ozon_card,0,,306.96
ord_000005057,u_033855,ss_00111741,clk_0000061716,2026-07-09,p_04384,Kids,849,0,302,ozon_card,0,,95.17
ord_000005058,u_033857,ss_00111744,clk_0000061718,2026-07-14,p_01576,Fashion,2990,225,,bank_card,0,,632.98
ord_000005059,u_033861,ss_00111754,clk_0000061723,2026-07-14,p_03056,Fashion,2303,256,160,bank_card,1,2026-08-15,-69.09
ord_000005060,u_033862,ss_00111757,clk_0000061724,2026-07-08,p_03137,Auto,2104,111,294,bank_card,0,,355.58
ord_000005061,u_033862,ss_00111760,clk_0000061725,2026-07-03,p_01406,Home,4647,0,0,bank_card,0,,396.85
ord_000005062,u_033875,ss_00111798,clk_0000061737,2026-07-13,p_02874,Electronics,10003,526,0,bank_card,0,,720.22
ord_000005063,u_033895,ss_00111866,clk_0000061785,2026-07-18,p_00557,Electronics,2001,222,298,ozon_card,0,,240.52
ord_000005064,u_033899,ss_00111882,clk_0000061791,2026-07-11,p_00313,FMCG,804,0,193,sberpay,0,,61.67
ord_000005065,u_033904,ss_00111900,clk_0000061801,2026-07-10,p_01153,Home,3911,434,0,bank_card,0,,754.04
ord_000005066,u_033906,ss_00111904,clk_0000061805,2026-07-06,p_02239,Beauty,653,34,185,bank_card,0,,186.1
ord_000005067,u_033920,ss_00111942,clk_0000061823,2026-07-21,p_01485,Auto,1081,33,0,sberpay,0,,152.42
ord_000005068,u_033924,ss_00111954,clk_0000061832,2026-07-03,p_04101,Beauty,1194,63,245,ozon_card,0,,359.04
ord_000005069,u_033929,ss_00111976,clk_0000061841,2026-07-01,p_01099,Auto,2100,0,,sberpay,0,,391.86
ord_000005070,u_033945,ss_00112023,clk_0000061858,2026-07-01,p_02983,Fashion,1314,69,104,ozon_card,0,,304.85
ord_000005071,u_033953,ss_00112043,clk_0000061866,2026-07-15,p_00094,Beauty,793,25,146,bank_card,0,,318.71
ord_000005072,u_033955,ss_00112051,clk_0000061870,2026-07-21,p_00978,Auto,448,50,66,bank_card,0,,54.12
ord_000005073,u_033957,ss_00112057,clk_0000061876,2026-07-03,p_03710,Home,2229,0,184,sberpay,0,,527.38
ord_000005074,u_033960,ss_00112064,clk_0000061880,2026-07-30,p_00630,Kids,1277,0,219,bank_card,0,,299.84
ord_000005075,u_033963,ss_00112074,clk_0000061889,2026-07-01,p_00553,Fashion,2369,0,0,ozon_card,0,,530.42
ord_000005076,u_033968,ss_00112121,clk_0000061933,2026-07-25,p_01279,Fashion,1826,249,243,bank_card,0,,511.83
ord_000005077,u_033982,ss_00112162,clk_0000061956,2026-07-29,p_04024,Electronics,2584,0,200,ozon_card,0,,250.91
ord_000005078,u_033983,ss_00112169,clk_0000061962,2026-07-01,p_03659,Fashion,855,45,170,bank_card,1,2026-07-24,-25.65
ord_000005079,u_033992,ss_00112197,clk_0000061983,2026-07-19,p_00984,Fashion,1500,265,0,bank_card,0,,253.65
ord_000005080,u_034028,ss_00112317,clk_0000062054,2026-07-07,p_01223,Beauty,270,14,170,bank_card,0,,81.22
ord_000005081,u_034029,ss_00112318,clk_0000062055,2026-07-27,p_01436,Pet,811,0,195,bank_card,0,,197.64
ord_000005082,u_034032,ss_00112330,clk_0000062061,2026-07-22,p_02223,Electronics,1902,59,191,sberpay,0,,353.77
ord_000005083,u_034040,ss_00112351,clk_0000062075,2026-07-19,p_00094,Beauty,720,98,143,installment,0,,289.37
ord_000005084,u_034054,ss_00112389,clk_0000062100,2026-07-27,p_03801,Kids,1453,161,100,bank_card,0,,369.21
ord_000005085,u_034054,ss_00112391,clk_0000062103,2026-07-25,p_01263,FMCG,533,0,153,sberpay,0,,56.02
ord_000005086,u_034070,ss_00112447,clk_0000062129,2026-07-07,p_00572,Electronics,2059,0,164,ozon_card,0,,275.08
ord_000005087,u_034075,ss_00112465,clk_0000062135,2026-07-28,p_02617,Auto,2963,329,270,bank_card,0,,590.23
ord_000005088,u_034076,ss_00112468,clk_0000062138,2026-07-06,p_02108,Kids,2136,0,259,cash_on_delivery,0,,415.88
ord_000005089,u_034079,ss_00112478,clk_0000062142,2026-07-02,p_03043,Kids,2327,0,249,bank_card,0,,574.54
ord_000005090,u_034080,ss_00112479,clk_0000062143,2026-07-17,p_02684,FMCG,572,0,234,sberpay,0,,86.03
ord_000005091,u_034083,ss_00112488,clk_0000062149,2026-07-12,p_00087,Electronics,3274,172,65,cash_on_delivery,0,,130.96
ord_000005092,u_034093,ss_00112524,clk_0000062170,2026-07-22,p_02891,Sports,1093,58,107,sberpay,0,,183.41
ord_000005093,u_034100,ss_00112551,clk_0000062179,2026-07-12,p_03674,Beauty,521,58,325,ozon_card,0,,139.78
ord_000005094,u_034102,ss_00112566,clk_0000062187,2026-07-02,p_02504,Home,2387,74,0,bank_card,0,,461.88
ord_000005095,u_034104,ss_00112577,clk_0000062193,2026-07-15,p_03476,Kids,615,0,245,bank_card,0,,149.2
ord_000005096,u_034122,ss_00112629,clk_0000062221,2026-07-20,p_03402,Electronics,5002,0,0,ozon_card,0,,648.26
ord_000005097,u_034130,ss_00112666,clk_0000062246,2026-07-01,p_03269,Fashion,754,57,182,bank_card,1,2026-08-04,-22.62
ord_000005098,u_034132,ss_00112672,clk_0000062250,2026-07-17,p_02625,Home,649,0,332,bank_card,0,,120.71
ord_000005099,u_034138,ss_00112696,clk_0000062259,2026-07-24,p_02446,Beauty,974,73,119,bank_card,0,,322.2
ord_000005100,u_034141,ss_00112708,clk_0000062261,2026-07-13,p_00962,Auto,2359,73,263,ozon_card,0,,785.31
ord_000005101,u_034163,ss_00112785,clk_0000062292,2026-07-06,p_02994,Auto,3314,103,0,sberpay,0,,304.23
ord_000005102,u_034169,ss_00112808,clk_0000062303,2026-07-13,p_00518,FMCG,403,0,272,bank_card,0,,16.93
ord_000005103,u_034173,ss_00112820,clk_0000062306,2026-07-19,p_02662,Pet,683,0,228,ozon_card,0,,130.11
ord_000005104,u_034175,ss_00112826,clk_0000062309,2026-07-17,p_01930,Sports,446,0,0,ozon_card,0,,88.35
ord_000005105,u_034175,ss_00112829,clk_0000062312,2026-07-16,p_01293,Auto,1786,55,0,bank_card,0,,372.38
ord_000005106,u_034181,ss_00112855,clk_0000062322,2026-07-03,p_00531,Sports,2257,119,191,cash_on_delivery,0,,387.75
ord_000005107,u_034187,ss_00112879,clk_0000062331,2026-07-07,p_02869,Books,474,53,190,sberpay,0,,103.33
ord_000005108,u_034190,ss_00112893,clk_0000062338,2026-07-05,p_03644,Pet,562,17,345,installment,0,,69.18
ord_000005109,u_034190,ss_00112895,clk_0000062340,2026-07-20,p_00298,Fashion,856,0,90,ozon_card,0,,255.0
ord_000005110,u_034193,ss_00112901,clk_0000062343,2026-07-09,p_01761,Pet,2051,108,237,sberpay,0,,424.15
ord_000005111,u_034194,ss_00112907,clk_0000062345,2026-07-21,p_04219,FMCG,468,0,165,cash_on_delivery,0,,81.99
ord_000005112,u_034197,ss_00112911,clk_0000062348,2026-07-27,p_03667,Kids,932,29,197,installment,0,,152.1
ord_000005113,u_034203,ss_00112927,clk_0000062357,2026-07-16,p_02953,Electronics,8408,934,0,ozon_card,0,,638.17
ord_000005114,u_034218,ss_00113004,clk_0000062407,2026-07-29,p_02994,Auto,3246,171,0,bank_card,0,,297.98
ord_000005115,u_034224,ss_00113021,clk_0000062418,2026-07-30,p_01842,Beauty,768,0,185,cash_on_delivery,0,,235.08
ord_000005116,u_034228,ss_00113028,clk_0000062423,2026-07-12,p_04104,Pet,998,0,284,bank_card,0,,218.36
ord_000005117,u_034232,ss_00113038,clk_0000062433,2026-07-02,p_03591,Fashion,1951,0,183,bank_card,0,,379.08
ord_000005118,u_034240,ss_00113070,clk_0000062445,2026-07-30,p_01370,Home,1366,0,194,sberpay,0,,295.06
ord_000005119,u_034255,ss_00113115,clk_0000062467,2026-07-18,p_03750,Sports,1233,38,312,bank_card,0,,279.64
ord_000005120,u_034256,ss_00113120,clk_0000062470,2026-07-02,p_00959,Kids,986,110,0,cash_on_delivery,0,,232.99
ord_000005121,u_034273,ss_00113185,clk_0000062520,2026-07-08,p_00772,Electronics,3087,162,0,ozon_card,0,,531.89
ord_000005122,u_034274,ss_00113191,clk_0000062521,2026-07-17,p_00582,Sports,1309,231,200,bank_card,0,,269.92
ord_000005123,u_034277,ss_00113216,clk_0000062543,2026-07-12,p_04093,Home,1757,0,219,sberpay,0,,297.64
ord_000005124,u_034278,ss_00113221,clk_0000062545,2026-07-30,p_00591,Home,1734,0,46,bank_card,0,,374.37
ord_000005125,u_034278,ss_00113221,clk_0000062546,2026-07-30,p_00076,Electronics,5483,0,0,ozon_card,1,2026-08-15,-164.49
ord_000005126,u_034286,ss_00113241,clk_0000062553,2026-07-26,p_04454,Fashion,2156,114,398,cash_on_delivery,0,,643.78
ord_000005127,u_034288,ss_00113247,clk_0000062558,2026-07-10,p_01821,Home,1738,193,0,bank_card,0,,328.13
ord_000005128,u_034294,ss_00113269,clk_0000062563,2026-07-10,p_03482,Auto,3269,363,113,bank_card,0,,490.02
ord_000005129,u_034299,ss_00113289,clk_0000062575,2026-07-02,p_01034,Kids,840,0,0,sberpay,0,,149.6
ord_000005130,u_034308,ss_00113326,clk_0000062597,2026-07-27,p_00403,Home,3334,175,0,ozon_card,0,,943.19
ord_000005131,u_034328,ss_00113385,clk_0000062626,2026-07-12,p_02051,Home,1524,169,199,bank_card,0,,426.72
ord_000005132,u_034333,ss_00113402,clk_0000062631,2026-07-20,p_02351,Pet,1484,0,217,bank_card,0,,191.88
ord_000005133,u_034360,ss_00113459,clk_0000062664,2026-07-28,p_01224,Fashion,722,15,127,cash_on_delivery,0,,191.4
ord_000005134,u_034363,ss_00113463,clk_0000062670,2026-07-17,p_02672,Beauty,737,39,238,ozon_card,0,,241.37
ord_000005135,u_034377,ss_00113508,clk_0000062693,2026-07-30,p_02036,Electronics,3824,118,157,ozon_card,0,,601.13
ord_000005136,u_034381,ss_00113518,clk_0000062696,2026-07-26,p_02332,Books,190,10,249,ozon_card,0,,57.66
ord_000005137,u_034385,ss_00113533,clk_0000062702,2026-07-15,p_00193,Home,1110,123,213,bank_card,0,,180.38
ord_000005138,u_034390,ss_00113545,clk_0000062711,2026-07-06,p_00168,Home,2621,0,245,bank_card,0,,746.2
ord_000005139,u_034392,ss_00113553,clk_0000062716,2026-07-13,p_01227,Fashion,690,14,179,bank_card,0,,160.08
ord_000005140,u_034398,ss_00113569,clk_0000062727,2026-07-13,p_04262,Electronics,2492,0,202,ozon_card,1,2026-08-13,-74.76
ord_000005141,u_034400,ss_00113581,clk_0000062734,2026-07-17,p_03560,FMCG,405,72,0,bank_card,0,,63.38
ord_000005142,u_034413,ss_00113622,clk_0000062762,2026-07-22,p_01160,Home,1328,0,322,ozon_card,0,,348.2
ord_000005143,u_034415,ss_00113627,clk_0000062766,2026-07-14,p_03806,Pet,1115,59,253,ozon_card,0,,188.99
ord_000005144,u_034428,ss_00113678,clk_0000062792,2026-07-06,p_00957,Home,1033,0,296,bank_card,0,,138.11
ord_000005145,u_034448,ss_00113755,clk_0000062835,2026-07-17,p_03114,Fashion,1604,50,167,bank_card,0,,483.61
ord_000005146,u_034450,ss_00113763,clk_0000062841,2026-07-02,p_02244,Beauty,814,167,208,bank_card,0,,205.62
ord_000005147,u_034453,ss_00113775,clk_0000062849,2026-07-13,p_04044,Auto,1033,0,51,sberpay,0,,216.31
ord_000005148,u_034454,ss_00113778,clk_0000062851,2026-07-25,p_00973,Books,106,0,235,ozon_card,0,,19.69
ord_000005149,u_034467,ss_00113824,clk_0000062876,2026-07-08,p_01175,Fashion,1814,95,187,bank_card,0,,364.07
ord_000005150,u_034468,ss_00113828,clk_0000062878,2026-07-14,p_02850,Electronics,6318,333,197,ozon_card,0,,252.72
ord_000005151,u_034468,ss_00113831,clk_0000062881,2026-07-09,p_03900,Fashion,1698,35,281,ozon_card,0,,480.19
ord_000005152,u_034470,ss_00113837,clk_0000062885,2026-07-19,p_02078,Beauty,765,104,299,bank_card,0,,213.05
ord_000005153,u_034472,ss_00113845,clk_0000062890,2026-07-26,p_00515,Pet,843,0,178,bank_card,0,,173.32
ord_000005154,u_034476,ss_00113857,clk_0000062894,2026-07-19,p_02756,Electronics,4879,0,182,ozon_card,0,,195.16
ord_000005155,u_034482,ss_00113878,clk_0000062903,2026-07-08,p_02126,Home,2782,309,178,ozon_card,0,,383.92
ord_000005156,u_034489,ss_00113896,clk_0000062908,2026-07-29,p_04460,Fashion,2402,126,0,bank_card,0,,386.72
ord_000005157,u_034512,ss_00113967,clk_0000062940,2026-07-28,p_01609,Sports,685,0,200,bank_card,0,,126.52
ord_000005158,u_034514,ss_00113974,clk_0000062943,2026-07-05,p_04012,FMCG,180,9,231,bank_card,0,,17.06
ord_000005159,u_034530,ss_00114027,clk_0000062965,2026-07-30,p_00715,Beauty,309,55,66,bank_card,0,,73.91
ord_000005160,u_034540,ss_00114059,clk_0000062979,2026-07-15,p_03196,Electronics,3589,111,0,installment,0,,432.47
ord_000005161,u_034552,ss_00114090,clk_0000062987,2026-07-10,p_01935,Home,3504,0,0,ozon_card,1,2026-07-28,-105.12
ord_000005162,u_034552,ss_00114093,clk_0000062990,2026-07-17,p_02875,Home,1663,0,171,sberpay,0,,284.71
ord_000005163,u_034560,ss_00114122,clk_0000063009,2026-07-06,p_03407,FMCG,213,24,242,ozon_card,0,,37.53
ord_000005164,u_034563,ss_00114130,clk_0000063014,2026-07-23,p_03894,Fashion,1808,247,183,bank_card,0,,313.51
ord_000005165,u_034563,ss_00114130,clk_0000063015,2026-07-23,p_01933,Kids,657,0,236,installment,0,,172.79
ord_000005166,u_034569,ss_00114156,clk_0000063027,2026-07-10,p_03705,Sports,1674,0,182,bank_card,0,,439.76
ord_000005167,u_034575,ss_00114179,clk_0000063038,2026-07-22,p_00889,Beauty,535,60,182,ozon_card,0,,167.35
ord_000005168,u_034577,ss_00114190,clk_0000063044,2026-07-07,p_03200,Auto,1632,0,254,bank_card,0,,395.43
ord_000005169,u_034585,ss_00114221,clk_0000063057,2026-07-11,p_03609,Fashion,483,25,310,bank_card,0,,100.13
ord_000005170,u_034595,ss_00114246,clk_0000063076,2026-07-07,p_04085,FMCG,472,0,130,bank_card,0,,50.46
ord_000005171,u_034597,ss_00114251,clk_0000063079,2026-07-03,p_01249,Home,1950,0,148,bank_card,0,,346.12
ord_000005172,u_034603,ss_00114268,clk_0000063090,2026-07-02,p_02615,Auto,1700,300,196,bank_card,0,,410.55
ord_000005173,u_034605,ss_00114274,clk_0000063094,2026-07-15,p_00420,Books,439,0,,ozon_card,0,,58.96
ord_000005174,u_034606,ss_00114277,clk_0000063099,2026-07-05,p_00909,Electronics,2767,0,0,bank_card,0,,327.89
ord_000005175,u_034621,ss_00114325,clk_0000063133,2026-07-13,p_00982,Fashion,831,17,225,bank_card,1,2026-07-25,-24.93
ord_000005176,u_034623,ss_00114331,clk_0000063138,2026-07-08,p_01746,Fashion,1244,38,,bank_card,0,,247.56
ord_000005177,u_034632,ss_00114361,clk_0000063155,2026-07-28,p_00090,Beauty,1449,76,165,bank_card,0,,349.21
ord_000005178,u_034639,ss_00114384,clk_0000063169,2026-07-19,p_02321,Beauty,872,27,308,ozon_card,0,,249.3
ord_000005179,u_034647,ss_00114417,clk_0000063189,2026-07-21,p_03131,FMCG,407,13,357,bank_card,0,,28.98
ord_000005180,u_034651,ss_00114431,clk_0000063195,2026-07-13,p_00651,Pet,437,48,293,sberpay,0,,117.16
ord_000005181,u_034655,ss_00114443,clk_0000063206,2026-07-08,p_02457,Electronics,966,107,194,bank_card,0,,179.39
ord_000005182,u_034661,ss_00114459,clk_0000063217,2026-07-02,p_01468,Fashion,1147,0,0,ozon_card,0,,259.34
ord_000005183,u_034669,ss_00114486,clk_0000063229,2026-07-15,p_02662,Pet,663,20,219,bank_card,0,,126.3
ord_000005184,u_034682,ss_00114522,clk_0000063254,2026-07-20,p_03729,Home,600,0,192,installment,0,,170.64
ord_000005185,u_034682,ss_00114523,clk_0000063256,2026-07-24,p_01421,Fashion,972,132,163,bank_card,0,,198.0
ord_000005186,u_034699,ss_00114576,clk_0000063280,2026-07-08,p_00740,Fashion,1025,0,168,bank_card,0,,309.96
ord_000005187,u_034712,ss_00114618,clk_0000063301,2026-07-01,p_03652,Kids,1370,152,256,ozon_card,0,,223.72
ord_000005188,u_034712,ss_00114620,clk_0000063305,2026-07-27,p_00506,FMCG,368,41,177,bank_card,0,,52.26
ord_000005189,u_034715,ss_00114634,clk_0000063312,2026-07-18,p_02501,Pet,391,43,190,installment,0,,88.05
ord_000005190,u_034716,ss_00114635,clk_0000063313,2026-07-28,p_04005,Fashion,2468,506,248,ozon_card,0,,463.74
ord_000005191,u_034725,ss_00114659,clk_0000063325,2026-07-10,p_03343,Fashion,1522,0,258,bank_card,0,,443.66
ord_000005192,u_034732,ss_00114677,clk_0000063332,2026-07-14,p_04405,Books,337,0,0,installment,0,,62.28
ord_000005193,u_034756,ss_00114754,clk_0000063372,2026-07-28,p_03168,Fashion,2334,123,191,cash_on_delivery,0,,636.25
ord_000005194,u_034774,ss_00114806,clk_0000063397,2026-07-23,p_00667,Home,3338,0,0,bank_card,0,,601.84
ord_000005195,u_034781,ss_00114821,clk_0000063408,2026-07-14,p_04495,Books,232,12,0,ozon_card,0,,27.49
ord_000005196,u_034789,ss_00114840,clk_0000063421,2026-07-05,p_00766,Sports,3719,0,0,ozon_card,1,2026-07-26,-111.57
ord_000005197,u_034790,ss_00114845,clk_0000063427,2026-07-23,p_02498,Pet,908,48,277,bank_card,0,,137.29
ord_000005198,u_034791,ss_00114855,clk_0000063435,2026-07-24,p_01317,Beauty,583,44,163,bank_card,0,,141.32
ord_000005199,u_034795,ss_00114868,clk_0000063444,2026-07-08,p_02111,Home,1306,0,120,ozon_card,1,2026-07-20,-39.18
ord_000005200,u_034796,ss_00114871,clk_0000063446,2026-07-29,p_00961,Kids,822,0,145,bank_card,0,,163.58
ord_000005201,u_034797,ss_00114872,clk_0000063448,2026-07-05,p_02863,Sports,2028,0,127,bank_card,0,,508.01
ord_000005202,u_034805,ss_00114904,clk_0000063461,2026-07-12,p_02494,Electronics,5957,0,0,ozon_card,0,,827.43
ord_000005203,u_034838,ss_00115009,clk_0000063524,2026-07-13,p_00390,Home,2023,225,36,ozon_card,0,,440.2
ord_000005204,u_034846,ss_00115033,clk_0000063541,2026-07-14,p_01338,Home,3176,0,0,ozon_card,0,,595.5
ord_000005205,u_034847,ss_00115040,clk_0000063545,2026-07-10,p_00830,Pet,2407,268,199,bank_card,0,,467.92
ord_000005206,u_034854,ss_00115056,clk_0000063550,2026-07-30,p_03091,Home,2414,0,196,sberpay,0,,507.66
ord_000005207,u_034868,ss_00115093,clk_0000063572,2026-07-15,p_00622,Beauty,524,58,234,bank_card,0,,143.68
ord_000005208,u_034872,ss_00115108,clk_0000063580,2026-07-29,p_02753,Electronics,2109,0,339,cash_on_delivery,0,,397.76
ord_000005209,u_034885,ss_00115162,clk_0000063601,2026-07-18,p_04176,Fashion,1381,0,112,bank_card,0,,322.33
ord_000005210,u_034895,ss_00115193,clk_0000063617,2026-07-13,p_02823,Kids,864,0,213,bank_card,0,,169.34
ord_000005211,u_034895,ss_00115198,clk_0000063623,2026-07-28,p_00310,Books,202,22,0,bank_card,0,,25.25
ord_000005212,u_034901,ss_00115219,clk_0000063633,2026-07-26,p_02603,Sports,1586,0,138,bank_card,0,,320.05
ord_000005213,u_034910,ss_00115242,clk_0000063643,2026-07-19,p_02480,Electronics,4927,548,0,ozon_card,0,,197.08
ord_000005214,u_034919,ss_00115270,clk_0000063654,2026-07-28,p_03229,Sports,3289,366,0,installment,0,,712.73
ord_000005215,u_034923,ss_00115284,clk_0000063663,2026-07-23,p_01663,Electronics,5773,0,0,sberpay,0,,722.2
ord_000005216,u_034928,ss_00115301,clk_0000063672,2026-07-05,p_01383,FMCG,418,0,177,bank_card,0,,66.67
ord_000005217,u_034931,ss_00115311,clk_0000063677,2026-07-07,p_01949,Pet,1243,0,91,ozon_card,0,,274.95
ord_000005218,u_034935,ss_00115329,clk_0000063683,2026-07-02,p_00360,Electronics,2409,127,184,bank_card,0,,322.81
ord_000005219,u_034937,ss_00115341,clk_0000063690,2026-07-18,p_03492,Sports,605,0,230,installment,0,,128.56
ord_000005220,u_034962,ss_00115428,clk_0000063751,2026-07-06,p_02058,Books,228,12,0,ozon_card,0,,36.05
ord_000005221,u_034962,ss_00115429,clk_0000063753,2026-07-27,p_02290,Electronics,2596,137,0,sberpay,0,,210.54
ord_000005222,u_034964,ss_00115435,clk_0000063756,2026-07-29,p_02425,Sports,831,26,188,bank_card,0,,198.44
ord_000005223,u_034968,ss_00115447,clk_0000063765,2026-07-18,p_02336,Home,760,0,124,bank_card,0,,154.89
ord_000005224,u_034973,ss_00115459,clk_0000063772,2026-07-21,p_02389,Electronics,2033,107,253,installment,0,,315.93
ord_000005225,u_034982,ss_00115489,clk_0000063793,2026-07-26,p_01146,Electronics,5248,276,0,sberpay,0,,282.34
ord_000005226,u_034987,ss_00115505,clk_0000063802,2026-07-14,p_03878,Sports,975,51,195,sberpay,0,,212.84
ord_000005227,u_034988,ss_00115511,clk_0000063805,2026-07-04,p_00710,Fashion,758,0,264,ozon_card,0,,178.13
ord_000005228,u_035007,ss_00115572,clk_0000063827,2026-07-27,p_03340,FMCG,287,32,43,cash_on_delivery,0,,44.43
ord_000005229,u_035010,ss_00115591,clk_0000063837,2026-07-18,p_04214,Fashion,2671,55,0,bank_card,1,2026-08-04,-80.13
ord_000005230,u_035014,ss_00115605,clk_0000063846,2026-07-30,p_00022,Home,721,22,170,bank_card,0,,153.93
ord_000005231,u_035015,ss_00115611,clk_0000063849,2026-07-07,p_02721,Home,3378,0,203,ozon_card,0,,698.57
ord_000005232,u_035017,ss_00115617,clk_0000063858,2026-07-07,p_01986,FMCG,408,0,50,installment,0,,66.79
ord_000005233,u_035026,ss_00115644,clk_0000063871,2026-07-24,p_01527,FMCG,290,9,291,bank_card,0,,26.19
ord_000005234,u_035027,ss_00115650,clk_0000063876,2026-07-30,p_02205,Home,1781,55,113,ozon_card,0,,425.12
ord_000005235,u_035029,ss_00115657,clk_0000063880,2026-07-03,p_03337,Fashion,1715,234,110,ozon_card,1,2026-08-05,-51.45
ord_000005236,u_035052,ss_00115719,clk_0000063908,2026-07-12,p_00284,Kids,795,0,79,bank_card,0,,163.21
ord_000005237,u_035053,ss_00115722,clk_0000063909,2026-07-08,p_04110,Electronics,7168,0,0,sberpay,0,,703.18
ord_000005238,u_035054,ss_00115729,clk_0000063912,2026-07-05,p_00916,Auto,1399,74,106,bank_card,0,,314.78
ord_000005239,u_035059,ss_00115742,clk_0000063921,2026-07-09,p_02348,Home,1107,195,169,bank_card,1,2026-07-18,-33.21
ord_000005240,u_035066,ss_00115774,clk_0000063935,2026-07-13,p_02887,Sports,567,18,182,ozon_card,0,,105.18
ord_000005241,u_035075,ss_00115807,clk_0000063949,2026-07-24,p_03469,Beauty,800,25,274,ozon_card,0,,243.52
ord_000005242,u_035085,ss_00115839,clk_0000063966,2026-07-04,p_03344,Fashion,560,0,116,bank_card,1,2026-07-11,-16.8
ord_000005243,u_035085,ss_00115840,clk_0000063967,2026-07-03,p_03504,Fashion,1032,54,119,bank_card,1,2026-07-18,-30.96
ord_000005244,u_035086,ss_00115843,clk_0000063969,2026-07-26,p_00055,FMCG,380,42,0,sberpay,0,,74.29
ord_000005245,u_035088,ss_00115848,clk_0000063972,2026-07-13,p_02161,Sports,437,0,245,ozon_card,0,,116.42
ord_000005246,u_035095,ss_00115875,clk_0000063986,2026-07-24,p_03072,Books,150,5,305,ozon_card,0,,30.42
ord_000005247,u_035110,ss_00115919,clk_0000063999,2026-07-05,p_03355,FMCG,342,0,250,ozon_card,0,,32.93
ord_000005248,u_035114,ss_00115938,clk_0000064007,2026-07-06,p_01363,Beauty,1063,118,256,sberpay,0,,290.94
ord_000005249,u_035123,ss_00115965,clk_0000064022,2026-07-03,p_02914,Beauty,616,0,,bank_card,0,,196.44
ord_000005250,u_035123,ss_00115965,clk_0000064023,2026-07-03,p_03049,Kids,2491,77,201,bank_card,0,,530.08
ord_000005251,u_035124,ss_00115967,clk_0000064024,2026-07-04,p_00530,Pet,568,63,0,ozon_card,0,,78.33
ord_000005252,u_035127,ss_00115982,clk_0000064032,2026-07-10,p_00207,Beauty,203,4,140,bank_card,0,,62.71
ord_000005253,u_035128,ss_00115988,clk_0000064036,2026-07-08,p_00761,Beauty,514,57,268,bank_card,0,,166.84
ord_000005254,u_035140,ss_00116033,clk_0000064074,2026-07-23,p_01929,Sports,551,17,256,ozon_card,0,,132.57
ord_000005255,u_035152,ss_00116074,clk_0000064097,2026-07-29,p_01557,Sports,732,0,203,bank_card,0,,237.9
ord_000005256,u_035160,ss_00116105,clk_0000064112,2026-07-03,p_02248,Home,2203,0,0,ozon_card,0,,534.01
ord_000005257,u_035168,ss_00116136,clk_0000064125,2026-07-06,p_04367,Beauty,875,0,134,bank_card,0,,275.54
ord_000005258,u_035175,ss_00116155,clk_0000064133,2026-07-01,p_04135,Home,948,50,160,sberpay,0,,168.84
ord_000005259,u_035176,ss_00116158,clk_0000064136,2026-07-21,p_02655,Beauty,1125,23,0,sberpay,0,,283.5
ord_000005260,u_035180,ss_00116173,clk_0000064146,2026-07-08,p_02533,Electronics,3195,0,152,sberpay,1,2026-08-01,-95.85
ord_000005261,u_035191,ss_00116198,clk_0000064161,2026-07-25,p_03467,Fashion,1054,33,278,bank_card,0,,213.44
ord_000005262,u_035197,ss_00116226,clk_0000064178,2026-07-15,p_00424,Fashion,1360,185,169,sberpay,0,,293.08
ord_000005263,u_035207,ss_00116255,clk_0000064193,2026-07-29,p_01007,Beauty,1584,0,203,bank_card,0,,486.6
ord_000005264,u_035209,ss_00116265,clk_0000064201,2026-07-22,p_01869,Sports,3139,349,0,ozon_card,1,2026-07-29,-94.17
ord_000005265,u_035210,ss_00116270,clk_0000064206,2026-07-23,p_01348,Beauty,1179,24,,installment,0,,418.78
ord_000005266,u_035213,ss_00116275,clk_0000064209,2026-07-24,p_02281,Sports,1197,133,117,bank_card,0,,330.97
ord_000005267,u_035216,ss_00116285,clk_0000064214,2026-07-30,p_00254,Home,970,0,153,bank_card,0,,197.69
ord_000005268,u_035218,ss_00116289,clk_0000064217,2026-07-25,p_00481,Home,3468,107,0,sberpay,0,,514.65
ord_000005269,u_035235,ss_00116343,clk_0000064233,2026-07-27,p_00953,Home,1193,0,227,ozon_card,0,,283.46
ord_000005270,u_035238,ss_00116350,clk_0000064238,2026-07-24,p_03785,Sports,2502,0,57,bank_card,0,,560.95
ord_000005271,u_035238,ss_00116353,clk_0000064240,2026-07-04,p_01640,Home,1647,51,245,installment,0,,315.24
ord_000005272,u_035251,ss_00116413,clk_0000064292,2026-07-15,p_03622,Home,1621,50,0,ozon_card,0,,275.57
ord_000005273,u_035258,ss_00116437,clk_0000064303,2026-07-13,p_00158,FMCG,314,16,261,installment,0,,46.97
ord_000005274,u_035259,ss_00116441,clk_0000064306,2026-07-13,p_01403,Home,1463,77,224,sberpay,0,,317.76
ord_000005275,u_035259,ss_00116446,clk_0000064307,2026-07-16,p_00732,FMCG,456,14,251,bank_card,0,,57.0
ord_000005276,u_035263,ss_00116463,clk_0000064317,2026-07-12,p_00368,Pet,554,0,329,sberpay,0,,85.32
ord_000005277,u_035263,ss_00116465,clk_0000064320,2026-07-18,p_00704,Beauty,414,22,210,bank_card,0,,132.19
ord_000005278,u_035269,ss_00116479,clk_0000064329,2026-07-01,p_00169,Fashion,2931,91,208,bank_card,0,,700.22
ord_000005279,u_035271,ss_00116487,clk_0000064337,2026-07-10,p_00722,Fashion,1924,101,0,sberpay,0,,450.79
ord_000005280,u_035271,ss_00116487,clk_0000064338,2026-07-10,p_00603,FMCG,268,8,113,ozon_card,0,,31.3
ord_000005281,u_035274,ss_00116494,clk_0000064346,2026-07-28,p_02353,Fashion,2158,44,171,bank_card,0,,389.09
ord_000005282,u_035295,ss_00116562,clk_0000064384,2026-07-25,p_03643,Electronics,2588,0,126,ozon_card,1,2026-08-11,-77.64
ord_000005283,u_035300,ss_00116587,clk_0000064397,2026-07-22,p_03425,Kids,809,43,367,bank_card,0,,148.05
ord_000005284,u_035307,ss_00116604,clk_0000064407,2026-07-04,p_02225,Electronics,1793,0,258,bank_card,0,,160.11
ord_000005285,u_035309,ss_00116612,clk_0000064410,2026-07-26,p_03620,Kids,2474,130,122,bank_card,0,,718.45
ord_000005286,u_035312,ss_00116626,clk_0000064413,2026-07-08,p_02085,Fashion,3700,76,,bank_card,0,,803.64
ord_000005287,u_035315,ss_00116641,clk_0000064419,2026-07-24,p_03110,Fashion,2313,47,201,bank_card,0,,489.2
ord_000005288,u_035322,ss_00116678,clk_0000064444,2026-07-29,p_03066,FMCG,262,0,167,bank_card,0,,46.01
ord_000005289,u_035329,ss_00116703,clk_0000064455,2026-07-07,p_00357,Sports,1061,118,215,bank_card,0,,198.83
ord_000005290,u_035337,ss_00116724,clk_0000064461,2026-07-01,p_03301,Auto,1196,0,230,sberpay,0,,237.29
ord_000005291,u_035349,ss_00116772,clk_0000064487,2026-07-14,p_03497,Auto,3651,0,0,installment,0,,930.64
ord_000005292,u_035358,ss_00116800,clk_0000064502,2026-07-14,p_01275,Sports,1126,59,118,installment,0,,271.37
ord_000005293,u_035361,ss_00116814,clk_0000064507,2026-07-17,p_01605,Electronics,3126,0,0,bank_card,0,,446.71
ord_000005294,u_035364,ss_00116822,clk_0000064510,2026-07-17,p_04477,Electronics,1567,0,60,bank_card,0,,115.33
ord_000005295,u_035378,ss_00116865,clk_0000064526,2026-07-07,p_02480,Electronics,5475,0,0,ozon_card,0,,219.0
ord_000005296,u_035387,ss_00116904,clk_0000064551,2026-07-19,p_01675,FMCG,197,6,131,bank_card,0,,48.44
ord_000005297,u_035389,ss_00116910,clk_0000064553,2026-07-19,p_03194,Fashion,1263,66,319,bank_card,0,,346.82
ord_000005298,u_035390,ss_00116916,clk_0000064556,2026-07-10,p_00687,Electronics,4269,0,0,bank_card,0,,726.16
ord_000005299,u_035396,ss_00116931,clk_0000064567,2026-07-29,p_02911,Sports,934,0,402,bank_card,0,,169.05
ord_000005300,u_035396,ss_00116933,clk_0000064569,2026-07-24,p_00721,Electronics,3078,0,0,installment,0,,468.78
ord_000005301,u_035406,ss_00116964,clk_0000064582,2026-07-24,p_04322,Pet,1433,75,14,bank_card,0,,125.82
ord_000005302,u_035409,ss_00116972,clk_0000064586,2026-07-08,p_02834,FMCG,291,0,142,installment,0,,45.92
ord_000005303,u_035409,ss_00116972,clk_0000064587,2026-07-08,p_01347,FMCG,711,0,,sberpay,0,,100.39
ord_000005304,u_035419,ss_00116993,clk_0000064600,2026-07-04,p_02445,Beauty,2058,42,197,installment,0,,541.67
ord_000005305,u_035420,ss_00117003,clk_0000064603,2026-07-28,p_00141,Sports,1893,0,0,ozon_card,0,,438.23
ord_000005306,u_035421,ss_00117006,clk_0000064606,2026-07-03,p_02116,Electronics,2729,0,281,ozon_card,0,,414.54
ord_000005307,u_035423,ss_00117012,clk_0000064610,2026-07-13,p_00851,Fashion,1254,0,134,ozon_card,0,,215.56
ord_000005308,u_035427,ss_00117023,clk_0000064615,2026-07-15,p_02447,Electronics,3798,200,283,ozon_card,0,,396.89
ord_000005309,u_035428,ss_00117026,clk_0000064619,2026-07-27,p_01281,Fashion,2069,0,221,bank_card,0,,691.67
ord_000005310,u_035438,ss_00117054,clk_0000064633,2026-07-30,p_01628,Books,778,24,225,bank_card,0,,127.28
ord_000005311,u_035458,ss_00117124,clk_0000064674,2026-07-23,p_00995,Beauty,733,15,185,sberpay,0,,195.78
ord_000005312,u_035460,ss_00117133,clk_0000064683,2026-07-07,p_03419,Kids,1108,0,76,sberpay,0,,298.05
ord_000005313,u_035464,ss_00117150,clk_0000064695,2026-07-28,p_03388,Home,1010,0,285,bank_card,0,,138.37
ord_000005314,u_035472,ss_00117175,clk_0000064708,2026-07-25,p_04487,Electronics,2594,136,248,bank_card,0,,625.15
ord_000005315,u_035479,ss_00117198,clk_0000064721,2026-07-09,p_01412,Pet,932,0,,bank_card,0,,162.91
ord_000005316,u_035488,ss_00117225,clk_0000064733,2026-07-25,p_00928,Beauty,527,28,252,bank_card,0,,127.22
ord_000005317,u_035492,ss_00117239,clk_0000064740,2026-07-01,p_02333,Kids,2008,106,280,ozon_card,0,,349.39
ord_000005318,u_035504,ss_00117277,clk_0000064756,2026-07-29,p_03397,FMCG,472,15,0,bank_card,0,,64.99
ord_000005319,u_035524,ss_00117335,clk_0000064791,2026-07-20,p_04241,Fashion,1939,60,0,bank_card,0,,519.65
ord_000005320,u_035544,ss_00117415,clk_0000064848,2026-07-16,p_01622,Pet,454,14,69,bank_card,0,,109.1
ord_000005321,u_035556,ss_00117456,clk_0000064864,2026-07-17,p_02230,FMCG,1981,0,186,bank_card,0,,301.71
ord_000005322,u_035579,ss_00117517,clk_0000064891,2026-07-16,p_00368,Pet,554,0,292,cash_on_delivery,0,,85.32
ord_000005323,u_035580,ss_00117524,clk_0000064895,2026-07-13,p_00482,Pet,786,87,,bank_card,0,,177.4
ord_000005324,u_035588,ss_00117549,clk_0000064910,2026-07-06,p_01067,Electronics,11271,0,0,sberpay,0,,2171.92
ord_000005325,u_035596,ss_00117567,clk_0000064921,2026-07-28,p_02240,Beauty,2233,69,0,ozon_card,0,,584.15
ord_000005326,u_035598,ss_00117573,clk_0000064923,2026-07-26,p_01423,Pet,926,0,259,bank_card,0,,123.34
ord_000005327,u_035621,ss_00117662,clk_0000064962,2026-07-12,p_04057,Books,207,23,48,ozon_card,0,,33.0
ord_000005328,u_035627,ss_00117677,clk_0000064969,2026-07-07,p_02920,Pet,2148,0,,installment,0,,299.0
ord_000005329,u_035635,ss_00117697,clk_0000064980,2026-07-12,p_01054,Sports,959,50,0,installment,0,,268.33
ord_000005330,u_035639,ss_00117712,clk_0000064987,2026-07-27,p_01500,Fashion,2063,42,136,ozon_card,0,,273.55
ord_000005331,u_035642,ss_00117722,clk_0000064990,2026-07-21,p_01151,Kids,926,0,197,bank_card,0,,192.98
ord_000005332,u_035656,ss_00117764,clk_0000065027,2026-07-19,p_01147,Beauty,750,39,157,bank_card,0,,234.98
ord_000005333,u_035672,ss_00117811,clk_0000065051,2026-07-02,p_00542,Sports,1034,0,183,ozon_card,0,,353.01
ord_000005334,u_035679,ss_00117841,clk_0000065063,2026-07-14,p_01342,Beauty,627,70,198,cash_on_delivery,0,,198.88
ord_000005335,u_035691,ss_00117881,clk_0000065083,2026-07-12,p_03150,Books,480,0,42,bank_card,0,,75.41
ord_000005336,u_035697,ss_00117902,clk_0000065092,2026-07-25,p_00180,Pet,719,0,193,ozon_card,0,,105.05
ord_000005337,u_035700,ss_00117909,clk_0000065096,2026-07-24,p_00002,Fashion,530,40,184,sberpay,0,,151.31
ord_000005338,u_035716,ss_00117953,clk_0000065123,2026-07-03,p_03340,FMCG,287,32,0,ozon_card,0,,44.43
ord_000005339,u_035741,ss_00118045,clk_0000065167,2026-07-11,p_02168,Electronics,3188,0,178,bank_card,0,,493.5
ord_000005340,u_035750,ss_00118074,clk_0000065180,2026-07-11,p_01496,Beauty,159,0,178,sberpay,0,,42.23
ord_000005341,u_035758,ss_00118108,clk_0000065193,2026-07-19,p_01537,Electronics,7053,218,0,bank_card,0,,563.53
ord_000005342,u_035761,ss_00118113,clk_0000065198,2026-07-10,p_00944,Sports,801,0,194,cash_on_delivery,1,2026-08-06,-24.03
ord_000005343,u_035762,ss_00118118,clk_0000065199,2026-07-18,p_04200,Kids,842,0,287,ozon_card,0,,157.54
ord_000005344,u_035771,ss_00118144,clk_0000065213,2026-07-22,p_00679,Fashion,480,0,109,bank_card,0,,110.4
ord_000005345,u_035779,ss_00118183,clk_0000065237,2026-07-18,p_01399,Auto,2222,0,144,ozon_card,0,,186.43
ord_000005346,u_035780,ss_00118189,clk_0000065238,2026-07-01,p_02623,Books,1061,56,114,ozon_card,0,,254.43
ord_000005347,u_035780,ss_00118189,clk_0000065239,2026-07-01,p_04480,Pet,680,0,242,sberpay,0,,155.92
ord_000005348,u_035782,ss_00118191,clk_0000065241,2026-07-27,p_02738,Electronics,3194,0,255,bank_card,0,,412.98
ord_000005349,u_035782,ss_00118193,clk_0000065242,2026-07-13,p_01496,Beauty,151,8,121,cash_on_delivery,0,,40.11
ord_000005350,u_035787,ss_00118202,clk_0000065249,2026-07-22,p_01611,Home,536,17,61,bank_card,0,,115.03
ord_000005351,u_035792,ss_00118218,clk_0000065258,2026-07-21,p_02626,Home,2026,0,183,ozon_card,0,,520.68
ord_000005352,u_035801,ss_00118252,clk_0000065275,2026-07-03,p_00086,Fashion,3664,193,0,ozon_card,1,2026-07-31,-109.92
ord_000005353,u_035804,ss_00118264,clk_0000065285,2026-07-06,p_02095,Fashion,1359,102,294,bank_card,0,,149.9
ord_000005354,u_035818,ss_00118307,clk_0000065319,2026-07-26,p_02757,Electronics,5389,0,114,bank_card,0,,921.52
ord_000005355,u_035824,ss_00118339,clk_0000065343,2026-07-12,p_00995,Beauty,658,90,265,ozon_card,0,,175.75
ord_000005356,u_035852,ss_00118411,clk_0000065379,2026-07-22,p_00029,Electronics,1409,74,0,cash_on_delivery,0,,152.74
ord_000005357,u_035877,ss_00118486,clk_0000065412,2026-07-18,p_01186,Fashion,1484,165,138,bank_card,0,,413.74
ord_000005358,u_035882,ss_00118501,clk_0000065419,2026-07-21,p_00314,Kids,369,0,85,bank_card,0,,84.46
ord_000005359,u_035886,ss_00118511,clk_0000065424,2026-07-09,p_03210,Electronics,2723,0,212,bank_card,0,,159.02
ord_000005360,u_035889,ss_00118532,clk_0000065441,2026-07-12,p_03106,Beauty,358,0,332,bank_card,0,,101.42
ord_000005361,u_035903,ss_00118575,clk_0000065455,2026-07-02,p_03289,Electronics,5179,575,0,installment,1,2026-07-20,-155.37
ord_000005362,u_035907,ss_00118584,clk_0000065463,2026-07-16,p_01806,Fashion,1957,217,315,bank_card,0,,560.88
ord_000005363,u_035922,ss_00118633,clk_0000065492,2026-07-04,p_03009,Electronics,5327,165,0,bank_card,0,,626.99
ord_000005364,u_035945,ss_00118697,clk_0000065527,2026-07-25,p_01881,Books,525,0,254,bank_card,0,,88.78
ord_000005365,u_035958,ss_00118750,clk_0000065558,2026-07-05,p_00405,Fashion,1632,33,,bank_card,0,,432.15
ord_000005366,u_035969,ss_00118784,clk_0000065577,2026-07-17,p_01157,Pet,413,46,275,cash_on_delivery,0,,98.29
ord_000005367,u_035975,ss_00118798,clk_0000065589,2026-07-21,p_02726,Electronics,6565,203,266,sberpay,0,,701.14
ord_000005368,u_035994,ss_00118862,clk_0000065627,2026-07-09,p_00480,Beauty,395,8,0,bank_card,0,,145.56
ord_000005369,u_035994,ss_00118863,clk_0000065629,2026-07-04,p_03867,Books,549,0,0,cash_on_delivery,0,,105.52
ord_000005370,u_036014,ss_00118937,clk_0000065664,2026-07-29,p_04441,Pet,513,0,0,ozon_card,0,,110.19
ord_000005371,u_036017,ss_00118944,clk_0000065669,2026-07-28,p_00748,Sports,1224,38,95,bank_card,0,,284.34
ord_000005372,u_036028,ss_00118974,clk_0000065690,2026-07-19,p_00507,Books,489,26,0,sberpay,0,,76.14
ord_000005373,u_036045,ss_00119020,clk_0000065714,2026-07-05,p_00708,FMCG,222,0,352,sberpay,0,,41.58
ord_000005374,u_036053,ss_00119049,clk_0000065720,2026-07-02,p_01778,Fashion,909,19,,ozon_card,1,2026-07-21,-27.27
ord_000005375,u_036071,ss_00119109,clk_0000065747,2026-07-13,p_02694,Fashion,856,17,182,bank_card,0,,274.18
ord_000005376,u_036079,ss_00119132,clk_0000065761,2026-07-12,p_01718,Fashion,1009,138,199,bank_card,0,,244.28
ord_000005377,u_036081,ss_00119141,clk_0000065766,2026-07-18,p_00058,Fashion,734,15,268,sberpay,0,,198.18
ord_000005378,u_036082,ss_00119143,clk_0000065769,2026-07-01,p_03795,Auto,2576,0,194,ozon_card,0,,431.74
ord_000005379,u_036083,ss_00119147,clk_0000065771,2026-07-29,p_00418,Electronics,6356,0,0,bank_card,0,,1126.92
ord_000005380,u_036100,ss_00119196,clk_0000065797,2026-07-11,p_03183,Auto,2773,308,287,bank_card,0,,496.64
ord_000005381,u_036101,ss_00119197,clk_0000065800,2026-07-18,p_01094,Home,2707,142,310,sberpay,0,,528.95
ord_000005382,u_036108,ss_00119213,clk_0000065807,2026-07-25,p_03699,Beauty,512,10,161,bank_card,0,,111.87
ord_000005383,u_036109,ss_00119215,clk_0000065809,2026-07-14,p_01889,Electronics,2435,270,154,cash_on_delivery,0,,250.56
ord_000005384,u_036111,ss_00119223,clk_0000065815,2026-07-25,p_03788,Home,922,102,2,bank_card,0,,181.45
ord_000005385,u_036116,ss_00119241,clk_0000065824,2026-07-29,p_01509,Kids,1121,0,86,ozon_card,0,,188.22
ord_000005386,u_036119,ss_00119251,clk_0000065828,2026-07-15,p_02809,Electronics,5317,0,121,ozon_card,0,,1034.16
ord_000005387,u_036123,ss_00119265,clk_0000065837,2026-07-09,p_02167,Fashion,706,37,219,bank_card,0,,93.62
ord_000005388,u_036137,ss_00119306,clk_0000065864,2026-07-25,p_04295,FMCG,262,14,68,bank_card,0,,14.31
ord_000005389,u_036151,ss_00119338,clk_0000065884,2026-07-24,p_02274,FMCG,709,0,0,sberpay,0,,28.36
ord_000005390,u_036154,ss_00119345,clk_0000065886,2026-07-21,p_00684,Home,2288,0,239,bank_card,0,,463.55
ord_000005391,u_036167,ss_00119389,clk_0000065908,2026-07-17,p_03710,Home,2229,0,218,bank_card,0,,527.38
ord_000005392,u_036184,ss_00119440,clk_0000065941,2026-07-09,p_04021,Beauty,675,0,249,ozon_card,0,,166.12
ord_000005393,u_036186,ss_00119448,clk_0000065942,2026-07-02,p_02023,Beauty,2428,128,182,bank_card,0,,617.93
ord_000005394,u_036188,ss_00119454,clk_0000065948,2026-07-26,p_01685,Books,191,6,0,ozon_card,0,,28.38
ord_000005395,u_036192,ss_00119468,clk_0000065954,2026-07-08,p_02975,Beauty,995,20,137,sberpay,0,,228.05
ord_000005396,u_036197,ss_00119486,clk_0000065964,2026-07-18,p_00463,Auto,2141,0,0,ozon_card,0,,481.3
ord_000005397,u_036215,ss_00119542,clk_0000065990,2026-07-20,p_02555,Home,920,28,23,sberpay,0,,116.29
ord_000005398,u_036217,ss_00119548,clk_0000065991,2026-07-20,p_00623,Pet,1183,0,165,ozon_card,0,,192.95
ord_000005399,u_036217,ss_00119550,clk_0000065992,2026-07-26,p_02469,Home,1605,0,66,bank_card,0,,310.57
ord_000005400,u_036218,ss_00119552,clk_0000065993,2026-07-12,p_00797,Electronics,3799,0,0,bank_card,0,,331.27
ord_000005401,u_036218,ss_00119554,clk_0000065994,2026-07-03,p_03340,FMCG,319,0,0,ozon_card,0,,49.38
ord_000005402,u_036227,ss_00119594,clk_0000066023,2026-07-19,p_02642,Auto,2122,0,0,bank_card,0,,263.55
ord_000005403,u_036230,ss_00119608,clk_0000066031,2026-07-09,p_02156,Beauty,598,32,185,installment,0,,198.84
ord_000005404,u_036236,ss_00119626,clk_0000066044,2026-07-07,p_03357,Fashion,1120,23,148,ozon_card,0,,337.57
ord_000005405,u_036247,ss_00119660,clk_0000066060,2026-07-10,p_01333,Electronics,4284,0,358,bank_card,0,,272.46
ord_000005406,u_036254,ss_00119682,clk_0000066079,2026-07-18,p_04330,Electronics,2928,325,0,bank_card,0,,314.47
ord_000005407,u_036262,ss_00119713,clk_0000066097,2026-07-21,p_03278,Home,4199,130,0,bank_card,0,,718.03
ord_000005408,u_036275,ss_00119750,clk_0000066115,2026-07-09,p_04422,Beauty,550,11,78,installment,0,,162.25
ord_000005409,u_036282,ss_00119771,clk_0000066126,2026-07-04,p_00832,Kids,1253,0,0,bank_card,0,,315.88
ord_000005410,u_036290,ss_00119798,clk_0000066139,2026-07-10,p_01395,Electronics,4872,151,0,installment,0,,725.93
ord_000005411,u_036306,ss_00119845,clk_0000066162,2026-07-27,p_01067,Electronics,11271,0,113,bank_card,0,,2171.92
ord_000005412,u_036311,ss_00119862,clk_0000066172,2026-07-18,p_01452,Books,566,17,0,sberpay,0,,78.28
ord_000005413,u_036325,ss_00119931,clk_0000066226,2026-07-30,p_04331,Auto,2962,329,264,bank_card,0,,523.98
ord_000005414,u_036335,ss_00119965,clk_0000066243,2026-07-10,p_04497,Electronics,4169,0,144,installment,0,,380.21
ord_000005415,u_036350,ss_00120027,clk_0000066277,2026-07-15,p_00844,Kids,124,4,213,cash_on_delivery,0,,32.61
ord_000005416,u_036365,ss_00120081,clk_0000066302,2026-07-14,p_03093,Electronics,4853,539,224,bank_card,0,,711.94
ord_000005417,u_036373,ss_00120106,clk_0000066318,2026-07-30,p_02785,Electronics,4002,445,131,cash_on_delivery,0,,642.32
ord_000005418,u_036377,ss_00120121,clk_0000066329,2026-07-09,p_04416,Fashion,1136,23,326,bank_card,0,,398.28
ord_000005419,u_036379,ss_00120128,clk_0000066339,2026-07-12,p_01890,Fashion,1441,108,189,bank_card,0,,428.99
ord_000005420,u_036388,ss_00120166,clk_0000066363,2026-07-27,p_00513,Home,1233,65,169,bank_card,0,,354.36
ord_000005421,u_036397,ss_00120200,clk_0000066383,2026-07-01,p_03194,Fashion,1263,66,0,ozon_card,1,2026-07-20,-37.89
ord_000005422,u_036398,ss_00120202,clk_0000066384,2026-07-17,p_01703,FMCG,481,0,307,sberpay,0,,56.66
ord_000005423,u_036400,ss_00120209,clk_0000066390,2026-07-13,p_03503,Beauty,754,40,252,bank_card,0,,223.79
ord_000005424,u_036406,ss_00120227,clk_0000066397,2026-07-28,p_04499,Auto,1573,0,216,ozon_card,0,,341.97
ord_000005425,u_036423,ss_00120288,clk_0000066430,2026-07-22,p_01521,Electronics,4649,517,0,bank_card,0,,242.21
ord_000005426,u_036431,ss_00120302,clk_0000066435,2026-07-25,p_01785,Beauty,273,8,294,bank_card,1,2026-08-19,-8.19
ord_000005427,u_036459,ss_00120381,clk_0000066471,2026-07-07,p_00996,Kids,1158,0,182,ozon_card,0,,212.38
ord_000005428,u_036461,ss_00120387,clk_0000066474,2026-07-20,p_01863,FMCG,265,0,0,bank_card,0,,34.72
ord_000005429,u_036468,ss_00120407,clk_0000066486,2026-07-07,p_00492,Electronics,12503,0,0,installment,0,,1800.43
ord_000005430,u_036498,ss_00120486,clk_0000066537,2026-07-20,p_03654,Fashion,1903,390,161,cash_on_delivery,0,,391.45
ord_000005431,u_036504,ss_00120510,clk_0000066549,2026-07-05,p_00208,Kids,1848,0,184,bank_card,0,,325.06
ord_000005432,u_036509,ss_00120521,clk_0000066556,2026-07-24,p_01820,Kids,1025,32,198,ozon_card,0,,201.51
ord_000005433,u_036514,ss_00120539,clk_0000066564,2026-07-10,p_04027,Home,1692,298,167,ozon_card,0,,380.87
ord_000005434,u_036514,ss_00120542,clk_0000066567,2026-07-25,p_02802,Fashion,941,0,0,ozon_card,0,,253.98
ord_000005435,u_036516,ss_00120549,clk_0000066569,2026-07-13,p_01322,Fashion,1785,243,0,sberpay,1,2026-08-17,-53.55
ord_000005436,u_036518,ss_00120558,clk_0000066575,2026-07-02,p_01357,Fashion,2213,0,0,sberpay,0,,477.34
ord_000005437,u_036520,ss_00120560,clk_0000066577,2026-07-18,p_02536,Kids,2240,0,231,bank_card,0,,376.1
ord_000005438,u_036524,ss_00120574,clk_0000066586,2026-07-05,p_00583,Sports,737,0,276,installment,0,,191.91
ord_000005439,u_036524,ss_00120581,clk_0000066590,2026-07-30,p_00314,Kids,351,18,0,bank_card,0,,80.34
ord_000005440,u_036527,ss_00120590,clk_0000066596,2026-07-26,p_03358,Beauty,477,25,226,bank_card,0,,146.68
ord_000005441,u_036533,ss_00120605,clk_0000066603,2026-07-25,p_02465,Auto,1149,128,129,sberpay,0,,173.04
ord_000005442,u_036535,ss_00120613,clk_0000066611,2026-07-17,p_04245,Beauty,1288,68,136,ozon_card,0,,292.12
ord_000005443,u_036554,ss_00120680,clk_0000066648,2026-07-23,p_02542,Sports,788,88,187,cash_on_delivery,0,,126.16
ord_000005444,u_036559,ss_00120698,clk_0000066656,2026-07-15,p_00009,Home,3414,106,0,installment,0,,676.65
ord_000005445,u_036559,ss_00120702,clk_0000066659,2026-07-12,p_01868,Pet,651,72,206,ozon_card,0,,155.46
ord_000005446,u_036562,ss_00120709,clk_0000066663,2026-07-13,p_02812,FMCG,470,25,265,ozon_card,0,,91.65
ord_000005447,u_036564,ss_00120721,clk_0000066672,2026-07-05,p_03492,Sports,575,30,175,bank_card,1,2026-07-15,-17.25
ord_000005448,u_036573,ss_00120751,clk_0000066685,2026-07-26,p_00944,Sports,721,80,165,bank_card,0,,220.41
ord_000005449,u_036575,ss_00120756,clk_0000066689,2026-07-16,p_03333,Auto,4082,215,0,installment,0,,823.75
ord_000005450,u_036576,ss_00120762,clk_0000066692,2026-07-27,p_02858,Auto,2893,0,238,sberpay,0,,603.48
ord_000005451,u_036588,ss_00120809,clk_0000066713,2026-07-23,p_01643,Books,309,16,156,bank_card,0,,74.96
ord_000005452,u_036591,ss_00120822,clk_0000066718,2026-07-15,p_00770,Auto,3863,0,272,bank_card,0,,560.91
ord_000005453,u_036603,ss_00120859,clk_0000066730,2026-07-01,p_01668,Auto,928,0,197,sberpay,0,,181.98
ord_000005454,u_036605,ss_00120864,clk_0000066732,2026-07-20,p_04066,Pet,951,0,160,bank_card,0,,159.48
ord_000005455,u_036617,ss_00120904,clk_0000066741,2026-07-25,p_02469,Home,1557,48,163,bank_card,0,,301.28
ord_000005456,u_036618,ss_00120906,clk_0000066742,2026-07-03,p_03133,Home,1266,0,0,ozon_card,0,,187.62
ord_000005457,u_036637,ss_00120967,clk_0000066791,2026-07-28,p_04190,Home,4318,0,0,bank_card,0,,952.12
ord_000005458,u_036639,ss_00120974,clk_0000066795,2026-07-27,p_00350,Fashion,837,0,320,sberpay,1,2026-08-10,-25.11
ord_000005459,u_036662,ss_00121042,clk_0000066823,2026-07-25,p_02211,Auto,2221,0,307,sberpay,0,,420.21
ord_000005460,u_036667,ss_00121055,clk_0000066830,2026-07-25,p_03100,Beauty,559,11,165,cash_on_delivery,0,,188.38
ord_000005461,u_036668,ss_00121059,clk_0000066834,2026-07-19,p_03303,Electronics,2917,324,191,bank_card,1,2026-08-20,-87.51
ord_000005462,u_036674,ss_00121083,clk_0000066845,2026-07-18,p_00070,Fashion,615,84,0,installment,0,,163.16
ord_000005463,u_036693,ss_00121135,clk_0000066869,2026-07-15,p_03796,Fashion,753,40,116,bank_card,0,,216.26
ord_000005464,u_036694,ss_00121140,clk_0000066870,2026-07-12,p_00913,Beauty,1517,0,235,bank_card,0,,386.53
ord_000005465,u_036696,ss_00121153,clk_0000066877,2026-07-29,p_01480,Electronics,4811,535,0,bank_card,0,,653.81
ord_000005466,u_036706,ss_00121192,clk_0000066898,2026-07-26,p_03528,FMCG,279,0,273,ozon_card,0,,38.67
ord_000005467,u_036723,ss_00121245,clk_0000066921,2026-07-15,p_04049,FMCG,594,0,103,bank_card,0,,49.78
ord_000005468,u_036724,ss_00121247,clk_0000066922,2026-07-02,p_02663,FMCG,462,0,234,sberpay,0,,36.82
ord_000005469,u_036747,ss_00121312,clk_0000066954,2026-07-21,p_04199,Sports,1945,102,0,ozon_card,0,,272.11
ord_000005470,u_036759,ss_00121349,clk_0000066975,2026-07-20,p_01645,Electronics,1765,55,243,ozon_card,0,,333.58
ord_000005471,u_036771,ss_00121407,clk_0000067042,2026-07-23,p_03168,Fashion,2383,74,206,bank_card,0,,649.61
ord_000005472,u_036777,ss_00121422,clk_0000067055,2026-07-18,p_02585,Books,96,3,307,bank_card,0,,11.34
ord_000005473,u_036780,ss_00121434,clk_0000067063,2026-07-15,p_01017,Pet,641,0,0,sberpay,0,,123.97
ord_000005474,u_036784,ss_00121447,clk_0000067070,2026-07-29,p_03632,Home,644,34,252,ozon_card,0,,101.75
ord_000005475,u_036791,ss_00121466,clk_0000067080,2026-07-20,p_00645,Sports,1917,0,269,bank_card,0,,404.3
ord_000005476,u_036796,ss_00121484,clk_0000067091,2026-07-01,p_00090,Beauty,1525,0,69,sberpay,0,,367.52
ord_000005477,u_036798,ss_00121491,clk_0000067097,2026-07-20,p_03727,Fashion,1606,85,115,ozon_card,0,,408.57
ord_000005478,u_036802,ss_00121496,clk_0000067102,2026-07-09,p_02782,Beauty,638,34,0,ozon_card,0,,177.43
ord_000005479,u_036809,ss_00121517,clk_0000067120,2026-07-23,p_03725,Electronics,5401,0,0,bank_card,0,,257.09
ord_000005480,u_036809,ss_00121523,clk_0000067122,2026-07-24,p_02509,Sports,2808,87,159,bank_card,0,,784.84
ord_000005481,u_036815,ss_00121534,clk_0000067127,2026-07-11,p_02908,Sports,1182,209,229,installment,0,,214.65
ord_000005482,u_036826,ss_00121569,clk_0000067148,2026-07-02,p_04422,Beauty,561,0,127,sberpay,0,,165.5
ord_000005483,u_036829,ss_00121583,clk_0000067157,2026-07-16,p_02140,Fashion,1390,190,226,bank_card,0,,400.46
ord_000005484,u_036829,ss_00121584,clk_0000067159,2026-07-06,p_01808,Electronics,4874,256,251,bank_card,0,,330.46
ord_000005485,u_036840,ss_00121611,clk_0000067179,2026-07-26,p_01436,Pet,787,24,300,ozon_card,0,,191.79
ord_000005486,u_036844,ss_00121624,clk_0000067190,2026-07-16,p_00500,Fashion,2130,112,160,bank_card,0,,438.57
ord_000005487,u_036846,ss_00121626,clk_0000067191,2026-07-18,p_00161,FMCG,456,51,139,bank_card,0,,43.09
ord_000005488,u_036846,ss_00121626,clk_0000067192,2026-07-18,p_02627,Beauty,426,32,125,bank_card,0,,108.59
ord_000005489,u_036848,ss_00121637,clk_0000067196,2026-07-16,p_00829,Home,1765,55,234,sberpay,0,,442.66
ord_000005490,u_036856,ss_00121672,clk_0000067213,2026-07-18,p_04245,Beauty,1329,27,74,ozon_card,0,,301.42
ord_000005491,u_036862,ss_00121688,clk_0000067221,2026-07-13,p_01926,Home,2352,261,239,bank_card,0,,294.71
ord_000005492,u_036869,ss_00121706,clk_0000067234,2026-07-03,p_00556,Fashion,1520,0,149,bank_card,0,,346.56
ord_000005493,u_036872,ss_00121722,clk_0000067243,2026-07-06,p_01103,Sports,1695,0,0,sberpay,0,,425.78
ord_000005494,u_036878,ss_00121739,clk_0000067256,2026-07-11,p_02984,Beauty,268,8,222,sberpay,0,,68.72
ord_000005495,u_036887,ss_00121761,clk_0000067267,2026-07-07,p_01404,Home,2786,0,96,ozon_card,0,,495.91
ord_000005496,u_036895,ss_00121789,clk_0000067282,2026-07-08,p_00253,Sports,1327,70,0,bank_card,0,,317.82
ord_000005497,u_036897,ss_00121798,clk_0000067288,2026-07-14,p_01347,FMCG,640,71,0,cash_on_delivery,0,,90.37
ord_000005498,u_036897,ss_00121802,clk_0000067294,2026-07-12,p_03886,Pet,1568,0,125,bank_card,0,,212.93
ord_000005499,u_036903,ss_00121821,clk_0000067304,2026-07-15,p_03591,Fashion,1853,98,136,bank_card,0,,360.04
ord_000005500,u_036911,ss_00121843,clk_0000067311,2026-07-16,p_02578,Books,517,57,244,bank_card,0,,62.56
ord_000005501,u_036911,ss_00121844,clk_0000067314,2026-07-24,p_04265,FMCG,543,17,304,bank_card,0,,86.55
ord_000005502,u_036922,ss_00121904,clk_0000067360,2026-07-07,p_01167,Auto,2163,0,136,sberpay,0,,443.85
ord_000005503,u_036923,ss_00121907,clk_0000067361,2026-07-06,p_03441,Electronics,3894,0,132,bank_card,0,,248.05
ord_000005504,u_036924,ss_00121915,clk_0000067366,2026-07-07,p_04183,Pet,479,15,,bank_card,0,,120.23
ord_000005505,u_036924,ss_00121916,clk_0000067367,2026-07-09,p_04471,Home,2882,0,95,installment,0,,517.9
ord_000005506,u_036924,ss_00121917,clk_0000067368,2026-07-12,p_00276,Sports,959,0,256,bank_card,0,,251.45
ord_000005507,u_036927,ss_00121923,clk_0000067372,2026-07-19,p_01466,Pet,1316,0,0,ozon_card,1,2026-08-12,-39.48
ord_000005508,u_036934,ss_00121945,clk_0000067384,2026-07-10,p_04040,Auto,2862,318,93,bank_card,0,,487.97
ord_000005509,u_036937,ss_00121953,clk_0000067392,2026-07-17,p_01171,Electronics,4928,870,293,bank_card,0,,589.39
ord_000005510,u_036963,ss_00122044,clk_0000067452,2026-07-07,p_01490,Fashion,2024,106,55,sberpay,0,,528.47
ord_000005511,u_036968,ss_00122058,clk_0000067459,2026-07-15,p_04215,Pet,1042,32,195,ozon_card,0,,218.51
ord_000005512,u_036970,ss_00122069,clk_0000067466,2026-07-11,p_01984,Auto,3917,435,0,bank_card,0,,893.86
ord_000005513,u_036972,ss_00122074,clk_0000067469,2026-07-13,p_01297,Fashion,2282,47,199,bank_card,0,,471.0
ord_000005514,u_036985,ss_00122109,clk_0000067484,2026-07-15,p_00591,Home,1682,52,173,installment,0,,363.14
ord_000005515,u_036986,ss_00122115,clk_0000067488,2026-07-15,p_02433,FMCG,314,35,203,sberpay,0,,34.41
ord_000005516,u_036997,ss_00122154,clk_0000067509,2026-07-12,p_00979,Auto,3004,0,0,bank_card,0,,459.91
ord_000005517,u_037002,ss_00122173,clk_0000067524,2026-07-20,p_01745,Pet,1345,237,251,bank_card,0,,241.83
ord_000005518,u_037003,ss_00122174,clk_0000067526,2026-07-07,p_04262,Electronics,2367,125,212,ozon_card,0,,219.42
ord_000005519,u_037004,ss_00122180,clk_0000067531,2026-07-23,p_02954,Fashion,3652,75,313,bank_card,1,2026-08-14,-109.56
ord_000005520,u_037018,ss_00122226,clk_0000067556,2026-07-02,p_00754,Kids,2291,71,122,sberpay,0,,674.7
ord_000005521,u_037022,ss_00122238,clk_0000067565,2026-07-10,p_01407,Home,2870,319,330,ozon_card,0,,477.28
ord_000005522,u_037026,ss_00122254,clk_0000067575,2026-07-08,p_00820,Home,1764,55,0,bank_card,0,,425.65
ord_000005523,u_037040,ss_00122303,clk_0000067608,2026-07-16,p_03361,Kids,1083,120,152,bank_card,0,,162.23
ord_000005524,u_037045,ss_00122313,clk_0000067616,2026-07-15,p_02350,Sports,1031,54,227,cash_on_delivery,0,,244.86
ord_000005525,u_037045,ss_00122319,clk_0000067622,2026-07-02,p_02441,Kids,1272,225,98,bank_card,0,,344.46
ord_000005526,u_037047,ss_00122348,clk_0000067646,2026-07-05,p_02083,Beauty,595,12,81,ozon_card,0,,199.86
ord_000005527,u_037047,ss_00122354,clk_0000067649,2026-07-19,p_04122,Beauty,796,163,0,bank_card,0,,171.54
ord_000005528,u_037051,ss_00122365,clk_0000067655,2026-07-12,p_03895,FMCG,395,44,268,ozon_card,0,,65.25
ord_000005529,u_037059,ss_00122397,clk_0000067669,2026-07-27,p_04089,Kids,2937,155,0,ozon_card,0,,726.61
ord_000005530,u_037059,ss_00122398,clk_0000067670,2026-07-16,p_04195,Kids,287,15,200,installment,0,,76.49
ord_000005531,u_037086,ss_00122472,clk_0000067707,2026-07-23,p_00463,Auto,2141,0,100,ozon_card,0,,481.3
ord_000005532,u_037096,ss_00122499,clk_0000067715,2026-07-07,p_01882,Fashion,1939,102,462,bank_card,0,,559.01
ord_000005533,u_037102,ss_00122516,clk_0000067727,2026-07-27,p_00304,Sports,1046,55,0,ozon_card,0,,204.28
ord_000005534,u_037109,ss_00122542,clk_0000067737,2026-07-30,p_04411,Fashion,882,120,257,sberpay,0,,176.84
ord_000005535,u_037115,ss_00122562,clk_0000067744,2026-07-21,p_00833,Home,1197,37,,bank_card,0,,125.09
ord_000005536,u_037118,ss_00122572,clk_0000067755,2026-07-22,p_00609,Home,1643,51,193,ozon_card,0,,284.07
ord_000005537,u_037119,ss_00122578,clk_0000067761,2026-07-28,p_02913,Auto,2183,0,,bank_card,0,,375.48
ord_000005538,u_037123,ss_00122592,clk_0000067768,2026-07-13,p_03198,Electronics,2458,76,52,bank_card,0,,248.5
ord_000005539,u_037126,ss_00122609,clk_0000067777,2026-07-15,p_00907,FMCG,1046,55,129,ozon_card,0,,195.6
ord_000005540,u_037129,ss_00122620,clk_0000067783,2026-07-04,p_01493,Auto,1242,138,291,ozon_card,0,,189.41
ord_000005541,u_037129,ss_00122621,clk_0000067784,2026-07-11,p_02754,FMCG,273,0,0,installment,0,,45.15
ord_000005542,u_037136,ss_00122638,clk_0000067791,2026-07-27,p_03905,Fashion,1014,21,171,bank_card,0,,194.08
ord_000005543,u_037138,ss_00122647,clk_0000067794,2026-07-03,p_01136,Sports,1082,57,224,bank_card,0,,237.61
ord_000005544,u_037138,ss_00122649,clk_0000067795,2026-07-25,p_04206,FMCG,146,0,227,bank_card,0,,27.73
ord_000005545,u_037142,ss_00122662,clk_0000067797,2026-07-03,p_01741,Fashion,471,15,200,sberpay,0,,101.36
ord_000005546,u_037143,ss_00122663,clk_0000067798,2026-07-18,p_00687,Electronics,4056,213,0,installment,0,,689.93
ord_000005547,u_037151,ss_00122694,clk_0000067812,2026-07-02,p_02010,Beauty,720,22,218,ozon_card,0,,183.38
ord_000005548,u_037165,ss_00122731,clk_0000067831,2026-07-17,p_03167,Kids,603,32,161,bank_card,0,,114.09
ord_000005549,u_037167,ss_00122756,clk_0000067858,2026-07-19,p_04402,Kids,1297,144,307,installment,0,,306.74
ord_000005550,u_037188,ss_00122845,clk_0000067914,2026-07-18,p_03446,FMCG,277,15,183,ozon_card,0,,57.09
ord_000005551,u_037192,ss_00122857,clk_0000067922,2026-07-11,p_00891,Pet,649,72,0,ozon_card,0,,112.47
ord_000005552,u_037194,ss_00122869,clk_0000067926,2026-07-03,p_00444,Home,1892,0,170,bank_card,0,,356.83
ord_000005553,u_037214,ss_00122938,clk_0000067968,2026-07-23,p_01097,Electronics,1668,185,123,sberpay,0,,168.97
ord_000005554,u_037253,ss_00123093,clk_0000068062,2026-07-29,p_04360,FMCG,194,0,148,cash_on_delivery,0,,28.05
ord_000005555,u_037254,ss_00123094,clk_0000068063,2026-07-29,p_04273,Home,1628,0,130,bank_card,0,,299.88
ord_000005556,u_037254,ss_00123095,clk_0000068064,2026-07-22,p_00624,FMCG,199,0,196,bank_card,0,,36.0
ord_000005557,u_037257,ss_00123103,clk_0000068071,2026-07-25,p_00931,Pet,814,0,292,bank_card,0,,154.82
ord_000005558,u_037266,ss_00123141,clk_0000068091,2026-07-15,p_01461,Books,104,0,180,sberpay,0,,14.91
ord_000005559,u_037269,ss_00123151,clk_0000068094,2026-07-19,p_04480,Pet,680,0,0,cash_on_delivery,0,,155.92
ord_000005560,u_037280,ss_00123188,clk_0000068112,2026-07-14,p_01356,Beauty,1433,44,90,bank_card,0,,428.04
ord_000005561,u_037280,ss_00123189,clk_0000068113,2026-07-21,p_03804,Electronics,6228,0,0,bank_card,0,,1033.85
ord_000005562,u_037285,ss_00123206,clk_0000068118,2026-07-23,p_03636,Sports,914,0,0,cash_on_delivery,0,,189.2
ord_000005563,u_037287,ss_00123212,clk_0000068122,2026-07-06,p_01345,Kids,459,51,136,cash_on_delivery,0,,79.09
ord_000005564,u_037296,ss_00123236,clk_0000068135,2026-07-28,p_00495,Fashion,1925,214,211,bank_card,0,,407.52
ord_000005565,u_037318,ss_00123301,clk_0000068169,2026-07-28,p_00859,Electronics,4901,0,0,bank_card,0,,541.07
ord_000005566,u_037322,ss_00123311,clk_0000068174,2026-07-28,p_01200,Electronics,2062,364,325,bank_card,0,,297.75
ord_000005567,u_037335,ss_00123351,clk_0000068192,2026-07-23,p_04298,Fashion,409,45,297,bank_card,0,,108.3
ord_000005568,u_037338,ss_00123371,clk_0000068209,2026-07-11,p_02610,Sports,1748,0,311,ozon_card,0,,411.13
ord_000005569,u_037342,ss_00123390,clk_0000068223,2026-07-11,p_01009,Books,421,0,0,ozon_card,0,,50.6
ord_000005570,u_037349,ss_00123424,clk_0000068255,2026-07-21,p_02341,Kids,450,50,263,bank_card,0,,66.28
ord_000005571,u_037359,ss_00123455,clk_0000068278,2026-07-29,p_01187,Sports,1378,153,196,ozon_card,0,,276.84
ord_000005572,u_037359,ss_00123457,clk_0000068279,2026-07-09,p_00326,Kids,1486,0,250,bank_card,0,,381.16
ord_000005573,u_037360,ss_00123458,clk_0000068280,2026-07-18,p_01584,Home,2702,84,114,bank_card,0,,549.86
ord_000005574,u_037384,ss_00123538,clk_0000068314,2026-07-26,p_04351,Home,2213,68,159,bank_card,0,,499.03
ord_000005575,u_037384,ss_00123541,clk_0000068316,2026-07-13,p_00403,Home,3509,0,0,sberpay,1,2026-07-23,-105.27
ord_000005576,u_037395,ss_00123575,clk_0000068332,2026-07-27,p_02431,Books,279,0,150,bank_card,0,,75.13
ord_000005577,u_037399,ss_00123588,clk_0000068341,2026-07-13,p_01443,Home,2072,230,148,installment,0,,262.73
ord_000005578,u_037402,ss_00123595,clk_0000068347,2026-07-22,p_03172,Electronics,1618,180,0,bank_card,0,,188.01
ord_000005579,u_037404,ss_00123602,clk_0000068351,2026-07-10,p_02133,Kids,1754,0,143,sberpay,0,,359.57
ord_000005580,u_037405,ss_00123607,clk_0000068354,2026-07-06,p_03563,Kids,941,166,257,bank_card,0,,263.95
ord_000005581,u_037407,ss_00123613,clk_0000068356,2026-07-13,p_03967,Fashion,2059,229,109,ozon_card,0,,485.1
ord_000005582,u_037408,ss_00123619,clk_0000068360,2026-07-10,p_00575,Fashion,2704,477,160,bank_card,0,,416.96
ord_000005583,u_037411,ss_00123630,clk_0000068367,2026-07-10,p_03136,Books,374,66,149,bank_card,0,,71.13
ord_000005584,u_037418,ss_00123649,clk_0000068379,2026-07-05,p_03613,Books,693,21,0,ozon_card,0,,126.13
ord_000005585,u_037426,ss_00123685,clk_0000068393,2026-07-27,p_03491,Fashion,1606,33,202,bank_card,0,,462.37
ord_000005586,u_037436,ss_00123725,clk_0000068412,2026-07-18,p_00298,Fashion,796,60,102,bank_card,0,,237.13
ord_000005587,u_037437,ss_00123729,clk_0000068415,2026-07-21,p_03926,Electronics,3216,99,305,bank_card,0,,525.49
ord_000005588,u_037440,ss_00123738,clk_0000068422,2026-07-02,p_01661,Beauty,1209,64,107,sberpay,0,,407.07
ord_000005589,u_037443,ss_00123745,clk_0000068430,2026-07-20,p_02351,Pet,1410,74,272,ozon_card,0,,182.31
ord_000005590,u_037447,ss_00123758,clk_0000068434,2026-07-12,p_03606,Kids,1313,146,197,bank_card,0,,294.9
ord_000005591,u_037468,ss_00123817,clk_0000068469,2026-07-02,p_02920,Pet,2041,107,199,sberpay,0,,284.11
ord_000005592,u_037474,ss_00123846,clk_0000068480,2026-07-17,p_00879,Books,199,0,0,bank_card,0,,38.98
ord_000005593,u_037481,ss_00123872,clk_0000068496,2026-07-15,p_00597,Electronics,2493,0,296,ozon_card,0,,384.17
ord_000005594,u_037481,ss_00123875,clk_0000068497,2026-07-30,p_02162,Books,295,0,160,bank_card,0,,58.2
ord_000005595,u_037505,ss_00123962,clk_0000068558,2026-07-30,p_03960,Beauty,440,23,284,bank_card,0,,149.69
ord_000005596,u_037507,ss_00123971,clk_0000068563,2026-07-06,p_02875,Home,1580,83,,bank_card,1,2026-07-23,-47.4
ord_000005597,u_037510,ss_00123982,clk_0000068568,2026-07-11,p_01658,Electronics,2192,115,0,bank_card,0,,135.25
ord_000005598,u_037523,ss_00124021,clk_0000068590,2026-07-20,p_01158,Beauty,816,167,250,bank_card,0,,212.81
ord_000005599,u_037529,ss_00124037,clk_0000068601,2026-07-23,p_01585,Home,1524,0,65,sberpay,0,,181.05
ord_000005600,u_037534,ss_00124051,clk_0000068608,2026-07-21,p_03102,FMCG,567,18,251,bank_card,0,,111.13
ord_000005601,u_037534,ss_00124053,clk_0000068609,2026-07-17,p_00839,Books,564,63,153,installment,0,,97.85
ord_000005602,u_037540,ss_00124075,clk_0000068623,2026-07-11,p_03027,Kids,1217,0,257,installment,0,,277.6
ord_000005603,u_037549,ss_00124101,clk_0000068636,2026-07-23,p_02031,Electronics,7630,236,0,ozon_card,0,,444.07
ord_000005604,u_037549,ss_00124101,clk_0000068637,2026-07-23,p_01989,Electronics,2758,306,282,installment,0,,148.38
ord_000005605,u_037566,ss_00124151,clk_0000068661,2026-07-21,p_03634,Sports,902,28,160,sberpay,0,,198.8
ord_000005606,u_037567,ss_00124155,clk_0000068663,2026-07-13,p_03806,Pet,1174,0,135,bank_card,0,,198.99
ord_000005607,u_037568,ss_00124162,clk_0000068667,2026-07-24,p_03671,Fashion,1694,231,0,sberpay,0,,435.19
ord_000005608,u_037574,ss_00124182,clk_0000068675,2026-07-22,p_03610,Kids,613,32,0,ozon_card,0,,136.88
ord_000005609,u_037579,ss_00124197,clk_0000068683,2026-07-02,p_02366,Auto,1719,303,83,bank_card,0,,434.05
ord_000005610,u_037583,ss_00124218,clk_0000068697,2026-07-06,p_00028,FMCG,295,16,132,sberpay,0,,28.97
ord_000005611,u_037583,ss_00124218,clk_0000068698,2026-07-06,p_02191,Home,891,0,286,cash_on_delivery,0,,162.16
ord_000005612,u_037584,ss_00124222,clk_0000068703,2026-07-21,p_02496,Sports,2016,224,145,bank_card,0,,456.22
ord_000005613,u_037587,ss_00124233,clk_0000068710,2026-07-25,p_03376,Sports,1038,183,198,cash_on_delivery,0,,208.12
ord_000005614,u_037588,ss_00124234,clk_0000068714,2026-07-12,p_02096,Fashion,1838,57,239,ozon_card,0,,491.3
ord_000005615,u_037590,ss_00124237,clk_0000068716,2026-07-15,p_00355,Beauty,393,12,202,ozon_card,0,,120.65
ord_000005616,u_037602,ss_00124273,clk_0000068734,2026-07-09,p_01169,Sports,394,70,239,ozon_card,0,,114.5
ord_000005617,u_037604,ss_00124278,clk_0000068736,2026-07-23,p_01508,FMCG,269,0,197,installment,0,,31.18
ord_000005618,u_037606,ss_00124281,clk_0000068739,2026-07-18,p_00840,Sports,514,0,246,sberpay,0,,124.9
ord_000005619,u_037608,ss_00124292,clk_0000068745,2026-07-21,p_03795,Auto,2499,77,290,sberpay,0,,418.83
ord_000005620,u_037609,ss_00124299,clk_0000068747,2026-07-10,p_04443,Home,2017,356,236,bank_card,0,,348.13
ord_000005621,u_037618,ss_00124330,clk_0000068763,2026-07-12,p_00802,Kids,761,24,257,ozon_card,0,,183.86
ord_000005622,u_037618,ss_00124332,clk_0000068765,2026-07-06,p_03684,Fashion,544,41,0,bank_card,0,,140.3
ord_000005623,u_037626,ss_00124355,clk_0000068777,2026-07-10,p_03644,Pet,579,0,276,ozon_card,0,,71.27
ord_000005624,u_037632,ss_00124365,clk_0000068783,2026-07-18,p_01918,FMCG,245,8,50,bank_card,0,,39.35
ord_000005625,u_037634,ss_00124373,clk_0000068788,2026-07-18,p_03835,Home,5810,0,175,ozon_card,0,,1381.62
ord_000005626,u_037634,ss_00124374,clk_0000068789,2026-07-06,p_03952,Kids,599,0,195,bank_card,0,,137.29
ord_000005627,u_037640,ss_00124389,clk_0000068795,2026-07-10,p_02565,Beauty,856,26,48,ozon_card,0,,277.09
ord_000005628,u_037649,ss_00124417,clk_0000068806,2026-07-22,p_03969,Electronics,1640,182,157,sberpay,0,,226.32
ord_000005629,u_037651,ss_00124427,clk_0000068814,2026-07-23,p_03483,Home,1555,0,129,bank_card,0,,366.98
ord_000005630,u_037653,ss_00124435,clk_0000068817,2026-07-15,p_01487,Auto,1008,112,177,cash_on_delivery,0,,200.49
ord_000005631,u_037658,ss_00124445,clk_0000068820,2026-07-09,p_02629,Electronics,3606,112,0,sberpay,0,,278.74
ord_000005632,u_037667,ss_00124479,clk_0000068831,2026-07-07,p_02677,Beauty,804,42,205,bank_card,0,,241.12
ord_000005633,u_037667,ss_00124479,clk_0000068832,2026-07-07,p_00695,Auto,833,26,301,bank_card,0,,229.82
ord_000005634,u_037668,ss_00124484,clk_0000068836,2026-07-22,p_01047,Electronics,4405,0,,bank_card,0,,267.82
ord_000005635,u_037682,ss_00124527,clk_0000068858,2026-07-13,p_01349,Fashion,1060,0,129,installment,0,,252.28
ord_000005636,u_037695,ss_00124575,clk_0000068879,2026-07-06,p_00317,Fashion,1586,84,62,ozon_card,0,,433.14
ord_000005637,u_037697,ss_00124584,clk_0000068884,2026-07-13,p_04158,Pet,604,0,233,sberpay,0,,133.54
ord_000005638,u_037703,ss_00124600,clk_0000068892,2026-07-12,p_02606,Electronics,4419,0,140,bank_card,0,,388.43
ord_000005639,u_037703,ss_00124601,clk_0000068893,2026-07-21,p_03876,Home,2110,234,0,bank_card,0,,507.45
ord_000005640,u_037723,ss_00124663,clk_0000068921,2026-07-01,p_03514,Home,1172,0,117,sberpay,1,2026-07-29,-35.16
ord_000005641,u_037726,ss_00124674,clk_0000068928,2026-07-09,p_01009,Books,421,0,173,bank_card,0,,50.6
ord_000005642,u_037744,ss_00124733,clk_0000068954,2026-07-21,p_01134,Fashion,1377,72,,sberpay,1,2026-08-16,-41.31
ord_000005643,u_037746,ss_00124739,clk_0000068958,2026-07-25,p_04108,Home,1146,35,0,cash_on_delivery,0,,141.65
ord_000005644,u_037764,ss_00124808,clk_0000068982,2026-07-25,p_00539,Home,1611,0,125,bank_card,0,,311.73
ord_000005645,u_037766,ss_00124813,clk_0000068985,2026-07-10,p_03324,Auto,1344,71,0,cash_on_delivery,0,,389.63
ord_000005646,u_037776,ss_00124847,clk_0000069009,2026-07-18,p_03760,Sports,1932,102,299,bank_card,0,,471.79
ord_000005647,u_037781,ss_00124869,clk_0000069022,2026-07-13,p_03866,Sports,3406,105,0,bank_card,0,,657.02
ord_000005648,u_037796,ss_00124924,clk_0000069052,2026-07-21,p_01264,Home,1934,102,0,ozon_card,0,,312.34
ord_000005649,u_037806,ss_00124964,clk_0000069070,2026-07-21,p_01208,Kids,741,0,297,bank_card,0,,209.33
ord_000005650,u_037820,ss_00125004,clk_0000069099,2026-07-27,p_00301,FMCG,376,20,378,sberpay,0,,76.37
ord_000005651,u_037821,ss_00125007,clk_0000069102,2026-07-11,p_02504,Home,2338,123,303,bank_card,0,,452.4
ord_000005652,u_037821,ss_00125010,clk_0000069105,2026-07-16,p_00391,Beauty,5756,0,126,bank_card,0,,1718.17
ord_000005653,u_037824,ss_00125026,clk_0000069110,2026-07-21,p_00689,Beauty,341,0,90,bank_card,0,,118.94
ord_000005654,u_037831,ss_00125047,clk_0000069123,2026-07-09,p_02410,Electronics,1508,0,,bank_card,0,,123.81
ord_000005655,u_037833,ss_00125055,clk_0000069132,2026-07-29,p_02649,Sports,1678,186,,sberpay,0,,339.29
ord_000005656,u_037863,ss_00125147,clk_0000069181,2026-07-17,p_01732,Electronics,10513,0,0,installment,0,,2027.96
ord_000005657,u_037865,ss_00125157,clk_0000069187,2026-07-13,p_02276,Beauty,775,106,0,cash_on_delivery,0,,213.9
ord_000005658,u_037866,ss_00125163,clk_0000069192,2026-07-22,p_01034,Kids,798,42,220,sberpay,1,2026-07-25,-23.94
ord_000005659,u_037877,ss_00125189,clk_0000069207,2026-07-09,p_03513,Pet,261,14,101,bank_card,0,,45.75
ord_000005660,u_037886,ss_00125215,clk_0000069228,2026-07-29,p_02696,Beauty,459,24,0,bank_card,0,,142.38
ord_000005661,u_037889,ss_00125222,clk_0000069232,2026-07-28,p_01166,Fashion,2485,131,334,ozon_card,0,,575.03
ord_000005662,u_037906,ss_00125314,clk_0000069301,2026-07-05,p_02152,Sports,854,0,185,ozon_card,0,,194.54
ord_000005663,u_037917,ss_00125346,clk_0000069321,2026-07-03,p_04482,Home,1102,0,302,ozon_card,0,,250.15
ord_000005664,u_037923,ss_00125381,clk_0000069355,2026-07-21,p_00711,Home,1790,199,167,ozon_card,0,,270.83
ord_000005665,u_037929,ss_00125391,clk_0000069362,2026-07-18,p_01998,FMCG,855,45,267,bank_card,0,,72.93
ord_000005666,u_037933,ss_00125405,clk_0000069369,2026-07-21,p_02935,Kids,1763,0,221,bank_card,0,,446.22
ord_000005667,u_037938,ss_00125416,clk_0000069376,2026-07-08,p_00869,Fashion,1710,0,57,bank_card,0,,500.35
ord_000005668,u_037941,ss_00125428,clk_0000069385,2026-07-04,p_03947,Kids,1342,149,,installment,0,,294.7
ord_000005669,u_037949,ss_00125457,clk_0000069404,2026-07-22,p_01656,Beauty,580,12,0,bank_card,0,,118.03
ord_000005670,u_037959,ss_00125485,clk_0000069414,2026-07-04,p_04461,Electronics,6341,1119,0,cash_on_delivery,0,,678.49
ord_000005671,u_037968,ss_00125516,clk_0000069439,2026-07-30,p_02965,Home,2069,0,0,bank_card,0,,440.9
ord_000005672,u_037970,ss_00125525,clk_0000069444,2026-07-19,p_01377,Beauty,1369,103,0,bank_card,0,,403.99
ord_000005673,u_037973,ss_00125532,clk_0000069448,2026-07-07,p_00960,Books,404,13,311,bank_card,0,,67.75
ord_000005674,u_037986,ss_00125580,clk_0000069470,2026-07-08,p_03203,Home,1357,151,134,bank_card,0,,258.51
ord_000005675,u_037998,ss_00125611,clk_0000069488,2026-07-04,p_02802,Fashion,875,66,289,bank_card,0,,236.16
ord_000005676,u_038001,ss_00125623,clk_0000069491,2026-07-14,p_01333,Electronics,3856,428,,bank_card,0,,245.24
ord_000005677,u_038007,ss_00125639,clk_0000069498,2026-07-13,p_03894,Fashion,2014,41,233,bank_card,1,2026-08-11,-60.42
ord_000005678,u_038026,ss_00125693,clk_0000069528,2026-07-21,p_02814,Fashion,901,184,126,bank_card,1,2026-08-14,-27.03
ord_000005679,u_038026,ss_00125694,clk_0000069530,2026-07-06,p_00746,Home,1372,0,89,ozon_card,0,,330.1
ord_000005680,u_038030,ss_00125706,clk_0000069536,2026-07-11,p_00706,Fashion,1208,165,220,sberpay,0,,211.04
ord_000005681,u_038050,ss_00125773,clk_0000069584,2026-07-27,p_00820,Home,1728,91,249,bank_card,0,,416.97
ord_000005682,u_038052,ss_00125776,clk_0000069585,2026-07-22,p_03377,Fashion,1541,316,251,installment,0,,367.84
ord_000005683,u_038056,ss_00125787,clk_0000069591,2026-07-12,p_03331,Fashion,790,42,0,ozon_card,0,,184.54
ord_000005684,u_038056,ss_00125788,clk_0000069592,2026-07-16,p_03594,FMCG,286,15,0,ozon_card,0,,36.41
ord_000005685,u_038075,ss_00125836,clk_0000069626,2026-07-29,p_04496,Home,1557,82,,bank_card,0,,288.05
ord_000005686,u_038083,ss_00125853,clk_0000069633,2026-07-08,p_01171,Electronics,5508,290,0,sberpay,0,,658.76
ord_000005687,u_038091,ss_00125916,clk_0000069695,2026-07-16,p_03332,Beauty,1800,369,185,bank_card,0,,450.72
ord_000005688,u_038105,ss_00125947,clk_0000069707,2026-07-16,p_03007,Electronics,2915,153,158,sberpay,0,,261.48
ord_000005689,u_038110,ss_00125963,clk_0000069714,2026-07-26,p_04330,Electronics,3253,0,0,cash_on_delivery,0,,349.37
ord_000005690,u_038111,ss_00125967,clk_0000069717,2026-07-21,p_02582,Auto,2759,145,0,ozon_card,1,2026-08-12,-82.77
ord_000005691,u_038123,ss_00126008,clk_0000069737,2026-07-29,p_02279,Fashion,1185,89,0,bank_card,0,,235.22
ord_000005692,u_038123,ss_00126011,clk_0000069738,2026-07-23,p_01710,Beauty,1631,33,225,ozon_card,1,2026-08-26,-48.93
ord_000005693,u_038125,ss_00126015,clk_0000069741,2026-07-21,p_01797,Books,277,0,291,bank_card,0,,45.01
ord_000005694,u_038138,ss_00126054,clk_0000069761,2026-07-04,p_02327,Home,3497,0,0,sberpay,0,,757.45
ord_000005695,u_038140,ss_00126063,clk_0000069766,2026-07-23,p_03513,Pet,267,8,0,installment,0,,46.81
ord_000005696,u_038150,ss_00126092,clk_0000069779,2026-07-09,p_03448,Pet,2759,0,269,bank_card,0,,367.5
ord_000005697,u_038176,ss_00126171,clk_0000069810,2026-07-13,p_02093,Sports,556,0,196,ozon_card,0,,121.54
ord_000005698,u_038188,ss_00126207,clk_0000069833,2026-07-03,p_02136,Electronics,6825,0,194,bank_card,0,,885.2
ord_000005699,u_038199,ss_00126244,clk_0000069855,2026-07-01,p_01536,FMCG,180,10,,ozon_card,0,,15.75
ord_000005700,u_038201,ss_00126247,clk_0000069857,2026-07-23,p_02222,Fashion,2250,46,0,cash_on_delivery,0,,553.05
ord_000005701,u_038209,ss_00126266,clk_0000069867,2026-07-16,p_01314,Home,1544,0,0,cash_on_delivery,0,,214.77
ord_000005702,u_038212,ss_00126275,clk_0000069870,2026-07-06,p_01958,Home,3907,206,0,installment,1,2026-07-24,-117.21
ord_000005703,u_038218,ss_00126301,clk_0000069880,2026-07-19,p_03297,Home,989,0,294,bank_card,0,,225.99
ord_000005704,u_038229,ss_00126332,clk_0000069886,2026-07-19,p_00016,Beauty,592,12,0,installment,0,,215.43
ord_000005705,u_038233,ss_00126349,clk_0000069894,2026-07-21,p_01198,Books,176,5,206,installment,0,,24.02
ord_000005706,u_038244,ss_00126385,clk_0000069908,2026-07-14,p_03281,Beauty,815,0,214,cash_on_delivery,0,,264.39
ord_000005707,u_038248,ss_00126404,clk_0000069913,2026-07-19,p_04268,Books,678,75,124,ozon_card,1,2026-08-07,-20.34
ord_000005708,u_038250,ss_00126411,clk_0000069923,2026-07-13,p_03171,Sports,912,28,0,bank_card,0,,106.07
ord_000005709,u_038257,ss_00126432,clk_0000069933,2026-07-10,p_03841,Home,466,0,179,bank_card,1,2026-07-26,-13.98
ord_000005710,u_038264,ss_00126449,clk_0000069947,2026-07-30,p_00467,Electronics,3711,0,0,installment,0,,545.15
ord_000005711,u_038274,ss_00126488,clk_0000069975,2026-07-25,p_02909,Beauty,484,0,0,installment,0,,117.22
ord_000005712,u_038298,ss_00126548,clk_0000070012,2026-07-16,p_00900,Fashion,2358,48,155,bank_card,0,,566.39
ord_000005713,u_038304,ss_00126565,clk_0000070026,2026-07-08,p_00520,Pet,656,0,154,sberpay,0,,136.97
ord_000005714,u_038311,ss_00126599,clk_0000070055,2026-07-02,p_00955,Kids,1567,0,163,bank_card,0,,196.03
ord_000005715,u_038319,ss_00126632,clk_0000070072,2026-07-06,p_04367,Beauty,814,61,97,ozon_card,0,,256.33
ord_000005716,u_038323,ss_00126640,clk_0000070073,2026-07-09,p_02866,Fashion,2410,181,164,bank_card,1,2026-08-04,-72.3
ord_000005717,u_038330,ss_00126656,clk_0000070076,2026-07-24,p_04282,Electronics,820,0,249,bank_card,0,,165.97
ord_000005718,u_038337,ss_00126685,clk_0000070096,2026-07-07,p_01705,Kids,1918,101,,installment,0,,508.85
ord_000005719,u_038338,ss_00126692,clk_0000070099,2026-07-18,p_02575,Kids,1067,33,284,bank_card,0,,268.56
ord_000005720,u_038339,ss_00126698,clk_0000070106,2026-07-27,p_04441,Pet,513,0,110,bank_card,0,,110.19
ord_000005721,u_038341,ss_00126705,clk_0000070110,2026-07-22,p_02940,Electronics,2477,0,92,cash_on_delivery,0,,99.08
ord_000005722,u_038350,ss_00126738,clk_0000070123,2026-07-12,p_01550,Books,390,0,49,bank_card,0,,72.27
ord_000005723,u_038359,ss_00126761,clk_0000070129,2026-07-06,p_00338,Sports,1258,39,285,installment,0,,258.9
ord_000005724,u_038361,ss_00126769,clk_0000070134,2026-07-13,p_03614,Fashion,1289,228,233,cash_on_delivery,0,,395.08
ord_000005725,u_038362,ss_00126773,clk_0000070136,2026-07-13,p_03042,FMCG,280,9,187,bank_card,0,,36.54
ord_000005726,u_038376,ss_00126818,clk_0000070155,2026-07-07,p_03096,Beauty,1163,0,377,ozon_card,0,,326.57
ord_000005727,u_038381,ss_00126839,clk_0000070164,2026-07-03,p_03779,FMCG,195,10,108,bank_card,0,,19.15
ord_000005728,u_038397,ss_00126883,clk_0000070185,2026-07-11,p_00514,FMCG,431,0,114,ozon_card,0,,66.85
ord_000005729,u_038414,ss_00126943,clk_0000070225,2026-07-10,p_01273,FMCG,364,0,274,bank_card,0,,67.59
ord_000005730,u_038415,ss_00126944,clk_0000070226,2026-07-25,p_03420,Kids,1040,55,188,ozon_card,0,,177.74
ord_000005731,u_038428,ss_00126976,clk_0000070240,2026-07-07,p_02475,Electronics,3092,0,0,bank_card,0,,392.99
ord_000005732,u_038429,ss_00126980,clk_0000070241,2026-07-20,p_03984,Electronics,5925,658,0,sberpay,0,,664.78
ord_000005733,u_038443,ss_00127022,clk_0000070265,2026-07-06,p_02180,Fashion,420,0,168,bank_card,1,2026-07-22,-12.6
ord_000005734,u_038446,ss_00127029,clk_0000070267,2026-07-10,p_03188,Pet,389,43,211,ozon_card,0,,84.84
ord_000005735,u_038446,ss_00127031,clk_0000070268,2026-07-02,p_00254,Home,873,97,341,ozon_card,0,,177.92
ord_000005736,u_038469,ss_00127100,clk_0000070294,2026-07-14,p_04224,Home,1323,41,163,bank_card,0,,283.52
ord_000005737,u_038471,ss_00127107,clk_0000070297,2026-07-21,p_00754,Kids,2362,0,267,ozon_card,0,,695.61
ord_000005738,u_038473,ss_00127114,clk_0000070301,2026-07-07,p_04205,Sports,729,81,0,installment,1,2026-07-24,-21.87
ord_000005739,u_038476,ss_00127127,clk_0000070311,2026-07-27,p_00015,Fashion,1104,23,324,bank_card,0,,286.49
ord_000005740,u_038477,ss_00127130,clk_0000070314,2026-07-11,p_02118,Home,2281,0,147,bank_card,0,,308.85
ord_000005741,u_038496,ss_00127183,clk_0000070342,2026-07-21,p_03472,Kids,1967,61,339,bank_card,0,,452.8
ord_000005742,u_038497,ss_00127188,clk_0000070346,2026-07-15,p_01746,Fashion,1282,0,197,bank_card,0,,255.12
ord_000005743,u_038526,ss_00127272,clk_0000070389,2026-07-22,p_04087,Beauty,1155,158,261,bank_card,0,,239.78
ord_000005744,u_038535,ss_00127295,clk_0000070405,2026-07-20,p_01300,Electronics,2879,0,338,bank_card,0,,322.74
ord_000005745,u_038535,ss_00127297,clk_0000070407,2026-07-16,p_04369,Beauty,479,10,107,bank_card,0,,137.14
ord_000005746,u_038535,ss_00127297,clk_0000070408,2026-07-16,p_02502,Home,2807,87,127,bank_card,0,,529.4
ord_000005747,u_038541,ss_00127313,clk_0000070414,2026-07-19,p_03042,FMCG,280,9,143,bank_card,0,,36.54
ord_000005748,u_038548,ss_00127333,clk_0000070428,2026-07-27,p_03698,Kids,1065,118,130,ozon_card,1,2026-08-05,-31.95
ord_000005749,u_038554,ss_00127365,clk_0000070446,2026-07-13,p_02800,Beauty,609,12,0,ozon_card,0,,197.19
ord_000005750,u_038584,ss_00127470,clk_0000070502,2026-07-05,p_03620,Kids,2474,130,202,bank_card,0,,718.45
ord_000005751,u_038587,ss_00127482,clk_0000070511,2026-07-16,p_04117,Books,253,0,403,bank_card,0,,42.3
ord_000005752,u_038589,ss_00127486,clk_0000070515,2026-07-20,p_03851,Sports,779,87,101,ozon_card,0,,171.07
ord_000005753,u_038592,ss_00127491,clk_0000070520,2026-07-29,p_04249,Sports,1169,62,297,ozon_card,0,,175.0
ord_000005754,u_038599,ss_00127518,clk_0000070542,2026-07-19,p_00676,Electronics,3549,0,168,sberpay,0,,471.31
ord_000005755,u_038620,ss_00127577,clk_0000070570,2026-07-06,p_02970,Pet,1540,171,370,ozon_card,0,,289.06
ord_000005756,u_038625,ss_00127589,clk_0000070576,2026-07-17,p_02592,Beauty,1627,50,179,bank_card,0,,450.19
ord_000005757,u_038626,ss_00127591,clk_0000070579,2026-07-20,p_04200,Kids,800,42,218,bank_card,0,,149.68
ord_000005758,u_038653,ss_00127669,clk_0000070625,2026-07-22,p_04016,Pet,436,48,,bank_card,0,,96.49
ord_000005759,u_038663,ss_00127696,clk_0000070644,2026-07-06,p_04332,Beauty,793,16,119,ozon_card,0,,239.88
ord_000005760,u_038678,ss_00127744,clk_0000070668,2026-07-17,p_02376,Auto,2653,0,256,bank_card,0,,457.91
ord_000005761,u_038680,ss_00127747,clk_0000070670,2026-07-28,p_03019,Electronics,3098,163,0,sberpay,0,,146.54
ord_000005762,u_038681,ss_00127748,clk_0000070672,2026-07-30,p_01263,FMCG,506,27,0,bank_card,0,,53.18
ord_000005763,u_038694,ss_00127795,clk_0000070704,2026-07-04,p_03981,FMCG,254,45,223,cash_on_delivery,0,,37.29
ord_000005764,u_038696,ss_00127799,clk_0000070706,2026-07-23,p_02789,Electronics,4841,0,0,bank_card,0,,548.97
ord_000005765,u_038701,ss_00127813,clk_0000070711,2026-07-17,p_03942,Beauty,463,63,144,ozon_card,0,,100.52
ord_000005766,u_038702,ss_00127819,clk_0000070715,2026-07-17,p_04327,Fashion,1085,22,296,ozon_card,0,,267.02
ord_000005767,u_038718,ss_00127872,clk_0000070741,2026-07-06,p_01289,Kids,1836,57,163,installment,1,2026-07-29,-55.08
ord_000005768,u_038718,ss_00127873,clk_0000070742,2026-07-15,p_02567,Beauty,414,22,0,bank_card,0,,118.28
ord_000005769,u_038736,ss_00127931,clk_0000070777,2026-07-22,p_02536,Kids,2016,224,,ozon_card,0,,338.49
ord_000005770,u_038740,ss_00127945,clk_0000070786,2026-07-22,p_03396,Home,1339,70,267,sberpay,0,,341.58
ord_000005771,u_038754,ss_00127986,clk_0000070805,2026-07-04,p_03960,Beauty,454,9,198,ozon_card,0,,154.45
ord_000005772,u_038754,ss_00127988,clk_0000070807,2026-07-18,p_00508,Fashion,633,13,0,bank_card,0,,127.93
ord_000005773,u_038756,ss_00127992,clk_0000070809,2026-07-12,p_02967,FMCG,300,9,228,bank_card,0,,40.59
ord_000005774,u_038756,ss_00127995,clk_0000070812,2026-07-30,p_02120,Beauty,481,25,112,bank_card,0,,114.53
ord_000005775,u_038764,ss_00128023,clk_0000070827,2026-07-06,p_02969,Pet,516,0,96,sberpay,0,,122.09
ord_000005776,u_038772,ss_00128042,clk_0000070840,2026-07-01,p_01647,Beauty,382,20,153,sberpay,0,,84.31
ord_000005777,u_038777,ss_00128058,clk_0000070851,2026-07-19,p_03970,Electronics,3437,382,0,ozon_card,0,,463.65
ord_000005778,u_038786,ss_00128086,clk_0000070864,2026-07-08,p_03663,Pet,2990,0,,bank_card,0,,471.22
ord_000005779,u_038799,ss_00128135,clk_0000070892,2026-07-08,p_03973,Kids,2071,64,116,bank_card,0,,431.39
ord_000005780,u_038800,ss_00128144,clk_0000070896,2026-07-11,p_03087,Home,2193,68,270,ozon_card,0,,408.12
ord_000005781,u_038822,ss_00128229,clk_0000070969,2026-07-14,p_01852,Home,1750,0,272,bank_card,0,,394.98
ord_000005782,u_038842,ss_00128297,clk_0000071011,2026-07-02,p_03391,Electronics,3213,0,0,ozon_card,0,,531.11
ord_000005783,u_038845,ss_00128307,clk_0000071013,2026-07-29,p_02020,Pet,439,23,243,bank_card,0,,104.92
ord_000005784,u_038846,ss_00128309,clk_0000071014,2026-07-24,p_01250,FMCG,609,0,307,bank_card,0,,95.92
ord_000005785,u_038848,ss_00128316,clk_0000071017,2026-07-30,p_01850,Electronics,5752,1015,0,ozon_card,0,,984.74
ord_000005786,u_038864,ss_00128370,clk_0000071051,2026-07-05,p_00356,Kids,1074,0,215,cash_on_delivery,0,,306.2
ord_000005787,u_038866,ss_00128380,clk_0000071056,2026-07-15,p_02064,Electronics,2303,0,211,bank_card,0,,209.57
ord_000005788,u_038876,ss_00128419,clk_0000071082,2026-07-02,p_00949,Electronics,2986,92,228,ozon_card,0,,316.52
ord_000005789,u_038896,ss_00128468,clk_0000071110,2026-07-21,p_03607,Beauty,1393,28,176,bank_card,0,,380.01
ord_000005790,u_038900,ss_00128485,clk_0000071122,2026-07-08,p_03636,Sports,823,91,206,ozon_card,0,,170.36
ord_000005791,u_038901,ss_00128487,clk_0000071123,2026-07-23,p_03517,Home,1953,0,,ozon_card,0,,511.69
ord_000005792,u_038906,ss_00128498,clk_0000071131,2026-07-22,p_02312,Fashion,499,68,146,bank_card,0,,115.47
ord_000005793,u_038910,ss_00128508,clk_0000071135,2026-07-04,p_01724,Sports,2246,118,195,bank_card,0,,489.63
ord_000005794,u_038919,ss_00128534,clk_0000071150,2026-07-10,p_01491,Books,185,6,143,ozon_card,0,,32.39
ord_000005795,u_038919,ss_00128535,clk_0000071151,2026-07-14,p_04426,Home,813,0,348,ozon_card,0,,126.67
ord_000005796,u_038925,ss_00128550,clk_0000071159,2026-07-24,p_00284,Kids,795,0,270,bank_card,1,2026-08-22,-23.85
ord_000005797,u_038926,ss_00128552,clk_0000071161,2026-07-15,p_02552,Fashion,1631,33,309,installment,0,,249.05
ord_000005798,u_038936,ss_00128585,clk_0000071174,2026-07-17,p_04251,Beauty,709,0,15,bank_card,0,,222.84
ord_000005799,u_038941,ss_00128601,clk_0000071183,2026-07-12,p_03631,Auto,859,152,178,ozon_card,0,,150.24
ord_000005800,u_038951,ss_00128636,clk_0000071200,2026-07-01,p_00629,Auto,4196,0,0,sberpay,0,,646.18
ord_000005801,u_038975,ss_00128714,clk_0000071243,2026-07-28,p_00277,Fashion,1003,0,225,bank_card,0,,276.53
ord_000005802,u_038991,ss_00128763,clk_0000071281,2026-07-04,p_03038,Sports,1563,0,69,installment,0,,453.27
ord_000005803,u_038998,ss_00128780,clk_0000071287,2026-07-26,p_03145,Beauty,344,18,269,bank_card,0,,86.76
ord_000005804,u_039015,ss_00128835,clk_0000071303,2026-07-12,p_01248,FMCG,666,0,115,ozon_card,0,,93.77
ord_000005805,u_039020,ss_00128853,clk_0000071312,2026-07-21,p_00008,Books,99,0,179,bank_card,0,,13.45
ord_000005806,u_039031,ss_00128881,clk_0000071328,2026-07-15,p_01100,Sports,2083,0,257,ozon_card,0,,358.28
ord_000005807,u_039031,ss_00128882,clk_0000071330,2026-07-21,p_02535,FMCG,246,0,46,ozon_card,0,,32.94
ord_000005808,u_039049,ss_00128930,clk_0000071353,2026-07-06,p_03106,Beauty,351,7,267,sberpay,0,,99.44
ord_000005809,u_039053,ss_00128944,clk_0000071363,2026-07-24,p_03147,Home,1305,0,181,installment,0,,296.5
ord_000005810,u_039053,ss_00128946,clk_0000071364,2026-07-20,p_01857,Electronics,980,109,,installment,0,,140.63
ord_000005811,u_039053,ss_00128946,clk_0000071365,2026-07-20,p_00658,Books,176,5,73,bank_card,0,,26.01
ord_000005812,u_039072,ss_00129015,clk_0000071413,2026-07-17,p_01694,Electronics,2512,132,0,bank_card,0,,461.96
ord_000005813,u_039073,ss_00129018,clk_0000071416,2026-07-17,p_01311,Home,4105,127,220,bank_card,0,,1106.3
ord_000005814,u_039076,ss_00129025,clk_0000071421,2026-07-30,p_03904,Electronics,2032,0,,bank_card,0,,379.78
ord_000005815,u_039080,ss_00129037,clk_0000071425,2026-07-02,p_00619,Fashion,1504,266,229,sberpay,0,,425.33
ord_000005816,u_039088,ss_00129065,clk_0000071436,2026-07-13,p_01169,Sports,418,46,65,bank_card,0,,121.47
ord_000005817,u_039091,ss_00129071,clk_0000071442,2026-07-06,p_02896,Electronics,2762,0,165,ozon_card,0,,381.16
ord_000005818,u_039097,ss_00129087,clk_0000071452,2026-07-10,p_03355,FMCG,325,17,,bank_card,0,,31.3
ord_000005819,u_039098,ss_00129088,clk_0000071454,2026-07-02,p_03494,Home,1533,0,239,bank_card,0,,283.61
ord_000005820,u_039111,ss_00129125,clk_0000071473,2026-07-16,p_03553,Fashion,769,86,0,cash_on_delivery,0,,164.95
ord_000005821,u_039123,ss_00129161,clk_0000071491,2026-07-26,p_04427,Electronics,8336,258,0,bank_card,1,2026-08-22,-250.08
ord_000005822,u_039124,ss_00129163,clk_0000071493,2026-07-02,p_01715,Electronics,2994,0,243,installment,0,,119.76
ord_000005823,u_039126,ss_00129170,clk_0000071496,2026-07-06,p_00985,Electronics,1789,55,291,ozon_card,0,,252.61
ord_000005824,u_039129,ss_00129183,clk_0000071504,2026-07-29,p_03827,Home,1106,123,165,ozon_card,0,,228.72
ord_000005825,u_039145,ss_00129227,clk_0000071533,2026-07-02,p_04020,Home,1563,0,0,bank_card,0,,326.67
ord_000005826,u_039164,ss_00129283,clk_0000071564,2026-07-19,p_02097,FMCG,347,38,185,installment,0,,62.77
ord_000005827,u_039168,ss_00129296,clk_0000071568,2026-07-13,p_04101,Beauty,1043,214,100,sberpay,0,,313.63
ord_000005828,u_039169,ss_00129299,clk_0000071571,2026-07-10,p_02301,Fashion,527,11,0,installment,0,,142.87
ord_000005829,u_039173,ss_00129307,clk_0000071576,2026-07-10,p_04381,Beauty,1029,140,313,bank_card,0,,376.1
ord_000005830,u_039177,ss_00129322,clk_0000071582,2026-07-17,p_03752,Electronics,2520,133,213,bank_card,0,,426.64
ord_000005831,u_039183,ss_00129341,clk_0000071591,2026-07-01,p_02016,Fashion,1258,171,145,ozon_card,0,,373.63
ord_000005832,u_039185,ss_00129344,clk_0000071592,2026-07-10,p_00426,Fashion,565,30,0,bank_card,0,,122.94
ord_000005833,u_039189,ss_00129356,clk_0000071601,2026-07-22,p_04431,Beauty,500,26,247,sberpay,0,,161.45
ord_000005834,u_039190,ss_00129360,clk_0000071605,2026-07-24,p_02340,Sports,2026,107,141,ozon_card,0,,259.33
ord_000005835,u_039210,ss_00129434,clk_0000071638,2026-07-28,p_04441,Pet,498,15,217,ozon_card,0,,106.97
ord_000005836,u_039214,ss_00129450,clk_0000071644,2026-07-17,p_03387,Home,2596,0,166,bank_card,0,,548.28
ord_000005837,u_039229,ss_00129498,clk_0000071668,2026-07-30,p_00534,Sports,831,0,264,bank_card,0,,196.37
ord_000005838,u_039244,ss_00129543,clk_0000071687,2026-07-19,p_02258,Beauty,519,58,0,ozon_card,0,,132.97
ord_000005839,u_039248,ss_00129561,clk_0000071706,2026-07-12,p_00203,Electronics,5011,0,203,bank_card,0,,986.67
ord_000005840,u_039253,ss_00129576,clk_0000071711,2026-07-05,p_01960,Sports,2234,0,263,bank_card,0,,354.54
ord_000005841,u_039258,ss_00129594,clk_0000071719,2026-07-10,p_02598,Books,484,0,,ozon_card,0,,61.9
ord_000005842,u_039260,ss_00129599,clk_0000071724,2026-07-05,p_04121,Auto,2943,0,77,ozon_card,0,,319.02
ord_000005843,u_039260,ss_00129603,clk_0000071725,2026-07-24,p_00788,Electronics,1225,64,287,sberpay,0,,119.44
ord_000005844,u_039265,ss_00129618,clk_0000071732,2026-07-14,p_01343,Fashion,848,17,148,sberpay,0,,265.42
ord_000005845,u_039271,ss_00129647,clk_0000071747,2026-07-02,p_01111,Electronics,4586,142,,sberpay,0,,700.28
ord_000005846,u_039272,ss_00129649,clk_0000071748,2026-07-28,p_02370,Fashion,1410,157,,bank_card,0,,371.82
ord_000005847,u_039276,ss_00129662,clk_0000071754,2026-07-08,p_03838,FMCG,560,0,259,cash_on_delivery,0,,45.47
ord_000005848,u_039276,ss_00129663,clk_0000071755,2026-07-16,p_00143,Sports,2028,0,126,bank_card,0,,481.65
ord_000005849,u_039277,ss_00129666,clk_0000071758,2026-07-20,p_00097,FMCG,620,0,272,bank_card,0,,120.65
ord_000005850,u_039279,ss_00129671,clk_0000071760,2026-07-27,p_04325,Home,1725,0,278,bank_card,0,,473.34
ord_000005851,u_039286,ss_00129697,clk_0000071775,2026-07-21,p_00635,Books,293,33,218,bank_card,0,,23.03
ord_000005852,u_039301,ss_00129736,clk_0000071802,2026-07-04,p_01323,Home,575,30,69,bank_card,0,,167.44
ord_000005853,u_039303,ss_00129741,clk_0000071806,2026-07-02,p_03535,Kids,910,0,0,bank_card,1,2026-07-12,-27.3
ord_000005854,u_039303,ss_00129745,clk_0000071809,2026-07-22,p_02101,Fashion,1545,172,0,ozon_card,0,,417.0
ord_000005855,u_039315,ss_00129788,clk_0000071829,2026-07-27,p_02371,Fashion,774,159,96,bank_card,1,2026-08-19,-23.22
ord_000005856,u_039322,ss_00129815,clk_0000071843,2026-07-19,p_03052,Home,3455,107,0,cash_on_delivery,0,,599.44
ord_000005857,u_039333,ss_00129852,clk_0000071863,2026-07-07,p_00668,Home,1745,54,181,bank_card,0,,248.84
ord_000005858,u_039341,ss_00129886,clk_0000071890,2026-07-22,p_00397,Fashion,742,56,287,ozon_card,0,,225.49
ord_000005859,u_039343,ss_00129889,clk_0000071896,2026-07-02,p_01729,Home,1822,0,190,installment,0,,509.43
ord_000005860,u_039373,ss_00129991,clk_0000071940,2026-07-30,p_01133,Kids,1170,207,137,bank_card,0,,281.5
ord_000005861,u_039374,ss_00129994,clk_0000071943,2026-07-29,p_01983,FMCG,734,0,193,ozon_card,0,,125.81
ord_000005862,u_039377,ss_00130001,clk_0000071947,2026-07-22,p_02972,FMCG,581,0,208,bank_card,0,,80.99
ord_000005863,u_039389,ss_00130027,clk_0000071957,2026-07-19,p_00621,Beauty,520,27,231,ozon_card,0,,158.18
ord_000005864,u_039391,ss_00130034,clk_0000071963,2026-07-12,p_01384,Fashion,765,135,245,ozon_card,0,,215.96
ord_000005865,u_039402,ss_00130063,clk_0000071975,2026-07-05,p_01825,Fashion,964,51,0,bank_card,0,,217.0
ord_000005866,u_039403,ss_00130066,clk_0000071980,2026-07-17,p_02209,Beauty,478,0,188,bank_card,0,,131.16
ord_000005867,u_039410,ss_00130085,clk_0000071989,2026-07-18,p_01856,Beauty,573,30,173,cash_on_delivery,0,,195.68
ord_000005868,u_039421,ss_00130124,clk_0000072006,2026-07-13,p_01859,Auto,1458,45,212,sberpay,1,2026-08-16,-43.74
ord_000005869,u_039424,ss_00130131,clk_0000072009,2026-07-12,p_00909,Electronics,2490,277,193,bank_card,0,,295.06
ord_000005870,u_039425,ss_00130133,clk_0000072011,2026-07-05,p_02823,Kids,821,43,210,ozon_card,1,2026-08-11,-24.63
ord_000005871,u_039431,ss_00130162,clk_0000072023,2026-07-14,p_03804,Electronics,6041,187,149,ozon_card,0,,1002.81
ord_000005872,u_039432,ss_00130163,clk_0000072024,2026-07-04,p_02482,Home,2199,0,188,installment,1,2026-08-06,-65.97
ord_000005873,u_039433,ss_00130172,clk_0000072034,2026-07-15,p_00862,Sports,645,0,159,bank_card,0,,134.35
ord_000005874,u_039440,ss_00130185,clk_0000072039,2026-07-18,p_02868,Fashion,1755,92,126,installment,0,,383.12
ord_000005875,u_039448,ss_00130203,clk_0000072048,2026-07-08,p_03670,Auto,1240,0,267,bank_card,0,,226.3
ord_000005876,u_039449,ss_00130211,clk_0000072053,2026-07-17,p_02780,Fashion,2134,112,132,ozon_card,0,,533.07
ord_000005877,u_039454,ss_00130226,clk_0000072064,2026-07-24,p_02538,Home,1220,0,264,bank_card,0,,195.81
ord_000005878,u_039456,ss_00130230,clk_0000072065,2026-07-24,p_04473,Beauty,461,63,256,ozon_card,0,,124.56
ord_000005879,u_039460,ss_00130239,clk_0000072069,2026-07-29,p_01963,FMCG,487,15,202,sberpay,0,,90.87
ord_000005880,u_039461,ss_00130242,clk_0000072070,2026-07-15,p_01004,FMCG,511,0,0,bank_card,0,,80.74
ord_000005881,u_039464,ss_00130254,clk_0000072072,2026-07-28,p_03132,Electronics,4669,144,177,bank_card,0,,669.07
ord_000005882,u_039480,ss_00130304,clk_0000072110,2026-07-07,p_00288,Fashion,1316,0,0,bank_card,1,2026-07-23,-39.48
ord_000005883,u_039482,ss_00130307,clk_0000072111,2026-07-05,p_01696,Electronics,2227,393,239,ozon_card,0,,424.69
ord_000005884,u_039488,ss_00130326,clk_0000072122,2026-07-28,p_00287,Sports,895,47,156,bank_card,0,,181.77
ord_000005885,u_039489,ss_00130329,clk_0000072127,2026-07-07,p_00564,Electronics,2937,91,297,bank_card,1,2026-07-22,-88.11
ord_000005886,u_039492,ss_00130336,clk_0000072130,2026-07-02,p_00834,Beauty,560,30,141,bank_card,0,,170.91
ord_000005887,u_039498,ss_00130361,clk_0000072142,2026-07-04,p_00765,Fashion,593,81,93,cash_on_delivery,0,,112.79
ord_000005888,u_039516,ss_00130408,clk_0000072161,2026-07-28,p_04496,Home,1639,0,247,bank_card,0,,303.21
ord_000005889,u_039523,ss_00130429,clk_0000072173,2026-07-18,p_03300,Beauty,586,31,189,ozon_card,0,,161.85
ord_000005890,u_039530,ss_00130446,clk_0000072181,2026-07-01,p_04200,Kids,842,0,249,sberpay,0,,157.54
ord_000005891,u_039536,ss_00130471,clk_0000072196,2026-07-21,p_03568,FMCG,439,14,105,bank_card,0,,81.26
ord_000005892,u_039539,ss_00130475,clk_0000072198,2026-07-18,p_02910,Fashion,1872,141,220,sberpay,0,,433.74
ord_000005893,u_039541,ss_00130483,clk_0000072203,2026-07-13,p_02137,Auto,2669,296,193,ozon_card,0,,533.53
ord_000005894,u_039553,ss_00130510,clk_0000072219,2026-07-10,p_00354,Home,921,48,245,sberpay,0,,186.23
ord_000005895,u_039562,ss_00130538,clk_0000072233,2026-07-06,p_03346,Kids,1429,0,281,ozon_card,0,,301.52
ord_000005896,u_039574,ss_00130583,clk_0000072253,2026-07-15,p_00833,Home,1234,0,152,bank_card,0,,128.95
ord_000005897,u_039584,ss_00130617,clk_0000072264,2026-07-26,p_04074,Fashion,3880,204,0,bank_card,1,2026-08-16,-116.4
ord_000005898,u_039591,ss_00130641,clk_0000072271,2026-07-25,p_02859,Electronics,3215,0,68,bank_card,0,,482.89
ord_000005899,u_039597,ss_00130657,clk_0000072279,2026-07-04,p_03176,Electronics,1759,0,228,bank_card,0,,296.57
ord_000005900,u_039598,ss_00130659,clk_0000072282,2026-07-05,p_00748,Sports,1262,0,242,bank_card,0,,293.16
ord_000005901,u_039603,ss_00130673,clk_0000072288,2026-07-12,p_01309,Books,405,0,215,ozon_card,0,,56.05
ord_000005902,u_039614,ss_00130719,clk_0000072315,2026-07-13,p_01605,Electronics,3032,94,284,bank_card,0,,433.27
ord_000005903,u_039616,ss_00130726,clk_0000072320,2026-07-21,p_02992,FMCG,777,137,156,ozon_card,0,,63.09
ord_000005904,u_039625,ss_00130748,clk_0000072334,2026-07-08,p_02079,Pet,786,0,167,ozon_card,0,,112.08
ord_000005905,u_039641,ss_00130814,clk_0000072364,2026-07-11,p_00788,Electronics,1289,0,228,bank_card,0,,125.68
ord_000005906,u_039647,ss_00130832,clk_0000072375,2026-07-03,p_01236,Home,2488,0,256,installment,0,,318.22
ord_000005907,u_039650,ss_00130845,clk_0000072380,2026-07-14,p_01846,Electronics,3405,105,0,ozon_card,0,,572.38
ord_000005908,u_039658,ss_00130877,clk_0000072396,2026-07-01,p_04091,FMCG,707,22,292,installment,0,,63.56
ord_000005909,u_039662,ss_00130891,clk_0000072405,2026-07-30,p_01902,Electronics,4082,126,0,installment,0,,835.99
ord_000005910,u_039663,ss_00130893,clk_0000072407,2026-07-14,p_01685,Books,197,0,103,sberpay,0,,29.27
ord_000005911,u_039666,ss_00130908,clk_0000072413,2026-07-24,p_02958,Fashion,984,74,374,installment,1,2026-08-08,-29.52
ord_000005912,u_039666,ss_00130909,clk_0000072415,2026-07-18,p_01466,Pet,1184,132,0,bank_card,0,,182.81
ord_000005913,u_039671,ss_00130942,clk_0000072446,2026-07-22,p_04297,Beauty,1174,24,147,ozon_card,0,,294.56
ord_000005914,u_039697,ss_00131011,clk_0000072485,2026-07-19,p_03869,Sports,897,0,253,bank_card,0,,191.51
ord_000005915,u_039702,ss_00131025,clk_0000072493,2026-07-23,p_00477,Fashion,668,14,0,ozon_card,0,,133.87
ord_000005916,u_039709,ss_00131047,clk_0000072503,2026-07-14,p_01592,Books,598,0,69,bank_card,0,,134.73
ord_000005917,u_039711,ss_00131055,clk_0000072508,2026-07-18,p_03527,Kids,1913,0,175,installment,0,,358.88
ord_000005918,u_039717,ss_00131072,clk_0000072518,2026-07-04,p_00723,Home,1612,50,135,bank_card,0,,283.39
ord_000005919,u_039718,ss_00131076,clk_0000072519,2026-07-08,p_00572,Electronics,1956,103,229,bank_card,0,,261.32
ord_000005920,u_039722,ss_00131094,clk_0000072531,2026-07-16,p_00671,Fashion,1096,122,91,bank_card,1,2026-08-17,-32.88
ord_000005921,u_039725,ss_00131104,clk_0000072535,2026-07-05,p_00214,Pet,607,0,407,bank_card,0,,114.36
ord_000005922,u_039730,ss_00131117,clk_0000072545,2026-07-01,p_03094,Fashion,526,0,,bank_card,0,,116.46
ord_000005923,u_039736,ss_00131134,clk_0000072550,2026-07-18,p_03406,Kids,1798,56,134,sberpay,0,,328.67
ord_000005924,u_039743,ss_00131155,clk_0000072560,2026-07-21,p_00069,Home,877,0,200,ozon_card,0,,178.47
ord_000005925,u_039754,ss_00131185,clk_0000072570,2026-07-01,p_04391,Books,388,12,0,bank_card,0,,73.6
ord_000005926,u_039769,ss_00131231,clk_0000072597,2026-07-09,p_00461,Fashion,1737,306,172,sberpay,0,,457.7
ord_000005927,u_039781,ss_00131282,clk_0000072621,2026-07-07,p_03768,Pet,1399,43,249,ozon_card,0,,221.74
ord_000005928,u_039791,ss_00131307,clk_0000072633,2026-07-11,p_01186,Fashion,1649,0,314,bank_card,0,,459.74
ord_000005929,u_039792,ss_00131310,clk_0000072637,2026-07-21,p_02433,FMCG,349,0,351,bank_card,0,,38.25
ord_000005930,u_039793,ss_00131312,clk_0000072639,2026-07-19,p_04241,Fashion,1959,40,228,bank_card,0,,525.01
ord_000005931,u_039796,ss_00131321,clk_0000072644,2026-07-22,p_01314,Home,1467,77,242,bank_card,0,,204.06
ord_000005932,u_039802,ss_00131340,clk_0000072655,2026-07-15,p_04349,Books,280,0,93,ozon_card,0,,25.79
ord_000005933,u_039802,ss_00131341,clk_0000072657,2026-07-06,p_02261,Fashion,683,36,201,ozon_card,1,2026-07-29,-20.49
ord_000005934,u_039816,ss_00131388,clk_0000072674,2026-07-11,p_03277,Fashion,1461,110,,bank_card,0,,345.53
ord_000005935,u_039818,ss_00131394,clk_0000072683,2026-07-13,p_01442,Beauty,1412,106,113,cash_on_delivery,0,,343.68
ord_000005936,u_039825,ss_00131421,clk_0000072694,2026-07-11,p_03980,Kids,1744,0,,bank_card,0,,402.86
ord_000005937,u_039841,ss_00131475,clk_0000072721,2026-07-11,p_00994,Electronics,5961,0,0,ozon_card,0,,494.76
ord_000005938,u_039847,ss_00131498,clk_0000072730,2026-07-21,p_00962,Auto,2432,0,0,ozon_card,0,,809.61
ord_000005939,u_039855,ss_00131520,clk_0000072743,2026-07-04,p_00894,Auto,3642,0,246,bank_card,0,,416.28
ord_000005940,u_039861,ss_00131533,clk_0000072750,2026-07-25,p_02818,Sports,663,20,259,ozon_card,1,2026-07-29,-19.89
ord_000005941,u_039868,ss_00131559,clk_0000072758,2026-07-13,p_02571,Fashion,2180,44,255,bank_card,0,,529.3
ord_000005942,u_039886,ss_00131626,clk_0000072789,2026-07-10,p_00284,Kids,715,80,0,ozon_card,0,,146.79
ord_000005943,u_039887,ss_00131630,clk_0000072791,2026-07-23,p_02546,Kids,1776,0,145,bank_card,0,,133.02
ord_000005944,u_039888,ss_00131633,clk_0000072794,2026-07-24,p_02779,FMCG,426,13,169,bank_card,0,,79.92
ord_000005945,u_039890,ss_00131640,clk_0000072800,2026-07-18,p_03654,Fashion,2293,0,356,ozon_card,0,,471.67
ord_000005946,u_039891,ss_00131659,clk_0000072821,2026-07-01,p_00026,Beauty,2191,0,271,cash_on_delivery,0,,758.31
ord_000005947,u_039899,ss_00131686,clk_0000072835,2026-07-27,p_02972,FMCG,581,0,0,bank_card,0,,80.99
ord_000005948,u_039902,ss_00131699,clk_0000072839,2026-07-21,p_00648,Auto,2296,0,0,ozon_card,0,,527.85
ord_000005949,u_039904,ss_00131705,clk_0000072842,2026-07-23,p_01863,FMCG,257,8,229,installment,0,,33.67
ord_000005950,u_039905,ss_00131711,clk_0000072847,2026-07-06,p_02888,Beauty,582,12,0,ozon_card,0,,114.6
ord_000005951,u_039907,ss_00131716,clk_0000072853,2026-07-05,p_01706,Auto,5238,0,120,bank_card,0,,830.22
ord_000005952,u_039913,ss_00131741,clk_0000072862,2026-07-28,p_00459,Home,3349,0,0,ozon_card,0,,498.0
ord_000005953,u_039934,ss_00131814,clk_0000072894,2026-07-01,p_03525,Electronics,1056,33,0,ozon_card,0,,196.31
ord_000005954,u_039934,ss_00131819,clk_0000072896,2026-07-13,p_03854,Electronics,811,25,0,bank_card,1,2026-07-18,-24.33
ord_000005955,u_039945,ss_00131850,clk_0000072911,2026-07-02,p_01343,Fashion,822,43,250,bank_card,0,,257.29
ord_000005956,u_039945,ss_00131850,clk_0000072912,2026-07-02,p_00193,Home,1110,123,301,bank_card,0,,180.38
ord_000005957,u_039946,ss_00131855,clk_0000072916,2026-07-10,p_00578,Sports,611,0,203,sberpay,0,,186.66
ord_000005958,u_039955,ss_00131884,clk_0000072938,2026-07-30,p_00445,Electronics,5726,0,0,bank_card,0,,428.88
ord_000005959,u_039955,ss_00131887,clk_0000072940,2026-07-11,p_00180,Pet,683,36,297,installment,0,,99.79
ord_000005960,u_039960,ss_00131899,clk_0000072946,2026-07-03,p_01325,Fashion,1985,221,39,bank_card,0,,395.61
ord_000005961,u_039962,ss_00131904,clk_0000072949,2026-07-20,p_00477,Fashion,566,116,212,cash_on_delivery,0,,113.43
ord_000005962,u_039981,ss_00131962,clk_0000072971,2026-07-04,p_03639,Electronics,3355,373,106,bank_card,0,,375.42
ord_000005963,u_039992,ss_00131993,clk_0000072992,2026-07-02,p_03320,Electronics,3521,185,0,bank_card,0,,600.68
ord_000005964,u_039995,ss_00132004,clk_0000073000,2026-07-18,p_02604,Kids,1566,0,227,bank_card,0,,296.44
ord_000005965,u_040006,ss_00132062,clk_0000073047,2026-07-25,p_02150,Pet,550,0,184,ozon_card,0,,109.45
ord_000005966,u_040006,ss_00132063,clk_0000073048,2026-07-30,p_03736,Electronics,1602,178,313,bank_card,0,,125.44
ord_000005967,u_040010,ss_00132086,clk_0000073078,2026-07-28,p_03043,Kids,2094,233,201,cash_on_delivery,0,,517.01
ord_000005968,u_040012,ss_00132095,clk_0000073089,2026-07-12,p_03288,Electronics,3822,0,0,ozon_card,0,,736.5
ord_000005969,u_040021,ss_00132121,clk_0000073101,2026-07-03,p_03698,Kids,1124,59,,sberpay,0,,156.69
ord_000005970,u_040030,ss_00132148,clk_0000073116,2026-07-09,p_04500,Fashion,3136,0,190,ozon_card,1,2026-08-13,-94.08
ord_000005971,u_040040,ss_00132180,clk_0000073139,2026-07-01,p_00583,Sports,715,22,224,bank_card,0,,186.19
ord_000005972,u_040053,ss_00132223,clk_0000073160,2026-07-29,p_02058,Books,240,0,0,bank_card,0,,37.94
ord_000005973,u_040054,ss_00132227,clk_0000073163,2026-07-27,p_02039,Beauty,160,8,151,ozon_card,0,,29.54
ord_000005974,u_040059,ss_00132242,clk_0000073168,2026-07-17,p_00494,Home,2310,122,0,ozon_card,0,,450.91
ord_000005975,u_040061,ss_00132249,clk_0000073170,2026-07-17,p_03084,Books,171,0,159,bank_card,0,,33.79
ord_000005976,u_040062,ss_00132258,clk_0000073172,2026-07-25,p_00057,Fashion,865,18,224,sberpay,0,,241.16
ord_000005977,u_040068,ss_00132283,clk_0000073195,2026-07-18,p_03539,Beauty,617,46,290,bank_card,0,,135.25
ord_000005978,u_040089,ss_00132367,clk_0000073237,2026-07-03,p_02335,Kids,625,70,198,installment,0,,93.0
ord_000005979,u_040089,ss_00132372,clk_0000073239,2026-07-04,p_02543,Kids,1164,0,178,bank_card,0,,248.51
ord_000005980,u_040090,ss_00132375,clk_0000073240,2026-07-12,p_00974,Home,1040,0,218,bank_card,0,,176.8
ord_000005981,u_040091,ss_00132379,clk_0000073242,2026-07-01,p_03764,Home,1907,0,234,ozon_card,0,,404.09
ord_000005982,u_040103,ss_00132424,clk_0000073266,2026-07-05,p_00376,Kids,2551,0,176,bank_card,0,,429.33
ord_000005983,u_040113,ss_00132458,clk_0000073286,2026-07-14,p_03671,Fashion,1925,0,296,cash_on_delivery,0,,494.53
ord_000005984,u_040121,ss_00132485,clk_0000073295,2026-07-16,p_02904,Books,128,0,183,bank_card,0,,27.52
ord_000005985,u_040123,ss_00132489,clk_0000073297,2026-07-13,p_02523,Home,941,0,264,bank_card,0,,183.97
ord_000005986,u_040126,ss_00132496,clk_0000073299,2026-07-09,p_02972,FMCG,581,0,0,cash_on_delivery,0,,80.99
ord_000005987,u_040138,ss_00132536,clk_0000073312,2026-07-21,p_00379,Kids,3299,0,0,bank_card,0,,643.96
ord_000005988,u_040142,ss_00132546,clk_0000073324,2026-07-04,p_02675,Auto,5191,0,0,bank_card,0,,526.89
ord_000005989,u_040152,ss_00132570,clk_0000073334,2026-07-22,p_02181,Pet,483,0,185,sberpay,0,,94.67
ord_000005990,u_040156,ss_00132579,clk_0000073341,2026-07-25,p_01045,Auto,2972,92,141,bank_card,0,,271.34
ord_000005991,u_040158,ss_00132587,clk_0000073346,2026-07-05,p_03124,Home,1439,0,236,ozon_card,0,,242.18
ord_000005992,u_040159,ss_00132592,clk_0000073349,2026-07-21,p_01915,Electronics,3149,166,0,bank_card,0,,340.41
ord_000005993,u_040162,ss_00132597,clk_0000073351,2026-07-16,p_02483,Kids,1012,53,59,bank_card,0,,160.6
ord_000005994,u_040170,ss_00132620,clk_0000073367,2026-07-03,p_00382,Fashion,1149,23,184,bank_card,1,2026-08-02,-34.47
ord_000005995,u_040171,ss_00132622,clk_0000073371,2026-07-20,p_01032,Electronics,1486,46,346,bank_card,0,,270.15
ord_000005996,u_040173,ss_00132627,clk_0000073372,2026-07-10,p_01705,Kids,1918,101,0,bank_card,0,,508.85
ord_000005997,u_040174,ss_00132632,clk_0000073378,2026-07-17,p_04420,FMCG,94,5,0,bank_card,0,,15.84
ord_000005998,u_040193,ss_00132690,clk_0000073403,2026-07-28,p_03233,Pet,1861,58,219,ozon_card,0,,253.47
ord_000005999,u_040199,ss_00132713,clk_0000073413,2026-07-01,p_02782,Beauty,659,13,0,installment,0,,183.27
ord_000006000,u_040200,ss_00132717,clk_0000073415,2026-07-05,p_02153,FMCG,402,71,111,sberpay,0,,64.4
ord_000006001,u_040207,ss_00132741,clk_0000073425,2026-07-17,p_00473,Electronics,11926,369,210,installment,0,,1521.76
ord_000006002,u_040220,ss_00132783,clk_0000073447,2026-07-15,p_00176,Books,611,32,125,sberpay,0,,119.45
ord_000006003,u_040234,ss_00132819,clk_0000073467,2026-07-13,p_02097,FMCG,347,38,299,sberpay,0,,62.77
ord_000006004,u_040242,ss_00132843,clk_0000073482,2026-07-22,p_01173,Electronics,11309,0,0,sberpay,0,,995.19
ord_000006005,u_040247,ss_00132856,clk_0000073490,2026-07-16,p_04045,Kids,1124,0,182,ozon_card,0,,239.97
ord_000006006,u_040249,ss_00132860,clk_0000073492,2026-07-22,p_03230,Fashion,1412,192,226,sberpay,0,,278.73
ord_000006007,u_040260,ss_00132898,clk_0000073511,2026-07-22,p_00938,Pet,491,26,171,ozon_card,0,,97.22
ord_000006008,u_040287,ss_00132973,clk_0000073551,2026-07-25,p_01079,Beauty,598,12,245,bank_card,0,,150.28
ord_000006009,u_040297,ss_00133009,clk_0000073568,2026-07-20,p_01205,Fashion,3183,0,0,sberpay,0,,668.75
ord_000006010,u_040301,ss_00133021,clk_0000073571,2026-07-09,p_03204,FMCG,411,46,310,bank_card,0,,55.32
ord_000006011,u_040304,ss_00133031,clk_0000073583,2026-07-02,p_00685,Fashion,900,18,136,ozon_card,0,,201.69
ord_000006012,u_040305,ss_00133033,clk_0000073584,2026-07-05,p_00890,Kids,597,0,287,sberpay,0,,144.83
ord_000006013,u_040309,ss_00133044,clk_0000073591,2026-07-10,p_02123,Electronics,10862,0,0,ozon_card,0,,1284.97
ord_000006014,u_040316,ss_00133089,clk_0000073628,2026-07-15,p_04143,Fashion,831,63,0,ozon_card,0,,151.74
ord_000006015,u_040327,ss_00133132,clk_0000073656,2026-07-07,p_02351,Pet,1410,74,252,bank_card,0,,182.31
ord_000006016,u_040338,ss_00133166,clk_0000073671,2026-07-07,p_04479,Books,269,0,219,ozon_card,0,,66.25
ord_000006017,u_040350,ss_00133208,clk_0000073691,2026-07-27,p_02662,Pet,683,0,66,bank_card,0,,130.11
ord_000006018,u_040350,ss_00133211,clk_0000073694,2026-07-08,p_00292,Electronics,2115,0,102,installment,0,,241.74
ord_000006019,u_040361,ss_00133241,clk_0000073705,2026-07-01,p_04276,Home,898,100,301,cash_on_delivery,0,,167.3
ord_000006020,u_040382,ss_00133299,clk_0000073737,2026-07-23,p_00914,Kids,695,0,0,ozon_card,1,2026-08-11,-20.85
ord_000006021,u_040384,ss_00133304,clk_0000073743,2026-07-30,p_04163,Fashion,981,30,248,bank_card,1,2026-08-21,-29.43
ord_000006022,u_040393,ss_00133332,clk_0000073757,2026-07-18,p_04244,Electronics,8550,264,0,bank_card,0,,1086.7
ord_000006023,u_040406,ss_00133389,clk_0000073802,2026-07-08,p_02474,Electronics,2635,0,174,bank_card,0,,286.42
ord_000006024,u_040411,ss_00133403,clk_0000073810,2026-07-27,p_03225,FMCG,485,0,227,cash_on_delivery,0,,58.98
ord_000006025,u_040417,ss_00133417,clk_0000073817,2026-07-15,p_00125,Beauty,1235,65,150,bank_card,0,,417.43
ord_000006026,u_040429,ss_00133453,clk_0000073836,2026-07-22,p_02172,Home,4420,0,0,ozon_card,0,,913.17
ord_000006027,u_040434,ss_00133474,clk_0000073844,2026-07-08,p_00949,Electronics,2986,92,159,bank_card,0,,316.52
ord_000006028,u_040439,ss_00133499,clk_0000073856,2026-07-29,p_02478,Electronics,3934,122,252,ozon_card,0,,739.2
ord_000006029,u_040441,ss_00133503,clk_0000073858,2026-07-29,p_02574,Electronics,5374,0,0,bank_card,0,,598.66
ord_000006030,u_040443,ss_00133513,clk_0000073865,2026-07-12,p_00891,Pet,721,0,58,bank_card,0,,124.95
ord_000006031,u_040456,ss_00133562,clk_0000073889,2026-07-27,p_00428,Home,2857,0,147,bank_card,0,,519.97
ord_000006032,u_040458,ss_00133565,clk_0000073891,2026-07-13,p_03282,Beauty,453,34,316,ozon_card,0,,145.05
ord_000006033,u_040462,ss_00133576,clk_0000073899,2026-07-21,p_02051,Home,1693,0,0,sberpay,0,,474.04
ord_000006034,u_040501,ss_00133690,clk_0000073965,2026-07-02,p_01673,Fashion,604,12,71,installment,0,,107.81
ord_000006035,u_040513,ss_00133752,clk_0000074006,2026-07-15,p_01904,Kids,1165,129,124,bank_card,0,,276.22
ord_000006036,u_040522,ss_00133792,clk_0000074023,2026-07-12,p_02446,Beauty,974,73,254,bank_card,0,,322.2
ord_000006037,u_040525,ss_00133797,clk_0000074029,2026-07-23,p_03154,Electronics,3887,432,0,installment,0,,572.94
ord_000006038,u_040539,ss_00133839,clk_0000074049,2026-07-07,p_00380,Pet,548,0,65,ozon_card,1,2026-07-15,-16.44
ord_000006039,u_040548,ss_00133871,clk_0000074072,2026-07-28,p_02975,Beauty,1015,0,85,installment,0,,232.64
ord_000006040,u_040554,ss_00133896,clk_0000074088,2026-07-21,p_01567,Fashion,1313,27,0,installment,0,,283.61
ord_000006041,u_040554,ss_00133899,clk_0000074093,2026-07-18,p_01845,Home,1605,0,300,bank_card,0,,370.27
ord_000006042,u_040554,ss_00133900,clk_0000074095,2026-07-24,p_03368,Home,920,28,0,bank_card,0,,227.79
ord_000006043,u_040556,ss_00133907,clk_0000074099,2026-07-10,p_01671,Kids,504,26,197,installment,0,,142.43
ord_000006044,u_040564,ss_00133936,clk_0000074112,2026-07-30,p_02337,Auto,2580,0,197,bank_card,0,,187.82
ord_000006045,u_040579,ss_00133964,clk_0000074124,2026-07-08,p_04322,Pet,1508,0,4,bank_card,0,,132.4
ord_000006046,u_040582,ss_00133976,clk_0000074130,2026-07-12,p_03132,Electronics,4091,722,222,ozon_card,0,,586.24
ord_000006047,u_040583,ss_00133978,clk_0000074132,2026-07-14,p_03421,Fashion,1817,0,155,bank_card,0,,417.18
ord_000006048,u_040585,ss_00133986,clk_0000074134,2026-07-06,p_04483,Electronics,3784,0,0,bank_card,0,,643.28
ord_000006049,u_040592,ss_00134006,clk_0000074139,2026-07-21,p_02591,Sports,975,30,150,ozon_card,0,,258.96
ord_000006050,u_040613,ss_00134079,clk_0000074178,2026-07-06,p_01519,Kids,1636,0,199,bank_card,0,,425.36
ord_000006051,u_040614,ss_00134087,clk_0000074181,2026-07-28,p_03059,Electronics,2814,87,233,ozon_card,0,,290.12
ord_000006052,u_040620,ss_00134103,clk_0000074190,2026-07-29,p_03322,Auto,2687,299,99,bank_card,0,,302.82
ord_000006053,u_040633,ss_00134145,clk_0000074213,2026-07-08,p_01120,FMCG,647,0,258,ozon_card,0,,88.64
ord_000006054,u_040638,ss_00134171,clk_0000074233,2026-07-01,p_02922,Sports,1355,0,210,ozon_card,0,,207.31
ord_000006055,u_040644,ss_00134197,clk_0000074252,2026-07-09,p_00339,FMCG,179,32,0,ozon_card,0,,8.47
ord_000006056,u_040645,ss_00134201,clk_0000074254,2026-07-04,p_03195,FMCG,232,0,220,ozon_card,0,,30.14
ord_000006057,u_040648,ss_00134212,clk_0000074261,2026-07-16,p_01601,Fashion,408,45,0,bank_card,0,,87.88
ord_000006058,u_040661,ss_00134252,clk_0000074277,2026-07-12,p_01032,Electronics,1455,77,149,bank_card,0,,264.52
ord_000006059,u_040671,ss_00134276,clk_0000074286,2026-07-26,p_02218,Home,1280,0,314,installment,0,,190.08
ord_000006060,u_040675,ss_00134296,clk_0000074302,2026-07-04,p_03384,Fashion,1852,38,100,ozon_card,1,2026-07-29,-55.56
ord_000006061,u_040677,ss_00134302,clk_0000074303,2026-07-12,p_00190,Home,1530,0,239,sberpay,0,,276.78
ord_000006062,u_040688,ss_00134333,clk_0000074321,2026-07-10,p_01834,Auto,5823,0,218,bank_card,0,,663.82
ord_000006063,u_040698,ss_00134373,clk_0000074342,2026-07-10,p_02887,Sports,527,58,262,ozon_card,0,,97.76
ord_000006064,u_040709,ss_00134404,clk_0000074358,2026-07-19,p_03713,Home,2024,0,155,ozon_card,0,,424.43
ord_000006065,u_040722,ss_00134444,clk_0000074386,2026-07-16,p_01595,Electronics,2677,0,161,bank_card,0,,285.37
ord_000006066,u_040727,ss_00134458,clk_0000074390,2026-07-29,p_01700,Kids,659,0,156,bank_card,0,,107.35
ord_000006067,u_040744,ss_00134502,clk_0000074414,2026-07-12,p_03426,Beauty,169,5,252,ozon_card,0,,42.44
ord_000006068,u_040778,ss_00134612,clk_0000074464,2026-07-17,p_00279,Auto,2174,67,106,bank_card,0,,514.37
ord_000006069,u_040794,ss_00134655,clk_0000074485,2026-07-30,p_03801,Kids,1533,81,0,cash_on_delivery,0,,389.54
ord_000006070,u_040800,ss_00134674,clk_0000074498,2026-07-08,p_02181,Pet,459,24,198,ozon_card,0,,89.96
ord_000006071,u_040820,ss_00134735,clk_0000074526,2026-07-26,p_00801,Auto,2254,0,289,bank_card,0,,364.92
ord_000006072,u_040823,ss_00134748,clk_0000074532,2026-07-15,p_04126,Home,2293,405,0,ozon_card,1,2026-07-30,-68.79
ord_000006073,u_040827,ss_00134758,clk_0000074538,2026-07-11,p_04060,FMCG,467,14,316,bank_card,0,,75.75
ord_000006074,u_040833,ss_00134776,clk_0000074552,2026-07-26,p_02080,FMCG,183,20,119,installment,0,,25.64
ord_000006075,u_040843,ss_00134834,clk_0000074596,2026-07-10,p_02871,Beauty,709,53,138,bank_card,0,,210.86
ord_000006076,u_040846,ss_00134840,clk_0000074602,2026-07-20,p_00667,Home,3238,100,0,bank_card,0,,583.81
ord_000006077,u_040868,ss_00134895,clk_0000074625,2026-07-21,p_02371,Fashion,914,19,42,sberpay,0,,187.37
ord_000006078,u_040871,ss_00134908,clk_0000074632,2026-07-14,p_00852,Home,1524,80,0,ozon_card,0,,290.78
ord_000006079,u_040871,ss_00134908,clk_0000074633,2026-07-14,p_00594,FMCG,670,118,0,sberpay,0,,85.36
ord_000006080,u_040871,ss_00134910,clk_0000074634,2026-07-11,p_03770,Electronics,3128,97,0,sberpay,0,,242.73
ord_000006081,u_040923,ss_00135060,clk_0000074700,2026-07-15,p_02568,Home,1350,0,198,sberpay,0,,364.5
ord_000006082,u_040924,ss_00135063,clk_0000074702,2026-07-03,p_03518,Home,2257,119,243,bank_card,1,2026-07-15,-67.71
ord_000006083,u_040940,ss_00135109,clk_0000074717,2026-07-11,p_03865,Books,353,11,267,installment,0,,77.34
ord_000006084,u_040941,ss_00135111,clk_0000074720,2026-07-11,p_01773,Pet,392,21,,bank_card,0,,89.1
ord_000006085,u_040964,ss_00135173,clk_0000074759,2026-07-26,p_03213,Beauty,996,0,0,ozon_card,0,,308.36
ord_000006086,u_040964,ss_00135174,clk_0000074761,2026-07-15,p_01701,FMCG,534,16,0,ozon_card,0,,83.41
ord_000006087,u_040979,ss_00135221,clk_0000074786,2026-07-07,p_00355,Beauty,393,12,373,ozon_card,0,,120.65
ord_000006088,u_040985,ss_00135236,clk_0000074790,2026-07-02,p_02635,Electronics,2461,0,267,installment,0,,234.04
ord_000006089,u_040987,ss_00135246,clk_0000074798,2026-07-10,p_02758,FMCG,294,0,296,bank_card,0,,15.96
ord_000006090,u_040987,ss_00135247,clk_0000074799,2026-07-23,p_01560,Beauty,884,46,95,ozon_card,0,,200.84
ord_000006091,u_041006,ss_00135302,clk_0000074821,2026-07-25,p_03273,FMCG,314,17,197,cash_on_delivery,0,,42.89
ord_000006092,u_041016,ss_00135337,clk_0000074838,2026-07-05,p_00628,Books,211,0,0,bank_card,0,,32.03
ord_000006093,u_041022,ss_00135354,clk_0000074854,2026-07-02,p_04335,Electronics,3861,0,104,ozon_card,0,,334.36
ord_000006094,u_041022,ss_00135356,clk_0000074856,2026-07-06,p_01754,Electronics,2783,146,193,ozon_card,0,,464.2
ord_000006095,u_041030,ss_00135385,clk_0000074873,2026-07-09,p_01934,Books,390,21,131,cash_on_delivery,0,,67.12
ord_000006096,u_041038,ss_00135417,clk_0000074900,2026-07-23,p_00709,Fashion,1443,29,260,bank_card,0,,383.41
ord_000006097,u_041043,ss_00135439,clk_0000074911,2026-07-20,p_00986,Kids,1092,58,253,bank_card,0,,285.01
ord_000006098,u_041055,ss_00135469,clk_0000074925,2026-07-07,p_02072,Beauty,1145,23,266,ozon_card,0,,324.15
ord_000006099,u_041056,ss_00135475,clk_0000074932,2026-07-07,p_04054,Sports,1106,34,220,ozon_card,0,,239.12
ord_000006100,u_041059,ss_00135496,clk_0000074946,2026-07-15,p_02823,Kids,838,26,77,sberpay,0,,164.25
ord_000006101,u_041065,ss_00135511,clk_0000074954,2026-07-05,p_03070,Beauty,879,18,255,bank_card,0,,145.03
ord_000006102,u_041065,ss_00135514,clk_0000074957,2026-07-03,p_00002,Fashion,559,11,139,sberpay,0,,159.59
ord_000006103,u_041077,ss_00135560,clk_0000074992,2026-07-18,p_00569,Electronics,849,0,347,bank_card,0,,159.27
ord_000006104,u_041079,ss_00135565,clk_0000074997,2026-07-28,p_02146,Home,872,97,204,sberpay,1,2026-08-16,-26.16
ord_000006105,u_041080,ss_00135570,clk_0000074999,2026-07-10,p_02775,Home,878,0,108,bank_card,0,,194.48
ord_000006106,u_041089,ss_00135602,clk_0000075022,2026-07-26,p_01614,Electronics,3947,438,0,sberpay,0,,605.08
ord_000006107,u_041093,ss_00135612,clk_0000075028,2026-07-22,p_04337,Beauty,656,73,86,bank_card,0,,182.37
ord_000006108,u_041140,ss_00135747,clk_0000075104,2026-07-05,p_02987,Sports,1364,152,209,bank_card,0,,284.94
ord_000006109,u_041148,ss_00135773,clk_0000075124,2026-07-30,p_02687,Kids,848,26,249,bank_card,0,,132.29
ord_000006110,u_041155,ss_00135804,clk_0000075138,2026-07-29,p_02768,Fashion,1156,24,287,sberpay,0,,316.4
ord_000006111,u_041188,ss_00135910,clk_0000075190,2026-07-11,p_03389,Home,1325,234,36,sberpay,0,,315.22
ord_000006112,u_041193,ss_00135924,clk_0000075196,2026-07-17,p_01612,Kids,932,49,0,sberpay,0,,173.26
ord_000006113,u_041197,ss_00135940,clk_0000075206,2026-07-04,p_02297,Home,2333,72,245,sberpay,0,,493.43
ord_000006114,u_041198,ss_00135944,clk_0000075208,2026-07-08,p_02709,Electronics,2806,312,184,cash_on_delivery,0,,374.88
ord_000006115,u_041201,ss_00135958,clk_0000075216,2026-07-07,p_00989,Beauty,444,91,116,bank_card,0,,112.82
ord_000006116,u_041207,ss_00135994,clk_0000075246,2026-07-18,p_03596,Books,130,7,149,ozon_card,0,,37.04
ord_000006117,u_041208,ss_00135996,clk_0000075248,2026-07-04,p_02436,FMCG,268,47,164,installment,0,,32.88
ord_000006118,u_041216,ss_00136016,clk_0000075253,2026-07-07,p_00993,Sports,1280,142,,ozon_card,0,,371.33
ord_000006119,u_041223,ss_00136044,clk_0000075269,2026-07-20,p_04158,Pet,604,0,201,ozon_card,0,,133.54
ord_000006120,u_041230,ss_00136067,clk_0000075288,2026-07-12,p_03868,Kids,2099,233,114,bank_card,0,,499.14
ord_000006121,u_041240,ss_00136102,clk_0000075308,2026-07-26,p_01591,Electronics,7020,370,0,ozon_card,0,,480.17
ord_000006122,u_041249,ss_00136129,clk_0000075329,2026-07-17,p_02319,Fashion,927,29,140,bank_card,0,,186.79
ord_000006123,u_041265,ss_00136181,clk_0000075353,2026-07-29,p_03523,Kids,881,0,120,ozon_card,0,,172.15
ord_000006124,u_041279,ss_00136216,clk_0000075374,2026-07-24,p_01806,Fashion,2065,109,169,bank_card,0,,591.83
ord_000006125,u_041282,ss_00136225,clk_0000075379,2026-07-30,p_00565,Home,1234,0,0,ozon_card,0,,239.52
ord_000006126,u_041285,ss_00136233,clk_0000075382,2026-07-10,p_02702,Electronics,2898,512,78,bank_card,0,,446.0
ord_000006127,u_041287,ss_00136239,clk_0000075385,2026-07-23,p_03020,Books,495,26,215,sberpay,0,,108.11
ord_000006128,u_041294,ss_00136263,clk_0000075400,2026-07-13,p_02461,Auto,5006,155,0,bank_card,0,,898.58
ord_000006129,u_041302,ss_00136292,clk_0000075415,2026-07-25,p_00002,Fashion,570,0,341,bank_card,0,,162.73
ord_000006130,u_041306,ss_00136315,clk_0000075434,2026-07-10,p_00982,Fashion,806,42,211,ozon_card,0,,145.72
ord_000006131,u_041307,ss_00136318,clk_0000075436,2026-07-21,p_00502,Electronics,9343,0,0,ozon_card,0,,1515.43
ord_000006132,u_041307,ss_00136319,clk_0000075439,2026-07-10,p_03698,Kids,1006,177,0,cash_on_delivery,0,,140.24
ord_000006133,u_041307,ss_00136319,clk_0000075440,2026-07-10,p_03302,FMCG,321,36,0,bank_card,0,,51.42
ord_000006134,u_041307,ss_00136320,clk_0000075442,2026-07-12,p_03239,Sports,750,83,,ozon_card,0,,188.7
ord_000006135,u_041311,ss_00136334,clk_0000075451,2026-07-03,p_04054,Sports,1140,0,348,installment,0,,246.47
ord_000006136,u_041316,ss_00136348,clk_0000075457,2026-07-27,p_01645,Electronics,1729,91,171,sberpay,1,2026-08-19,-51.87
ord_000006137,u_041339,ss_00136441,clk_0000075493,2026-07-29,p_00494,Home,2067,365,225,cash_on_delivery,0,,403.48
ord_000006138,u_041341,ss_00136447,clk_0000075498,2026-07-15,p_01849,Pet,872,27,174,bank_card,0,,167.95
ord_000006139,u_041351,ss_00136478,clk_0000075513,2026-07-25,p_02955,Fashion,1943,265,111,sberpay,1,2026-08-20,-58.29
ord_000006140,u_041355,ss_00136488,clk_0000075518,2026-07-25,p_01112,FMCG,1411,0,186,sberpay,0,,220.82
ord_000006141,u_041365,ss_00136521,clk_0000075531,2026-07-20,p_03680,Home,1394,155,121,installment,0,,255.94
ord_000006142,u_041366,ss_00136523,clk_0000075533,2026-07-09,p_02794,FMCG,919,48,0,bank_card,0,,175.25
ord_000006143,u_041366,ss_00136527,clk_0000075535,2026-07-10,p_01909,Fashion,1078,22,0,ozon_card,0,,318.23
ord_000006144,u_041369,ss_00136533,clk_0000075539,2026-07-19,p_01654,Fashion,1349,28,199,cash_on_delivery,1,2026-08-03,-40.47
ord_000006145,u_041374,ss_00136555,clk_0000075549,2026-07-14,p_01571,FMCG,128,22,253,cash_on_delivery,0,,27.0
ord_000006146,u_041400,ss_00136665,clk_0000075613,2026-07-12,p_02979,Pet,997,0,100,ozon_card,0,,126.22
ord_000006147,u_041400,ss_00136665,clk_0000075614,2026-07-12,p_03659,Fashion,900,0,120,sberpay,0,,280.44
ord_000006148,u_041418,ss_00136704,clk_0000075633,2026-07-21,p_04153,FMCG,414,0,283,ozon_card,0,,60.36
ord_000006149,u_041429,ss_00136738,clk_0000075649,2026-07-24,p_00970,Home,1134,0,201,bank_card,0,,273.52
ord_000006150,u_041429,ss_00136739,clk_0000075651,2026-07-09,p_04144,Pet,199,0,198,cash_on_delivery,0,,30.45
ord_000006151,u_041442,ss_00136779,clk_0000075679,2026-07-10,p_00591,Home,1734,0,0,bank_card,0,,374.37
ord_000006152,u_041463,ss_00136835,clk_0000075710,2026-07-19,p_03152,Home,2962,329,178,ozon_card,0,,591.51
ord_000006153,u_041469,ss_00136851,clk_0000075720,2026-07-09,p_00483,Beauty,898,159,178,ozon_card,0,,275.24
ord_000006154,u_041469,ss_00136854,clk_0000075723,2026-07-25,p_01961,Pet,757,0,158,ozon_card,0,,194.62
ord_000006155,u_041488,ss_00136922,clk_0000075769,2026-07-16,p_02076,Fashion,2079,157,156,ozon_card,0,,665.9
ord_000006156,u_041495,ss_00136948,clk_0000075790,2026-07-12,p_02437,Fashion,1167,130,238,cash_on_delivery,0,,284.16
ord_000006157,u_041501,ss_00136961,clk_0000075799,2026-07-18,p_00433,Fashion,2320,72,308,installment,0,,625.94
ord_000006158,u_041505,ss_00136975,clk_0000075809,2026-07-19,p_00250,Sports,1968,0,0,bank_card,0,,504.6
ord_000006159,u_041508,ss_00136985,clk_0000075812,2026-07-05,p_04282,Electronics,697,123,0,sberpay,0,,141.07
ord_000006160,u_041508,ss_00136987,clk_0000075813,2026-07-29,p_03427,Electronics,1653,87,0,bank_card,1,2026-08-01,-49.59
ord_000006161,u_041519,ss_00137022,clk_0000075836,2026-07-05,p_02830,Kids,2168,0,168,installment,0,,407.58
ord_000006162,u_041520,ss_00137023,clk_0000075837,2026-07-28,p_00113,Home,665,35,0,bank_card,0,,109.53
ord_000006163,u_041524,ss_00137042,clk_0000075856,2026-07-21,p_02022,Sports,1747,92,128,installment,0,,410.2
ord_000006164,u_041528,ss_00137049,clk_0000075861,2026-07-11,p_01159,FMCG,620,69,218,ozon_card,0,,30.01
ord_000006165,u_041536,ss_00137067,clk_0000075872,2026-07-21,p_03267,Home,2826,314,0,bank_card,0,,436.33
ord_000006166,u_041542,ss_00137079,clk_0000075875,2026-07-22,p_01704,Pet,122,4,217,ozon_card,0,,7.97
ord_000006167,u_041547,ss_00137103,clk_0000075884,2026-07-13,p_03524,Electronics,20830,1096,0,bank_card,0,,995.67
ord_000006168,u_041553,ss_00137120,clk_0000075894,2026-07-13,p_03533,Pet,701,22,216,bank_card,0,,113.28
ord_000006169,u_041553,ss_00137120,clk_0000075895,2026-07-13,p_01384,Fashion,837,63,244,sberpay,1,2026-08-16,-25.11
ord_000006170,u_041567,ss_00137171,clk_0000075921,2026-07-11,p_02851,FMCG,508,0,0,ozon_card,0,,62.08
ord_000006171,u_041570,ss_00137179,clk_0000075925,2026-07-20,p_03096,Beauty,1023,140,134,bank_card,0,,287.26
ord_000006172,u_041575,ss_00137197,clk_0000075934,2026-07-14,p_01007,Beauty,1505,79,223,bank_card,0,,462.34
ord_000006173,u_041578,ss_00137208,clk_0000075938,2026-07-06,p_01601,Fashion,399,54,242,bank_card,0,,85.94
ord_000006174,u_041583,ss_00137225,clk_0000075949,2026-07-26,p_03827,Home,1045,184,196,bank_card,0,,216.11
ord_000006175,u_041594,ss_00137263,clk_0000075970,2026-07-01,p_01621,Home,742,82,145,ozon_card,0,,135.41
ord_000006176,u_041599,ss_00137280,clk_0000075978,2026-07-22,p_01679,Electronics,3494,0,333,bank_card,0,,440.59
ord_000006177,u_041603,ss_00137291,clk_0000075982,2026-07-15,p_00075,Electronics,12217,1357,119,sberpay,0,,1586.99
ord_000006178,u_041606,ss_00137303,clk_0000075987,2026-07-24,p_03890,Beauty,300,16,258,cash_on_delivery,1,2026-08-02,-9.0
ord_000006179,u_041608,ss_00137307,clk_0000075988,2026-07-03,p_02731,Pet,635,0,167,installment,0,,99.19
ord_000006180,u_041608,ss_00137311,clk_0000075990,2026-07-15,p_01345,Kids,459,51,127,bank_card,1,2026-08-01,-13.77
ord_000006181,u_041623,ss_00137348,clk_0000076010,2026-07-15,p_00185,Fashion,1842,139,0,bank_card,0,,543.21
ord_000006182,u_041623,ss_00137349,clk_0000076011,2026-07-12,p_00391,Beauty,5641,115,0,bank_card,0,,1683.84
ord_000006183,u_041628,ss_00137360,clk_0000076016,2026-07-21,p_00586,Beauty,609,68,237,bank_card,0,,159.74
ord_000006184,u_041632,ss_00137378,clk_0000076022,2026-07-24,p_01695,Books,413,46,128,ozon_card,0,,69.55
ord_000006185,u_041654,ss_00137437,clk_0000076050,2026-07-27,p_03339,FMCG,1219,0,203,bank_card,0,,204.67
ord_000006186,u_041662,ss_00137467,clk_0000076071,2026-07-25,p_04397,Sports,1190,0,465,ozon_card,0,,291.91
ord_000006187,u_041673,ss_00137504,clk_0000076087,2026-07-05,p_03206,Auto,3163,166,0,bank_card,0,,553.52
ord_000006188,u_041674,ss_00137512,clk_0000076090,2026-07-04,p_04020,Home,1563,0,136,bank_card,0,,326.67
ord_000006189,u_041675,ss_00137515,clk_0000076092,2026-07-10,p_01766,FMCG,238,7,151,bank_card,0,,27.13
ord_000006190,u_041680,ss_00137531,clk_0000076106,2026-07-01,p_02747,Fashion,1708,129,149,ozon_card,0,,370.64
ord_000006191,u_041684,ss_00137539,clk_0000076108,2026-07-30,p_03831,Home,2446,76,231,bank_card,0,,686.84
ord_000006192,u_041687,ss_00137544,clk_0000076111,2026-07-08,p_02334,Home,2245,118,15,installment,0,,279.95
ord_000006193,u_041698,ss_00137577,clk_0000076126,2026-07-06,p_00336,Beauty,401,21,252,bank_card,0,,126.23
ord_000006194,u_041700,ss_00137580,clk_0000076128,2026-07-08,p_04028,FMCG,387,43,123,bank_card,0,,36.49
ord_000006195,u_041716,ss_00137625,clk_0000076148,2026-07-28,p_01111,Electronics,4728,0,0,sberpay,0,,721.97
ord_000006196,u_041727,ss_00137668,clk_0000076158,2026-07-14,p_03077,Pet,694,0,146,installment,0,,118.4
ord_000006197,u_041735,ss_00137695,clk_0000076175,2026-07-06,p_00425,Electronics,3244,171,0,bank_card,0,,224.81
ord_000006198,u_041738,ss_00137710,clk_0000076182,2026-07-03,p_02338,Sports,1732,306,0,ozon_card,0,,380.87
ord_000006199,u_041745,ss_00137739,clk_0000076198,2026-07-30,p_01183,Books,618,0,231,ozon_card,0,,92.76
ord_000006200,u_041747,ss_00137746,clk_0000076204,2026-07-21,p_02463,Auto,3472,0,0,bank_card,0,,404.49
ord_000006201,u_041762,ss_00137784,clk_0000076221,2026-07-08,p_00396,Electronics,2857,88,139,bank_card,0,,384.84
ord_000006202,u_041772,ss_00137811,clk_0000076231,2026-07-30,p_03989,Electronics,4331,134,385,ozon_card,0,,532.28
ord_000006203,u_041799,ss_00137894,clk_0000076271,2026-07-13,p_03183,Auto,3081,0,245,bank_card,0,,551.81
ord_000006204,u_041799,ss_00137896,clk_0000076272,2026-07-27,p_04188,Electronics,2318,0,337,ozon_card,0,,378.07
ord_000006205,u_041804,ss_00137916,clk_0000076281,2026-07-14,p_00403,Home,3509,0,0,sberpay,0,,992.7
ord_000006206,u_041804,ss_00137921,clk_0000076284,2026-07-23,p_02399,Electronics,4146,0,0,ozon_card,0,,549.76
ord_000006207,u_041804,ss_00137922,clk_0000076285,2026-07-17,p_01137,Books,536,0,264,bank_card,0,,21.44
ord_000006208,u_041805,ss_00137924,clk_0000076288,2026-07-29,p_03464,Fashion,923,29,179,ozon_card,0,,277.82
ord_000006209,u_041815,ss_00137956,clk_0000076302,2026-07-04,p_02957,FMCG,457,0,147,bank_card,0,,87.56
ord_000006210,u_041816,ss_00137960,clk_0000076303,2026-07-08,p_00514,FMCG,418,13,,ozon_card,0,,64.83
ord_000006211,u_041828,ss_00137998,clk_0000076325,2026-07-10,p_03257,Fashion,1351,102,130,sberpay,0,,372.74
ord_000006212,u_041828,ss_00137998,clk_0000076326,2026-07-10,p_03938,Home,1130,0,285,sberpay,0,,220.01
ord_000006213,u_041828,ss_00138002,clk_0000076329,2026-07-07,p_02693,Kids,2393,74,252,cash_on_delivery,1,2026-07-30,-71.79
ord_000006214,u_041828,ss_00138002,clk_0000076330,2026-07-07,p_02241,Electronics,4283,0,0,ozon_card,0,,511.82
ord_000006215,u_041850,ss_00138068,clk_0000076356,2026-07-01,p_00853,Home,2353,261,0,bank_card,0,,612.96
ord_000006216,u_041850,ss_00138072,clk_0000076359,2026-07-22,p_04419,Fashion,753,84,0,ozon_card,0,,147.66
ord_000006217,u_041874,ss_00138159,clk_0000076427,2026-07-11,p_03394,Electronics,4918,546,110,cash_on_delivery,0,,615.24
ord_000006218,u_041876,ss_00138168,clk_0000076431,2026-07-22,p_04307,FMCG,336,18,271,bank_card,0,,41.63
ord_000006219,u_041879,ss_00138177,clk_0000076437,2026-07-09,p_00118,Home,1612,179,163,ozon_card,0,,369.79
ord_000006220,u_041888,ss_00138201,clk_0000076453,2026-07-09,p_00904,Auto,2203,245,,ozon_card,0,,163.68
ord_000006221,u_041898,ss_00138239,clk_0000076482,2026-07-26,p_02894,Electronics,3040,0,0,ozon_card,0,,386.08
ord_000006222,u_041901,ss_00138253,clk_0000076497,2026-07-30,p_03461,Beauty,761,57,18,sberpay,0,,254.71
ord_000006223,u_041902,ss_00138255,clk_0000076498,2026-07-04,p_01418,FMCG,483,54,214,bank_card,0,,103.17
ord_000006224,u_041921,ss_00138310,clk_0000076530,2026-07-05,p_00428,Home,2714,143,186,sberpay,0,,493.95
ord_000006225,u_041931,ss_00138341,clk_0000076542,2026-07-01,p_03987,Kids,1182,131,0,installment,0,,307.2
ord_000006226,u_041932,ss_00138343,clk_0000076546,2026-07-08,p_01163,Books,296,0,168,sberpay,0,,37.92
ord_000006227,u_041939,ss_00138366,clk_0000076556,2026-07-26,p_03460,Home,2094,233,119,ozon_card,0,,409.8
ord_000006228,u_041943,ss_00138374,clk_0000076561,2026-07-16,p_00050,FMCG,317,17,65,ozon_card,0,,62.99
ord_000006229,u_041948,ss_00138395,clk_0000076573,2026-07-14,p_04251,Beauty,674,35,31,cash_on_delivery,0,,211.84
ord_000006230,u_041949,ss_00138399,clk_0000076575,2026-07-04,p_04173,Beauty,635,48,306,bank_card,0,,192.47
ord_000006231,u_041957,ss_00138428,clk_0000076586,2026-07-05,p_01002,Fashion,474,0,221,ozon_card,0,,123.29
ord_000006232,u_041958,ss_00138432,clk_0000076587,2026-07-18,p_02503,Electronics,7454,0,184,sberpay,0,,1046.54
ord_000006233,u_041959,ss_00138436,clk_0000076589,2026-07-19,p_03295,Fashion,769,85,0,bank_card,0,,173.18
ord_000006234,u_041964,ss_00138450,clk_0000076598,2026-07-10,p_04147,Sports,906,101,117,ozon_card,0,,146.41
ord_000006235,u_041972,ss_00138471,clk_0000076610,2026-07-08,p_01293,Auto,1657,184,3,ozon_card,0,,345.48
ord_000006236,u_041973,ss_00138481,clk_0000076614,2026-07-26,p_03734,Beauty,274,6,0,sberpay,0,,95.93
ord_000006237,u_041978,ss_00138496,clk_0000076625,2026-07-04,p_03312,Fashion,1633,182,0,bank_card,0,,417.39
ord_000006238,u_041988,ss_00138533,clk_0000076640,2026-07-25,p_00716,Sports,2718,302,0,bank_card,0,,397.92
ord_000006239,u_041989,ss_00138543,clk_0000076648,2026-07-01,p_03117,Auto,3226,0,0,ozon_card,0,,637.78
ord_000006240,u_041989,ss_00138548,clk_0000076650,2026-07-02,p_01719,Beauty,974,20,0,sberpay,0,,180.0
ord_000006241,u_041994,ss_00138562,clk_0000076658,2026-07-04,p_02050,FMCG,330,10,217,ozon_card,0,,51.61
ord_000006242,u_041994,ss_00138563,clk_0000076660,2026-07-29,p_02569,Beauty,1067,56,290,sberpay,0,,340.91
ord_000006243,u_042021,ss_00138658,clk_0000076700,2026-07-13,p_04410,Sports,820,145,78,ozon_card,1,2026-08-13,-24.6
ord_000006244,u_042021,ss_00138659,clk_0000076701,2026-07-07,p_02342,Fashion,876,18,,bank_card,0,,228.37
ord_000006245,u_042031,ss_00138686,clk_0000076713,2026-07-13,p_02447,Electronics,3998,0,0,sberpay,0,,417.79
ord_000006246,u_042031,ss_00138686,clk_0000076714,2026-07-13,p_00188,Sports,1870,98,169,ozon_card,0,,424.49
ord_000006247,u_042039,ss_00138716,clk_0000076735,2026-07-22,p_04101,Beauty,1232,25,0,sberpay,0,,370.46
ord_000006248,u_042039,ss_00138720,clk_0000076740,2026-07-13,p_04184,FMCG,537,0,0,ozon_card,0,,75.66
ord_000006249,u_042039,ss_00138723,clk_0000076743,2026-07-12,p_01267,Kids,891,47,,ozon_card,0,,162.25
ord_000006250,u_042040,ss_00138725,clk_0000076745,2026-07-12,p_03980,Kids,1744,0,157,bank_card,0,,402.86
ord_000006251,u_042046,ss_00138750,clk_0000076758,2026-07-09,p_04374,Kids,241,13,145,bank_card,0,,44.63
ord_000006252,u_042048,ss_00138754,clk_0000076759,2026-07-23,p_01942,Pet,1439,0,124,bank_card,0,,282.04
ord_000006253,u_042067,ss_00138802,clk_0000076783,2026-07-02,p_01962,FMCG,690,0,181,bank_card,0,,127.37
ord_000006254,u_042091,ss_00138873,clk_0000076818,2026-07-18,p_00855,Pet,332,18,185,bank_card,0,,44.29
ord_000006255,u_042099,ss_00138895,clk_0000076839,2026-07-22,p_02049,Beauty,509,69,262,bank_card,0,,168.63
ord_000006256,u_042117,ss_00138939,clk_0000076863,2026-07-23,p_04097,Kids,1363,42,242,bank_card,0,,280.1
ord_000006257,u_042118,ss_00138941,clk_0000076864,2026-07-07,p_02970,Pet,1625,86,0,sberpay,0,,305.01
ord_000006258,u_042118,ss_00138942,clk_0000076865,2026-07-03,p_03600,Books,239,0,0,ozon_card,0,,46.06
ord_000006259,u_042120,ss_00138952,clk_0000076872,2026-07-01,p_02103,Books,160,0,207,bank_card,0,,18.54
ord_000006260,u_042122,ss_00138958,clk_0000076876,2026-07-15,p_01785,Beauty,275,6,166,ozon_card,0,,80.66
ord_000006261,u_042130,ss_00138985,clk_0000076896,2026-07-11,p_02014,Electronics,2902,153,311,bank_card,0,,213.88
ord_000006262,u_042134,ss_00139001,clk_0000076907,2026-07-06,p_00844,Kids,128,0,,ozon_card,0,,33.66
ord_000006263,u_042134,ss_00139003,clk_0000076908,2026-07-29,p_03397,FMCG,463,24,0,ozon_card,0,,63.76
ord_000006264,u_042134,ss_00139006,clk_0000076911,2026-07-03,p_01435,Beauty,1127,23,0,ozon_card,0,,350.5
ord_000006265,u_042140,ss_00139023,clk_0000076919,2026-07-09,p_02317,Auto,912,0,0,bank_card,0,,62.65
ord_000006266,u_042144,ss_00139037,clk_0000076922,2026-07-18,p_00056,Kids,503,0,0,ozon_card,0,,64.74
ord_000006267,u_042155,ss_00139074,clk_0000076943,2026-07-02,p_00693,Kids,882,0,266,ozon_card,0,,231.26
ord_000006268,u_042172,ss_00139129,clk_0000076979,2026-07-14,p_02245,Kids,1904,0,,ozon_card,0,,495.42
ord_000006269,u_042187,ss_00139177,clk_0000077001,2026-07-28,p_02477,Electronics,7753,408,0,bank_card,0,,899.35
ord_000006270,u_042189,ss_00139180,clk_0000077003,2026-07-20,p_03389,Home,1403,156,266,ozon_card,0,,333.77
ord_000006271,u_042191,ss_00139187,clk_0000077007,2026-07-07,p_01014,Fashion,915,0,206,bank_card,0,,219.97
ord_000006272,u_042199,ss_00139223,clk_0000077029,2026-07-12,p_01978,Home,1621,0,0,ozon_card,0,,384.18
ord_000006273,u_042200,ss_00139225,clk_0000077031,2026-07-11,p_01460,FMCG,764,24,177,bank_card,0,,112.92
ord_000006274,u_042206,ss_00139248,clk_0000077046,2026-07-18,p_03680,Home,1503,46,93,installment,0,,275.95
ord_000006275,u_042208,ss_00139264,clk_0000077052,2026-07-25,p_01030,Fashion,1013,0,,cash_on_delivery,1,2026-08-29,-30.39
ord_000006276,u_042210,ss_00139268,clk_0000077056,2026-07-07,p_01130,Sports,923,0,166,installment,0,,201.77
ord_000006277,u_042212,ss_00139280,clk_0000077063,2026-07-09,p_00710,Fashion,735,23,,bank_card,0,,172.72
ord_000006278,u_042214,ss_00139298,clk_0000077078,2026-07-14,p_01093,Beauty,436,23,409,sberpay,0,,145.84
ord_000006279,u_042215,ss_00139303,clk_0000077082,2026-07-16,p_00377,Beauty,940,19,195,ozon_card,0,,318.1
ord_000006280,u_042217,ss_00139309,clk_0000077090,2026-07-12,p_00852,Home,1604,0,302,ozon_card,0,,306.04
ord_000006281,u_042242,ss_00139384,clk_0000077138,2026-07-30,p_03275,Pet,939,49,86,ozon_card,0,,170.33
ord_000006282,u_042242,ss_00139389,clk_0000077143,2026-07-14,p_00724,Electronics,3405,0,194,ozon_card,0,,487.6
ord_000006283,u_042246,ss_00139395,clk_0000077150,2026-07-05,p_02280,Kids,853,95,0,ozon_card,0,,135.8
ord_000006284,u_042248,ss_00139405,clk_0000077155,2026-07-20,p_03665,FMCG,271,30,166,bank_card,0,,55.42
ord_000006285,u_042249,ss_00139406,clk_0000077156,2026-07-17,p_00108,Electronics,2241,0,123,cash_on_delivery,0,,283.26
ord_000006286,u_042251,ss_00139412,clk_0000077158,2026-07-03,p_02501,Pet,421,13,58,bank_card,0,,94.81
ord_000006287,u_042251,ss_00139414,clk_0000077160,2026-07-12,p_02669,Kids,664,0,221,cash_on_delivery,0,,149.8
ord_000006288,u_042268,ss_00139472,clk_0000077196,2026-07-14,p_00525,Electronics,6343,0,0,bank_card,0,,1101.14
ord_000006289,u_042270,ss_00139483,clk_0000077201,2026-07-11,p_01889,Electronics,2705,0,0,ozon_card,0,,278.34
ord_000006290,u_042282,ss_00139523,clk_0000077224,2026-07-02,p_00475,Beauty,924,0,146,sberpay,0,,259.74
ord_000006291,u_042287,ss_00139532,clk_0000077226,2026-07-10,p_04155,Books,371,11,173,ozon_card,0,,58.06
ord_000006292,u_042287,ss_00139533,clk_0000077229,2026-07-15,p_00438,Fashion,2943,222,0,bank_card,0,,567.41
ord_000006293,u_042290,ss_00139537,clk_0000077230,2026-07-06,p_02825,Electronics,2242,118,0,ozon_card,0,,140.8
ord_000006294,u_042290,ss_00139540,clk_0000077232,2026-07-03,p_04105,Electronics,2800,147,181,sberpay,0,,217.84
ord_000006295,u_042290,ss_00139543,clk_0000077236,2026-07-10,p_03658,Auto,1020,0,0,bank_card,0,,186.76
ord_000006296,u_042300,ss_00139596,clk_0000077280,2026-07-16,p_02442,Fashion,386,53,102,bank_card,0,,95.38
ord_000006297,u_042303,ss_00139605,clk_0000077284,2026-07-17,p_02442,Fashion,386,53,179,ozon_card,0,,95.38
ord_000006298,u_042315,ss_00139650,clk_0000077305,2026-07-05,p_00010,Auto,1499,46,303,bank_card,0,,365.61
ord_000006299,u_042325,ss_00139682,clk_0000077315,2026-07-26,p_00727,Sports,4646,0,0,ozon_card,0,,1097.85
ord_000006300,u_042326,ss_00139690,clk_0000077320,2026-07-18,p_00834,Beauty,572,18,0,ozon_card,0,,174.57
ord_000006301,u_042332,ss_00139711,clk_0000077330,2026-07-11,p_02676,Auto,3456,0,250,bank_card,0,,614.82
ord_000006302,u_042337,ss_00139733,clk_0000077344,2026-07-13,p_01352,Electronics,5329,0,119,bank_card,0,,219.55
ord_000006303,u_042340,ss_00139741,clk_0000077347,2026-07-06,p_00884,Sports,491,0,186,bank_card,0,,117.99
ord_000006304,u_042343,ss_00139753,clk_0000077350,2026-07-16,p_02847,Pet,296,9,91,bank_card,0,,54.4
ord_000006305,u_042351,ss_00139771,clk_0000077361,2026-07-05,p_03732,Books,272,0,260,installment,0,,57.34
ord_000006306,u_042383,ss_00139889,clk_0000077413,2026-07-07,p_02857,Fashion,1234,168,0,ozon_card,0,,289.37
ord_000006307,u_042393,ss_00139931,clk_0000077424,2026-07-01,p_02745,Sports,1601,0,0,ozon_card,0,,402.01
ord_000006308,u_042403,ss_00139966,clk_0000077445,2026-07-08,p_01292,Fashion,1372,281,403,cash_on_delivery,0,,290.18
ord_000006309,u_042413,ss_00140017,clk_0000077489,2026-07-07,p_01080,Kids,227,0,208,sberpay,0,,54.41
ord_000006310,u_042415,ss_00140024,clk_0000077494,2026-07-30,p_02734,Pet,688,36,288,sberpay,0,,149.09
ord_000006311,u_042415,ss_00140025,clk_0000077495,2026-07-27,p_03623,Fashion,1357,0,,sberpay,1,2026-08-06,-40.71
ord_000006312,u_042424,ss_00140064,clk_0000077525,2026-07-08,p_02262,Auto,2326,0,194,ozon_card,0,,299.59
ord_000006313,u_042425,ss_00140069,clk_0000077526,2026-07-06,p_02445,Beauty,1890,210,206,sberpay,0,,497.45
ord_000006314,u_042428,ss_00140079,clk_0000077531,2026-07-05,p_00587,Electronics,5313,590,,bank_card,0,,660.41
ord_000006315,u_042429,ss_00140085,clk_0000077536,2026-07-09,p_02747,Fashion,1745,92,0,bank_card,0,,378.67
ord_000006316,u_042430,ss_00140086,clk_0000077537,2026-07-21,p_04309,FMCG,460,0,141,ozon_card,0,,77.46
ord_000006317,u_042430,ss_00140089,clk_0000077540,2026-07-29,p_03718,Pet,1327,0,0,bank_card,0,,181.93
ord_000006318,u_042441,ss_00140128,clk_0000077560,2026-07-18,p_03856,Books,178,0,126,sberpay,0,,25.29
ord_000006319,u_042441,ss_00140132,clk_0000077564,2026-07-04,p_00460,Home,1259,39,105,bank_card,0,,315.51
ord_000006320,u_042442,ss_00140135,clk_0000077568,2026-07-05,p_04485,Home,572,0,299,ozon_card,0,,99.24
ord_000006321,u_042445,ss_00140145,clk_0000077576,2026-07-20,p_02490,Fashion,3303,249,0,ozon_card,0,,944.0
ord_000006322,u_042451,ss_00140161,clk_0000077584,2026-07-26,p_03194,Fashion,1302,27,0,ozon_card,0,,357.53
ord_000006323,u_042453,ss_00140166,clk_0000077589,2026-07-13,p_01470,Sports,4374,0,0,bank_card,0,,801.32
ord_000006324,u_042461,ss_00140195,clk_0000077607,2026-07-22,p_02800,Beauty,609,12,133,bank_card,0,,197.19
ord_000006325,u_042464,ss_00140203,clk_0000077612,2026-07-27,p_00790,Fashion,840,115,172,ozon_card,0,,182.45
ord_000006326,u_042470,ss_00140224,clk_0000077623,2026-07-27,p_02774,Electronics,2446,0,306,bank_card,0,,249.74
ord_000006327,u_042474,ss_00140236,clk_0000077626,2026-07-14,p_03440,Sports,980,109,217,bank_card,0,,299.78
ord_000006328,u_042497,ss_00140343,clk_0000077708,2026-07-25,p_01682,Electronics,2788,0,153,cash_on_delivery,0,,404.82
ord_000006329,u_042506,ss_00140360,clk_0000077714,2026-07-29,p_00690,Fashion,361,0,208,ozon_card,0,,70.65
ord_000006330,u_042510,ss_00140379,clk_0000077727,2026-07-02,p_00496,FMCG,1402,74,210,ozon_card,0,,173.43
ord_000006331,u_042513,ss_00140386,clk_0000077733,2026-07-02,p_02484,Electronics,1442,0,179,bank_card,0,,122.28
ord_000006332,u_042528,ss_00140439,clk_0000077762,2026-07-27,p_00511,Auto,888,0,151,sberpay,0,,204.68
ord_000006333,u_042529,ss_00140440,clk_0000077765,2026-07-19,p_03584,Kids,827,92,205,cash_on_delivery,1,2026-08-16,-24.81
ord_000006334,u_042529,ss_00140442,clk_0000077767,2026-07-13,p_00069,Home,789,88,209,bank_card,0,,160.56
ord_000006335,u_042537,ss_00140457,clk_0000077773,2026-07-10,p_02406,Kids,1489,78,23,bank_card,0,,352.3
ord_000006336,u_042542,ss_00140476,clk_0000077784,2026-07-29,p_00114,Electronics,3890,120,0,ozon_card,0,,510.37
ord_000006337,u_042554,ss_00140508,clk_0000077809,2026-07-02,p_03691,FMCG,465,52,141,installment,0,,58.54
ord_000006338,u_042554,ss_00140509,clk_0000077811,2026-07-05,p_03518,Home,2257,119,221,bank_card,0,,207.64
ord_000006339,u_042566,ss_00140543,clk_0000077824,2026-07-23,p_00262,Fashion,1668,34,,ozon_card,0,,520.08
ord_000006340,u_042570,ss_00140557,clk_0000077832,2026-07-07,p_00892,Fashion,638,0,260,bank_card,0,,167.54
ord_000006341,u_042578,ss_00140589,clk_0000077849,2026-07-07,p_02641,Home,953,29,246,bank_card,1,2026-08-02,-28.59
ord_000006342,u_042594,ss_00140627,clk_0000077871,2026-07-17,p_04030,Books,287,0,0,bank_card,0,,37.8
ord_000006343,u_042614,ss_00140696,clk_0000077914,2026-07-03,p_01699,Fashion,938,19,116,bank_card,0,,251.1
ord_000006344,u_042618,ss_00140706,clk_0000077928,2026-07-27,p_04413,Electronics,4405,136,0,ozon_card,0,,511.86
ord_000006345,u_042621,ss_00140715,clk_0000077933,2026-07-23,p_03714,Books,806,0,299,installment,0,,185.86
ord_000006346,u_042628,ss_00140740,clk_0000077946,2026-07-06,p_02144,Beauty,749,39,178,bank_card,0,,215.94
ord_000006347,u_042641,ss_00140782,clk_0000077967,2026-07-15,p_00813,Sports,1072,56,213,bank_card,0,,211.72
ord_000006348,u_042642,ss_00140786,clk_0000077971,2026-07-01,p_03393,Books,197,0,0,sberpay,0,,34.06
ord_000006349,u_042642,ss_00140786,clk_0000077972,2026-07-01,p_01443,Home,2072,230,0,ozon_card,0,,262.73
ord_000006350,u_042648,ss_00140815,clk_0000077984,2026-07-04,p_01886,Electronics,6777,357,0,ozon_card,0,,650.59
ord_000006351,u_042654,ss_00140832,clk_0000077989,2026-07-09,p_01097,Electronics,1575,278,0,cash_on_delivery,0,,159.55
ord_000006352,u_042666,ss_00140867,clk_0000078009,2026-07-02,p_04415,Pet,1189,0,93,bank_card,0,,284.53
ord_000006353,u_042675,ss_00140902,clk_0000078026,2026-07-29,p_01539,Beauty,2039,42,83,bank_card,0,,485.89
ord_000006354,u_042675,ss_00140905,clk_0000078031,2026-07-29,p_03922,Beauty,918,69,321,ozon_card,0,,293.39
ord_000006355,u_042680,ss_00140920,clk_0000078036,2026-07-07,p_03298,Beauty,447,9,10,cash_on_delivery,0,,106.97
ord_000006356,u_042694,ss_00140961,clk_0000078064,2026-07-19,p_03478,Fashion,971,199,0,sberpay,0,,249.74
ord_000006357,u_042694,ss_00140961,clk_0000078066,2026-07-19,p_03457,Fashion,1367,72,196,bank_card,0,,268.07
ord_000006358,u_042698,ss_00140976,clk_0000078069,2026-07-19,p_00480,Beauty,383,20,221,ozon_card,0,,141.14
ord_000006359,u_042701,ss_00140984,clk_0000078074,2026-07-09,p_04320,Pet,782,0,110,ozon_card,0,,98.06
ord_000006360,u_042710,ss_00141026,clk_0000078108,2026-07-17,p_01577,Home,4676,0,0,bank_card,0,,1036.67
ord_000006361,u_042730,ss_00141089,clk_0000078139,2026-07-24,p_04209,Kids,2952,0,257,ozon_card,0,,737.7
ord_000006362,u_042731,ss_00141095,clk_0000078144,2026-07-05,p_03279,Fashion,882,46,256,ozon_card,0,,193.6
ord_000006363,u_042731,ss_00141095,clk_0000078145,2026-07-05,p_02572,Electronics,4172,0,209,bank_card,1,2026-07-11,-125.16
ord_000006364,u_042738,ss_00141116,clk_0000078152,2026-07-05,p_01041,Auto,829,26,133,sberpay,0,,86.38
ord_000006365,u_042738,ss_00141116,clk_0000078154,2026-07-05,p_03323,Beauty,1074,22,297,installment,0,,290.73
ord_000006366,u_042740,ss_00141121,clk_0000078157,2026-07-06,p_02009,Fashion,1087,57,195,installment,0,,144.24
ord_000006367,u_042758,ss_00141186,clk_0000078182,2026-07-04,p_02146,Home,969,0,320,bank_card,0,,198.26
ord_000006368,u_042786,ss_00141282,clk_0000078229,2026-07-07,p_03813,Home,1443,0,304,bank_card,0,,324.68
ord_000006369,u_042789,ss_00141289,clk_0000078236,2026-07-03,p_01046,Auto,2316,122,260,bank_card,0,,434.48
ord_000006370,u_042792,ss_00141305,clk_0000078261,2026-07-16,p_00475,Beauty,906,18,176,installment,0,,254.68
ord_000006371,u_042792,ss_00141307,clk_0000078262,2026-07-16,p_02438,Fashion,1413,29,0,ozon_card,1,2026-08-21,-42.39
ord_000006372,u_042796,ss_00141322,clk_0000078272,2026-07-25,p_03994,Fashion,1263,140,118,ozon_card,0,,272.81
ord_000006373,u_042801,ss_00141338,clk_0000078284,2026-07-15,p_00897,Beauty,636,13,229,bank_card,0,,191.82
ord_000006374,u_042805,ss_00141346,clk_0000078290,2026-07-25,p_00597,Electronics,2493,0,167,bank_card,0,,384.17
ord_000006375,u_042819,ss_00141389,clk_0000078313,2026-07-20,p_00563,Pet,654,0,185,bank_card,0,,120.92
ord_000006376,u_042825,ss_00141413,clk_0000078322,2026-07-16,p_03981,FMCG,284,15,77,cash_on_delivery,0,,41.69
ord_000006377,u_042845,ss_00141475,clk_0000078358,2026-07-05,p_01422,Kids,935,165,117,sberpay,0,,227.67
ord_000006378,u_042857,ss_00141536,clk_0000078399,2026-07-15,p_00735,Fashion,1621,0,213,ozon_card,0,,279.14
ord_000006379,u_042861,ss_00141548,clk_0000078404,2026-07-16,p_02726,Electronics,6768,0,0,bank_card,0,,722.82
ord_000006380,u_042866,ss_00141568,clk_0000078407,2026-07-13,p_00497,Sports,607,0,116,bank_card,0,,129.47
ord_000006381,u_042868,ss_00141589,clk_0000078433,2026-07-26,p_01106,Beauty,884,27,,bank_card,0,,224.36
ord_000006382,u_042877,ss_00141616,clk_0000078448,2026-07-18,p_04416,Fashion,1101,58,150,bank_card,1,2026-08-02,-33.03
ord_000006383,u_042892,ss_00141657,clk_0000078470,2026-07-30,p_03130,Home,1510,80,155,ozon_card,0,,243.11
ord_000006384,u_042898,ss_00141676,clk_0000078476,2026-07-06,p_00204,Kids,2178,0,0,bank_card,1,2026-07-12,-65.34
ord_000006385,u_042899,ss_00141677,clk_0000078478,2026-07-08,p_03033,Electronics,2245,249,,bank_card,0,,428.57
ord_000006386,u_042910,ss_00141727,clk_0000078525,2026-07-19,p_00846,Beauty,563,11,,bank_card,0,,106.69
ord_000006387,u_042913,ss_00141735,clk_0000078531,2026-07-11,p_01862,Home,922,0,265,bank_card,0,,168.36
ord_000006388,u_042924,ss_00141781,clk_0000078555,2026-07-03,p_01337,Home,1387,43,169,bank_card,0,,364.64
ord_000006389,u_042930,ss_00141801,clk_0000078565,2026-07-08,p_02898,Sports,1434,0,194,bank_card,0,,353.19
ord_000006390,u_042936,ss_00141822,clk_0000078575,2026-07-06,p_01330,Pet,984,0,196,installment,0,,196.31
ord_000006391,u_042944,ss_00141849,clk_0000078584,2026-07-23,p_01330,Pet,935,49,201,ozon_card,0,,186.53
ord_000006392,u_042957,ss_00141896,clk_0000078608,2026-07-04,p_00185,Fashion,1981,0,133,sberpay,0,,584.2
ord_000006393,u_042964,ss_00141919,clk_0000078624,2026-07-24,p_03730,FMCG,149,5,55,cash_on_delivery,0,,15.81
ord_000006394,u_042965,ss_00141922,clk_0000078625,2026-07-16,p_02371,Fashion,905,28,182,installment,0,,185.52
ord_000006395,u_042984,ss_00141997,clk_0000078677,2026-07-16,p_00873,Books,752,23,0,bank_card,0,,132.58
ord_000006396,u_042988,ss_00142015,clk_0000078690,2026-07-11,p_04201,FMCG,711,0,388,installment,0,,125.92
ord_000006397,u_042989,ss_00142017,clk_0000078691,2026-07-24,p_01956,Fashion,2265,119,191,bank_card,0,,494.22
ord_000006398,u_042990,ss_00142018,clk_0000078693,2026-07-15,p_00525,Electronics,6153,190,214,ozon_card,0,,1068.16
ord_000006399,u_043001,ss_00142053,clk_0000078707,2026-07-29,p_02651,FMCG,294,0,84,ozon_card,0,,18.35
ord_000006400,u_043001,ss_00142054,clk_0000078708,2026-07-26,p_04190,Home,4318,0,0,bank_card,0,,952.12
ord_000006401,u_043001,ss_00142054,clk_0000078710,2026-07-26,p_01699,Fashion,938,19,96,bank_card,0,,251.1
ord_000006402,u_043030,ss_00142136,clk_0000078747,2026-07-01,p_03170,Fashion,626,47,370,cash_on_delivery,0,,160.07
ord_000006403,u_043030,ss_00142137,clk_0000078750,2026-07-10,p_03752,Electronics,2653,0,256,bank_card,0,,449.15
ord_000006404,u_043041,ss_00142163,clk_0000078759,2026-07-30,p_02431,Books,271,8,104,cash_on_delivery,0,,72.98
ord_000006405,u_043056,ss_00142208,clk_0000078780,2026-07-16,p_02872,Beauty,411,8,134,bank_card,0,,99.96
ord_000006406,u_043079,ss_00142287,clk_0000078823,2026-07-06,p_02276,Beauty,863,18,180,bank_card,0,,238.19
ord_000006407,u_043085,ss_00142302,clk_0000078831,2026-07-27,p_01330,Pet,954,30,154,bank_card,0,,190.32
ord_000006408,u_043085,ss_00142303,clk_0000078832,2026-07-27,p_00595,Electronics,2497,0,98,installment,0,,297.89
ord_000006409,u_043091,ss_00142327,clk_0000078847,2026-07-19,p_02350,Sports,1031,54,173,bank_card,0,,244.86
ord_000006410,u_043104,ss_00142362,clk_0000078874,2026-07-11,p_04484,Fashion,5732,117,0,installment,0,,1018.58
ord_000006411,u_043112,ss_00142380,clk_0000078884,2026-07-24,p_01820,Kids,951,106,148,installment,0,,186.97
ord_000006412,u_043116,ss_00142388,clk_0000078889,2026-07-04,p_01527,FMCG,299,0,297,bank_card,0,,27.0
ord_000006413,u_043123,ss_00142404,clk_0000078896,2026-07-19,p_01483,Electronics,3727,196,0,cash_on_delivery,0,,362.64
ord_000006414,u_043124,ss_00142420,clk_0000078907,2026-07-26,p_03843,FMCG,240,13,0,ozon_card,0,,42.38
ord_000006415,u_043140,ss_00142469,clk_0000078935,2026-07-10,p_00714,Electronics,2347,124,17,bank_card,0,,280.0
ord_000006416,u_043142,ss_00142478,clk_0000078938,2026-07-08,p_03524,Electronics,21926,0,283,ozon_card,0,,1048.06
ord_000006417,u_043144,ss_00142490,clk_0000078942,2026-07-22,p_04443,Home,2373,0,231,bank_card,0,,409.58
ord_000006418,u_043144,ss_00142491,clk_0000078943,2026-07-10,p_01021,Auto,3078,0,0,installment,0,,333.35
ord_000006419,u_043147,ss_00142494,clk_0000078946,2026-07-19,p_02852,Books,261,14,,bank_card,0,,41.26
ord_000006420,u_043152,ss_00142517,clk_0000078957,2026-07-07,p_04058,Home,987,52,211,sberpay,0,,118.74
ord_000006421,u_043154,ss_00142523,clk_0000078959,2026-07-05,p_01982,Electronics,4332,0,0,installment,0,,625.54
ord_000006422,u_043157,ss_00142529,clk_0000078962,2026-07-15,p_04149,Fashion,2066,230,127,cash_on_delivery,0,,494.81
ord_000006423,u_043167,ss_00142572,clk_0000078982,2026-07-23,p_02073,Beauty,1570,214,201,bank_card,0,,500.99
ord_000006424,u_043171,ss_00142588,clk_0000078992,2026-07-10,p_04210,Electronics,2588,0,0,sberpay,0,,321.43
ord_000006425,u_043172,ss_00142592,clk_0000078997,2026-07-30,p_00440,Fashion,2222,117,338,bank_card,0,,503.73
ord_000006426,u_043172,ss_00142592,clk_0000078998,2026-07-30,p_03496,Pet,590,18,,bank_card,0,,87.02
ord_000006427,u_043174,ss_00142604,clk_0000079004,2026-07-04,p_01951,Auto,2823,0,214,bank_card,0,,279.19
ord_000006428,u_043178,ss_00142617,clk_0000079014,2026-07-10,p_04117,Books,228,25,165,ozon_card,0,,38.12
ord_000006429,u_043181,ss_00142624,clk_0000079016,2026-07-18,p_00348,FMCG,245,8,216,bank_card,0,,26.85
ord_000006430,u_043182,ss_00142629,clk_0000079021,2026-07-09,p_03017,FMCG,750,23,267,bank_card,0,,143.1
ord_000006431,u_043182,ss_00142631,clk_0000079024,2026-07-22,p_01646,FMCG,679,21,165,bank_card,0,,81.96
ord_000006432,u_043184,ss_00142636,clk_0000079027,2026-07-11,p_02810,Electronics,3982,703,0,cash_on_delivery,0,,571.82
ord_000006433,u_043185,ss_00142638,clk_0000079028,2026-07-02,p_02427,Home,3435,0,0,bank_card,0,,625.51
ord_000006434,u_043194,ss_00142674,clk_0000079046,2026-07-05,p_03420,Kids,1095,0,165,cash_on_delivery,0,,187.14
ord_000006435,u_043210,ss_00142721,clk_0000079070,2026-07-16,p_01477,Sports,2680,83,168,ozon_card,0,,580.76
ord_000006436,u_043210,ss_00142728,clk_0000079074,2026-07-05,p_00650,Beauty,796,16,279,bank_card,0,,278.84
ord_000006437,u_043253,ss_00142846,clk_0000079128,2026-07-14,p_00905,Beauty,469,14,385,bank_card,0,,139.39
ord_000006438,u_043258,ss_00142860,clk_0000079132,2026-07-18,p_04047,Beauty,591,31,205,bank_card,1,2026-08-07,-17.73
ord_000006439,u_043263,ss_00142876,clk_0000079144,2026-07-23,p_01625,Kids,802,0,158,ozon_card,0,,135.7
ord_000006440,u_043266,ss_00142889,clk_0000079153,2026-07-05,p_02298,Beauty,959,0,168,cash_on_delivery,0,,238.6
ord_000006441,u_043268,ss_00142899,clk_0000079160,2026-07-11,p_01805,Home,1632,288,0,bank_card,0,,446.84
ord_000006442,u_043274,ss_00142911,clk_0000079171,2026-07-17,p_03633,Home,3139,0,0,cash_on_delivery,0,,829.64
ord_000006443,u_043292,ss_00142977,clk_0000079207,2026-07-06,p_02343,Books,308,0,168,bank_card,0,,45.09
ord_000006444,u_043315,ss_00143061,clk_0000079254,2026-07-01,p_00108,Electronics,2174,67,162,bank_card,0,,274.79
ord_000006445,u_043324,ss_00143095,clk_0000079271,2026-07-23,p_03386,Home,699,37,0,ozon_card,0,,92.27
ord_000006446,u_043328,ss_00143112,clk_0000079277,2026-07-16,p_02815,Fashion,2335,72,399,bank_card,0,,584.45
ord_000006447,u_043338,ss_00143134,clk_0000079286,2026-07-15,p_00048,Fashion,2955,156,0,ozon_card,0,,834.2
ord_000006448,u_043341,ss_00143144,clk_0000079292,2026-07-24,p_00305,FMCG,578,0,83,ozon_card,0,,66.87
ord_000006449,u_043343,ss_00143153,clk_0000079295,2026-07-14,p_02238,Beauty,1269,39,108,ozon_card,0,,329.56
ord_000006450,u_043360,ss_00143209,clk_0000079324,2026-07-13,p_00261,Electronics,2157,0,0,sberpay,0,,324.84
ord_000006451,u_043360,ss_00143210,clk_0000079325,2026-07-24,p_04175,Fashion,344,7,0,ozon_card,0,,77.02
ord_000006452,u_043371,ss_00143243,clk_0000079343,2026-07-29,p_00142,Home,1046,185,113,cash_on_delivery,0,,89.75
ord_000006453,u_043372,ss_00143246,clk_0000079344,2026-07-26,p_00813,Sports,1128,0,96,bank_card,0,,222.78
ord_000006454,u_043381,ss_00143278,clk_0000079360,2026-07-09,p_01195,Home,1059,56,107,ozon_card,0,,166.9
ord_000006455,u_043387,ss_00143293,clk_0000079364,2026-07-07,p_02642,Auto,2058,64,198,bank_card,0,,255.6
ord_000006456,u_043398,ss_00143323,clk_0000079382,2026-07-25,p_02413,Electronics,2387,0,154,bank_card,1,2026-08-16,-71.61
ord_000006457,u_043404,ss_00143353,clk_0000079396,2026-07-09,p_02516,Home,9306,288,0,bank_card,0,,2360.0
ord_000006458,u_043406,ss_00143359,clk_0000079401,2026-07-17,p_00165,Electronics,7967,0,98,sberpay,0,,970.38
ord_000006459,u_043409,ss_00143369,clk_0000079405,2026-07-28,p_04257,Fashion,676,0,153,ozon_card,0,,155.89
ord_000006460,u_043413,ss_00143383,clk_0000079419,2026-07-12,p_00891,Pet,721,0,312,bank_card,0,,124.95
ord_000006461,u_043422,ss_00143420,clk_0000079439,2026-07-16,p_00351,Books,473,15,103,bank_card,0,,74.69
ord_000006462,u_043425,ss_00143429,clk_0000079449,2026-07-27,p_02712,Home,1851,0,105,bank_card,0,,322.26
ord_000006463,u_043446,ss_00143478,clk_0000079475,2026-07-20,p_01624,Books,167,5,116,installment,0,,32.18
ord_000006464,u_043448,ss_00143481,clk_0000079477,2026-07-05,p_00641,Fashion,610,46,98,sberpay,0,,179.64
ord_000006465,u_043470,ss_00143544,clk_0000079514,2026-07-03,p_03510,Electronics,1556,0,211,bank_card,0,,241.8
ord_000006466,u_043481,ss_00143573,clk_0000079526,2026-07-14,p_01347,FMCG,711,0,173,bank_card,0,,100.39
ord_000006467,u_043482,ss_00143581,clk_0000079533,2026-07-09,p_00334,Beauty,520,11,105,sberpay,0,,131.87
ord_000006468,u_043492,ss_00143609,clk_0000079550,2026-07-19,p_01312,Electronics,4765,529,176,ozon_card,0,,568.46
ord_000006469,u_043523,ss_00143720,clk_0000079616,2026-07-22,p_03504,Fashion,1064,22,229,installment,0,,298.98
ord_000006470,u_043523,ss_00143721,clk_0000079617,2026-07-12,p_00578,Sports,611,0,165,installment,0,,186.66
ord_000006471,u_043524,ss_00143723,clk_0000079618,2026-07-06,p_03950,Home,2176,115,138,bank_card,0,,324.66
ord_000006472,u_043525,ss_00143729,clk_0000079620,2026-07-18,p_00246,Books,195,6,115,bank_card,0,,41.98
ord_000006473,u_043525,ss_00143730,clk_0000079621,2026-07-06,p_01793,Kids,991,110,178,installment,0,,286.7
ord_000006474,u_043529,ss_00143738,clk_0000079627,2026-07-17,p_00007,Fashion,1120,0,210,sberpay,0,,325.58
ord_000006475,u_043536,ss_00143767,clk_0000079645,2026-07-04,p_03333,Auto,3652,645,0,bank_card,0,,736.97
ord_000006476,u_043536,ss_00143767,clk_0000079646,2026-07-04,p_04168,Kids,527,0,133,bank_card,0,,94.6
ord_000006477,u_043537,ss_00143773,clk_0000079652,2026-07-14,p_03352,Electronics,4741,0,0,bank_card,0,,514.4
ord_000006478,u_043538,ss_00143774,clk_0000079653,2026-07-16,p_03167,Kids,635,0,138,bank_card,0,,120.14
ord_000006479,u_043548,ss_00143812,clk_0000079683,2026-07-02,p_00952,Beauty,515,10,110,sberpay,0,,152.65
ord_000006480,u_043554,ss_00143824,clk_0000079688,2026-07-25,p_02830,Kids,2168,0,0,cash_on_delivery,0,,407.58
ord_000006481,u_043568,ss_00143870,clk_0000079717,2026-07-29,p_02302,Beauty,693,0,164,bank_card,0,,205.2
ord_000006482,u_043571,ss_00143881,clk_0000079721,2026-07-29,p_03100,Beauty,559,11,255,installment,0,,188.38
ord_000006483,u_043571,ss_00143882,clk_0000079722,2026-07-07,p_02821,Fashion,897,18,327,ozon_card,0,,231.16
ord_000006484,u_043575,ss_00143914,clk_0000079753,2026-07-29,p_01214,Beauty,1146,23,127,bank_card,0,,293.26
ord_000006485,u_043575,ss_00143915,clk_0000079754,2026-07-01,p_01965,Auto,834,44,96,bank_card,0,,158.21
ord_000006486,u_043577,ss_00143918,clk_0000079756,2026-07-09,p_00861,Beauty,471,35,246,ozon_card,0,,149.21
ord_000006487,u_043590,ss_00143956,clk_0000079772,2026-07-06,p_02092,Fashion,545,61,111,ozon_card,0,,139.36
ord_000006488,u_043594,ss_00143965,clk_0000079778,2026-07-08,p_03701,Home,1548,172,2,ozon_card,0,,386.54
ord_000006489,u_043609,ss_00144011,clk_0000079806,2026-07-05,p_03039,Books,325,0,201,sberpay,0,,63.96
ord_000006490,u_043618,ss_00144037,clk_0000079818,2026-07-02,p_02642,Auto,2122,0,189,bank_card,0,,263.55
ord_000006491,u_043629,ss_00144085,clk_0000079855,2026-07-13,p_03473,Books,107,0,288,ozon_card,0,,16.73
ord_000006492,u_043642,ss_00144128,clk_0000079875,2026-07-10,p_01340,Home,1499,166,207,cash_on_delivery,0,,325.28
ord_000006493,u_043644,ss_00144136,clk_0000079881,2026-07-13,p_03905,Fashion,931,104,50,bank_card,0,,178.19
ord_000006494,u_043657,ss_00144168,clk_0000079899,2026-07-16,p_01040,Home,1455,45,213,ozon_card,0,,312.1
ord_000006495,u_043671,ss_00144215,clk_0000079924,2026-07-02,p_03659,Fashion,882,18,0,ozon_card,0,,274.83
ord_000006496,u_043671,ss_00144215,clk_0000079925,2026-07-02,p_03145,Beauty,355,7,0,cash_on_delivery,0,,89.53
ord_000006497,u_043671,ss_00144216,clk_0000079926,2026-07-27,p_02315,Beauty,872,46,196,ozon_card,0,,288.2
ord_000006498,u_043683,ss_00144246,clk_0000079943,2026-07-07,p_01315,Kids,581,31,189,sberpay,0,,149.49
ord_000006499,u_043688,ss_00144267,clk_0000079964,2026-07-25,p_02545,FMCG,358,0,230,bank_card,0,,56.64
ord_000006500,u_043690,ss_00144275,clk_0000079967,2026-07-12,p_00663,Electronics,3066,95,250,sberpay,0,,198.37
ord_000006501,u_043696,ss_00144301,clk_0000079982,2026-07-20,p_04079,Beauty,563,99,217,bank_card,0,,162.14
ord_000006502,u_043704,ss_00144326,clk_0000079999,2026-07-19,p_03168,Fashion,2334,123,182,bank_card,0,,636.25
ord_000006503,u_043714,ss_00144353,clk_0000080014,2026-07-16,p_02516,Home,9594,0,89,ozon_card,0,,2433.04
ord_000006504,u_043720,ss_00144373,clk_0000080021,2026-07-27,p_01094,Home,2849,0,196,bank_card,0,,556.69
ord_000006505,u_043721,ss_00144375,clk_0000080022,2026-07-06,p_00232,Electronics,5172,0,0,installment,0,,857.0
ord_000006506,u_043723,ss_00144381,clk_0000080025,2026-07-26,p_00171,Beauty,980,134,0,ozon_card,0,,277.54
ord_000006507,u_043724,ss_00144386,clk_0000080029,2026-07-09,p_00367,Fashion,686,14,222,ozon_card,0,,177.33
ord_000006508,u_043726,ss_00144391,clk_0000080032,2026-07-02,p_04317,Auto,1000,53,293,sberpay,0,,177.0
ord_000006509,u_043728,ss_00144396,clk_0000080036,2026-07-07,p_02158,Books,444,0,165,sberpay,0,,68.82
ord_000006510,u_043736,ss_00144419,clk_0000080046,2026-07-12,p_02740,Kids,633,0,249,ozon_card,0,,131.79
ord_000006511,u_043752,ss_00144458,clk_0000080065,2026-07-05,p_02302,Beauty,658,35,246,ozon_card,0,,194.83
ord_000006512,u_043752,ss_00144459,clk_0000080066,2026-07-10,p_01177,Kids,1564,0,268,cash_on_delivery,0,,243.98
ord_000006513,u_043761,ss_00144484,clk_0000080073,2026-07-10,p_03695,Sports,558,0,148,bank_card,0,,128.28
ord_000006514,u_043764,ss_00144496,clk_0000080084,2026-07-28,p_00272,Home,1216,214,230,bank_card,0,,285.88
ord_000006515,u_043764,ss_00144497,clk_0000080086,2026-07-05,p_02205,Home,1836,0,288,ozon_card,0,,438.25
ord_000006516,u_043820,ss_00144688,clk_0000080176,2026-07-20,p_03443,Electronics,3743,0,203,ozon_card,0,,534.13
ord_000006517,u_043820,ss_00144692,clk_0000080177,2026-07-15,p_00862,Sports,645,0,172,installment,0,,134.35
ord_000006518,u_043830,ss_00144724,clk_0000080189,2026-07-05,p_01994,Home,2100,0,115,bank_card,0,,451.71
ord_000006519,u_043841,ss_00144748,clk_0000080203,2026-07-15,p_04159,Home,522,0,178,bank_card,0,,71.51
ord_000006520,u_043843,ss_00144754,clk_0000080206,2026-07-07,p_02251,Fashion,1114,84,109,bank_card,0,,216.67
ord_000006521,u_043845,ss_00144761,clk_0000080207,2026-07-15,p_01302,FMCG,248,13,12,bank_card,0,,40.57
ord_000006522,u_043857,ss_00144791,clk_0000080223,2026-07-04,p_03904,Electronics,1971,61,0,installment,0,,368.38
ord_000006523,u_043861,ss_00144803,clk_0000080230,2026-07-27,p_04284,Books,300,33,305,bank_card,0,,63.57
ord_000006524,u_043868,ss_00144823,clk_0000080240,2026-07-20,p_00110,Fashion,1180,89,309,bank_card,0,,309.63
ord_000006525,u_043869,ss_00144833,clk_0000080250,2026-07-30,p_01604,Kids,937,0,149,ozon_card,0,,272.39
ord_000006526,u_043893,ss_00144917,clk_0000080300,2026-07-22,p_04248,Home,1022,32,0,installment,0,,206.65
ord_000006527,u_043894,ss_00144921,clk_0000080301,2026-07-23,p_00723,Home,1662,0,110,bank_card,0,,292.18
ord_000006528,u_043902,ss_00144946,clk_0000080318,2026-07-03,p_03004,Fashion,1674,126,277,bank_card,0,,456.17
ord_000006529,u_043905,ss_00144950,clk_0000080320,2026-07-27,p_00485,Kids,736,0,195,installment,0,,199.82
ord_000006530,u_043905,ss_00144950,clk_0000080321,2026-07-27,p_01814,Sports,1072,0,339,cash_on_delivery,0,,291.26
ord_000006531,u_043920,ss_00144994,clk_0000080342,2026-07-05,p_00692,Electronics,3494,0,0,bank_card,0,,536.33
ord_000006532,u_043923,ss_00144998,clk_0000080344,2026-07-20,p_02458,Fashion,626,13,139,bank_card,0,,165.26
ord_000006533,u_043923,ss_00144999,clk_0000080345,2026-07-17,p_00328,Pet,496,15,90,ozon_card,0,,85.41
ord_000006534,u_043958,ss_00145093,clk_0000080397,2026-07-25,p_00190,Home,1484,46,0,ozon_card,0,,268.46
ord_000006535,u_043960,ss_00145096,clk_0000080400,2026-07-15,p_01166,Fashion,2564,52,216,ozon_card,0,,593.31
ord_000006536,u_043971,ss_00145121,clk_0000080416,2026-07-09,p_00003,Fashion,1297,98,0,sberpay,0,,344.74
ord_000006537,u_043977,ss_00145150,clk_0000080445,2026-07-12,p_01682,Electronics,2649,139,209,cash_on_delivery,0,,384.63
ord_000006538,u_043980,ss_00145165,clk_0000080450,2026-07-29,p_02075,Beauty,1083,33,191,bank_card,0,,345.91
ord_000006539,u_043994,ss_00145196,clk_0000080458,2026-07-19,p_01748,Fashion,1609,33,166,ozon_card,0,,376.67
ord_000006540,u_044003,ss_00145223,clk_0000080471,2026-07-04,p_01038,Kids,1291,0,79,bank_card,0,,266.98
ord_000006541,u_044015,ss_00145256,clk_0000080493,2026-07-01,p_03121,Books,277,15,,ozon_card,0,,42.08
ord_000006542,u_044019,ss_00145270,clk_0000080500,2026-07-09,p_04053,Kids,2949,91,0,sberpay,0,,652.91
ord_000006543,u_044022,ss_00145281,clk_0000080506,2026-07-07,p_01808,Electronics,5130,0,0,sberpay,0,,347.81
ord_000006544,u_044025,ss_00145293,clk_0000080511,2026-07-03,p_02794,FMCG,938,29,217,bank_card,0,,178.88
ord_000006545,u_044027,ss_00145299,clk_0000080515,2026-07-03,p_03107,Electronics,2135,0,180,sberpay,0,,283.31
ord_000006546,u_044031,ss_00145308,clk_0000080520,2026-07-06,p_02775,Home,790,88,117,bank_card,0,,174.99
ord_000006547,u_044036,ss_00145328,clk_0000080528,2026-07-25,p_00074,Beauty,1063,22,223,bank_card,0,,277.55
ord_000006548,u_044051,ss_00145386,clk_0000080559,2026-07-08,p_00567,Fashion,565,12,119,bank_card,0,,125.15
ord_000006549,u_044058,ss_00145406,clk_0000080568,2026-07-10,p_02099,FMCG,760,40,0,ozon_card,0,,132.47
ord_000006550,u_044069,ss_00145442,clk_0000080577,2026-07-15,p_01508,FMCG,261,8,204,ozon_card,0,,30.25
ord_000006551,u_044095,ss_00145516,clk_0000080613,2026-07-01,p_02103,Books,155,5,104,ozon_card,0,,17.96
ord_000006552,u_044100,ss_00145531,clk_0000080621,2026-07-13,p_03504,Fashion,1064,22,116,installment,0,,298.98
ord_000006553,u_044105,ss_00145563,clk_0000080655,2026-07-16,p_00844,Kids,128,0,99,bank_card,0,,33.66
ord_000006554,u_044113,ss_00145592,clk_0000080665,2026-07-12,p_03167,Kids,603,32,90,ozon_card,0,,114.09
ord_000006555,u_044118,ss_00145608,clk_0000080673,2026-07-12,p_04416,Fashion,1043,116,183,bank_card,0,,365.68
ord_000006556,u_044127,ss_00145638,clk_0000080697,2026-07-01,p_00863,Fashion,1367,152,268,bank_card,0,,348.72
ord_000006557,u_044129,ss_00145647,clk_0000080699,2026-07-20,p_01463,Fashion,1134,155,90,bank_card,0,,356.19
ord_000006558,u_044132,ss_00145661,clk_0000080703,2026-07-09,p_00231,Electronics,3242,100,0,ozon_card,0,,345.27
ord_000006559,u_044133,ss_00145665,clk_0000080707,2026-07-06,p_01957,Fashion,2164,44,268,bank_card,0,,454.22
ord_000006560,u_044136,ss_00145676,clk_0000080714,2026-07-14,p_00509,Kids,694,77,183,cash_on_delivery,0,,150.11
ord_000006561,u_044144,ss_00145703,clk_0000080732,2026-07-22,p_03222,Electronics,3834,426,0,bank_card,0,,725.01
ord_000006562,u_044151,ss_00145727,clk_0000080747,2026-07-23,p_01730,Fashion,2929,60,272,ozon_card,0,,827.44
ord_000006563,u_044166,ss_00145780,clk_0000080773,2026-07-22,p_00055,FMCG,359,63,170,ozon_card,0,,70.18
ord_000006564,u_044167,ss_00145781,clk_0000080774,2026-07-11,p_01606,Electronics,2021,0,0,ozon_card,0,,266.57
ord_000006565,u_044171,ss_00145797,clk_0000080786,2026-07-12,p_00833,Home,1197,37,111,sberpay,0,,125.09
ord_000006566,u_044174,ss_00145807,clk_0000080791,2026-07-13,p_00740,Fashion,1005,20,145,bank_card,1,2026-07-30,-30.15
ord_000006567,u_044177,ss_00145821,clk_0000080802,2026-07-07,p_04401,Sports,1142,0,0,bank_card,0,,206.36
ord_000006568,u_044181,ss_00145831,clk_0000080806,2026-07-08,p_02842,Sports,2153,239,293,bank_card,0,,520.81
ord_000006569,u_044182,ss_00145836,clk_0000080810,2026-07-08,p_04282,Electronics,820,0,0,ozon_card,0,,165.97
ord_000006570,u_044189,ss_00145863,clk_0000080825,2026-07-24,p_01320,FMCG,269,0,287,ozon_card,0,,53.93
ord_000006571,u_044192,ss_00145873,clk_0000080829,2026-07-29,p_00803,Beauty,449,0,,bank_card,0,,106.46
ord_000006572,u_044193,ss_00145880,clk_0000080835,2026-07-06,p_00791,Pet,1552,48,227,bank_card,0,,312.73
ord_000006573,u_044199,ss_00145898,clk_0000080844,2026-07-21,p_03500,Kids,1489,0,296,ozon_card,0,,288.72
ord_000006574,u_044218,ss_00145974,clk_0000080880,2026-07-09,p_01329,Books,683,0,164,cash_on_delivery,0,,142.95
ord_000006575,u_044221,ss_00145985,clk_0000080886,2026-07-27,p_03212,Electronics,5691,300,0,bank_card,0,,227.64
ord_000006576,u_044224,ss_00145995,clk_0000080895,2026-07-24,p_03949,Sports,1600,0,257,installment,0,,319.36
ord_000006577,u_044246,ss_00146063,clk_0000080924,2026-07-28,p_01345,Kids,495,15,220,cash_on_delivery,0,,85.29
ord_000006578,u_044248,ss_00146070,clk_0000080929,2026-07-07,p_02355,Home,2137,0,145,installment,1,2026-07-27,-64.11
ord_000006579,u_044251,ss_00146078,clk_0000080931,2026-07-16,p_00266,Fashion,870,65,54,bank_card,0,,231.51
ord_000006580,u_044263,ss_00146106,clk_0000080953,2026-07-18,p_03031,Beauty,495,87,155,ozon_card,0,,100.68
ord_000006581,u_044272,ss_00146137,clk_0000080963,2026-07-01,p_03476,Kids,597,18,184,cash_on_delivery,0,,144.83
ord_000006582,u_044278,ss_00146152,clk_0000080971,2026-07-20,p_02667,Sports,1581,0,297,ozon_card,0,,447.42
ord_000006583,u_044278,ss_00146154,clk_0000080973,2026-07-27,p_00085,Beauty,490,10,46,installment,0,,105.69
ord_000006584,u_044301,ss_00146218,clk_0000080998,2026-07-16,p_03618,Sports,610,68,234,bank_card,0,,121.51
ord_000006585,u_044308,ss_00146250,clk_0000081010,2026-07-28,p_02125,Pet,941,0,250,bank_card,0,,189.24
ord_000006586,u_044311,ss_00146258,clk_0000081015,2026-07-22,p_03570,Beauty,580,30,0,bank_card,0,,139.61
ord_000006587,u_044317,ss_00146274,clk_0000081025,2026-07-23,p_00271,Auto,3601,635,0,ozon_card,0,,502.34
ord_000006588,u_044317,ss_00146278,clk_0000081027,2026-07-18,p_01904,Kids,1100,194,0,installment,0,,260.81
ord_000006589,u_044320,ss_00146289,clk_0000081032,2026-07-22,p_04063,Pet,881,98,170,ozon_card,0,,169.15
ord_000006590,u_044324,ss_00146311,clk_0000081049,2026-07-30,p_00733,Pet,491,54,81,bank_card,0,,104.93
ord_000006591,u_044353,ss_00146397,clk_0000081105,2026-07-09,p_00619,Fashion,1735,35,314,sberpay,0,,490.66
ord_000006592,u_044371,ss_00146452,clk_0000081129,2026-07-18,p_02823,Kids,821,43,318,ozon_card,0,,160.92
ord_000006593,u_044372,ss_00146455,clk_0000081132,2026-07-01,p_04448,Electronics,4313,0,0,bank_card,0,,426.56
ord_000006594,u_044380,ss_00146485,clk_0000081143,2026-07-15,p_03844,Books,233,41,0,sberpay,0,,50.28
ord_000006595,u_044387,ss_00146506,clk_0000081155,2026-07-24,p_00203,Electronics,4760,251,0,bank_card,0,,937.24
ord_000006596,u_044388,ss_00146508,clk_0000081158,2026-07-17,p_02216,Home,2677,298,279,cash_on_delivery,0,,558.15
ord_000006597,u_044389,ss_00146510,clk_0000081159,2026-07-05,p_03531,Fashion,511,57,237,ozon_card,0,,87.64
ord_000006598,u_044408,ss_00146573,clk_0000081189,2026-07-07,p_04159,Home,496,26,33,ozon_card,0,,67.95
ord_000006599,u_044408,ss_00146573,clk_0000081190,2026-07-07,p_00752,Electronics,5624,0,0,installment,0,,1036.5
ord_000006600,u_044418,ss_00146609,clk_0000081205,2026-07-14,p_01738,Electronics,8308,437,247,sberpay,0,,1242.05
ord_000006601,u_044419,ss_00146615,clk_0000081208,2026-07-11,p_01926,Home,2482,131,133,bank_card,0,,310.99
ord_000006602,u_044422,ss_00146626,clk_0000081212,2026-07-30,p_02324,Fashion,665,14,284,bank_card,0,,125.75
ord_000006603,u_044432,ss_00146677,clk_0000081253,2026-07-09,p_00755,FMCG,502,0,152,ozon_card,0,,42.47
ord_000006604,u_044449,ss_00146726,clk_0000081279,2026-07-01,p_03163,Auto,5382,0,0,bank_card,0,,1060.79
ord_000006605,u_044460,ss_00146768,clk_0000081306,2026-07-21,p_04383,Electronics,1093,58,182,ozon_card,0,,137.94
ord_000006606,u_044477,ss_00146826,clk_0000081341,2026-07-27,p_04002,Electronics,1326,0,297,bank_card,0,,169.99
ord_000006607,u_044477,ss_00146827,clk_0000081344,2026-07-29,p_02119,Pet,734,0,128,bank_card,0,,102.98
ord_000006608,u_044480,ss_00146838,clk_0000081353,2026-07-16,p_00014,Fashion,1999,105,0,bank_card,0,,410.19
ord_000006609,u_044487,ss_00146854,clk_0000081365,2026-07-20,p_01942,Pet,1295,144,107,ozon_card,0,,253.82
ord_000006610,u_044493,ss_00146867,clk_0000081371,2026-07-08,p_02427,Home,3091,344,0,ozon_card,0,,562.87
ord_000006611,u_044524,ss_00146961,clk_0000081415,2026-07-18,p_04304,Beauty,759,15,0,bank_card,0,,200.76
ord_000006612,u_044543,ss_00147014,clk_0000081438,2026-07-14,p_03712,Home,1138,0,0,ozon_card,0,,214.74
ord_000006613,u_044545,ss_00147032,clk_0000081453,2026-07-14,p_00778,Electronics,3033,0,0,ozon_card,0,,497.11
ord_000006614,u_044549,ss_00147036,clk_0000081457,2026-07-29,p_03254,Fashion,1669,126,303,bank_card,0,,354.83
ord_000006615,u_044576,ss_00147132,clk_0000081498,2026-07-09,p_03384,Fashion,1890,0,0,ozon_card,0,,612.55
ord_000006616,u_044584,ss_00147156,clk_0000081510,2026-07-19,p_00701,Pet,3255,362,0,bank_card,0,,829.7
ord_000006617,u_044585,ss_00147160,clk_0000081512,2026-07-07,p_03929,Kids,524,0,192,ozon_card,0,,79.44
ord_000006618,u_044589,ss_00147175,clk_0000081524,2026-07-04,p_00665,Fashion,1654,125,79,ozon_card,0,,301.86
ord_000006619,u_044591,ss_00147182,clk_0000081527,2026-07-25,p_03164,Electronics,911,28,192,cash_on_delivery,0,,69.33
ord_000006620,u_044592,ss_00147185,clk_0000081530,2026-07-26,p_00449,Kids,2021,0,0,ozon_card,0,,494.54
ord_000006621,u_044614,ss_00147257,clk_0000081581,2026-07-21,p_04284,Books,333,0,0,cash_on_delivery,0,,70.56
ord_000006622,u_044616,ss_00147264,clk_0000081585,2026-07-13,p_00635,Books,293,33,281,bank_card,0,,23.03
ord_000006623,u_044626,ss_00147293,clk_0000081599,2026-07-08,p_00403,Home,3334,175,242,sberpay,0,,943.19
ord_000006624,u_044649,ss_00147368,clk_0000081636,2026-07-23,p_00581,Kids,2892,321,279,cash_on_delivery,0,,370.18
ord_000006625,u_044661,ss_00147415,clk_0000081660,2026-07-07,p_03716,FMCG,248,0,0,cash_on_delivery,0,,39.93
ord_000006626,u_044670,ss_00147438,clk_0000081671,2026-07-25,p_02759,Home,1828,57,143,bank_card,0,,328.31
ord_000006627,u_044683,ss_00147481,clk_0000081703,2026-07-16,p_00756,Electronics,3010,0,0,sberpay,0,,432.54
ord_000006628,u_044687,ss_00147490,clk_0000081708,2026-07-12,p_04435,Books,428,0,113,installment,0,,98.18
ord_000006629,u_044697,ss_00147516,clk_0000081723,2026-07-08,p_01543,Kids,817,0,130,bank_card,0,,105.39
ord_000006630,u_044719,ss_00147589,clk_0000081767,2026-07-01,p_02136,Electronics,6825,0,0,bank_card,0,,885.2
ord_000006631,u_044739,ss_00147644,clk_0000081791,2026-07-17,p_00320,Fashion,1443,76,131,ozon_card,1,2026-08-22,-43.29
ord_000006632,u_044745,ss_00147679,clk_0000081819,2026-07-21,p_02709,Electronics,2806,312,190,ozon_card,1,2026-08-09,-84.18
ord_000006633,u_044749,ss_00147693,clk_0000081823,2026-07-14,p_04456,Fashion,961,0,241,ozon_card,0,,189.8
ord_000006634,u_044764,ss_00147739,clk_0000081855,2026-07-18,p_01063,FMCG,961,30,197,cash_on_delivery,0,,94.27
ord_000006635,u_044766,ss_00147742,clk_0000081857,2026-07-25,p_00683,Books,417,46,140,ozon_card,0,,66.14
ord_000006636,u_044767,ss_00147744,clk_0000081859,2026-07-29,p_03096,Beauty,1140,23,260,installment,0,,320.11
ord_000006637,u_044793,ss_00147825,clk_0000081910,2026-07-19,p_00624,FMCG,179,20,0,ozon_card,0,,32.38
ord_000006638,u_044797,ss_00147840,clk_0000081919,2026-07-14,p_00129,Kids,1901,0,0,bank_card,0,,356.82
ord_000006639,u_044806,ss_00147872,clk_0000081936,2026-07-07,p_02589,Pet,1706,90,0,bank_card,0,,165.31
ord_000006640,u_044830,ss_00147928,clk_0000081963,2026-07-01,p_01961,Pet,734,23,165,bank_card,0,,188.71
ord_000006641,u_044838,ss_00147962,clk_0000081975,2026-07-06,p_00892,Fashion,625,13,0,bank_card,0,,164.12
ord_000006642,u_044855,ss_00148026,clk_0000082012,2026-07-23,p_01358,Electronics,2490,0,154,bank_card,0,,215.38
ord_000006643,u_044860,ss_00148035,clk_0000082018,2026-07-22,p_01173,Electronics,9613,1696,0,cash_on_delivery,0,,845.94
ord_000006644,u_044876,ss_00148083,clk_0000082038,2026-07-11,p_02965,Home,1966,103,181,bank_card,0,,418.95
ord_000006645,u_044883,ss_00148104,clk_0000082048,2026-07-19,p_04311,Fashion,1704,90,234,installment,1,2026-08-10,-51.12
ord_000006646,u_044892,ss_00148127,clk_0000082061,2026-07-23,p_04024,Electronics,2506,78,253,sberpay,0,,243.33
ord_000006647,u_044895,ss_00148135,clk_0000082065,2026-07-02,p_00172,Kids,1033,32,0,installment,0,,142.35
ord_000006648,u_044895,ss_00148137,clk_0000082067,2026-07-09,p_01751,Home,3409,0,0,bank_card,0,,664.07
ord_000006649,u_044898,ss_00148141,clk_0000082070,2026-07-13,p_00826,Kids,1162,0,60,bank_card,0,,214.27
ord_000006650,u_044902,ss_00148165,clk_0000082080,2026-07-16,p_01169,Sports,450,14,199,ozon_card,0,,130.77
ord_000006651,u_044907,ss_00148175,clk_0000082090,2026-07-11,p_01276,Kids,621,0,206,ozon_card,0,,155.93
ord_000006652,u_044916,ss_00148203,clk_0000082103,2026-07-26,p_04254,Home,5134,159,324,installment,0,,1384.64
ord_000006653,u_044919,ss_00148212,clk_0000082108,2026-07-09,p_02901,FMCG,518,92,31,installment,0,,69.72
ord_000006654,u_044924,ss_00148225,clk_0000082115,2026-07-13,p_01199,Auto,3112,164,,bank_card,0,,533.4
ord_000006655,u_044934,ss_00148254,clk_0000082128,2026-07-04,p_01923,Kids,1629,86,277,bank_card,0,,325.31
ord_000006656,u_044934,ss_00148255,clk_0000082130,2026-07-04,p_02771,Pet,1108,34,212,bank_card,0,,160.99
ord_000006657,u_044935,ss_00148257,clk_0000082131,2026-07-21,p_03608,Electronics,1260,0,91,cash_on_delivery,0,,156.87
ord_000006658,u_044943,ss_00148309,clk_0000082173,2026-07-05,p_00086,Fashion,3664,193,284,ozon_card,1,2026-08-10,-109.92
ord_000006659,u_044943,ss_00148313,clk_0000082176,2026-07-25,p_01673,Fashion,573,43,317,bank_card,0,,102.28
ord_000006660,u_044944,ss_00148315,clk_0000082178,2026-07-29,p_01444,Beauty,817,17,208,ozon_card,0,,324.68
ord_000006661,u_044955,ss_00148347,clk_0000082198,2026-07-10,p_00736,FMCG,432,0,0,ozon_card,0,,67.09
ord_000006662,u_044957,ss_00148355,clk_0000082204,2026-07-10,p_03672,Electronics,4289,0,0,sberpay,0,,374.86
ord_000006663,u_044959,ss_00148361,clk_0000082209,2026-07-22,p_02806,Home,4112,0,0,bank_card,0,,948.64
ord_000006664,u_044968,ss_00148391,clk_0000082227,2026-07-01,p_03961,Fashion,1716,351,252,bank_card,0,,413.56
ord_000006665,u_044974,ss_00148411,clk_0000082240,2026-07-16,p_01981,Books,678,36,113,ozon_card,0,,159.74
ord_000006666,u_044979,ss_00148423,clk_0000082251,2026-07-07,p_02823,Kids,821,43,138,bank_card,0,,160.92
ord_000006667,u_044985,ss_00148437,clk_0000082257,2026-07-12,p_00422,Kids,2190,68,152,ozon_card,0,,432.96
ord_000006668,u_044985,ss_00148440,clk_0000082260,2026-07-18,p_03178,Fashion,1143,23,262,ozon_card,0,,263.69
ord_000006669,u_044992,ss_00148457,clk_0000082272,2026-07-15,p_00869,Fashion,1590,120,248,bank_card,0,,465.23
ord_000006670,u_045000,ss_00148479,clk_0000082288,2026-07-28,p_03748,Kids,960,51,170,ozon_card,0,,137.66
ord_000006671,u_045007,ss_00148502,clk_0000082303,2026-07-07,p_03515,Beauty,723,0,0,bank_card,0,,209.6
ord_000006672,u_045022,ss_00148562,clk_0000082326,2026-07-17,p_02268,FMCG,554,17,240,bank_card,0,,107.86
ord_000006673,u_045031,ss_00148596,clk_0000082341,2026-07-30,p_02382,Fashion,2564,193,128,ozon_card,0,,614.08
ord_000006674,u_045037,ss_00148612,clk_0000082349,2026-07-22,p_02749,Fashion,1291,176,195,ozon_card,0,,272.01
ord_000006675,u_045040,ss_00148622,clk_0000082355,2026-07-09,p_01743,Electronics,3794,0,0,cash_on_delivery,0,,393.82
ord_000006676,u_045058,ss_00148665,clk_0000082371,2026-07-22,p_01779,Electronics,3980,0,0,sberpay,0,,467.25
ord_000006677,u_045071,ss_00148712,clk_0000082395,2026-07-16,p_00061,Fashion,367,0,0,ozon_card,1,2026-08-03,-11.01
ord_000006678,u_045076,ss_00148728,clk_0000082402,2026-07-12,p_03746,Home,1119,59,363,sberpay,0,,219.55
ord_000006679,u_045088,ss_00148791,clk_0000082442,2026-07-08,p_00356,Kids,1020,54,125,installment,0,,290.8
ord_000006680,u_045092,ss_00148802,clk_0000082450,2026-07-28,p_01674,FMCG,254,0,139,ozon_card,0,,30.76
ord_000006681,u_045103,ss_00148829,clk_0000082460,2026-07-16,p_04256,Books,464,82,160,cash_on_delivery,0,,96.33
ord_000006682,u_045106,ss_00148843,clk_0000082469,2026-07-11,p_01311,Home,4232,0,0,cash_on_delivery,0,,1140.52
ord_000006683,u_045108,ss_00148848,clk_0000082471,2026-07-08,p_02310,Pet,1432,44,279,ozon_card,0,,225.25
ord_000006684,u_045111,ss_00148855,clk_0000082475,2026-07-19,p_03877,Kids,814,43,281,ozon_card,0,,109.08
ord_000006685,u_045111,ss_00148858,clk_0000082478,2026-07-25,p_02727,Pet,549,29,0,ozon_card,0,,92.84
ord_000006686,u_045112,ss_00148865,clk_0000082479,2026-07-25,p_02630,Home,1922,59,0,bank_card,0,,456.09
ord_000006687,u_045118,ss_00148883,clk_0000082487,2026-07-21,p_04284,Books,323,10,0,ozon_card,0,,68.44
ord_000006688,u_045118,ss_00148883,clk_0000082488,2026-07-21,p_02136,Electronics,6620,205,166,ozon_card,0,,858.61
ord_000006689,u_045121,ss_00148897,clk_0000082500,2026-07-27,p_03161,Kids,956,169,283,ozon_card,0,,128.2
ord_000006690,u_045122,ss_00148901,clk_0000082504,2026-07-19,p_02376,Auto,2573,80,176,bank_card,0,,444.1
ord_000006691,u_045129,ss_00148926,clk_0000082514,2026-07-27,p_00698,Electronics,2673,0,,bank_card,0,,195.66
ord_000006692,u_045153,ss_00149002,clk_0000082557,2026-07-28,p_00635,Books,326,0,231,bank_card,0,,25.62
ord_000006693,u_045153,ss_00149003,clk_0000082560,2026-07-19,p_00070,Fashion,678,21,284,cash_on_delivery,0,,179.87
ord_000006694,u_045163,ss_00149031,clk_0000082576,2026-07-13,p_04169,Home,643,0,249,bank_card,0,,111.69
ord_000006695,u_045169,ss_00149052,clk_0000082588,2026-07-27,p_00468,Beauty,717,15,0,installment,0,,230.16
ord_000006696,u_045173,ss_00149068,clk_0000082595,2026-07-21,p_00181,FMCG,177,0,70,cash_on_delivery,0,,28.55
ord_000006697,u_045173,ss_00149069,clk_0000082596,2026-07-11,p_03104,Beauty,725,38,194,cash_on_delivery,0,,205.97
ord_000006698,u_045183,ss_00149090,clk_0000082610,2026-07-13,p_01126,Books,204,0,93,cash_on_delivery,0,,51.86
ord_000006699,u_045206,ss_00149159,clk_0000082645,2026-07-12,p_03885,Kids,680,76,353,installment,0,,153.88
ord_000006700,u_045213,ss_00149175,clk_0000082653,2026-07-30,p_01988,FMCG,403,0,276,ozon_card,0,,51.34
ord_000006701,u_045214,ss_00149177,clk_0000082655,2026-07-10,p_03548,Sports,2159,240,99,sberpay,0,,365.73
ord_000006702,u_045218,ss_00149191,clk_0000082661,2026-07-11,p_01973,Auto,847,94,,ozon_card,0,,216.92
ord_000006703,u_045221,ss_00149204,clk_0000082666,2026-07-26,p_00676,Electronics,3194,355,209,ozon_card,0,,424.16
ord_000006704,u_045227,ss_00149218,clk_0000082671,2026-07-25,p_00825,Auto,3433,0,0,ozon_card,0,,795.08
ord_000006705,u_045240,ss_00149285,clk_0000082725,2026-07-30,p_01927,Sports,1407,44,324,bank_card,0,,370.74
ord_000006706,u_045244,ss_00149304,clk_0000082734,2026-07-21,p_03293,Beauty,354,0,239,installment,0,,98.41
ord_000006707,u_045251,ss_00149321,clk_0000082751,2026-07-24,p_04005,Fashion,2974,0,102,cash_on_delivery,0,,558.81
ord_000006708,u_045253,ss_00149324,clk_0000082753,2026-07-14,p_03071,Fashion,724,0,92,bank_card,1,2026-07-25,-21.72
ord_000006709,u_045254,ss_00149327,clk_0000082754,2026-07-24,p_04270,Kids,2920,0,221,bank_card,0,,549.84
ord_000006710,u_045268,ss_00149370,clk_0000082780,2026-07-08,p_04230,Electronics,8569,0,86,installment,0,,497.86
ord_000006711,u_045269,ss_00149371,clk_0000082781,2026-07-27,p_01954,Beauty,508,69,246,bank_card,0,,128.17
ord_000006712,u_045276,ss_00149397,clk_0000082799,2026-07-03,p_00314,Kids,369,0,268,installment,0,,84.46
ord_000006713,u_045285,ss_00149432,clk_0000082818,2026-07-01,p_00808,FMCG,193,22,248,installment,0,,18.03
ord_000006714,u_045293,ss_00149450,clk_0000082826,2026-07-22,p_02433,FMCG,349,0,402,bank_card,0,,38.25
ord_000006715,u_045300,ss_00149471,clk_0000082836,2026-07-28,p_03293,Beauty,347,7,0,installment,0,,96.47
ord_000006716,u_045300,ss_00149473,clk_0000082839,2026-07-18,p_01045,Auto,3064,0,0,sberpay,0,,279.74
ord_000006717,u_045301,ss_00149476,clk_0000082843,2026-07-08,p_00312,Home,1262,66,73,installment,0,,284.58
ord_000006718,u_045303,ss_00149478,clk_0000082844,2026-07-16,p_02925,Sports,646,0,330,cash_on_delivery,0,,124.16
ord_000006719,u_045311,ss_00149508,clk_0000082858,2026-07-21,p_03001,Home,203,6,130,bank_card,0,,26.78
ord_000006720,u_045319,ss_00149549,clk_0000082894,2026-07-25,p_00113,Home,679,21,234,cash_on_delivery,0,,111.83
ord_000006721,u_045325,ss_00149563,clk_0000082898,2026-07-23,p_01262,Electronics,6322,0,294,bank_card,1,2026-08-19,-189.66
ord_000006722,u_045331,ss_00149587,clk_0000082910,2026-07-01,p_03321,Fashion,2390,49,330,cash_on_delivery,0,,544.68
ord_000006723,u_045335,ss_00149607,clk_0000082917,2026-07-24,p_01994,Home,2100,0,159,bank_card,0,,451.71
ord_000006724,u_045336,ss_00149609,clk_0000082918,2026-07-20,p_02178,FMCG,330,0,180,sberpay,0,,51.91
ord_000006725,u_045340,ss_00149620,clk_0000082923,2026-07-09,p_00621,Beauty,547,0,,bank_card,0,,166.4
ord_000006726,u_045341,ss_00149624,clk_0000082924,2026-07-25,p_04360,FMCG,194,0,247,bank_card,0,,28.05
ord_000006727,u_045347,ss_00149640,clk_0000082934,2026-07-26,p_00228,Beauty,514,0,190,ozon_card,0,,148.65
ord_000006728,u_045349,ss_00149649,clk_0000082938,2026-07-07,p_01249,Home,1950,0,183,sberpay,0,,346.12
ord_000006729,u_045351,ss_00149653,clk_0000082939,2026-07-18,p_00395,Electronics,3252,0,0,ozon_card,0,,405.2
ord_000006730,u_045365,ss_00149692,clk_0000082961,2026-07-12,p_01928,Home,3872,204,0,sberpay,0,,561.83
ord_000006731,u_045365,ss_00149692,clk_0000082962,2026-07-12,p_03656,Fashion,1490,112,295,cash_on_delivery,0,,285.78
ord_000006732,u_045372,ss_00149714,clk_0000082978,2026-07-29,p_00300,Kids,2013,0,258,ozon_card,0,,371.4
ord_000006733,u_045383,ss_00149744,clk_0000082991,2026-07-29,p_03607,Beauty,1421,0,298,ozon_card,0,,387.65
ord_000006734,u_045388,ss_00149772,clk_0000083002,2026-07-26,p_03163,Auto,5221,161,231,bank_card,0,,1029.06
ord_000006735,u_045401,ss_00149821,clk_0000083029,2026-07-11,p_00435,Home,1678,88,111,bank_card,0,,317.98
ord_000006736,u_045408,ss_00149850,clk_0000083048,2026-07-15,p_04385,Home,1548,0,49,ozon_card,1,2026-07-24,-46.44
ord_000006737,u_045410,ss_00149858,clk_0000083060,2026-07-25,p_02128,Fashion,690,14,0,ozon_card,0,,191.89
ord_000006738,u_045428,ss_00149928,clk_0000083100,2026-07-09,p_00445,Electronics,5726,0,0,bank_card,0,,428.88
ord_000006739,u_045432,ss_00149944,clk_0000083108,2026-07-01,p_03713,Home,2024,0,378,bank_card,0,,424.43
ord_000006740,u_045439,ss_00149963,clk_0000083120,2026-07-15,p_03188,Pet,389,43,210,bank_card,0,,84.84
ord_000006741,u_045440,ss_00149964,clk_0000083121,2026-07-04,p_03781,Pet,878,0,184,ozon_card,1,2026-08-04,-26.34
ord_000006742,u_045457,ss_00150027,clk_0000083149,2026-07-02,p_03079,Home,1821,56,126,bank_card,0,,463.63
ord_000006743,u_045471,ss_00150067,clk_0000083170,2026-07-30,p_01587,FMCG,350,39,0,cash_on_delivery,0,,74.66
ord_000006744,u_045471,ss_00150070,clk_0000083171,2026-07-13,p_03723,Auto,3245,361,127,ozon_card,0,,607.46
ord_000006745,u_045475,ss_00150082,clk_0000083181,2026-07-21,p_02213,FMCG,662,74,228,installment,0,,82.22
ord_000006746,u_045477,ss_00150089,clk_0000083191,2026-07-18,p_02999,Electronics,4853,539,0,ozon_card,0,,480.45
ord_000006747,u_045483,ss_00150115,clk_0000083203,2026-07-11,p_03373,Kids,1544,48,231,bank_card,0,,260.63
ord_000006748,u_045485,ss_00150121,clk_0000083206,2026-07-10,p_02135,Electronics,2351,124,119,installment,0,,381.1
ord_000006749,u_045499,ss_00150168,clk_0000083234,2026-07-06,p_02681,Fashion,2121,112,0,bank_card,0,,595.58
ord_000006750,u_045502,ss_00150175,clk_0000083242,2026-07-04,p_04315,FMCG,490,26,133,ozon_card,0,,52.92
ord_000006751,u_045509,ss_00150197,clk_0000083260,2026-07-23,p_03363,Beauty,870,97,265,bank_card,0,,176.44
ord_000006752,u_045521,ss_00150234,clk_0000083279,2026-07-20,p_01364,Fashion,1039,21,0,bank_card,0,,253.93
ord_000006753,u_045524,ss_00150253,clk_0000083287,2026-07-21,p_01241,Electronics,8343,0,0,bank_card,0,,896.04
ord_000006754,u_045540,ss_00150304,clk_0000083312,2026-07-23,p_04048,Home,2023,63,369,ozon_card,0,,350.59
ord_000006755,u_045542,ss_00150318,clk_0000083317,2026-07-14,p_03243,Beauty,820,62,330,bank_card,0,,221.32
ord_000006756,u_045543,ss_00150320,clk_0000083320,2026-07-18,p_03681,Home,4260,0,308,installment,0,,818.77
ord_000006757,u_045556,ss_00150362,clk_0000083339,2026-07-06,p_01657,Sports,788,0,295,bank_card,0,,251.45
ord_000006758,u_045564,ss_00150394,clk_0000083355,2026-07-01,p_02306,FMCG,345,0,150,bank_card,0,,43.81
ord_000006759,u_045570,ss_00150415,clk_0000083362,2026-07-24,p_00037,Home,3051,538,373,cash_on_delivery,0,,642.85
ord_000006760,u_045578,ss_00150452,clk_0000083391,2026-07-12,p_03857,Beauty,480,98,279,installment,0,,146.02
ord_000006761,u_045580,ss_00150457,clk_0000083393,2026-07-26,p_00621,Beauty,536,11,259,ozon_card,0,,163.05
ord_000006762,u_045585,ss_00150463,clk_0000083396,2026-07-24,p_01602,Fashion,3540,483,0,bank_card,1,2026-08-21,-106.2
ord_000006763,u_045587,ss_00150474,clk_0000083400,2026-07-25,p_01424,Beauty,508,38,313,bank_card,0,,128.57
ord_000006764,u_045588,ss_00150477,clk_0000083403,2026-07-29,p_01729,Home,1640,182,189,ozon_card,0,,458.54
ord_000006765,u_045591,ss_00150490,clk_0000083408,2026-07-03,p_00095,Electronics,2882,152,228,bank_card,0,,213.27
ord_000006766,u_045609,ss_00150565,clk_0000083469,2026-07-15,p_00098,Pet,282,0,247,ozon_card,0,,61.28
ord_000006767,u_045622,ss_00150596,clk_0000083489,2026-07-07,p_02850,Electronics,6651,0,213,ozon_card,0,,266.04
ord_000006768,u_045634,ss_00150650,clk_0000083530,2026-07-11,p_00123,Home,3517,185,0,cash_on_delivery,0,,666.47
ord_000006769,u_045635,ss_00150652,clk_0000083531,2026-07-28,p_03966,Sports,5227,0,0,ozon_card,0,,1236.71
ord_000006770,u_045637,ss_00150663,clk_0000083534,2026-07-29,p_02795,Sports,4716,0,143,bank_card,0,,1209.18
ord_000006771,u_045655,ss_00150722,clk_0000083560,2026-07-28,p_02469,Home,1557,48,329,bank_card,0,,301.28
ord_000006772,u_045673,ss_00150784,clk_0000083592,2026-07-09,p_01643,Books,293,32,147,sberpay,0,,71.08
ord_000006773,u_045674,ss_00150791,clk_0000083595,2026-07-13,p_02629,Electronics,3718,0,0,bank_card,0,,287.4
ord_000006774,u_045676,ss_00150797,clk_0000083601,2026-07-10,p_03323,Beauty,1074,22,0,ozon_card,0,,290.73
ord_000006775,u_045677,ss_00150807,clk_0000083608,2026-07-10,p_00533,Books,566,63,0,installment,0,,106.92
ord_000006776,u_045680,ss_00150823,clk_0000083620,2026-07-11,p_03333,Auto,4082,215,113,cash_on_delivery,0,,823.75
ord_000006777,u_045684,ss_00150837,clk_0000083628,2026-07-17,p_01489,Beauty,311,16,0,bank_card,0,,90.72
ord_000006778,u_045703,ss_00150896,clk_0000083653,2026-07-10,p_00917,Kids,1061,33,52,ozon_card,0,,319.15
ord_000006779,u_045709,ss_00150919,clk_0000083663,2026-07-09,p_02658,Auto,1197,37,308,bank_card,0,,179.79
ord_000006780,u_045710,ss_00150920,clk_0000083665,2026-07-26,p_04366,Home,1333,70,209,bank_card,0,,241.54
ord_000006781,u_045713,ss_00150932,clk_0000083670,2026-07-04,p_02250,Kids,756,134,222,bank_card,0,,149.46
ord_000006782,u_045719,ss_00150955,clk_0000083687,2026-07-23,p_00952,Beauty,462,63,0,sberpay,0,,136.94
ord_000006783,u_045734,ss_00150992,clk_0000083714,2026-07-05,p_03999,Electronics,2376,0,160,ozon_card,1,2026-07-24,-71.28
ord_000006784,u_045735,ss_00150995,clk_0000083716,2026-07-03,p_00610,Beauty,307,6,192,ozon_card,0,,90.29
ord_000006785,u_045736,ss_00150998,clk_0000083717,2026-07-04,p_01140,Fashion,1464,45,268,bank_card,0,,367.76
ord_000006786,u_045744,ss_00151029,clk_0000083733,2026-07-05,p_01332,Fashion,1418,0,336,bank_card,0,,340.75
ord_000006787,u_045745,ss_00151033,clk_0000083736,2026-07-15,p_01376,Kids,640,0,274,bank_card,0,,174.46
ord_000006788,u_045755,ss_00151056,clk_0000083750,2026-07-29,p_00055,FMCG,380,42,183,sberpay,0,,74.29
ord_000006789,u_045758,ss_00151061,clk_0000083752,2026-07-06,p_01382,FMCG,366,19,300,bank_card,0,,43.04
ord_000006790,u_045767,ss_00151092,clk_0000083767,2026-07-15,p_02817,Sports,2550,134,173,bank_card,0,,585.48
ord_000006791,u_045768,ss_00151100,clk_0000083772,2026-07-17,p_04417,Electronics,3077,0,0,sberpay,0,,123.08
ord_000006792,u_045782,ss_00151132,clk_0000083791,2026-07-24,p_00801,Auto,2254,0,237,bank_card,0,,364.92
ord_000006793,u_045782,ss_00151134,clk_0000083793,2026-07-18,p_01514,Electronics,6237,328,0,installment,0,,360.5
ord_000006794,u_045794,ss_00151170,clk_0000083813,2026-07-19,p_00426,Fashion,583,12,,bank_card,0,,126.86
ord_000006795,u_045795,ss_00151184,clk_0000083819,2026-07-02,p_01259,Fashion,1178,161,206,bank_card,1,2026-07-22,-35.34
ord_000006796,u_045795,ss_00151185,clk_0000083821,2026-07-28,p_01532,Electronics,5285,0,0,sberpay,0,,952.89
ord_000006797,u_045806,ss_00151218,clk_0000083838,2026-07-18,p_00945,Beauty,465,0,219,bank_card,0,,121.13
ord_000006798,u_045812,ss_00151234,clk_0000083847,2026-07-29,p_02558,Electronics,1255,139,117,sberpay,0,,108.81
ord_000006799,u_045813,ss_00151239,clk_0000083852,2026-07-01,p_02361,Pet,1111,58,193,ozon_card,0,,269.75
ord_000006800,u_045823,ss_00151301,clk_0000083901,2026-07-15,p_03593,Home,733,23,220,bank_card,0,,107.68
ord_000006801,u_045834,ss_00151327,clk_0000083921,2026-07-19,p_00534,Sports,831,0,238,ozon_card,0,,196.37
ord_000006802,u_045847,ss_00151367,clk_0000083938,2026-07-07,p_02201,Home,2038,0,8,ozon_card,0,,559.23
ord_000006803,u_045848,ss_00151376,clk_0000083942,2026-07-06,p_02845,FMCG,599,0,153,ozon_card,0,,78.89
ord_000006804,u_045871,ss_00151458,clk_0000083988,2026-07-14,p_01650,Beauty,405,21,92,installment,0,,127.78
ord_000006805,u_045877,ss_00151482,clk_0000084007,2026-07-01,p_02303,Electronics,4150,461,117,sberpay,0,,184.67
ord_000006806,u_045889,ss_00151519,clk_0000084023,2026-07-09,p_02879,Pet,640,0,99,ozon_card,0,,105.41
ord_000006807,u_045897,ss_00151555,clk_0000084043,2026-07-25,p_01442,Beauty,1518,0,0,sberpay,0,,369.48
ord_000006808,u_045900,ss_00151564,clk_0000084050,2026-07-28,p_01961,Pet,757,0,110,installment,0,,194.62
ord_000006809,u_045902,ss_00151573,clk_0000084053,2026-07-07,p_03886,Pet,1411,157,240,bank_card,0,,191.61
ord_000006810,u_045905,ss_00151584,clk_0000084056,2026-07-06,p_01256,Beauty,609,12,315,bank_card,0,,193.91
ord_000006811,u_045914,ss_00151615,clk_0000084065,2026-07-03,p_04422,Beauty,505,56,277,ozon_card,0,,148.97
ord_000006812,u_045931,ss_00151664,clk_0000084091,2026-07-06,p_00635,Books,326,0,234,bank_card,0,,25.62
ord_000006813,u_045938,ss_00151687,clk_0000084098,2026-07-15,p_01935,Home,3504,0,0,cash_on_delivery,0,,707.46
ord_000006814,u_045939,ss_00151689,clk_0000084100,2026-07-11,p_02560,FMCG,288,0,325,ozon_card,0,,38.13
ord_000006815,u_045939,ss_00151690,clk_0000084102,2026-07-27,p_02034,Auto,6534,202,28,bank_card,0,,1202.26
ord_000006816,u_045947,ss_00151714,clk_0000084118,2026-07-12,p_04462,Beauty,697,14,245,bank_card,0,,205.82
ord_000006817,u_045960,ss_00151768,clk_0000084147,2026-07-12,p_04345,FMCG,258,14,224,bank_card,0,,33.44
ord_000006818,u_045962,ss_00151776,clk_0000084152,2026-07-01,p_01025,Beauty,785,0,0,bank_card,0,,252.77
ord_000006819,u_045962,ss_00151778,clk_0000084153,2026-07-03,p_03955,Fashion,1207,134,132,sberpay,0,,330.84
ord_000006820,u_045964,ss_00151784,clk_0000084156,2026-07-07,p_01880,Auto,1320,0,215,sberpay,0,,175.16
ord_000006821,u_045968,ss_00151793,clk_0000084160,2026-07-12,p_01095,Fashion,565,12,0,ozon_card,0,,123.17
ord_000006822,u_045989,ss_00151853,clk_0000084198,2026-07-26,p_01490,Fashion,2024,106,216,ozon_card,1,2026-08-25,-60.72
ord_000006823,u_045989,ss_00151855,clk_0000084199,2026-07-15,p_00630,Kids,1277,0,91,bank_card,0,,299.84
ord_000006824,u_045989,ss_00151857,clk_0000084201,2026-07-29,p_00712,Pet,409,0,246,ozon_card,0,,90.39
ord_000006825,u_046003,ss_00151898,clk_0000084220,2026-07-23,p_00678,FMCG,1540,81,148,installment,0,,180.64
ord_000006826,u_046007,ss_00151907,clk_0000084225,2026-07-12,p_03830,Beauty,456,9,182,sberpay,0,,122.25
ord_000006827,u_046008,ss_00151910,clk_0000084226,2026-07-25,p_00517,Auto,1493,46,19,ozon_card,0,,261.57
ord_000006828,u_046035,ss_00152012,clk_0000084278,2026-07-18,p_03097,Fashion,757,134,,ozon_card,0,,229.14
ord_000006829,u_046054,ss_00152063,clk_0000084304,2026-07-23,p_03673,Auto,1319,147,0,cash_on_delivery,0,,312.6
ord_000006830,u_046056,ss_00152071,clk_0000084308,2026-07-09,p_03902,Kids,572,18,189,installment,0,,106.51
ord_000006831,u_046061,ss_00152084,clk_0000084314,2026-07-22,p_01331,Books,186,10,172,installment,0,,40.51
ord_000006832,u_046068,ss_00152100,clk_0000084321,2026-07-09,p_02032,FMCG,867,0,,ozon_card,0,,190.13
ord_000006833,u_046070,ss_00152105,clk_0000084324,2026-07-20,p_00966,Fashion,1283,26,68,bank_card,0,,288.29
ord_000006834,u_046077,ss_00152123,clk_0000084333,2026-07-16,p_03175,Beauty,996,20,277,ozon_card,0,,335.45
ord_000006835,u_046096,ss_00152174,clk_0000084360,2026-07-01,p_00386,Beauty,444,33,131,bank_card,0,,122.37
ord_000006836,u_046106,ss_00152209,clk_0000084376,2026-07-28,p_02977,Fashion,551,29,0,sberpay,0,,107.89
ord_000006837,u_046118,ss_00152244,clk_0000084396,2026-07-16,p_03593,Home,680,76,223,bank_card,0,,99.89
ord_000006838,u_046119,ss_00152248,clk_0000084401,2026-07-05,p_03161,Kids,1091,34,262,bank_card,0,,146.3
ord_000006839,u_046134,ss_00152305,clk_0000084431,2026-07-08,p_02017,Pet,411,0,276,bank_card,0,,77.35
ord_000006840,u_046150,ss_00152365,clk_0000084462,2026-07-17,p_04038,Kids,700,0,0,bank_card,0,,142.31
ord_000006841,u_046152,ss_00152377,clk_0000084466,2026-07-01,p_03805,Electronics,2390,74,212,cash_on_delivery,0,,286.32
ord_000006842,u_046159,ss_00152401,clk_0000084478,2026-07-28,p_04055,Pet,990,31,163,bank_card,0,,144.74
ord_000006843,u_046168,ss_00152425,clk_0000084491,2026-07-17,p_03948,Beauty,469,14,247,bank_card,0,,114.86
ord_000006844,u_046189,ss_00152471,clk_0000084513,2026-07-14,p_01023,Fashion,1817,202,206,sberpay,0,,418.64
ord_000006845,u_046193,ss_00152485,clk_0000084521,2026-07-11,p_00587,Electronics,5903,0,0,ozon_card,0,,733.74
ord_000006846,u_046195,ss_00152491,clk_0000084524,2026-07-19,p_03649,Fashion,3207,0,0,bank_card,0,,751.08
ord_000006847,u_046196,ss_00152499,clk_0000084527,2026-07-14,p_00069,Home,851,26,159,bank_card,0,,173.18
ord_000006848,u_046200,ss_00152514,clk_0000084535,2026-07-19,p_00600,Fashion,532,94,41,ozon_card,0,,132.95
ord_000006849,u_046213,ss_00152548,clk_0000084550,2026-07-10,p_04363,Fashion,1156,24,229,sberpay,0,,292.12
ord_000006850,u_046213,ss_00152550,clk_0000084552,2026-07-28,p_02434,Auto,1896,0,286,bank_card,0,,312.65
ord_000006851,u_046217,ss_00152560,clk_0000084557,2026-07-24,p_00260,Kids,1312,41,248,sberpay,0,,246.92
ord_000006852,u_046227,ss_00152587,clk_0000084576,2026-07-27,p_01088,Beauty,2238,118,157,ozon_card,0,,566.21
ord_000006853,u_046228,ss_00152592,clk_0000084580,2026-07-10,p_03149,Fashion,2321,47,100,ozon_card,0,,700.01
ord_000006854,u_046229,ss_00152596,clk_0000084583,2026-07-07,p_01691,Books,330,17,100,ozon_card,0,,58.08
ord_000006855,u_046230,ss_00152600,clk_0000084585,2026-07-02,p_04413,Electronics,3860,681,0,ozon_card,0,,448.53
ord_000006856,u_046230,ss_00152605,clk_0000084589,2026-07-26,p_02915,Beauty,286,15,168,bank_card,0,,68.93
ord_000006857,u_046243,ss_00152647,clk_0000084606,2026-07-10,p_02809,Electronics,4785,532,0,bank_card,0,,930.68
ord_000006858,u_046248,ss_00152658,clk_0000084611,2026-07-03,p_00201,FMCG,724,22,,sberpay,0,,97.52
ord_000006859,u_046258,ss_00152680,clk_0000084624,2026-07-09,p_01022,Home,2023,0,191,ozon_card,0,,330.96
ord_000006860,u_046260,ss_00152695,clk_0000084633,2026-07-16,p_02786,Kids,1409,0,0,bank_card,0,,299.98
ord_000006861,u_046268,ss_00152720,clk_0000084649,2026-07-09,p_03886,Pet,1521,47,175,bank_card,0,,206.55
ord_000006862,u_046268,ss_00152721,clk_0000084650,2026-07-04,p_02301,Fashion,500,38,122,sberpay,0,,135.55
ord_000006863,u_046273,ss_00152739,clk_0000084662,2026-07-05,p_02066,Sports,562,30,196,bank_card,0,,83.57
ord_000006864,u_046278,ss_00152757,clk_0000084675,2026-07-29,p_02615,Auto,1900,100,151,bank_card,0,,458.85
ord_000006865,u_046285,ss_00152774,clk_0000084683,2026-07-28,p_01422,Kids,1067,33,369,bank_card,0,,259.81
ord_000006866,u_046287,ss_00152778,clk_0000084684,2026-07-23,p_02974,Auto,1506,47,337,bank_card,1,2026-08-19,-45.18
ord_000006867,u_046323,ss_00152893,clk_0000084735,2026-07-17,p_03826,Fashion,1181,24,270,bank_card,0,,276.83
ord_000006868,u_046324,ss_00152897,clk_0000084738,2026-07-29,p_00154,Books,400,0,87,installment,0,,106.6
ord_000006869,u_046325,ss_00152901,clk_0000084740,2026-07-25,p_00131,Auto,3244,0,0,bank_card,0,,629.01
ord_000006870,u_046332,ss_00152918,clk_0000084750,2026-07-24,p_03633,Home,3139,0,0,ozon_card,0,,829.64
ord_000006871,u_046332,ss_00152923,clk_0000084756,2026-07-29,p_02567,Beauty,405,31,51,ozon_card,0,,115.71
ord_000006872,u_046388,ss_00153093,clk_0000084834,2026-07-24,p_03809,Electronics,2838,0,173,installment,0,,211.15
ord_000006873,u_046392,ss_00153118,clk_0000084872,2026-07-13,p_02789,Electronics,4696,145,231,bank_card,0,,532.53
ord_000006874,u_046398,ss_00153139,clk_0000084880,2026-07-08,p_04042,Beauty,741,0,362,cash_on_delivery,0,,212.52
ord_000006875,u_046402,ss_00153156,clk_0000084891,2026-07-18,p_02449,Electronics,2572,80,177,ozon_card,0,,236.11
ord_000006876,u_046411,ss_00153193,clk_0000084909,2026-07-14,p_04395,Fashion,949,19,244,bank_card,1,2026-08-16,-28.47
ord_000006877,u_046411,ss_00153194,clk_0000084911,2026-07-13,p_02963,FMCG,325,36,157,ozon_card,0,,60.52
ord_000006878,u_046417,ss_00153213,clk_0000084915,2026-07-28,p_01204,Books,496,0,262,ozon_card,0,,118.69
ord_000006879,u_046419,ss_00153219,clk_0000084920,2026-07-12,p_03574,Beauty,396,30,114,sberpay,0,,99.91
ord_000006880,u_046427,ss_00153253,clk_0000084940,2026-07-13,p_01777,Home,2514,444,0,sberpay,0,,349.7
ord_000006881,u_046427,ss_00153253,clk_0000084941,2026-07-13,p_03309,FMCG,317,10,0,sberpay,0,,26.03
ord_000006882,u_046432,ss_00153268,clk_0000084948,2026-07-20,p_01470,Sports,4374,0,0,bank_card,0,,801.32
ord_000006883,u_046433,ss_00153272,clk_0000084951,2026-07-11,p_01045,Auto,2972,92,261,sberpay,0,,271.34
ord_000006884,u_046437,ss_00153282,clk_0000084958,2026-07-24,p_03209,Fashion,842,63,81,ozon_card,0,,260.68
ord_000006885,u_046445,ss_00153305,clk_0000084969,2026-07-21,p_01862,Home,894,28,68,installment,0,,163.24
ord_000006886,u_046445,ss_00153306,clk_0000084970,2026-07-02,p_02573,Beauty,421,0,175,bank_card,0,,113.29
ord_000006887,u_046453,ss_00153332,clk_0000084985,2026-07-03,p_03939,Pet,681,21,304,ozon_card,0,,155.61
ord_000006888,u_046458,ss_00153352,clk_0000084998,2026-07-15,p_01533,Electronics,2174,67,108,ozon_card,0,,328.49
ord_000006889,u_046458,ss_00153352,clk_0000084999,2026-07-15,p_02256,Home,677,21,0,installment,0,,187.6
ord_000006890,u_046461,ss_00153367,clk_0000085007,2026-07-26,p_03188,Pet,432,0,218,bank_card,0,,94.22
ord_000006891,u_046462,ss_00153375,clk_0000085014,2026-07-30,p_00476,Beauty,472,35,197,installment,0,,106.53
ord_000006892,u_046464,ss_00153378,clk_0000085015,2026-07-20,p_04380,Fashion,763,16,,bank_card,1,2026-08-09,-22.89
ord_000006893,u_046477,ss_00153411,clk_0000085030,2026-07-18,p_04101,Beauty,1194,63,177,bank_card,0,,359.04
ord_000006894,u_046480,ss_00153425,clk_0000085036,2026-07-02,p_02294,FMCG,854,95,94,sberpay,0,,116.49
ord_000006895,u_046483,ss_00153433,clk_0000085041,2026-07-21,p_03513,Pet,275,0,,bank_card,0,,48.21
ord_000006896,u_046486,ss_00153439,clk_0000085043,2026-07-06,p_04447,FMCG,454,0,371,sberpay,0,,116.68
ord_000006897,u_046488,ss_00153445,clk_0000085047,2026-07-17,p_04093,Home,1757,0,209,ozon_card,0,,297.64
ord_000006898,u_046489,ss_00153448,clk_0000085051,2026-07-16,p_01861,Books,373,0,277,bank_card,0,,78.37
ord_000006899,u_046491,ss_00153452,clk_0000085053,2026-07-03,p_00795,Fashion,951,0,120,sberpay,0,,234.04
ord_000006900,u_046503,ss_00153490,clk_0000085065,2026-07-16,p_01746,Fashion,1218,64,119,installment,0,,242.38
ord_000006901,u_046506,ss_00153502,clk_0000085069,2026-07-15,p_03214,Sports,2079,0,0,ozon_card,0,,320.79
ord_000006902,u_046512,ss_00153524,clk_0000085082,2026-07-20,p_03559,Fashion,1209,64,0,cash_on_delivery,0,,214.72
ord_000006903,u_046528,ss_00153567,clk_0000085105,2026-07-15,p_04249,Sports,1231,0,0,sberpay,0,,184.28
ord_000006904,u_046535,ss_00153596,clk_0000085120,2026-07-12,p_02829,Fashion,2181,0,0,bank_card,1,2026-07-17,-65.43
ord_000006905,u_046538,ss_00153609,clk_0000085129,2026-07-04,p_01961,Pet,719,38,0,bank_card,0,,184.85
ord_000006906,u_046540,ss_00153615,clk_0000085134,2026-07-04,p_01061,Auto,2097,0,191,bank_card,0,,205.3
ord_000006907,u_046551,ss_00153657,clk_0000085168,2026-07-28,p_03066,FMCG,262,0,307,ozon_card,0,,46.01
ord_000006908,u_046553,ss_00153666,clk_0000085174,2026-07-28,p_04302,FMCG,343,11,312,bank_card,0,,46.37
ord_000006909,u_046562,ss_00153697,clk_0000085200,2026-07-15,p_03840,Sports,1075,119,0,sberpay,0,,298.31
ord_000006910,u_046586,ss_00153789,clk_0000085254,2026-07-10,p_03918,Books,490,26,327,bank_card,0,,84.67
ord_000006911,u_046591,ss_00153802,clk_0000085260,2026-07-21,p_03945,Sports,838,0,279,ozon_card,0,,167.6
ord_000006912,u_046609,ss_00153862,clk_0000085289,2026-07-07,p_02217,Kids,830,0,23,ozon_card,0,,153.97
ord_000006913,u_046613,ss_00153878,clk_0000085299,2026-07-27,p_03766,Auto,1663,51,0,bank_card,1,2026-08-05,-49.89
ord_000006914,u_046614,ss_00153881,clk_0000085301,2026-07-30,p_00043,Electronics,6576,346,292,sberpay,0,,629.32
ord_000006915,u_046615,ss_00153887,clk_0000085306,2026-07-11,p_02154,Home,3151,0,0,installment,0,,704.88
ord_000006916,u_046618,ss_00153895,clk_0000085314,2026-07-20,p_02558,Electronics,1394,0,201,bank_card,0,,120.86
ord_000006917,u_046624,ss_00153916,clk_0000085324,2026-07-18,p_02037,Sports,908,0,186,installment,1,2026-08-21,-27.24
ord_000006918,u_046645,ss_00153973,clk_0000085357,2026-07-26,p_03146,Beauty,861,18,281,bank_card,1,2026-08-26,-25.83
ord_000006919,u_046664,ss_00154025,clk_0000085394,2026-07-28,p_04108,Home,1146,35,141,bank_card,0,,141.65
ord_000006920,u_046672,ss_00154053,clk_0000085409,2026-07-07,p_01301,Sports,445,50,126,bank_card,0,,114.01
ord_000006921,u_046674,ss_00154058,clk_0000085410,2026-07-03,p_01701,FMCG,550,0,279,bank_card,0,,85.91
ord_000006922,u_046683,ss_00154082,clk_0000085425,2026-07-05,p_02866,Fashion,2539,52,267,installment,1,2026-08-11,-76.17
ord_000006923,u_046684,ss_00154087,clk_0000085430,2026-07-09,p_01643,Books,309,16,314,ozon_card,0,,74.96
ord_000006924,u_046693,ss_00154121,clk_0000085444,2026-07-05,p_00763,Home,1032,32,62,bank_card,0,,213.0
ord_000006925,u_046697,ss_00154133,clk_0000085447,2026-07-27,p_03054,Pet,449,50,251,bank_card,0,,60.7
ord_000006926,u_046717,ss_00154198,clk_0000085479,2026-07-25,p_02993,Sports,792,42,252,bank_card,0,,176.62
ord_000006927,u_046717,ss_00154199,clk_0000085480,2026-07-07,p_03022,Pet,857,27,252,installment,0,,154.26
ord_000006928,u_046720,ss_00154203,clk_0000085481,2026-07-14,p_03238,Sports,986,0,130,ozon_card,0,,190.79
ord_000006929,u_046732,ss_00154251,clk_0000085520,2026-07-24,p_02140,Fashion,1580,0,155,bank_card,0,,455.2
ord_000006930,u_046733,ss_00154254,clk_0000085523,2026-07-05,p_00234,Fashion,1519,114,241,cash_on_delivery,0,,413.32
ord_000006931,u_046735,ss_00154260,clk_0000085528,2026-07-14,p_01341,Kids,662,74,164,ozon_card,0,,164.51
ord_000006932,u_046738,ss_00154266,clk_0000085532,2026-07-19,p_01075,Auto,1048,32,271,installment,0,,202.58
ord_000006933,u_046744,ss_00154290,clk_0000085545,2026-07-10,p_02961,Fashion,1325,147,181,bank_card,0,,287.52
ord_000006934,u_046745,ss_00154294,clk_0000085548,2026-07-08,p_00627,Fashion,1126,199,0,installment,0,,203.47
ord_000006935,u_046745,ss_00154294,clk_0000085550,2026-07-08,p_00768,Fashion,2858,88,339,bank_card,0,,639.91
ord_000006936,u_046751,ss_00154308,clk_0000085554,2026-07-25,p_04245,Beauty,1315,41,142,bank_card,0,,298.24
ord_000006937,u_046752,ss_00154311,clk_0000085558,2026-07-07,p_01222,Pet,281,50,218,bank_card,0,,29.7
ord_000006938,u_046755,ss_00154321,clk_0000085563,2026-07-08,p_00571,FMCG,456,51,90,sberpay,0,,71.77
ord_000006939,u_046764,ss_00154352,clk_0000085583,2026-07-28,p_03315,FMCG,1476,260,366,sberpay,0,,74.24
ord_000006940,u_046764,ss_00154354,clk_0000085585,2026-07-17,p_01154,Auto,2666,82,162,ozon_card,0,,430.56
ord_000006941,u_046769,ss_00154370,clk_0000085593,2026-07-08,p_02670,Electronics,4229,0,0,bank_card,0,,488.45
ord_000006942,u_046771,ss_00154375,clk_0000085596,2026-07-19,p_03143,Fashion,2975,0,0,cash_on_delivery,0,,864.24
ord_000006943,u_046772,ss_00154382,clk_0000085599,2026-07-08,p_00011,Fashion,946,0,201,cash_on_delivery,0,,251.83
ord_000006944,u_046777,ss_00154398,clk_0000085602,2026-07-01,p_01721,Home,1192,132,286,bank_card,0,,244.12
ord_000006945,u_046790,ss_00154437,clk_0000085621,2026-07-24,p_02748,Fashion,2385,179,150,bank_card,1,2026-08-26,-71.55
ord_000006946,u_046807,ss_00154487,clk_0000085640,2026-07-19,p_00025,FMCG,162,29,157,bank_card,0,,20.07
ord_000006947,u_046818,ss_00154517,clk_0000085658,2026-07-17,p_00744,FMCG,319,10,274,bank_card,0,,66.86
ord_000006948,u_046819,ss_00154522,clk_0000085660,2026-07-14,p_01434,Pet,624,69,0,bank_card,0,,130.73
ord_000006949,u_046838,ss_00154577,clk_0000085696,2026-07-14,p_02951,Home,3876,0,0,bank_card,0,,731.01
ord_000006950,u_046849,ss_00154602,clk_0000085705,2026-07-18,p_03764,Home,1907,0,291,installment,0,,404.09
ord_000006951,u_046854,ss_00154618,clk_0000085717,2026-07-22,p_03826,Fashion,1145,60,296,installment,1,2026-08-06,-34.35
ord_000006952,u_046865,ss_00154650,clk_0000085727,2026-07-07,p_01628,Books,802,0,306,bank_card,0,,131.21
ord_000006953,u_046879,ss_00154692,clk_0000085746,2026-07-10,p_01425,Home,1933,102,181,bank_card,0,,452.32
ord_000006954,u_046883,ss_00154700,clk_0000085751,2026-07-27,p_03043,Kids,2327,0,312,cash_on_delivery,0,,574.54
ord_000006955,u_046887,ss_00154725,clk_0000085778,2026-07-25,p_01665,Electronics,3472,0,0,sberpay,1,2026-08-18,-104.16
ord_000006956,u_046908,ss_00154797,clk_0000085808,2026-07-19,p_02661,Books,522,16,113,cash_on_delivery,0,,66.09
ord_000006957,u_046914,ss_00154814,clk_0000085817,2026-07-08,p_01825,Fashion,1015,0,169,bank_card,0,,228.48
ord_000006958,u_046928,ss_00154862,clk_0000085835,2026-07-30,p_04387,Kids,733,0,256,cash_on_delivery,1,2026-08-12,-21.99
ord_000006959,u_046928,ss_00154863,clk_0000085836,2026-07-02,p_01334,Kids,832,92,,sberpay,0,,224.22
ord_000006960,u_046930,ss_00154868,clk_0000085840,2026-07-10,p_03555,Kids,1052,0,177,cash_on_delivery,0,,176.74
ord_000006961,u_046935,ss_00154884,clk_0000085847,2026-07-15,p_02362,Pet,1240,138,272,ozon_card,0,,200.14
ord_000006962,u_046947,ss_00154916,clk_0000085867,2026-07-23,p_01801,Sports,1389,0,292,ozon_card,0,,402.95
ord_000006963,u_046958,ss_00154958,clk_0000085890,2026-07-02,p_00413,FMCG,210,7,,sberpay,0,,12.96
ord_000006964,u_046960,ss_00154970,clk_0000085897,2026-07-20,p_04451,Auto,4114,217,0,ozon_card,0,,730.65
ord_000006965,u_046963,ss_00154985,clk_0000085906,2026-07-02,p_01766,FMCG,221,24,264,ozon_card,0,,25.19
ord_000006966,u_046964,ss_00154987,clk_0000085907,2026-07-17,p_01080,Kids,204,23,138,sberpay,0,,48.9
ord_000006967,u_046966,ss_00154992,clk_0000085911,2026-07-19,p_02241,Electronics,4283,0,0,bank_card,0,,511.82
ord_000006968,u_046967,ss_00154996,clk_0000085912,2026-07-23,p_02891,Sports,1151,0,143,ozon_card,0,,193.14
ord_000006969,u_046982,ss_00155043,clk_0000085933,2026-07-29,p_01331,Books,190,6,211,ozon_card,1,2026-09-02,-5.7
ord_000006970,u_046985,ss_00155053,clk_0000085942,2026-07-12,p_03724,Beauty,530,94,368,bank_card,0,,178.72
ord_000006971,u_046986,ss_00155056,clk_0000085945,2026-07-13,p_03382,Kids,1229,0,214,bank_card,1,2026-07-28,-36.87
ord_000006972,u_046988,ss_00155060,clk_0000085947,2026-07-17,p_03078,Pet,808,0,208,ozon_card,0,,238.6
ord_000006973,u_046988,ss_00155065,clk_0000085948,2026-07-09,p_01786,Pet,820,25,0,ozon_card,0,,186.14
ord_000006974,u_046997,ss_00155088,clk_0000085959,2026-07-27,p_00781,Beauty,198,22,227,installment,0,,42.75
ord_000006975,u_046999,ss_00155091,clk_0000085961,2026-07-03,p_03826,Fashion,1145,60,194,bank_card,0,,268.39
ord_000006976,u_047016,ss_00155127,clk_0000085973,2026-07-06,p_04212,Pet,992,31,0,bank_card,0,,214.77
ord_000006977,u_047023,ss_00155152,clk_0000085984,2026-07-20,p_01254,Home,3288,102,0,bank_card,0,,734.87
ord_000006978,u_047026,ss_00155155,clk_0000085986,2026-07-18,p_01270,Fashion,1540,0,0,bank_card,0,,235.77
ord_000006979,u_047032,ss_00155170,clk_0000085994,2026-07-24,p_01708,Pet,786,0,37,bank_card,0,,214.89
ord_000006980,u_047036,ss_00155183,clk_0000086003,2026-07-20,p_01860,FMCG,388,0,285,bank_card,0,,35.19
ord_000006981,u_047039,ss_00155192,clk_0000086010,2026-07-15,p_04239,Pet,704,78,151,bank_card,0,,124.26
ord_000006982,u_047041,ss_00155199,clk_0000086012,2026-07-02,p_01720,Kids,887,47,139,bank_card,0,,197.71
ord_000006983,u_047049,ss_00155220,clk_0000086021,2026-07-15,p_03390,Sports,2784,147,,bank_card,0,,602.18
ord_000006984,u_047053,ss_00155234,clk_0000086030,2026-07-18,p_01976,Sports,975,30,234,bank_card,0,,228.93
ord_000006985,u_047063,ss_00155266,clk_0000086047,2026-07-27,p_03156,FMCG,442,14,214,installment,0,,61.26
ord_000006986,u_047068,ss_00155290,clk_0000086055,2026-07-12,p_00860,Home,2238,118,130,installment,0,,330.33
ord_000006987,u_047069,ss_00155292,clk_0000086057,2026-07-10,p_03859,Electronics,2344,123,,bank_card,0,,192.44
ord_000006988,u_047074,ss_00155306,clk_0000086064,2026-07-30,p_02845,FMCG,599,0,0,ozon_card,0,,78.89
ord_000006989,u_047079,ss_00155330,clk_0000086077,2026-07-24,p_03769,FMCG,169,0,277,bank_card,0,,15.75
ord_000006990,u_047093,ss_00155376,clk_0000086099,2026-07-09,p_01677,FMCG,735,39,0,installment,0,,85.26
ord_000006991,u_047111,ss_00155428,clk_0000086128,2026-07-27,p_03881,Beauty,689,14,104,bank_card,0,,170.8
ord_000006992,u_047117,ss_00155448,clk_0000086135,2026-07-21,p_01360,Fashion,1662,87,192,bank_card,1,2026-08-27,-49.86
ord_000006993,u_047117,ss_00155451,clk_0000086139,2026-07-18,p_02331,Books,263,29,231,bank_card,0,,35.64
ord_000006994,u_047122,ss_00155463,clk_0000086142,2026-07-06,p_01269,Fashion,2284,120,73,installment,0,,634.72
ord_000006995,u_047126,ss_00155477,clk_0000086150,2026-07-10,p_02581,Auto,2786,310,0,bank_card,0,,425.98
ord_000006996,u_047132,ss_00155494,clk_0000086159,2026-07-05,p_00980,Sports,3022,0,0,cash_on_delivery,0,,748.85
ord_000006997,u_047136,ss_00155508,clk_0000086169,2026-07-07,p_04474,Kids,1886,58,198,sberpay,0,,283.28
ord_000006998,u_047174,ss_00155639,clk_0000086234,2026-07-01,p_00284,Kids,676,119,178,bank_card,0,,138.78
ord_000006999,u_047177,ss_00155652,clk_0000086240,2026-07-24,p_02553,Fashion,4904,100,290,bank_card,0,,1336.83
ord_000007000,u_047182,ss_00155673,clk_0000086250,2026-07-16,p_03867,Books,549,0,0,ozon_card,0,,105.52
ord_000007001,u_047184,ss_00155685,clk_0000086254,2026-07-10,p_03839,Electronics,1507,0,200,bank_card,1,2026-07-22,-45.21
ord_000007002,u_047188,ss_00155693,clk_0000086258,2026-07-27,p_00762,Beauty,655,20,175,bank_card,0,,151.63
ord_000007003,u_047191,ss_00155703,clk_0000086271,2026-07-21,p_04085,FMCG,425,47,303,bank_card,0,,45.43
ord_000007004,u_047205,ss_00155751,clk_0000086292,2026-07-24,p_00877,Beauty,490,0,391,bank_card,0,,143.96
ord_000007005,u_047214,ss_00155772,clk_0000086302,2026-07-16,p_02289,Electronics,2067,230,417,bank_card,0,,287.31
ord_000007006,u_047231,ss_00155821,clk_0000086327,2026-07-07,p_04014,Books,126,4,119,ozon_card,0,,21.95
ord_000007007,u_047237,ss_00155840,clk_0000086340,2026-07-13,p_00748,Sports,1136,126,363,ozon_card,0,,263.89
ord_000007008,u_047247,ss_00155868,clk_0000086357,2026-07-14,p_01154,Auto,2748,0,184,bank_card,0,,443.8
ord_000007009,u_047276,ss_00155973,clk_0000086428,2026-07-02,p_03879,Home,887,47,8,bank_card,0,,209.95
ord_000007010,u_047281,ss_00155995,clk_0000086442,2026-07-08,p_03340,FMCG,319,0,187,installment,0,,49.38
ord_000007011,u_047298,ss_00156053,clk_0000086479,2026-07-16,p_03082,Books,213,11,241,ozon_card,0,,45.71
ord_000007012,u_047319,ss_00156116,clk_0000086502,2026-07-19,p_00215,Pet,419,0,0,ozon_card,0,,84.93
ord_000007013,u_047324,ss_00156138,clk_0000086512,2026-07-10,p_02319,Fashion,889,67,306,bank_card,0,,179.13
ord_000007014,u_047325,ss_00156146,clk_0000086522,2026-07-02,p_00998,Books,657,0,228,sberpay,0,,101.31
ord_000007015,u_047329,ss_00156157,clk_0000086527,2026-07-01,p_00894,Auto,3278,364,358,sberpay,0,,374.68
ord_000007016,u_047349,ss_00156217,clk_0000086552,2026-07-05,p_01478,Beauty,429,23,0,bank_card,0,,163.92
ord_000007017,u_047351,ss_00156223,clk_0000086554,2026-07-18,p_02652,Home,4184,220,0,sberpay,1,2026-07-29,-125.52
ord_000007018,u_047374,ss_00156306,clk_0000086602,2026-07-04,p_00279,Auto,2241,0,220,installment,0,,530.22
ord_000007019,u_047378,ss_00156317,clk_0000086605,2026-07-18,p_03779,FMCG,185,20,300,ozon_card,0,,18.17
ord_000007020,u_047380,ss_00156325,clk_0000086607,2026-07-15,p_04038,Kids,630,70,124,bank_card,0,,128.08
ord_000007021,u_047380,ss_00156329,clk_0000086612,2026-07-20,p_03053,Electronics,5075,267,0,bank_card,0,,391.79
ord_000007022,u_047389,ss_00156358,clk_0000086630,2026-07-24,p_04238,Kids,1385,73,235,ozon_card,0,,237.39
ord_000007023,u_047399,ss_00156390,clk_0000086650,2026-07-22,p_03730,FMCG,146,8,274,bank_card,0,,15.49
ord_000007024,u_047401,ss_00156395,clk_0000086653,2026-07-29,p_02605,Home,1396,74,200,ozon_card,0,,276.97
ord_000007025,u_047412,ss_00156417,clk_0000086665,2026-07-21,p_00467,Electronics,3154,557,,bank_card,0,,463.32
ord_000007026,u_047435,ss_00156485,clk_0000086699,2026-07-20,p_02714,Auto,2708,84,215,bank_card,0,,437.61
ord_000007027,u_047442,ss_00156505,clk_0000086707,2026-07-27,p_02916,Fashion,956,0,,cash_on_delivery,0,,263.38
ord_000007028,u_047449,ss_00156523,clk_0000086716,2026-07-13,p_01784,Beauty,452,62,119,bank_card,0,,123.22
ord_000007029,u_047450,ss_00156531,clk_0000086720,2026-07-22,p_02621,FMCG,796,0,161,bank_card,0,,121.47
ord_000007030,u_047450,ss_00156531,clk_0000086721,2026-07-22,p_04329,Beauty,2207,0,197,cash_on_delivery,0,,645.77
ord_000007031,u_047451,ss_00156534,clk_0000086725,2026-07-01,p_01234,Pet,2993,158,237,bank_card,0,,555.8
ord_000007032,u_047452,ss_00156537,clk_0000086729,2026-07-03,p_03860,Fashion,2987,61,188,bank_card,0,,623.09
ord_000007033,u_047452,ss_00156540,clk_0000086734,2026-07-07,p_02885,Pet,368,0,165,ozon_card,0,,29.81
ord_000007034,u_047473,ss_00156604,clk_0000086775,2026-07-12,p_02359,FMCG,559,62,221,ozon_card,0,,83.4
ord_000007035,u_047478,ss_00156634,clk_0000086808,2026-07-04,p_01712,Sports,772,41,101,sberpay,0,,155.56
ord_000007036,u_047488,ss_00156662,clk_0000086822,2026-07-17,p_02169,Auto,3170,559,0,bank_card,0,,470.43
ord_000007037,u_047513,ss_00156751,clk_0000086863,2026-07-20,p_02784,Electronics,739,39,0,bank_card,0,,59.19
ord_000007038,u_047522,ss_00156778,clk_0000086876,2026-07-14,p_02377,Sports,1222,0,177,bank_card,0,,212.51
ord_000007039,u_047534,ss_00156813,clk_0000086893,2026-07-30,p_00195,Kids,2293,255,340,bank_card,0,,318.5
ord_000007040,u_047537,ss_00156817,clk_0000086898,2026-07-28,p_00084,Beauty,1162,24,66,bank_card,0,,408.09
ord_000007041,u_047545,ss_00156843,clk_0000086921,2026-07-30,p_01387,FMCG,858,0,236,installment,0,,140.8
ord_000007042,u_047549,ss_00156853,clk_0000086924,2026-07-01,p_04267,Home,2320,122,235,bank_card,0,,443.12
ord_000007043,u_047559,ss_00156891,clk_0000086943,2026-07-14,p_02657,Pet,332,17,231,ozon_card,0,,69.75
ord_000007044,u_047564,ss_00156904,clk_0000086951,2026-07-30,p_03936,Home,1045,32,0,ozon_card,0,,113.28
ord_000007045,u_047579,ss_00156951,clk_0000086971,2026-07-14,p_01762,Electronics,2496,0,0,bank_card,0,,353.43
ord_000007046,u_047587,ss_00156975,clk_0000086983,2026-07-13,p_02623,Books,1117,0,12,bank_card,0,,267.86
ord_000007047,u_047599,ss_00157004,clk_0000086991,2026-07-01,p_03268,Beauty,1426,29,318,ozon_card,0,,326.84
ord_000007048,u_047604,ss_00157026,clk_0000087006,2026-07-11,p_02010,Beauty,742,0,0,installment,0,,188.99
ord_000007049,u_047605,ss_00157030,clk_0000087009,2026-07-06,p_02709,Electronics,3024,94,243,installment,0,,404.01
ord_000007050,u_047607,ss_00157037,clk_0000087016,2026-07-29,p_03916,Auto,892,47,252,bank_card,0,,134.87
ord_000007051,u_047620,ss_00157081,clk_0000087035,2026-07-09,p_02941,Home,655,0,165,ozon_card,0,,94.45
ord_000007052,u_047621,ss_00157085,clk_0000087036,2026-07-15,p_02264,Fashion,644,34,436,bank_card,0,,117.79
ord_000007053,u_047644,ss_00157149,clk_0000087069,2026-07-10,p_01068,Electronics,3738,0,233,bank_card,0,,656.77
ord_000007054,u_047658,ss_00157192,clk_0000087095,2026-07-04,p_01110,Fashion,2566,135,230,bank_card,0,,840.37
ord_000007055,u_047669,ss_00157227,clk_0000087116,2026-07-03,p_00680,Kids,490,15,150,bank_card,0,,84.77
ord_000007056,u_047673,ss_00157248,clk_0000087133,2026-07-04,p_02251,Fashion,1174,24,266,sberpay,0,,228.34
ord_000007057,u_047682,ss_00157280,clk_0000087145,2026-07-11,p_03386,Home,736,0,106,ozon_card,0,,97.15
ord_000007058,u_047684,ss_00157287,clk_0000087149,2026-07-12,p_04475,Home,4864,0,0,ozon_card,0,,1350.25
ord_000007059,u_047688,ss_00157299,clk_0000087153,2026-07-22,p_01811,Electronics,1566,48,206,sberpay,0,,182.75
ord_000007060,u_047692,ss_00157326,clk_0000087169,2026-07-15,p_00843,Fashion,1792,0,76,ozon_card,0,,495.31
ord_000007061,u_047698,ss_00157353,clk_0000087182,2026-07-17,p_04138,FMCG,434,48,174,ozon_card,0,,54.16
ord_000007062,u_047701,ss_00157362,clk_0000087187,2026-07-22,p_00748,Sports,1262,0,268,ozon_card,0,,293.16
ord_000007063,u_047704,ss_00157369,clk_0000087190,2026-07-17,p_02392,FMCG,678,120,202,bank_card,0,,89.7
ord_000007064,u_047704,ss_00157370,clk_0000087192,2026-07-16,p_03516,Electronics,1753,309,359,bank_card,1,2026-07-25,-52.59
ord_000007065,u_047704,ss_00157372,clk_0000087195,2026-07-20,p_02166,Beauty,1011,138,219,bank_card,0,,295.62
ord_000007066,u_047709,ss_00157386,clk_0000087200,2026-07-13,p_03846,FMCG,708,0,307,bank_card,0,,116.75
ord_000007067,u_047723,ss_00157420,clk_0000087214,2026-07-29,p_00733,Pet,545,0,117,ozon_card,0,,116.47
ord_000007068,u_047724,ss_00157425,clk_0000087217,2026-07-20,p_03935,Sports,376,0,152,ozon_card,0,,70.73
ord_000007069,u_047743,ss_00157483,clk_0000087238,2026-07-25,p_02870,Beauty,898,47,82,bank_card,0,,258.09
ord_000007070,u_047752,ss_00157509,clk_0000087248,2026-07-17,p_01885,Pet,1907,0,141,bank_card,0,,321.9
ord_000007071,u_047768,ss_00157566,clk_0000087271,2026-07-14,p_00186,Electronics,2960,92,96,ozon_card,0,,163.39
ord_000007072,u_047768,ss_00157569,clk_0000087276,2026-07-30,p_03915,Electronics,5951,313,0,installment,0,,892.65
ord_000007073,u_047776,ss_00157601,clk_0000087296,2026-07-29,p_04150,Home,1585,0,127,ozon_card,0,,342.84
ord_000007074,u_047787,ss_00157640,clk_0000087321,2026-07-02,p_02362,Pet,1378,0,371,bank_card,0,,222.41
ord_000007075,u_047791,ss_00157655,clk_0000087332,2026-07-18,p_00020,Pet,2040,63,220,bank_card,0,,542.44
ord_000007076,u_047797,ss_00157675,clk_0000087343,2026-07-04,p_00549,Beauty,480,0,240,ozon_card,0,,134.16
ord_000007077,u_047798,ss_00157684,clk_0000087350,2026-07-25,p_02247,FMCG,263,0,0,bank_card,0,,47.18
ord_000007078,u_047802,ss_00157696,clk_0000087360,2026-07-18,p_00709,Fashion,1443,29,353,ozon_card,0,,383.41
ord_000007079,u_047806,ss_00157714,clk_0000087370,2026-07-27,p_04396,Kids,1491,0,249,bank_card,0,,207.99
ord_000007080,u_047806,ss_00157714,clk_0000087371,2026-07-27,p_00203,Electronics,4259,752,0,bank_card,0,,838.6
ord_000007081,u_047814,ss_00157739,clk_0000087380,2026-07-26,p_02721,Home,3378,0,0,bank_card,0,,698.57
ord_000007082,u_047816,ss_00157748,clk_0000087387,2026-07-09,p_00204,Kids,1960,218,0,ozon_card,1,2026-07-22,-58.8
ord_000007083,u_047822,ss_00157773,clk_0000087398,2026-07-01,p_04150,Home,1537,48,153,sberpay,0,,332.45
ord_000007084,u_047825,ss_00157786,clk_0000087406,2026-07-11,p_03582,Electronics,1605,0,304,bank_card,1,2026-08-13,-48.15
ord_000007085,u_047831,ss_00157807,clk_0000087417,2026-07-30,p_02679,Fashion,508,90,221,ozon_card,0,,118.36
ord_000007086,u_047845,ss_00157848,clk_0000087434,2026-07-02,p_01506,Home,2622,138,240,cash_on_delivery,0,,570.55
ord_000007087,u_047850,ss_00157865,clk_0000087439,2026-07-13,p_02623,Books,1005,112,258,bank_card,0,,241.0
ord_000007088,u_047850,ss_00157865,clk_0000087440,2026-07-13,p_00139,Pet,587,0,174,bank_card,1,2026-08-08,-17.61
ord_000007089,u_047854,ss_00157876,clk_0000087447,2026-07-12,p_01683,FMCG,240,7,197,bank_card,0,,43.22
ord_000007090,u_047859,ss_00157898,clk_0000087453,2026-07-06,p_01183,Books,587,31,256,bank_card,0,,88.11
ord_000007091,u_047861,ss_00157906,clk_0000087458,2026-07-17,p_03472,Kids,1927,101,216,cash_on_delivery,0,,443.6
ord_000007092,u_047861,ss_00157908,clk_0000087459,2026-07-29,p_01733,Auto,2688,141,100,ozon_card,0,,431.69
ord_000007093,u_047871,ss_00157938,clk_0000087469,2026-07-05,p_01020,Auto,1385,244,276,sberpay,0,,177.7
ord_000007094,u_047872,ss_00157948,clk_0000087478,2026-07-10,p_02943,Books,193,0,0,sberpay,0,,36.67
ord_000007095,u_047874,ss_00157951,clk_0000087480,2026-07-05,p_03626,FMCG,593,18,282,cash_on_delivery,0,,88.77
ord_000007096,u_047875,ss_00157959,clk_0000087488,2026-07-12,p_02358,Books,403,0,194,bank_card,0,,55.86
ord_000007097,u_047895,ss_00158024,clk_0000087525,2026-07-22,p_01285,Kids,1111,123,163,bank_card,0,,258.53
ord_000007098,u_047904,ss_00158057,clk_0000087563,2026-07-27,p_01745,Pet,1424,158,46,bank_card,0,,256.04
ord_000007099,u_047913,ss_00158083,clk_0000087580,2026-07-04,p_02509,Sports,2895,0,0,sberpay,0,,809.15
ord_000007100,u_047913,ss_00158084,clk_0000087581,2026-07-04,p_04063,Pet,930,49,0,bank_card,0,,178.56
ord_000007101,u_047926,ss_00158135,clk_0000087617,2026-07-16,p_02377,Sports,1100,122,0,bank_card,0,,191.29
ord_000007102,u_047931,ss_00158144,clk_0000087628,2026-07-10,p_00503,FMCG,209,0,194,installment,0,,21.46
ord_000007103,u_047948,ss_00158190,clk_0000087652,2026-07-25,p_03506,Pet,822,0,150,ozon_card,0,,205.09
ord_000007104,u_047951,ss_00158199,clk_0000087656,2026-07-08,p_04200,Kids,817,25,96,installment,0,,152.86
ord_000007105,u_047952,ss_00158203,clk_0000087659,2026-07-12,p_00711,Home,1691,298,112,bank_card,0,,255.85
ord_000007106,u_047958,ss_00158227,clk_0000087667,2026-07-13,p_02807,Fashion,2135,0,230,ozon_card,1,2026-07-27,-64.05
ord_000007107,u_047964,ss_00158250,clk_0000087678,2026-07-29,p_01404,Home,2786,0,128,installment,0,,495.91
ord_000007108,u_047964,ss_00158250,clk_0000087679,2026-07-29,p_01204,Books,496,0,342,bank_card,0,,118.69
ord_000007109,u_047969,ss_00158266,clk_0000087687,2026-07-09,p_03009,Electronics,5492,0,182,sberpay,0,,646.41
ord_000007110,u_047975,ss_00158297,clk_0000087701,2026-07-28,p_03798,Pet,1494,166,342,ozon_card,0,,270.12
ord_000007111,u_047983,ss_00158324,clk_0000087714,2026-07-28,p_01752,Fashion,2240,169,175,bank_card,0,,575.9
ord_000007112,u_047990,ss_00158343,clk_0000087728,2026-07-11,p_04004,FMCG,217,0,287,ozon_card,0,,39.32
ord_000007113,u_048000,ss_00158366,clk_0000087744,2026-07-08,p_01923,Kids,1715,0,120,sberpay,0,,342.49
ord_000007114,u_048004,ss_00158375,clk_0000087748,2026-07-09,p_03938,Home,1017,113,235,ozon_card,0,,198.01
ord_000007115,u_048009,ss_00158394,clk_0000087754,2026-07-29,p_04300,Auto,1502,0,328,cash_on_delivery,0,,136.38
ord_000007116,u_048011,ss_00158406,clk_0000087760,2026-07-06,p_03260,FMCG,833,0,139,installment,0,,137.61
ord_000007117,u_048025,ss_00158458,clk_0000087785,2026-07-29,p_01110,Fashion,2566,135,219,bank_card,0,,840.37
ord_000007118,u_048033,ss_00158482,clk_0000087803,2026-07-11,p_02535,FMCG,221,25,,ozon_card,0,,29.59
ord_000007119,u_048035,ss_00158487,clk_0000087805,2026-07-17,p_02361,Pet,1169,0,185,bank_card,0,,283.83
ord_000007120,u_048039,ss_00158498,clk_0000087812,2026-07-07,p_01323,Home,605,0,303,bank_card,0,,176.18
ord_000007121,u_048055,ss_00158540,clk_0000087833,2026-07-12,p_02457,Electronics,1073,0,189,ozon_card,0,,199.26
ord_000007122,u_048059,ss_00158555,clk_0000087844,2026-07-27,p_00144,Pet,359,19,239,sberpay,0,,55.39
ord_000007123,u_048062,ss_00158564,clk_0000087850,2026-07-05,p_03180,Fashion,937,71,276,sberpay,0,,238.0
ord_000007124,u_048069,ss_00158591,clk_0000087864,2026-07-05,p_03642,Home,491,0,148,cash_on_delivery,1,2026-08-03,-14.73
ord_000007125,u_048069,ss_00158593,clk_0000087865,2026-07-10,p_00954,Fashion,2201,451,0,cash_on_delivery,1,2026-07-17,-66.03
ord_000007126,u_048090,ss_00158643,clk_0000087892,2026-07-06,p_02926,Home,2860,150,295,installment,1,2026-08-11,-85.8
ord_000007127,u_048092,ss_00158649,clk_0000087895,2026-07-07,p_00795,Fashion,922,29,0,bank_card,0,,226.9
ord_000007128,u_048097,ss_00158667,clk_0000087902,2026-07-19,p_03143,Fashion,2767,208,174,ozon_card,0,,803.81
ord_000007129,u_048103,ss_00158685,clk_0000087912,2026-07-19,p_03364,Fashion,775,106,276,installment,0,,120.12
ord_000007130,u_048108,ss_00158696,clk_0000087920,2026-07-15,p_01906,Pet,1109,123,133,bank_card,0,,170.56
ord_000007131,u_048108,ss_00158696,clk_0000087921,2026-07-15,p_04418,Electronics,2823,149,272,bank_card,0,,269.31
ord_000007132,u_048109,ss_00158699,clk_0000087923,2026-07-18,p_01801,Sports,1250,139,241,ozon_card,0,,362.63
ord_000007133,u_048117,ss_00158722,clk_0000087938,2026-07-08,p_02975,Beauty,893,122,273,bank_card,0,,204.68
ord_000007134,u_048132,ss_00158762,clk_0000087962,2026-07-04,p_01396,Electronics,5213,274,308,cash_on_delivery,0,,920.62
ord_000007135,u_048134,ss_00158771,clk_0000087967,2026-07-17,p_01940,Fashion,4464,336,0,bank_card,0,,763.34
ord_000007136,u_048142,ss_00158790,clk_0000087981,2026-07-19,p_02899,Beauty,1245,25,0,installment,0,,323.82
ord_000007137,u_048143,ss_00158793,clk_0000087983,2026-07-08,p_04250,Home,588,0,251,sberpay,0,,123.36
ord_000007138,u_048159,ss_00158861,clk_0000088018,2026-07-15,p_00578,Sports,593,18,0,ozon_card,0,,181.16
ord_000007139,u_048168,ss_00158894,clk_0000088028,2026-07-23,p_00067,Kids,576,18,187,ozon_card,0,,80.47
ord_000007140,u_048170,ss_00158901,clk_0000088032,2026-07-13,p_00801,Auto,2029,225,0,installment,0,,328.5
ord_000007141,u_048172,ss_00158907,clk_0000088037,2026-07-25,p_02760,Books,329,10,112,bank_card,0,,52.05
ord_000007142,u_048177,ss_00158921,clk_0000088044,2026-07-24,p_03544,Electronics,2522,78,0,ozon_card,0,,375.27
ord_000007143,u_048179,ss_00158924,clk_0000088045,2026-07-16,p_02624,FMCG,165,18,245,ozon_card,0,,16.58
ord_000007144,u_048182,ss_00158931,clk_0000088049,2026-07-03,p_00021,Sports,1792,55,135,bank_card,0,,241.2
ord_000007145,u_048183,ss_00158934,clk_0000088054,2026-07-07,p_00485,Kids,662,74,0,bank_card,0,,179.73
ord_000007146,u_048187,ss_00158942,clk_0000088057,2026-07-16,p_00192,Electronics,5545,171,134,bank_card,1,2026-07-25,-166.35
ord_000007147,u_048189,ss_00158949,clk_0000088058,2026-07-01,p_03641,Electronics,4105,456,0,bank_card,0,,475.77
ord_000007148,u_048201,ss_00158992,clk_0000088074,2026-07-30,p_01085,Fashion,587,31,230,bank_card,0,,155.73
ord_000007149,u_048202,ss_00158995,clk_0000088076,2026-07-21,p_02526,Books,379,12,188,sberpay,0,,85.96
ord_000007150,u_048207,ss_00159013,clk_0000088089,2026-07-11,p_00184,Fashion,3116,64,0,bank_card,0,,703.59
ord_000007151,u_048214,ss_00159039,clk_0000088102,2026-07-19,p_01208,Kids,719,22,0,ozon_card,0,,203.12
ord_000007152,u_048215,ss_00159040,clk_0000088103,2026-07-10,p_01123,Fashion,867,46,218,ozon_card,0,,202.36
ord_000007153,u_048223,ss_00159064,clk_0000088117,2026-07-09,p_03359,Auto,1070,0,,bank_card,0,,288.69
ord_000007154,u_048230,ss_00159086,clk_0000088131,2026-07-19,p_04441,Pet,513,0,119,bank_card,0,,110.19
ord_000007155,u_048230,ss_00159089,clk_0000088135,2026-07-25,p_00461,Fashion,1941,102,228,ozon_card,0,,511.45
ord_000007156,u_048258,ss_00159171,clk_0000088173,2026-07-03,p_02515,Home,534,59,0,cash_on_delivery,0,,137.61
ord_000007157,u_048260,ss_00159180,clk_0000088178,2026-07-16,p_00017,Beauty,1813,37,0,sberpay,0,,561.49
ord_000007158,u_048276,ss_00159230,clk_0000088194,2026-07-30,p_01191,FMCG,105,0,295,ozon_card,0,,16.63
ord_000007159,u_048278,ss_00159237,clk_0000088195,2026-07-18,p_00235,FMCG,349,0,195,bank_card,0,,36.92
ord_000007160,u_048300,ss_00159303,clk_0000088237,2026-07-23,p_00257,Electronics,2332,0,0,bank_card,1,2026-07-26,-69.96
ord_000007161,u_048300,ss_00159304,clk_0000088238,2026-07-16,p_01213,Fashion,1398,0,251,bank_card,0,,455.33
ord_000007162,u_048314,ss_00159347,clk_0000088258,2026-07-07,p_00032,Home,1340,70,151,ozon_card,0,,264.11
ord_000007163,u_048350,ss_00159465,clk_0000088334,2026-07-05,p_01951,Auto,2738,85,205,ozon_card,0,,270.79
ord_000007164,u_048351,ss_00159466,clk_0000088335,2026-07-15,p_00272,Home,1358,72,223,bank_card,0,,319.27
ord_000007165,u_048352,ss_00159469,clk_0000088338,2026-07-21,p_03375,FMCG,381,0,162,bank_card,0,,65.34
ord_000007166,u_048353,ss_00159470,clk_0000088340,2026-07-26,p_00200,Books,356,19,124,ozon_card,0,,48.38
ord_000007167,u_048355,ss_00159477,clk_0000088342,2026-07-20,p_01833,Auto,3360,373,144,bank_card,0,,440.83
ord_000007168,u_048360,ss_00159489,clk_0000088346,2026-07-16,p_03647,Beauty,659,0,313,bank_card,0,,265.91
ord_000007169,u_048377,ss_00159545,clk_0000088374,2026-07-16,p_02770,FMCG,293,0,229,bank_card,0,,14.33
ord_000007170,u_048380,ss_00159551,clk_0000088377,2026-07-27,p_04439,Books,234,41,257,sberpay,0,,52.42
ord_000007171,u_048384,ss_00159563,clk_0000088383,2026-07-18,p_03360,Kids,419,0,204,bank_card,0,,88.33
ord_000007172,u_048397,ss_00159612,clk_0000088398,2026-07-07,p_01734,Home,4246,0,0,ozon_card,1,2026-07-19,-127.38
ord_000007173,u_048399,ss_00159620,clk_0000088404,2026-07-30,p_02543,Kids,1164,0,0,sberpay,1,2026-08-09,-34.92
ord_000007174,u_048402,ss_00159626,clk_0000088406,2026-07-24,p_03622,Home,1587,84,187,bank_card,0,,269.79
ord_000007175,u_048406,ss_00159635,clk_0000088413,2026-07-03,p_01392,Fashion,3302,450,226,sberpay,0,,790.5
ord_000007176,u_048448,ss_00159756,clk_0000088480,2026-07-01,p_02323,Electronics,1298,68,,bank_card,0,,60.23
ord_000007177,u_048449,ss_00159759,clk_0000088484,2026-07-28,p_01524,Auto,1057,0,131,installment,0,,230.53
ord_000007178,u_048450,ss_00159760,clk_0000088486,2026-07-17,p_00409,Sports,999,0,206,ozon_card,0,,166.73
ord_000007179,u_048459,ss_00159787,clk_0000088497,2026-07-29,p_03386,Home,714,22,0,bank_card,0,,94.25
ord_000007180,u_048462,ss_00159805,clk_0000088510,2026-07-13,p_02483,Kids,905,160,101,bank_card,1,2026-08-10,-27.15
ord_000007181,u_048469,ss_00159824,clk_0000088517,2026-07-16,p_00318,Home,1839,57,420,bank_card,0,,362.1
ord_000007182,u_048476,ss_00159844,clk_0000088526,2026-07-21,p_03269,Fashion,787,24,318,bank_card,0,,161.26
ord_000007183,u_048481,ss_00159859,clk_0000088532,2026-07-09,p_04181,Electronics,4229,470,0,bank_card,0,,732.89
ord_000007184,u_048494,ss_00159894,clk_0000088547,2026-07-11,p_01532,Electronics,5021,264,251,ozon_card,0,,905.29
ord_000007185,u_048496,ss_00159902,clk_0000088551,2026-07-08,p_00045,Fashion,896,47,277,ozon_card,0,,141.75
ord_000007186,u_048497,ss_00159903,clk_0000088553,2026-07-29,p_03413,Kids,1252,66,172,ozon_card,0,,298.98
ord_000007187,u_048498,ss_00159908,clk_0000088555,2026-07-02,p_02036,Electronics,3942,0,0,sberpay,0,,619.68
ord_000007188,u_048504,ss_00159933,clk_0000088564,2026-07-13,p_03103,Kids,6039,0,0,ozon_card,0,,1208.4
ord_000007189,u_048518,ss_00159979,clk_0000088589,2026-07-03,p_04434,Fashion,961,20,41,sberpay,0,,178.84
ord_000007190,u_048524,ss_00160000,clk_0000088599,2026-07-10,p_02392,FMCG,774,24,0,ozon_card,0,,102.4
ord_000007191,u_048525,ss_00160002,clk_0000088600,2026-07-03,p_01812,Auto,2493,77,258,bank_card,0,,349.27
ord_000007192,u_048533,ss_00160032,clk_0000088617,2026-07-24,p_01604,Kids,937,0,257,sberpay,0,,272.39
ord_000007193,u_048539,ss_00160059,clk_0000088648,2026-07-13,p_02319,Fashion,841,115,250,ozon_card,0,,169.46
ord_000007194,u_048547,ss_00160084,clk_0000088662,2026-07-12,p_01531,Home,833,0,277,ozon_card,0,,68.06
ord_000007195,u_048565,ss_00160144,clk_0000088691,2026-07-02,p_02246,Electronics,1888,0,0,sberpay,0,,282.44
ord_000007196,u_048571,ss_00160157,clk_0000088699,2026-07-10,p_00321,Fashion,1339,27,198,bank_card,0,,277.31
ord_000007197,u_048572,ss_00160160,clk_0000088701,2026-07-10,p_02998,Electronics,3179,98,0,sberpay,0,,281.98
ord_000007198,u_048578,ss_00160184,clk_0000088715,2026-07-04,p_01644,FMCG,405,0,256,installment,0,,61.24
ord_000007199,u_048580,ss_00160192,clk_0000088719,2026-07-02,p_01229,Electronics,3068,541,248,bank_card,0,,287.78
ord_000007200,u_048587,ss_00160215,clk_0000088729,2026-07-22,p_01108,Sports,1916,59,168,bank_card,1,2026-08-13,-57.48
ord_000007201,u_048589,ss_00160219,clk_0000088731,2026-07-30,p_03917,Fashion,2567,79,265,ozon_card,0,,486.19
ord_000007202,u_048591,ss_00160228,clk_0000088737,2026-07-20,p_03193,Fashion,946,19,158,ozon_card,0,,235.46
ord_000007203,u_048597,ss_00160246,clk_0000088750,2026-07-09,p_01052,Home,1957,61,343,cash_on_delivery,1,2026-07-31,-58.71
ord_000007204,u_048606,ss_00160271,clk_0000088759,2026-07-17,p_03777,Electronics,1725,53,0,installment,0,,258.06
ord_000007205,u_048623,ss_00160310,clk_0000088779,2026-07-20,p_02179,Pet,1351,71,188,bank_card,0,,249.12
ord_000007206,u_048647,ss_00160368,clk_0000088805,2026-07-11,p_03605,Electronics,4492,0,0,ozon_card,0,,442.91
ord_000007207,u_048648,ss_00160373,clk_0000088808,2026-07-22,p_04306,FMCG,291,0,,bank_card,0,,40.22
ord_000007208,u_048664,ss_00160425,clk_0000088828,2026-07-18,p_04272,Books,629,33,109,sberpay,0,,99.44
ord_000007209,u_048670,ss_00160451,clk_0000088847,2026-07-25,p_03849,Fashion,1247,138,,bank_card,0,,337.31
ord_000007210,u_048672,ss_00160462,clk_0000088853,2026-07-19,p_00259,Electronics,1356,0,147,bank_card,0,,166.92
ord_000007211,u_048673,ss_00160465,clk_0000088855,2026-07-14,p_04195,Kids,302,0,256,ozon_card,1,2026-08-10,-9.06
ord_000007212,u_048682,ss_00160489,clk_0000088869,2026-07-15,p_00637,Books,510,0,156,sberpay,0,,96.44
ord_000007213,u_048686,ss_00160508,clk_0000088878,2026-07-19,p_03697,Electronics,6276,194,1,installment,0,,536.6
ord_000007214,u_048686,ss_00160511,clk_0000088880,2026-07-04,p_01624,Books,146,26,,bank_card,0,,28.13
ord_000007215,u_048687,ss_00160515,clk_0000088887,2026-07-29,p_01969,FMCG,468,52,261,sberpay,0,,58.03
ord_000007216,u_048698,ss_00160552,clk_0000088919,2026-07-26,p_03244,Beauty,841,17,160,bank_card,0,,272.9
ord_000007217,u_048704,ss_00160572,clk_0000088934,2026-07-01,p_01239,Electronics,4296,0,229,ozon_card,0,,505.21
ord_000007218,u_048705,ss_00160576,clk_0000088937,2026-07-07,p_02185,Beauty,976,51,301,ozon_card,0,,311.54
ord_000007219,u_048708,ss_00160585,clk_0000088944,2026-07-06,p_01783,Beauty,231,5,196,ozon_card,0,,60.45
ord_000007220,u_048714,ss_00160598,clk_0000088949,2026-07-24,p_00900,Fashion,2358,48,225,ozon_card,0,,566.39
ord_000007221,u_048745,ss_00160706,clk_0000089017,2026-07-01,p_00227,Pet,502,16,227,cash_on_delivery,0,,71.48
ord_000007222,u_048745,ss_00160708,clk_0000089018,2026-07-04,p_01270,Fashion,1463,77,236,bank_card,0,,223.99
ord_000007223,u_048748,ss_00160719,clk_0000089023,2026-07-27,p_02076,Fashion,2079,157,203,installment,0,,665.9
ord_000007224,u_048757,ss_00160755,clk_0000089040,2026-07-02,p_03364,Fashion,863,18,242,ozon_card,1,2026-08-03,-25.89
ord_000007225,u_048757,ss_00160755,clk_0000089041,2026-07-02,p_02173,Books,126,7,343,ozon_card,0,,28.77
ord_000007226,u_048760,ss_00160767,clk_0000089046,2026-07-01,p_03002,FMCG,243,13,115,bank_card,0,,19.1
ord_000007227,u_048764,ss_00160781,clk_0000089055,2026-07-28,p_04126,Home,2428,270,129,bank_card,1,2026-08-06,-72.84
ord_000007228,u_048769,ss_00160799,clk_0000089066,2026-07-18,p_01828,Books,185,21,331,bank_card,0,,30.86
ord_000007229,u_048776,ss_00160824,clk_0000089081,2026-07-09,p_03650,FMCG,263,14,225,bank_card,0,,38.58
ord_000007230,u_048778,ss_00160827,clk_0000089083,2026-07-29,p_00904,Auto,2448,0,183,sberpay,0,,181.89
ord_000007231,u_048779,ss_00160829,clk_0000089085,2026-07-08,p_00391,Beauty,5353,403,0,cash_on_delivery,0,,1597.87
ord_000007232,u_048791,ss_00160859,clk_0000089099,2026-07-23,p_01410,Electronics,2514,0,62,ozon_card,0,,115.9
ord_000007233,u_048800,ss_00160907,clk_0000089151,2026-07-29,p_03767,FMCG,276,49,23,bank_card,0,,33.81
ord_000007234,u_048800,ss_00160908,clk_0000089152,2026-07-22,p_01461,Books,88,16,179,sberpay,0,,12.62
ord_000007235,u_048810,ss_00160945,clk_0000089178,2026-07-15,p_04459,Auto,594,31,221,bank_card,0,,130.03
ord_000007236,u_048816,ss_00160977,clk_0000089203,2026-07-18,p_03485,Fashion,3033,160,131,ozon_card,0,,822.55
ord_000007237,u_048824,ss_00160995,clk_0000089209,2026-07-12,p_00707,Fashion,563,17,84,sberpay,0,,172.84
ord_000007238,u_048824,ss_00160995,clk_0000089210,2026-07-12,p_00367,Fashion,700,0,0,bank_card,0,,180.95
ord_000007239,u_048832,ss_00161023,clk_0000089226,2026-07-07,p_00983,Home,2737,0,155,cash_on_delivery,0,,669.74
ord_000007240,u_048837,ss_00161038,clk_0000089229,2026-07-26,p_02825,Electronics,2360,0,242,bank_card,0,,148.21
ord_000007241,u_048838,ss_00161041,clk_0000089230,2026-07-20,p_03023,Fashion,1917,59,276,sberpay,1,2026-07-26,-57.51
ord_000007242,u_048845,ss_00161071,clk_0000089245,2026-07-29,p_00426,Fashion,524,71,0,bank_card,0,,114.02
ord_000007243,u_048850,ss_00161086,clk_0000089255,2026-07-27,p_03395,Fashion,1857,328,221,bank_card,0,,571.03
ord_000007244,u_048861,ss_00161111,clk_0000089266,2026-07-17,p_02565,Beauty,794,88,112,sberpay,0,,257.02
ord_000007245,u_048870,ss_00161138,clk_0000089284,2026-07-25,p_01605,Electronics,3126,0,0,ozon_card,0,,446.71
ord_000007246,u_048874,ss_00161159,clk_0000089294,2026-07-22,p_03822,Kids,2422,75,0,ozon_card,0,,634.81
ord_000007247,u_048883,ss_00161178,clk_0000089305,2026-07-14,p_02895,FMCG,403,12,0,bank_card,0,,53.6
ord_000007248,u_048883,ss_00161180,clk_0000089306,2026-07-03,p_03502,Home,1009,31,0,sberpay,0,,213.2
ord_000007249,u_048887,ss_00161187,clk_0000089311,2026-07-16,p_02234,Beauty,286,39,259,ozon_card,0,,73.56
ord_000007250,u_048888,ss_00161193,clk_0000089314,2026-07-23,p_01123,Fashion,867,46,0,bank_card,1,2026-08-12,-26.01
ord_000007251,u_048890,ss_00161204,clk_0000089320,2026-07-03,p_00366,FMCG,467,0,188,bank_card,0,,49.36
ord_000007252,u_048890,ss_00161207,clk_0000089323,2026-07-27,p_00341,Beauty,770,58,175,sberpay,0,,178.02
ord_000007253,u_048906,ss_00161261,clk_0000089362,2026-07-26,p_03363,Beauty,948,19,171,bank_card,0,,192.25
ord_000007254,u_048908,ss_00161267,clk_0000089366,2026-07-23,p_00758,Electronics,1937,102,159,ozon_card,0,,208.81
ord_000007255,u_048909,ss_00161271,clk_0000089371,2026-07-12,p_02039,Beauty,151,17,152,bank_card,0,,27.87
ord_000007256,u_048916,ss_00161285,clk_0000089381,2026-07-06,p_01256,Beauty,621,0,226,sberpay,0,,197.73
ord_000007257,u_048917,ss_00161287,clk_0000089382,2026-07-07,p_03444,Books,334,18,238,ozon_card,0,,59.52
ord_000007258,u_048919,ss_00161290,clk_0000089384,2026-07-09,p_00506,FMCG,409,0,0,bank_card,0,,58.08
ord_000007259,u_048926,ss_00161305,clk_0000089390,2026-07-30,p_04364,Beauty,271,20,246,cash_on_delivery,0,,91.11
ord_000007260,u_048926,ss_00161307,clk_0000089393,2026-07-23,p_04083,Pet,1425,0,209,installment,0,,432.77
ord_000007261,u_048942,ss_00161354,clk_0000089417,2026-07-06,p_03648,Auto,3300,174,0,bank_card,0,,629.97
ord_000007262,u_048944,ss_00161365,clk_0000089420,2026-07-14,p_00836,Beauty,691,0,140,ozon_card,0,,192.93
ord_000007263,u_048949,ss_00161381,clk_0000089431,2026-07-29,p_03793,Fashion,1545,81,167,ozon_card,0,,348.71
ord_000007264,u_048961,ss_00161408,clk_0000089446,2026-07-28,p_03552,Home,682,21,202,bank_card,0,,171.8
ord_000007265,u_048969,ss_00161431,clk_0000089455,2026-07-13,p_00207,Beauty,207,0,230,bank_card,0,,63.94
ord_000007266,u_048978,ss_00161471,clk_0000089473,2026-07-18,p_02420,Electronics,1947,216,356,ozon_card,0,,257.78
ord_000007267,u_048991,ss_00161508,clk_0000089488,2026-07-08,p_01878,FMCG,398,0,219,sberpay,0,,89.19
ord_000007268,u_048997,ss_00161527,clk_0000089501,2026-07-08,p_00790,Fashion,907,48,0,ozon_card,0,,197.0
ord_000007269,u_049016,ss_00161611,clk_0000089569,2026-07-06,p_03729,Home,570,30,219,ozon_card,0,,162.11
ord_000007270,u_049029,ss_00161640,clk_0000089580,2026-07-08,p_01961,Pet,719,38,120,bank_card,0,,184.85
ord_000007271,u_049056,ss_00161729,clk_0000089638,2026-07-05,p_00165,Electronics,7569,398,233,installment,0,,921.9
ord_000007272,u_049059,ss_00161742,clk_0000089640,2026-07-01,p_02854,Beauty,1013,138,119,bank_card,0,,325.68
ord_000007273,u_049061,ss_00161751,clk_0000089643,2026-07-26,p_01206,Electronics,6693,207,0,ozon_card,0,,1017.34
ord_000007274,u_049072,ss_00161792,clk_0000089663,2026-07-20,p_00405,Fashion,1632,33,190,ozon_card,0,,432.15
ord_000007275,u_049073,ss_00161793,clk_0000089664,2026-07-04,p_03993,Electronics,1944,0,104,ozon_card,0,,225.12
ord_000007276,u_049091,ss_00161845,clk_0000089689,2026-07-26,p_01095,Fashion,565,12,226,bank_card,0,,123.17
ord_000007277,u_049104,ss_00161880,clk_0000089719,2026-07-15,p_01104,Home,2202,68,212,bank_card,0,,621.62
ord_000007278,u_049113,ss_00161924,clk_0000089734,2026-07-26,p_04456,Fashion,961,0,207,bank_card,1,2026-07-30,-28.83
ord_000007279,u_049130,ss_00161973,clk_0000089759,2026-07-28,p_00454,Kids,1324,0,132,ozon_card,0,,217.0
ord_000007280,u_049131,ss_00161976,clk_0000089762,2026-07-21,p_03798,Pet,1660,0,166,bank_card,0,,300.13
ord_000007281,u_049137,ss_00162006,clk_0000089789,2026-07-20,p_01463,Fashion,1263,26,115,bank_card,0,,396.71
ord_000007282,u_049139,ss_00162012,clk_0000089793,2026-07-11,p_03208,Kids,1228,0,180,bank_card,0,,226.57
ord_000007283,u_049142,ss_00162018,clk_0000089798,2026-07-26,p_02144,Beauty,709,79,152,bank_card,0,,204.4
ord_000007284,u_049161,ss_00162090,clk_0000089834,2026-07-29,p_02769,Auto,2270,120,398,cash_on_delivery,0,,487.6
ord_000007285,u_049175,ss_00162155,clk_0000089875,2026-07-04,p_01262,Electronics,6322,0,,ozon_card,0,,1017.21
ord_000007286,u_049176,ss_00162161,clk_0000089877,2026-07-23,p_02447,Electronics,3398,600,0,ozon_card,0,,355.09
ord_000007287,u_049216,ss_00162270,clk_0000089936,2026-07-25,p_04410,Sports,936,29,278,ozon_card,1,2026-08-03,-28.08
ord_000007288,u_049226,ss_00162295,clk_0000089951,2026-07-04,p_01306,Beauty,2273,120,270,bank_card,0,,595.98
ord_000007289,u_049227,ss_00162298,clk_0000089953,2026-07-11,p_01902,Electronics,4208,0,0,ozon_card,0,,861.8
ord_000007290,u_049242,ss_00162337,clk_0000089975,2026-07-10,p_01869,Sports,3139,349,0,bank_card,0,,793.54
ord_000007291,u_049242,ss_00162338,clk_0000089977,2026-07-25,p_04379,Auto,3071,0,102,ozon_card,0,,702.64
ord_000007292,u_049247,ss_00162353,clk_0000089986,2026-07-18,p_01707,Beauty,419,0,62,bank_card,0,,107.85
ord_000007293,u_049250,ss_00162361,clk_0000089991,2026-07-22,p_00299,Kids,812,43,0,bank_card,0,,135.69
ord_000007294,u_049250,ss_00162362,clk_0000089993,2026-07-26,p_02171,Fashion,1633,33,0,ozon_card,0,,430.62
ord_000007295,u_049255,ss_00162383,clk_0000090012,2026-07-14,p_01527,FMCG,299,0,0,bank_card,0,,27.0
ord_000007296,u_049282,ss_00162456,clk_0000090063,2026-07-19,p_03332,Beauty,2104,65,341,ozon_card,0,,526.84
ord_000007297,u_049283,ss_00162459,clk_0000090065,2026-07-10,p_03130,Home,1431,159,325,installment,0,,230.39
ord_000007298,u_049284,ss_00162472,clk_0000090077,2026-07-03,p_03713,Home,1923,101,195,bank_card,0,,403.25
ord_000007299,u_049292,ss_00162489,clk_0000090086,2026-07-30,p_02425,Sports,814,43,148,bank_card,0,,194.38
ord_000007300,u_049309,ss_00162559,clk_0000090116,2026-07-12,p_00663,Electronics,3161,0,336,cash_on_delivery,0,,204.52
ord_000007301,u_049314,ss_00162567,clk_0000090121,2026-07-17,p_00268,Electronics,776,0,125,bank_card,0,,41.13
ord_000007302,u_049315,ss_00162573,clk_0000090124,2026-07-22,p_03152,Home,2962,329,78,bank_card,0,,591.51
ord_000007303,u_049320,ss_00162596,clk_0000090136,2026-07-29,p_01437,Fashion,814,0,21,bank_card,0,,223.04
ord_000007304,u_049331,ss_00162628,clk_0000090155,2026-07-14,p_02945,Beauty,343,11,0,sberpay,0,,111.27
ord_000007305,u_049349,ss_00162685,clk_0000090178,2026-07-21,p_03089,Home,2290,254,97,bank_card,0,,385.64
ord_000007306,u_049355,ss_00162706,clk_0000090183,2026-07-26,p_03809,Electronics,2838,0,183,bank_card,0,,211.15
ord_000007307,u_049361,ss_00162722,clk_0000090193,2026-07-05,p_02760,Books,305,34,296,ozon_card,0,,48.25
ord_000007308,u_049361,ss_00162723,clk_0000090195,2026-07-25,p_01972,Sports,1332,0,217,ozon_card,0,,237.76
ord_000007309,u_049361,ss_00162726,clk_0000090200,2026-07-05,p_01250,FMCG,548,61,160,bank_card,0,,86.31
ord_000007310,u_049369,ss_00162750,clk_0000090215,2026-07-05,p_00038,Home,1023,0,94,bank_card,0,,236.72
ord_000007311,u_049370,ss_00162756,clk_0000090218,2026-07-19,p_03775,Kids,1359,151,0,ozon_card,0,,213.77
ord_000007312,u_049385,ss_00162786,clk_0000090233,2026-07-06,p_03279,Fashion,928,0,101,bank_card,0,,203.7
ord_000007313,u_049386,ss_00162788,clk_0000090235,2026-07-18,p_04490,Home,1079,57,93,installment,0,,195.08
ord_000007314,u_049402,ss_00162853,clk_0000090279,2026-07-11,p_03463,Fashion,1121,84,99,bank_card,0,,226.55
ord_000007315,u_049413,ss_00162889,clk_0000090301,2026-07-18,p_00568,Home,565,100,411,bank_card,0,,60.4
ord_000007316,u_049420,ss_00162911,clk_0000090314,2026-07-14,p_03029,Sports,1637,0,180,ozon_card,0,,297.61
ord_000007317,u_049428,ss_00162931,clk_0000090329,2026-07-23,p_04107,Pet,1212,214,211,bank_card,0,,316.21
ord_000007318,u_049433,ss_00162952,clk_0000090338,2026-07-04,p_00030,Electronics,3309,0,,sberpay,0,,531.09
ord_000007319,u_049445,ss_00162986,clk_0000090355,2026-07-10,p_00086,Fashion,3780,77,143,bank_card,0,,860.71
ord_000007320,u_049467,ss_00163038,clk_0000090381,2026-07-07,p_01792,Electronics,1774,0,196,ozon_card,1,2026-07-26,-53.22
ord_000007321,u_049472,ss_00163054,clk_0000090389,2026-07-15,p_00613,Auto,2384,421,229,bank_card,0,,278.93
ord_000007322,u_049473,ss_00163057,clk_0000090391,2026-07-23,p_01055,Home,1583,0,233,installment,0,,309.0
ord_000007323,u_049482,ss_00163076,clk_0000090404,2026-07-17,p_03494,Home,1533,0,187,bank_card,0,,283.61
ord_000007324,u_049485,ss_00163085,clk_0000090408,2026-07-03,p_01106,Beauty,820,91,0,bank_card,0,,208.12
ord_000007325,u_049490,ss_00163099,clk_0000090415,2026-07-14,p_01435,Beauty,1035,115,254,installment,0,,321.88
ord_000007326,u_049496,ss_00163115,clk_0000090422,2026-07-02,p_03471,FMCG,284,0,174,bank_card,0,,51.89
ord_000007327,u_049502,ss_00163129,clk_0000090428,2026-07-26,p_04303,Auto,3786,199,151,sberpay,0,,274.48
ord_000007328,u_049505,ss_00163135,clk_0000090430,2026-07-25,p_03136,Books,440,0,102,bank_card,0,,83.69
ord_000007329,u_049506,ss_00163139,clk_0000090434,2026-07-27,p_03272,Beauty,224,12,0,cash_on_delivery,0,,62.36
ord_000007330,u_049513,ss_00163170,clk_0000090455,2026-07-11,p_00172,Kids,1065,0,149,bank_card,0,,146.76
ord_000007331,u_049514,ss_00163176,clk_0000090458,2026-07-14,p_03384,Fashion,1663,227,263,bank_card,0,,538.98
ord_000007332,u_049535,ss_00163232,clk_0000090483,2026-07-09,p_01361,Sports,763,0,141,ozon_card,0,,131.92
ord_000007333,u_049555,ss_00163292,clk_0000090525,2026-07-11,p_02330,Sports,1310,69,273,cash_on_delivery,0,,305.88
ord_000007334,u_049563,ss_00163315,clk_0000090536,2026-07-03,p_03531,Fashion,568,0,0,sberpay,0,,97.41
ord_000007335,u_049564,ss_00163317,clk_0000090537,2026-07-27,p_04006,Books,124,4,0,cash_on_delivery,0,,17.07
ord_000007336,u_049564,ss_00163319,clk_0000090538,2026-07-17,p_02790,Beauty,333,25,198,ozon_card,0,,103.93
ord_000007337,u_049564,ss_00163319,clk_0000090539,2026-07-17,p_02047,Sports,1557,0,202,ozon_card,0,,371.81
ord_000007338,u_049577,ss_00163362,clk_0000090563,2026-07-29,p_03274,Auto,1286,143,,ozon_card,1,2026-09-03,-38.58
ord_000007339,u_049581,ss_00163379,clk_0000090572,2026-07-01,p_01329,Books,683,0,161,bank_card,0,,142.95
ord_000007340,u_049595,ss_00163412,clk_0000090588,2026-07-23,p_03642,Home,491,0,290,bank_card,0,,82.93
ord_000007341,u_049596,ss_00163413,clk_0000090589,2026-07-10,p_00490,Kids,507,56,107,ozon_card,0,,109.41
ord_000007342,u_049596,ss_00163414,clk_0000090591,2026-07-29,p_00697,FMCG,597,66,111,bank_card,0,,73.43
ord_000007343,u_049598,ss_00163420,clk_0000090596,2026-07-15,p_04359,FMCG,601,19,109,sberpay,0,,98.92
ord_000007344,u_049603,ss_00163435,clk_0000090605,2026-07-22,p_00526,Beauty,1576,32,236,installment,0,,426.94
ord_000007345,u_049612,ss_00163458,clk_0000090618,2026-07-30,p_04192,Fashion,942,105,390,bank_card,1,2026-09-04,-28.26
ord_000007346,u_049612,ss_00163459,clk_0000090619,2026-07-13,p_00454,Kids,1284,40,132,ozon_card,0,,210.45
ord_000007347,u_049614,ss_00163466,clk_0000090622,2026-07-30,p_03413,Kids,1252,66,0,cash_on_delivery,1,2026-08-11,-37.56
ord_000007348,u_049619,ss_00163481,clk_0000090632,2026-07-17,p_01497,Fashion,1898,100,293,bank_card,0,,404.08
ord_000007349,u_049620,ss_00163486,clk_0000090635,2026-07-16,p_02333,Kids,1797,317,184,ozon_card,0,,312.68
ord_000007350,u_049624,ss_00163494,clk_0000090641,2026-07-30,p_02859,Electronics,3119,96,0,bank_card,0,,468.47
ord_000007351,u_049631,ss_00163520,clk_0000090653,2026-07-29,p_01786,Pet,803,42,78,bank_card,0,,182.28
ord_000007352,u_049652,ss_00163581,clk_0000090684,2026-07-26,p_02865,Fashion,711,0,309,bank_card,0,,137.37
ord_000007353,u_049652,ss_00163584,clk_0000090685,2026-07-10,p_01703,FMCG,467,14,306,bank_card,0,,55.01
ord_000007354,u_049668,ss_00163630,clk_0000090710,2026-07-17,p_02863,Sports,2028,0,,bank_card,0,,508.01
ord_000007355,u_049679,ss_00163658,clk_0000090721,2026-07-19,p_03218,Home,2650,0,270,sberpay,0,,519.13
ord_000007356,u_049680,ss_00163662,clk_0000090723,2026-07-10,p_02873,Beauty,613,32,0,bank_card,0,,225.34
ord_000007357,u_049681,ss_00163669,clk_0000090726,2026-07-19,p_01993,Fashion,2045,0,0,cash_on_delivery,0,,635.59
ord_000007358,u_049686,ss_00163696,clk_0000090738,2026-07-24,p_03612,Sports,913,0,0,bank_card,1,2026-08-03,-27.39
ord_000007359,u_049688,ss_00163707,clk_0000090753,2026-07-08,p_01358,Electronics,2490,0,167,bank_card,0,,215.38
ord_000007360,u_049704,ss_00163754,clk_0000090788,2026-07-24,p_03907,Auto,2383,0,148,bank_card,0,,563.1
ord_000007361,u_049705,ss_00163758,clk_0000090789,2026-07-15,p_03332,Beauty,2061,108,0,bank_card,0,,516.07
ord_000007362,u_049712,ss_00163785,clk_0000090805,2026-07-23,p_00682,Fashion,2129,0,200,bank_card,0,,470.93
ord_000007363,u_049722,ss_00163822,clk_0000090818,2026-07-28,p_00030,Electronics,3210,99,33,ozon_card,0,,515.21
ord_000007364,u_049732,ss_00163854,clk_0000090836,2026-07-13,p_01324,Kids,758,0,167,ozon_card,0,,199.81
ord_000007365,u_049736,ss_00163865,clk_0000090841,2026-07-16,p_01606,Electronics,1920,101,197,bank_card,0,,253.25
ord_000007366,u_049748,ss_00163900,clk_0000090864,2026-07-03,p_02191,Home,864,27,98,ozon_card,0,,157.25
ord_000007367,u_049751,ss_00163906,clk_0000090867,2026-07-28,p_03732,Books,264,8,0,bank_card,0,,55.65
ord_000007368,u_049753,ss_00163912,clk_0000090871,2026-07-13,p_00479,Beauty,152,11,29,bank_card,0,,49.05
ord_000007369,u_049753,ss_00163912,clk_0000090873,2026-07-13,p_03717,Kids,1141,0,285,ozon_card,0,,237.56
ord_000007370,u_049755,ss_00163917,clk_0000090877,2026-07-01,p_02657,Pet,339,10,254,bank_card,1,2026-08-04,-10.17
ord_000007371,u_049756,ss_00163922,clk_0000090878,2026-07-08,p_02956,FMCG,296,0,129,sberpay,0,,47.12
ord_000007372,u_049758,ss_00163930,clk_0000090881,2026-07-02,p_02732,Home,1358,0,0,bank_card,0,,186.18
ord_000007373,u_049762,ss_00163940,clk_0000090885,2026-07-28,p_00990,Pet,357,0,0,ozon_card,0,,67.83
ord_000007374,u_049775,ss_00163984,clk_0000090898,2026-07-12,p_02298,Beauty,815,144,274,ozon_card,0,,202.77
ord_000007375,u_049790,ss_00164024,clk_0000090917,2026-07-30,p_02502,Home,2894,0,218,ozon_card,0,,545.81
ord_000007376,u_049804,ss_00164076,clk_0000090945,2026-07-22,p_02686,Fashion,709,14,252,sberpay,0,,203.34
ord_000007377,u_049805,ss_00164080,clk_0000090949,2026-07-02,p_02995,Kids,7267,225,0,installment,0,,1789.86
ord_000007378,u_049805,ss_00164081,clk_0000090951,2026-07-26,p_03953,Beauty,346,26,155,bank_card,0,,89.93
ord_000007379,u_049810,ss_00164095,clk_0000090959,2026-07-26,p_01898,Fashion,2433,75,190,bank_card,0,,756.91
ord_000007380,u_049810,ss_00164096,clk_0000090961,2026-07-25,p_00088,Kids,1379,0,206,ozon_card,0,,377.29
ord_000007381,u_049814,ss_00164106,clk_0000090965,2026-07-27,p_00285,Sports,1189,63,158,bank_card,1,2026-08-23,-35.67
ord_000007382,u_049817,ss_00164114,clk_0000090974,2026-07-12,p_04247,Home,4274,0,0,bank_card,1,2026-07-18,-128.22
ord_000007383,u_049832,ss_00164154,clk_0000090991,2026-07-12,p_02084,Fashion,2221,45,121,ozon_card,0,,595.45
ord_000007384,u_049836,ss_00164167,clk_0000090997,2026-07-18,p_01722,FMCG,305,34,365,bank_card,0,,44.16
ord_000007385,u_049836,ss_00164170,clk_0000090998,2026-07-13,p_00922,Electronics,8204,0,0,installment,0,,690.78
ord_000007386,u_049843,ss_00164188,clk_0000091008,2026-07-21,p_02128,Fashion,704,0,170,ozon_card,1,2026-08-25,-21.12
ord_000007387,u_049850,ss_00164207,clk_0000091020,2026-07-25,p_01680,Electronics,5384,0,0,ozon_card,0,,610.55
ord_000007388,u_049873,ss_00164275,clk_0000091053,2026-07-15,p_00652,Kids,755,84,97,bank_card,0,,128.05
ord_000007389,u_049878,ss_00164293,clk_0000091058,2026-07-16,p_02043,Fashion,1940,40,377,bank_card,0,,407.4
ord_000007390,u_049878,ss_00164293,clk_0000091059,2026-07-16,p_01193,Fashion,1266,26,297,ozon_card,0,,407.78
ord_000007391,u_049881,ss_00164302,clk_0000091065,2026-07-24,p_02803,Fashion,1720,91,214,installment,0,,413.32
ord_000007392,u_049882,ss_00164309,clk_0000091068,2026-07-28,p_00474,Home,633,70,0,sberpay,0,,117.93
ord_000007393,u_049885,ss_00164319,clk_0000091076,2026-07-09,p_01942,Pet,1439,0,0,ozon_card,0,,282.04
ord_000007394,u_049896,ss_00164359,clk_0000091097,2026-07-18,p_03089,Home,2468,76,237,installment,1,2026-08-14,-74.04
ord_000007395,u_049916,ss_00164437,clk_0000091127,2026-07-01,p_03790,Home,1180,0,134,ozon_card,0,,122.96
ord_000007396,u_049922,ss_00164457,clk_0000091136,2026-07-12,p_03351,Auto,913,161,331,bank_card,0,,115.95
ord_000007397,u_049923,ss_00164459,clk_0000091139,2026-07-06,p_01156,FMCG,301,16,57,ozon_card,0,,14.36
ord_000007398,u_049932,ss_00164494,clk_0000091152,2026-07-10,p_02617,Auto,3127,165,0,sberpay,0,,622.9
ord_000007399,u_049939,ss_00164513,clk_0000091160,2026-07-13,p_02457,Electronics,1073,0,0,ozon_card,0,,199.26
ord_000007400,u_049943,ss_00164531,clk_0000091165,2026-07-08,p_02787,Electronics,4567,0,195,bank_card,1,2026-08-02,-137.01
ord_000007401,u_049979,ss_00164662,clk_0000091228,2026-07-30,p_04048,Home,2086,0,268,sberpay,1,2026-08-07,-62.58
ord_000007402,u_049984,ss_00164682,clk_0000091237,2026-07-08,p_04124,Kids,788,41,,bank_card,1,2026-07-21,-23.64
ord_000007403,u_049984,ss_00164684,clk_0000091242,2026-07-24,p_02682,Fashion,2707,55,194,sberpay,0,,765.0
ord_000007404,u_049987,ss_00164693,clk_0000091244,2026-07-18,p_00778,Electronics,3033,0,0,ozon_card,0,,497.11
ord_000007405,u_049994,ss_00164718,clk_0000091252,2026-07-01,p_02996,FMCG,203,0,194,bank_card,0,,35.93
ord_000007406,u_049999,ss_00164730,clk_0000091264,2026-07-14,p_00486,Auto,2651,82,243,bank_card,0,,352.05
ord_000007407,u_049999,ss_00164734,clk_0000091266,2026-07-10,p_03432,Fashion,1289,40,189,bank_card,0,,287.96
