user_id,premium_start_date,premium_status,monthly_fee_rub,source,is_trial
u_000003,2026-05-06,active,199,marketplace,0
u_000005,2026-06-11,active,199,marketplace,0
u_000021,2026-05-14,active,199,experiment_prompt,0
u_000023,2025-09-07,active,199,marketplace,0
u_000024,2026-04-30,cancelled,199,promo,1
u_000026,2026-04-24,active,199,experiment_prompt,0
u_000031,2026-01-23,active,199,promo,0
u_000047,2025-12-21,active,199,bank_card,0
u_000050,2025-10-28,active,199,bank_card,0
u_000055,2026-05-31,active,199,partner,0
u_000061,2026-05-21,active,199,marketplace,1
u_000087,2026-06-30,active,199,bank_card,0
u_000092,2026-01-17,active,199,marketplace,0
u_000096,2025-10-18,active,199,experiment_prompt,0
u_000100,2026-06-14,active,199,bank_card,0
u_000104,2026-01-08,active,199,bank_card,0
u_000105,2026-06-29,active,199,experiment_prompt,1
u_000106,2025-01-30,active,199,bank_card,0
u_000107,2026-02-02,active,199,marketplace,0
u_000113,2026-06-01,active,199,bank_card,1
u_000114,2026-04-23,active,199,marketplace,0
u_000116,2025-02-05,active,199,marketplace,0
u_000117,2025-09-27,active,199,bank_card,0
u_000121,2026-06-05,active,199,marketplace,0
u_000126,2026-03-17,active,199,marketplace,0
u_000129,2026-06-26,active,199,marketplace,0
u_000138,2026-05-19,active,199,bank_card,1
u_000145,2025-09-02,active,199,experiment_prompt,0
u_000148,2026-06-24,active,199,marketplace,0
u_000149,2026-02-10,active,199,partner,0
u_000151,2026-07-21,active,199,bank_card,0
u_000152,2026-02-26,active,199,promo,0
u_000153,2025-06-09,active,199,marketplace,0
u_000162,2026-04-03,active,199,experiment_prompt,0
u_000167,2026-02-26,active,199,experiment_prompt,0
u_000171,2026-02-16,active,199,bank_card,0
u_000178,2026-05-29,active,199,marketplace,0
u_000180,2025-12-20,active,199,marketplace,1
u_000181,2025-12-09,active,199,promo,0
u_000184,2026-02-18,active,199,promo,0
u_000186,2026-02-01,active,199,partner,0
u_000187,2026-05-15,active,199,promo,0
u_000198,2026-02-01,active,199,experiment_prompt,1
u_000200,2026-05-31,active,199,marketplace,0
u_000201,2026-04-01,active,199,bank_card,0
u_000212,2026-06-28,cancelled,199,experiment_prompt,0
u_000217,2026-06-26,active,199,bank_card,1
u_000223,2025-06-11,active,199,experiment_prompt,0
u_000228,2026-06-10,active,199,experiment_prompt,0
u_000230,2025-06-03,active,199,marketplace,0
u_000232,2026-05-26,active,199,experiment_prompt,0
u_000237,2025-12-03,active,199,promo,0
u_000254,2025-11-14,active,199,marketplace,0
u_000255,2026-07-17,active,199,bank_card,1
u_000260,2025-11-30,active,199,marketplace,0
u_000262,2026-04-09,active,199,marketplace,0
u_000263,2026-06-01,active,199,marketplace,0
u_000270,2026-06-20,active,199,experiment_prompt,0
u_000275,2025-09-18,active,199,marketplace,0
u_000280,2026-06-26,active,199,bank_card,0
u_000282,2026-05-23,active,199,marketplace,0
u_000283,2025-11-06,active,199,marketplace,0
u_000293,2026-06-30,active,199,promo,1
u_000294,2024-06-01,active,199,marketplace,0
u_000299,2026-02-22,active,199,marketplace,0
u_000305,2026-06-09,active,199,bank_card,0
u_000308,2026-04-29,active,199,marketplace,0
u_000330,2026-04-18,active,199,partner,0
u_000332,2026-02-27,active,199,experiment_prompt,1
u_000338,2026-02-02,cancelled,199,marketplace,0
u_000345,2026-03-20,active,199,marketplace,0
u_000346,2026-06-18,active,199,marketplace,0
u_000347,2026-03-03,active,199,marketplace,0
u_000353,2025-11-16,active,199,marketplace,1
u_000361,2026-06-24,active,199,marketplace,1
u_000365,2026-07-08,cancelled,199,marketplace,1
u_000369,2026-06-15,active,199,marketplace,0
u_000372,2026-05-18,active,199,experiment_prompt,0
u_000373,2025-12-17,active,199,marketplace,0
u_000378,2026-05-24,active,199,marketplace,0
u_000381,2025-06-28,active,199,marketplace,0
u_000394,2026-06-10,active,199,promo,1
u_000395,2026-03-12,active,199,experiment_prompt,0
u_000399,2025-11-16,active,199,marketplace,0
u_000427,2026-01-16,active,199,marketplace,0
u_000428,2025-12-21,active,199,marketplace,0
u_000435,2026-07-14,active,199,marketplace,1
u_000437,2026-04-13,active,199,marketplace,0
u_000447,2026-05-29,active,199,experiment_prompt,0
u_000451,2026-03-15,active,199,marketplace,0
u_000453,2026-04-11,active,199,bank_card,0
u_000455,2026-01-11,active,199,experiment_prompt,0
u_000461,2026-07-11,active,199,marketplace,1
u_000463,2026-07-01,active,199,promo,1
u_000467,2026-05-05,active,199,marketplace,0
u_000477,2026-06-04,active,199,experiment_prompt,1
u_000482,2025-09-07,active,199,marketplace,0
u_000484,2025-09-16,active,199,marketplace,1
u_000487,2025-12-23,active,199,experiment_prompt,1
u_000490,2025-10-04,active,199,experiment_prompt,0
u_000497,2026-05-18,active,199,experiment_prompt,0
u_000500,2026-05-13,cancelled,199,promo,1
u_000508,2026-04-25,active,199,marketplace,0
u_000510,2026-06-21,active,199,marketplace,0
u_000511,2025-12-15,active,199,experiment_prompt,0
u_000516,2025-03-30,active,199,partner,1
u_000528,2026-05-29,active,199,marketplace,0
u_000534,2026-05-06,active,199,marketplace,0
u_000536,2026-01-27,active,199,promo,0
u_000541,2026-04-23,active,199,promo,0
u_000548,2026-04-03,active,199,marketplace,0
u_000552,2026-04-17,active,199,experiment_prompt,0
u_000564,2026-07-17,active,199,experiment_prompt,1
u_000567,2026-06-30,active,199,promo,0
u_000569,2025-12-27,active,199,marketplace,0
u_000579,2026-06-18,active,199,bank_card,0
u_000583,2026-04-20,active,199,experiment_prompt,0
u_000584,2026-06-22,active,199,marketplace,1
u_000587,2026-06-18,active,199,bank_card,1
u_000604,2025-02-18,active,199,bank_card,0
u_000617,2026-06-07,active,199,marketplace,0
u_000620,2026-05-19,active,199,marketplace,1
u_000626,2026-01-25,active,199,marketplace,0
u_000629,2026-05-30,active,199,bank_card,0
u_000642,2026-06-28,active,199,partner,0
u_000643,2026-05-30,active,199,marketplace,0
u_000644,2026-04-06,active,199,marketplace,0
u_000650,2026-07-25,active,199,marketplace,0
u_000664,2025-08-07,active,199,marketplace,0
u_000668,2025-01-04,active,199,marketplace,0
u_000673,2026-06-26,active,199,bank_card,0
u_000674,2026-07-10,cancelled,199,experiment_prompt,1
u_000678,2026-04-06,active,199,bank_card,0
u_000681,2026-04-28,active,199,marketplace,0
u_000688,2025-10-14,active,199,promo,0
u_000703,2026-05-26,active,199,experiment_prompt,1
u_000704,2026-04-27,cancelled,199,experiment_prompt,0
u_000711,2026-06-22,active,199,bank_card,0
u_000732,2026-07-04,active,199,marketplace,0
u_000733,2026-07-21,active,199,marketplace,0
u_000734,2026-04-17,active,199,bank_card,1
u_000741,2026-05-17,active,199,bank_card,0
u_000748,2026-02-11,active,199,experiment_prompt,0
u_000752,2026-07-04,active,199,partner,1
u_000767,2026-06-25,active,199,promo,0
u_000770,2026-02-11,active,199,bank_card,0
u_000771,2026-06-23,active,199,experiment_prompt,1
u_000772,2026-06-24,active,199,bank_card,0
u_000779,2026-05-14,active,199,marketplace,0
u_000782,2026-07-10,active,199,promo,1
u_000802,2026-04-20,active,199,marketplace,0
u_000811,2026-04-01,cancelled,199,bank_card,0
u_000815,2026-06-11,active,199,bank_card,0
u_000816,2026-01-14,active,199,bank_card,0
u_000819,2026-06-12,active,199,bank_card,0
u_000823,2026-01-08,active,199,marketplace,0
u_000830,2025-09-10,active,199,experiment_prompt,1
u_000836,2026-06-23,active,199,marketplace,0
u_000838,2024-10-24,active,199,marketplace,0
u_000839,2026-03-18,active,199,marketplace,0
u_000847,2026-03-11,active,199,bank_card,0
u_000857,2026-02-26,active,199,marketplace,1
u_000861,2026-07-29,active,199,marketplace,0
u_000863,2026-07-01,active,199,marketplace,1
u_000868,2026-07-09,active,199,marketplace,1
u_000870,2026-02-04,active,199,marketplace,0
u_000875,2025-12-11,active,199,marketplace,0
u_000877,2026-03-23,active,199,promo,0
u_000880,2026-05-14,active,199,experiment_prompt,0
u_000885,2026-06-15,active,199,marketplace,0
u_000886,2026-03-13,active,199,marketplace,1
u_000890,2026-04-09,active,199,promo,0
u_000902,2026-05-09,active,199,promo,0
u_000903,2026-04-30,active,199,marketplace,0
u_000904,2025-12-15,active,199,experiment_prompt,0
u_000911,2026-06-22,active,199,experiment_prompt,1
u_000913,2026-01-27,active,199,promo,0
u_000917,2026-03-25,active,199,promo,0
u_000925,2026-06-24,active,199,experiment_prompt,0
u_000937,2026-03-21,cancelled,199,bank_card,0
u_000938,2026-06-09,active,199,marketplace,0
u_000942,2026-04-04,active,199,promo,0
u_000944,2026-03-31,active,199,promo,0
u_000951,2026-04-17,active,199,bank_card,0
u_000952,2026-01-11,cancelled,199,marketplace,0
u_000954,2025-11-06,active,199,promo,0
u_000959,2026-02-15,active,199,marketplace,0
u_000961,2026-02-10,active,199,experiment_prompt,0
u_000968,2026-06-23,active,199,marketplace,0
u_000970,2026-02-08,active,199,marketplace,0
u_000975,2025-01-20,cancelled,199,experiment_prompt,0
u_000979,2026-03-24,active,199,bank_card,0
u_000988,2025-12-15,active,199,marketplace,0
u_000989,2026-06-21,active,199,bank_card,1
u_000998,2026-05-18,active,199,marketplace,0
u_001004,2026-04-22,active,199,partner,0
u_001006,2026-01-18,active,199,experiment_prompt,1
u_001013,2026-04-20,active,199,experiment_prompt,0
u_001016,2026-06-15,active,199,marketplace,1
u_001023,2025-12-19,active,199,marketplace,0
u_001037,2025-11-04,active,199,bank_card,0
u_001039,2026-02-06,active,199,marketplace,0
u_001055,2025-08-09,active,199,partner,0
u_001058,2026-05-02,active,199,experiment_prompt,0
u_001060,2026-06-14,active,199,marketplace,0
u_001062,2026-06-02,active,199,bank_card,0
u_001064,2026-03-18,active,199,marketplace,0
u_001066,2026-06-02,active,199,marketplace,0
u_001074,2025-11-19,active,199,marketplace,0
u_001076,2025-12-09,active,199,bank_card,0
u_001079,2026-06-29,active,199,bank_card,0
u_001080,2026-06-24,active,199,promo,0
u_001091,2026-07-29,active,199,marketplace,0
u_001096,2026-06-20,active,199,bank_card,0
u_001102,2026-06-22,active,199,marketplace,0
u_001105,2026-05-06,active,199,experiment_prompt,1
u_001109,2026-05-26,active,199,marketplace,1
u_001110,2026-02-15,active,199,experiment_prompt,0
u_001123,2026-06-21,active,199,marketplace,0
u_001137,2025-07-05,active,199,promo,1
u_001144,2026-05-06,active,199,marketplace,0
u_001147,2025-11-10,active,199,experiment_prompt,0
u_001150,2026-06-13,active,199,bank_card,1
u_001157,2026-05-25,active,199,marketplace,0
u_001159,2026-07-11,active,199,marketplace,1
u_001188,2026-06-14,active,199,experiment_prompt,0
u_001191,2026-06-30,active,199,marketplace,0
u_001196,2026-05-11,active,199,promo,0
u_001200,2026-01-02,active,199,promo,0
u_001207,2026-05-05,active,199,bank_card,0
u_001208,2025-06-10,active,199,bank_card,0
u_001212,2025-03-31,active,199,marketplace,0
u_001216,2026-05-05,active,199,bank_card,0
u_001218,2026-07-11,active,199,marketplace,0
u_001224,2026-02-18,active,199,bank_card,0
u_001229,2026-06-14,active,199,partner,1
u_001232,2026-07-28,active,199,marketplace,1
u_001234,2026-07-22,active,199,bank_card,1
u_001237,2026-03-27,active,199,bank_card,0
u_001239,2026-06-15,active,199,marketplace,0
u_001248,2026-06-21,active,199,marketplace,0
u_001249,2026-06-09,active,199,marketplace,0
u_001251,2026-03-23,active,199,experiment_prompt,1
u_001264,2026-07-06,active,199,marketplace,0
u_001265,2026-06-23,active,199,marketplace,0
u_001266,2026-04-08,active,199,marketplace,0
u_001268,2026-04-19,active,199,bank_card,0
u_001271,2025-12-29,active,199,promo,1
u_001282,2026-07-09,active,199,marketplace,1
u_001289,2026-06-30,active,199,marketplace,0
u_001292,2026-04-06,active,199,experiment_prompt,0
u_001302,2026-05-21,active,199,partner,0
u_001305,2026-06-14,active,199,marketplace,0
u_001311,2026-02-20,active,199,experiment_prompt,0
u_001315,2026-07-08,active,199,marketplace,1
u_001318,2026-03-17,active,199,bank_card,0
u_001333,2026-06-18,active,199,experiment_prompt,0
u_001335,2025-11-20,active,199,experiment_prompt,0
u_001336,2026-04-28,active,199,partner,0
u_001340,2026-01-24,cancelled,199,marketplace,0
u_001352,2025-10-11,active,199,experiment_prompt,0
u_001357,2026-04-14,active,199,marketplace,0
u_001362,2026-03-29,active,199,experiment_prompt,0
u_001363,2026-01-20,active,199,experiment_prompt,0
u_001369,2026-06-16,active,199,bank_card,0
u_001372,2026-05-17,active,199,partner,0
u_001376,2026-07-29,active,199,experiment_prompt,0
u_001378,2026-06-23,active,199,marketplace,0
u_001381,2026-04-26,active,199,marketplace,1
u_001382,2026-06-30,active,199,marketplace,0
u_001402,2026-06-01,active,199,bank_card,1
u_001403,2026-07-01,active,199,experiment_prompt,0
u_001404,2026-01-31,active,199,bank_card,0
u_001422,2026-06-10,cancelled,199,experiment_prompt,0
u_001426,2026-02-09,active,199,marketplace,0
u_001427,2026-05-24,active,199,marketplace,0
u_001428,2026-05-11,active,199,marketplace,1
u_001432,2026-03-05,active,199,marketplace,1
u_001441,2025-01-21,active,199,experiment_prompt,0
u_001442,2026-04-07,active,199,bank_card,0
u_001469,2026-06-23,active,199,experiment_prompt,0
u_001470,2026-02-12,active,199,bank_card,0
u_001472,2026-06-21,active,199,marketplace,0
u_001475,2026-01-15,active,199,marketplace,0
u_001485,2026-05-28,active,199,marketplace,0
u_001493,2026-03-15,active,199,marketplace,0
u_001494,2026-01-05,active,199,marketplace,0
u_001497,2026-05-03,active,199,experiment_prompt,0
u_001498,2026-06-19,active,199,marketplace,1
u_001500,2025-12-10,active,199,marketplace,0
u_001503,2026-04-08,active,199,marketplace,0
u_001506,2026-06-11,active,199,bank_card,0
u_001510,2025-11-20,active,199,marketplace,1
u_001512,2026-03-10,active,199,experiment_prompt,0
u_001519,2026-06-22,active,199,experiment_prompt,0
u_001525,2026-04-25,active,199,marketplace,1
u_001526,2026-04-22,active,199,bank_card,0
u_001528,2026-05-30,active,199,marketplace,1
u_001531,2026-04-10,active,199,bank_card,0
u_001551,2026-02-06,active,199,marketplace,0
u_001554,2025-09-12,active,199,bank_card,0
u_001558,2025-11-09,active,199,experiment_prompt,0
u_001559,2025-06-30,active,199,marketplace,0
u_001571,2026-01-28,active,199,marketplace,0
u_001573,2026-04-20,active,199,experiment_prompt,0
u_001575,2026-06-05,active,199,bank_card,0
u_001582,2026-06-20,active,199,marketplace,0
u_001585,2026-01-21,active,199,marketplace,0
u_001590,2026-06-17,active,199,marketplace,1
u_001593,2026-06-05,active,199,marketplace,0
u_001597,2026-03-28,cancelled,199,experiment_prompt,0
u_001600,2025-12-05,active,199,bank_card,0
u_001603,2026-06-19,active,199,marketplace,0
u_001605,2025-05-27,active,199,bank_card,0
u_001623,2026-02-16,active,199,promo,1
u_001633,2026-03-06,active,199,partner,0
u_001638,2026-03-12,active,199,bank_card,0
u_001642,2026-03-29,active,199,promo,0
u_001643,2026-06-13,active,199,bank_card,0
u_001653,2026-07-30,active,199,marketplace,1
u_001658,2025-11-26,active,199,marketplace,0
u_001660,2025-09-29,cancelled,199,marketplace,0
u_001661,2026-04-09,active,199,experiment_prompt,0
u_001665,2025-11-25,active,199,experiment_prompt,0
u_001668,2026-02-23,active,199,marketplace,0
u_001672,2026-04-16,cancelled,199,marketplace,0
u_001686,2026-03-21,active,199,experiment_prompt,0
u_001702,2026-06-07,active,199,bank_card,0
u_001703,2026-07-03,active,199,experiment_prompt,0
u_001705,2026-04-19,active,199,marketplace,0
u_001731,2026-03-27,active,199,marketplace,1
u_001735,2026-07-01,active,199,marketplace,0
u_001740,2026-06-27,active,199,bank_card,0
u_001742,2025-12-13,active,199,marketplace,0
u_001744,2025-10-21,active,199,bank_card,1
u_001747,2026-03-04,active,199,promo,0
u_001757,2026-02-04,active,199,marketplace,0
u_001758,2026-06-12,active,199,marketplace,0
u_001770,2025-09-19,active,199,promo,1
u_001789,2026-03-20,active,199,marketplace,0
u_001797,2026-06-28,active,199,experiment_prompt,0
u_001800,2026-06-04,active,199,bank_card,0
u_001812,2025-11-20,active,199,marketplace,0
u_001818,2025-12-24,active,199,marketplace,1
u_001823,2026-07-20,active,199,promo,1
u_001834,2026-05-26,cancelled,199,bank_card,0
u_001835,2026-02-10,active,199,marketplace,0
u_001837,2026-05-01,active,199,partner,0
u_001843,2026-06-18,active,199,marketplace,0
u_001847,2026-07-30,active,199,experiment_prompt,1
u_001849,2026-06-15,active,199,marketplace,1
u_001855,2026-07-09,active,199,marketplace,1
u_001865,2026-02-20,active,199,promo,1
u_001868,2026-04-10,active,199,bank_card,0
u_001871,2025-05-26,active,199,marketplace,0
u_001873,2026-06-11,active,199,bank_card,0
u_001877,2026-06-03,active,199,bank_card,0
u_001884,2026-06-10,active,199,bank_card,0
u_001889,2026-05-02,active,199,bank_card,0
u_001897,2026-05-12,active,199,bank_card,0
u_001899,2026-02-17,active,199,bank_card,0
u_001901,2026-02-01,active,199,promo,0
u_001902,2026-05-15,active,199,marketplace,0
u_001912,2025-05-04,active,199,bank_card,1
u_001913,2025-07-23,active,199,marketplace,0
u_001924,2026-04-23,active,199,experiment_prompt,0
u_001932,2026-01-01,active,199,marketplace,0
u_001934,2026-02-19,active,199,promo,1
u_001935,2025-10-04,active,199,promo,0
u_001939,2026-05-19,active,199,marketplace,0
u_001941,2026-01-31,active,199,experiment_prompt,0
u_001942,2025-11-29,active,199,bank_card,0
u_001947,2026-02-12,active,199,marketplace,0
u_001948,2026-04-10,active,199,marketplace,0
u_001949,2026-06-16,active,199,partner,1
u_001953,2025-09-12,active,199,marketplace,1
u_001957,2026-05-04,active,199,experiment_prompt,1
u_001964,2026-02-13,active,199,bank_card,0
u_001965,2025-12-09,active,199,bank_card,0
u_001967,2026-04-27,active,199,marketplace,0
u_001970,2026-07-30,active,199,marketplace,0
u_001975,2026-05-05,active,199,marketplace,0
u_001984,2026-02-18,active,199,partner,0
u_001990,2025-07-30,active,199,experiment_prompt,0
u_001993,2026-02-23,active,199,bank_card,0
u_001994,2026-05-29,active,199,marketplace,0
u_001998,2026-06-18,cancelled,199,bank_card,0
u_002000,2026-03-09,active,199,marketplace,0
u_002008,2025-07-21,active,199,marketplace,0
u_002012,2026-05-22,active,199,experiment_prompt,0
u_002018,2026-05-29,active,199,experiment_prompt,0
u_002028,2025-12-31,active,199,marketplace,1
u_002041,2026-04-15,active,199,bank_card,0
u_002043,2025-10-29,active,199,marketplace,0
u_002045,2026-05-23,active,199,partner,1
u_002047,2026-04-13,active,199,marketplace,0
u_002075,2026-06-12,active,199,marketplace,0
u_002084,2026-05-04,active,199,experiment_prompt,0
u_002086,2026-07-01,active,199,marketplace,1
u_002095,2026-04-05,active,199,marketplace,0
u_002099,2026-07-01,active,199,marketplace,1
u_002100,2025-10-08,active,199,marketplace,0
u_002102,2026-02-15,active,199,marketplace,1
u_002115,2025-09-09,active,199,marketplace,0
u_002134,2026-06-19,active,199,bank_card,1
u_002136,2026-03-27,active,199,bank_card,0
u_002139,2026-04-15,active,199,bank_card,0
u_002142,2026-07-24,active,199,marketplace,0
u_002143,2026-03-25,active,199,marketplace,0
u_002145,2026-04-27,active,199,promo,0
u_002148,2026-04-22,active,199,marketplace,0
u_002149,2026-05-22,active,199,marketplace,0
u_002151,2026-04-16,active,199,promo,0
u_002154,2026-06-24,active,199,marketplace,0
u_002171,2026-01-16,active,199,marketplace,0
u_002188,2026-04-27,cancelled,199,marketplace,0
u_002202,2026-05-31,active,199,experiment_prompt,0
u_002204,2025-12-11,active,199,marketplace,0
u_002206,2026-06-24,active,199,bank_card,0
u_002210,2026-05-10,active,199,marketplace,0
u_002214,2025-08-04,active,199,marketplace,0
u_002215,2026-06-03,active,199,experiment_prompt,0
u_002217,2026-07-19,active,199,bank_card,1
u_002236,2026-01-18,active,199,experiment_prompt,1
u_002238,2026-02-04,active,199,marketplace,0
u_002243,2026-04-16,active,199,experiment_prompt,0
u_002244,2026-05-03,active,199,marketplace,0
u_002245,2026-05-24,cancelled,199,bank_card,0
u_002252,2026-06-02,active,199,marketplace,0
u_002257,2026-02-13,active,199,promo,0
u_002262,2026-07-16,active,199,marketplace,0
u_002275,2025-07-07,active,199,bank_card,0
u_002294,2025-09-01,active,199,bank_card,0
u_002295,2026-06-16,cancelled,199,promo,0
u_002298,2026-06-22,active,199,experiment_prompt,0
u_002299,2025-07-09,active,199,promo,1
u_002309,2026-01-06,cancelled,199,marketplace,0
u_002324,2026-05-29,active,199,marketplace,0
u_002342,2026-06-22,active,199,bank_card,0
u_002344,2026-04-26,cancelled,199,marketplace,0
u_002347,2026-03-13,active,199,marketplace,0
u_002351,2026-06-12,active,199,partner,0
u_002367,2026-02-04,active,199,bank_card,0
u_002378,2026-07-24,active,199,bank_card,1
u_002382,2026-04-10,active,199,marketplace,0
u_002383,2026-05-03,active,199,marketplace,0
u_002384,2026-06-25,cancelled,199,bank_card,0
u_002387,2026-01-29,active,199,promo,0
u_002392,2026-03-17,active,199,bank_card,0
u_002406,2026-05-10,active,199,marketplace,0
u_002422,2026-03-06,active,199,experiment_prompt,0
u_002423,2026-05-22,cancelled,199,marketplace,0
u_002440,2026-05-07,active,199,experiment_prompt,0
u_002442,2026-05-07,active,199,bank_card,0
u_002448,2026-01-05,active,199,bank_card,0
u_002449,2026-07-10,active,199,experiment_prompt,0
u_002455,2026-05-20,active,199,bank_card,0
u_002459,2026-05-06,active,199,experiment_prompt,0
u_002461,2026-06-09,active,199,promo,0
u_002464,2025-10-13,active,199,experiment_prompt,0
u_002490,2025-10-14,active,199,bank_card,0
u_002495,2026-06-22,active,199,experiment_prompt,0
u_002496,2026-07-16,active,199,bank_card,1
u_002499,2026-06-30,active,199,experiment_prompt,0
u_002502,2026-04-28,active,199,bank_card,1
u_002507,2026-06-08,active,199,marketplace,0
u_002511,2026-05-17,active,199,partner,0
u_002517,2025-09-04,active,199,marketplace,0
u_002518,2026-05-30,active,199,bank_card,0
u_002522,2026-01-31,active,199,marketplace,0
u_002523,2026-04-30,cancelled,199,bank_card,1
u_002533,2026-03-01,active,199,bank_card,0
u_002534,2026-06-26,active,199,bank_card,0
u_002539,2026-04-10,active,199,marketplace,0
u_002551,2026-02-16,active,199,marketplace,0
u_002559,2026-07-30,cancelled,199,experiment_prompt,1
u_002562,2026-05-17,active,199,bank_card,0
u_002563,2026-03-02,active,199,marketplace,0
u_002564,2026-05-23,active,199,marketplace,0
u_002567,2025-08-14,active,199,marketplace,1
u_002571,2026-03-22,active,199,marketplace,0
u_002583,2026-06-23,active,199,promo,0
u_002591,2026-02-26,active,199,promo,0
u_002594,2026-06-27,active,199,marketplace,0
u_002599,2026-05-26,active,199,marketplace,0
u_002605,2026-05-06,active,199,marketplace,0
u_002607,2026-07-01,active,199,experiment_prompt,0
u_002611,2026-05-31,active,199,bank_card,0
u_002614,2026-05-07,active,199,marketplace,1
u_002616,2026-07-24,active,199,marketplace,0
u_002629,2026-05-30,active,199,bank_card,0
u_002630,2026-06-25,active,199,experiment_prompt,0
u_002636,2026-03-23,active,199,experiment_prompt,0
u_002638,2026-05-29,active,199,experiment_prompt,0
u_002641,2026-06-21,active,199,bank_card,0
u_002643,2026-05-13,active,199,marketplace,1
u_002649,2026-01-02,active,199,promo,0
u_002658,2026-05-27,active,199,marketplace,0
u_002660,2026-05-10,active,199,promo,0
u_002661,2026-03-08,active,199,promo,0
u_002666,2026-07-28,active,199,partner,1
u_002676,2025-07-10,active,199,bank_card,1
u_002677,2025-11-02,active,199,bank_card,0
u_002678,2026-06-04,active,199,bank_card,1
u_002681,2025-11-21,active,199,marketplace,1
u_002686,2026-04-07,active,199,marketplace,0
u_002689,2026-06-12,active,199,experiment_prompt,0
u_002691,2026-06-11,active,199,marketplace,0
u_002694,2026-05-25,active,199,marketplace,0
u_002697,2025-12-16,active,199,marketplace,0
u_002701,2026-03-15,active,199,marketplace,0
u_002703,2026-05-02,active,199,marketplace,0
u_002720,2026-07-15,active,199,experiment_prompt,1
u_002730,2025-12-24,active,199,bank_card,0
u_002744,2026-02-19,active,199,promo,0
u_002760,2026-05-08,cancelled,199,partner,0
u_002761,2025-10-04,active,199,marketplace,0
u_002780,2026-07-23,active,199,marketplace,1
u_002783,2026-06-08,active,199,promo,0
u_002784,2026-02-14,active,199,experiment_prompt,0
u_002786,2026-05-04,active,199,marketplace,0
u_002789,2026-03-22,active,199,marketplace,0
u_002794,2026-02-01,active,199,marketplace,1
u_002803,2025-10-25,active,199,promo,0
u_002806,2026-06-28,active,199,marketplace,1
u_002809,2026-05-21,active,199,partner,1
u_002812,2026-06-06,active,199,partner,1
u_002814,2026-07-07,active,199,bank_card,0
u_002820,2025-05-02,active,199,marketplace,1
u_002828,2026-03-31,active,199,marketplace,0
u_002848,2025-12-17,active,199,marketplace,0
u_002850,2026-07-24,active,199,experiment_prompt,1
u_002851,2026-06-09,active,199,marketplace,1
u_002853,2026-06-30,cancelled,199,experiment_prompt,0
u_002854,2026-05-12,active,199,marketplace,0
u_002863,2026-05-29,active,199,marketplace,0
u_002874,2026-02-22,active,199,marketplace,0
u_002876,2025-10-13,active,199,experiment_prompt,0
u_002883,2026-03-26,active,199,promo,0
u_002884,2026-06-25,active,199,marketplace,0
u_002891,2025-11-27,cancelled,199,partner,0
u_002892,2026-06-11,active,199,marketplace,0
u_002912,2026-01-27,active,199,promo,0
u_002915,2026-06-30,active,199,experiment_prompt,0
u_002918,2026-02-12,active,199,bank_card,0
u_002921,2026-06-09,active,199,marketplace,0
u_002922,2026-04-20,active,199,marketplace,0
u_002926,2026-07-30,active,199,marketplace,1
u_002929,2025-11-11,active,199,experiment_prompt,1
u_002932,2025-12-31,cancelled,199,bank_card,0
u_002939,2026-05-09,active,199,marketplace,0
u_002943,2026-05-15,active,199,marketplace,1
u_002948,2026-07-27,active,199,promo,1
u_002951,2026-06-17,active,199,experiment_prompt,0
u_002954,2026-02-13,active,199,marketplace,0
u_002960,2026-06-16,active,199,bank_card,1
u_002964,2026-06-17,active,199,promo,0
u_002966,2025-11-03,active,199,marketplace,0
u_002975,2026-05-01,active,199,marketplace,0
u_002984,2025-02-09,active,199,experiment_prompt,0
u_002989,2026-05-19,active,199,marketplace,0
u_002990,2026-06-05,active,199,marketplace,1
u_002991,2026-07-20,active,199,marketplace,1
u_002993,2026-04-26,active,199,marketplace,0
u_002998,2026-05-06,active,199,bank_card,0
u_003017,2026-05-05,active,199,bank_card,1
u_003028,2026-06-22,active,199,marketplace,1
u_003029,2026-04-17,active,199,marketplace,1
u_003033,2026-06-14,active,199,bank_card,0
u_003038,2026-06-30,active,199,bank_card,0
u_003064,2026-06-28,active,199,marketplace,0
u_003067,2026-05-23,active,199,bank_card,0
u_003072,2025-07-18,active,199,promo,1
u_003074,2026-03-08,active,199,marketplace,1
u_003075,2025-09-24,active,199,marketplace,0
u_003090,2025-10-27,cancelled,199,marketplace,0
u_003093,2025-07-19,cancelled,199,marketplace,0
u_003094,2026-06-20,active,199,marketplace,1
u_003104,2026-01-04,active,199,marketplace,0
u_003105,2025-01-10,active,199,promo,1
u_003114,2026-07-23,active,199,marketplace,1
u_003115,2026-04-16,active,199,experiment_prompt,1
u_003119,2026-02-10,active,199,marketplace,1
u_003121,2026-04-13,active,199,marketplace,1
u_003124,2026-05-29,cancelled,199,marketplace,0
u_003129,2026-03-11,active,199,marketplace,1
u_003134,2026-05-07,active,199,partner,0
u_003135,2026-05-13,active,199,experiment_prompt,0
u_003137,2026-06-02,active,199,marketplace,0
u_003145,2026-04-25,active,199,promo,0
u_003149,2025-11-26,active,199,experiment_prompt,0
u_003162,2025-12-18,active,199,bank_card,0
u_003166,2026-06-08,active,199,marketplace,0
u_003168,2026-04-13,active,199,experiment_prompt,0
u_003174,2026-06-09,active,199,experiment_prompt,1
u_003176,2026-06-30,active,199,marketplace,0
u_003188,2026-03-28,active,199,marketplace,0
u_003189,2026-03-24,active,199,marketplace,0
u_003191,2026-06-10,active,199,marketplace,0
u_003193,2026-07-30,active,199,marketplace,0
u_003198,2025-11-14,active,199,bank_card,1
u_003202,2026-03-19,active,199,marketplace,0
u_003207,2026-05-26,active,199,experiment_prompt,0
u_003212,2026-05-19,active,199,marketplace,0
u_003220,2026-04-25,active,199,marketplace,0
u_003222,2026-06-14,active,199,experiment_prompt,0
u_003229,2026-06-05,active,199,experiment_prompt,1
u_003242,2026-02-03,cancelled,199,marketplace,0
u_003248,2025-12-01,active,199,marketplace,0
u_003250,2026-03-01,cancelled,199,bank_card,0
u_003252,2026-03-24,active,199,bank_card,0
u_003257,2026-07-01,active,199,marketplace,1
u_003262,2025-10-11,active,199,partner,0
u_003267,2026-06-20,active,199,marketplace,0
u_003268,2026-05-30,active,199,bank_card,0
u_003270,2026-04-02,active,199,bank_card,0
u_003281,2026-04-02,active,199,promo,0
u_003291,2026-04-09,active,199,marketplace,1
u_003293,2026-06-15,active,199,bank_card,0
u_003300,2026-07-19,active,199,bank_card,0
u_003308,2025-10-24,active,199,bank_card,0
u_003309,2026-01-31,active,199,promo,0
u_003315,2026-06-17,active,199,marketplace,0
u_003316,2025-07-26,active,199,bank_card,0
u_003319,2026-05-10,active,199,bank_card,0
u_003321,2026-02-24,active,199,marketplace,0
u_003322,2025-11-13,active,199,marketplace,0
u_003325,2026-05-15,active,199,marketplace,0
u_003327,2026-05-25,active,199,experiment_prompt,0
u_003328,2026-06-24,cancelled,199,marketplace,0
u_003331,2026-04-29,active,199,marketplace,0
u_003333,2026-07-08,active,199,promo,1
u_003344,2026-03-30,active,199,bank_card,0
u_003349,2026-02-19,cancelled,199,marketplace,0
u_003354,2026-07-04,active,199,bank_card,1
u_003361,2026-05-06,active,199,marketplace,0
u_003367,2026-02-24,active,199,experiment_prompt,0
u_003379,2026-05-14,active,199,marketplace,0
u_003385,2026-06-13,active,199,marketplace,0
u_003397,2026-06-04,active,199,bank_card,0
u_003409,2026-04-06,active,199,promo,0
u_003411,2026-06-24,active,199,experiment_prompt,0
u_003426,2026-06-20,active,199,marketplace,0
u_003427,2026-06-06,active,199,marketplace,0
u_003431,2026-06-16,active,199,marketplace,0
u_003432,2026-01-04,active,199,experiment_prompt,0
u_003438,2025-03-02,active,199,marketplace,0
u_003439,2026-03-17,active,199,marketplace,0
u_003444,2026-04-28,active,199,promo,0
u_003449,2026-07-27,active,199,bank_card,0
u_003452,2025-12-22,active,199,marketplace,0
u_003453,2026-01-30,active,199,marketplace,0
u_003457,2026-06-09,active,199,promo,0
u_003460,2026-04-20,active,199,promo,0
u_003474,2026-06-14,active,199,marketplace,0
u_003495,2026-02-16,active,199,bank_card,1
u_003507,2025-11-24,active,199,marketplace,1
u_003509,2026-03-10,active,199,bank_card,0
u_003512,2026-06-06,active,199,marketplace,0
u_003515,2026-07-14,active,199,marketplace,1
u_003524,2026-06-29,active,199,bank_card,0
u_003526,2026-04-20,active,199,marketplace,1
u_003529,2026-04-03,active,199,partner,0
u_003531,2026-07-16,active,199,experiment_prompt,0
u_003550,2026-02-13,active,199,experiment_prompt,0
u_003552,2026-07-01,cancelled,199,marketplace,0
u_003558,2025-12-31,active,199,experiment_prompt,0
u_003562,2026-04-21,active,199,promo,0
u_003577,2026-05-17,active,199,experiment_prompt,1
u_003578,2026-05-06,active,199,marketplace,0
u_003581,2026-04-26,active,199,bank_card,0
u_003583,2026-02-11,active,199,promo,0
u_003588,2026-06-11,active,199,experiment_prompt,0
u_003590,2025-12-21,active,199,marketplace,1
u_003592,2026-01-31,active,199,experiment_prompt,0
u_003605,2026-06-17,active,199,bank_card,1
u_003610,2026-03-07,active,199,marketplace,0
u_003615,2026-03-27,active,199,marketplace,0
u_003643,2026-05-22,active,199,experiment_prompt,0
u_003651,2026-06-02,active,199,experiment_prompt,0
u_003655,2026-02-18,active,199,marketplace,0
u_003663,2026-04-10,active,199,promo,1
u_003669,2026-06-20,active,199,experiment_prompt,0
u_003672,2026-07-14,active,199,promo,1
u_003674,2026-02-16,active,199,experiment_prompt,0
u_003675,2025-11-26,active,199,marketplace,0
u_003682,2025-12-23,active,199,promo,0
u_003686,2026-06-02,active,199,marketplace,0
u_003696,2025-12-13,active,199,bank_card,0
u_003709,2026-04-27,active,199,bank_card,0
u_003713,2026-04-03,active,199,marketplace,0
u_003714,2026-06-13,active,199,experiment_prompt,0
u_003722,2026-06-28,active,199,bank_card,0
u_003723,2026-02-14,active,199,marketplace,1
u_003730,2026-06-27,active,199,bank_card,0
u_003742,2026-03-23,active,199,marketplace,0
u_003744,2026-03-18,active,199,experiment_prompt,0
u_003745,2025-03-22,active,199,bank_card,0
u_003747,2026-07-27,active,199,bank_card,0
u_003752,2026-06-10,cancelled,199,marketplace,0
u_003762,2025-12-04,active,199,promo,0
u_003763,2026-06-05,active,199,marketplace,0
u_003764,2026-04-11,active,199,marketplace,0
u_003765,2026-04-22,active,199,experiment_prompt,0
u_003779,2026-03-10,active,199,partner,0
u_003781,2026-04-29,active,199,marketplace,0
u_003782,2026-07-19,active,199,bank_card,1
u_003793,2026-03-06,active,199,marketplace,0
u_003801,2026-05-02,active,199,promo,0
u_003816,2026-05-27,active,199,marketplace,0
u_003820,2026-05-31,active,199,marketplace,0
u_003821,2026-06-02,active,199,marketplace,0
u_003827,2026-05-19,active,199,marketplace,0
u_003828,2026-05-18,active,199,marketplace,0
u_003831,2026-02-06,active,199,experiment_prompt,1
u_003836,2026-06-27,active,199,bank_card,0
u_003840,2025-12-26,active,199,marketplace,1
u_003845,2025-04-16,active,199,marketplace,0
u_003846,2026-06-24,active,199,marketplace,0
u_003853,2026-02-23,active,199,marketplace,0
u_003858,2025-05-11,active,199,bank_card,1
u_003862,2026-06-24,active,199,marketplace,0
u_003876,2026-07-28,active,199,marketplace,0
u_003877,2026-03-12,active,199,marketplace,1
u_003881,2026-07-13,active,199,marketplace,1
u_003883,2026-05-29,active,199,experiment_prompt,0
u_003887,2026-05-22,active,199,marketplace,1
u_003889,2026-06-26,active,199,promo,0
u_003904,2026-03-11,active,199,partner,1
u_003907,2025-12-21,active,199,marketplace,0
u_003912,2026-06-21,active,199,experiment_prompt,1
u_003913,2026-06-17,cancelled,199,promo,1
u_003916,2026-07-01,active,199,experiment_prompt,0
u_003918,2026-03-13,active,199,experiment_prompt,0
u_003919,2026-03-01,active,199,promo,0
u_003923,2026-05-04,active,199,bank_card,0
u_003928,2026-05-14,cancelled,199,bank_card,0
u_003936,2026-01-11,active,199,promo,1
u_003938,2026-07-02,active,199,marketplace,0
u_003939,2026-07-04,active,199,marketplace,0
u_003945,2026-01-17,active,199,experiment_prompt,0
u_003947,2025-09-09,active,199,bank_card,0
u_003948,2026-03-20,active,199,partner,0
u_003950,2026-01-10,active,199,experiment_prompt,1
u_003951,2026-05-31,active,199,promo,0
u_003956,2026-06-06,cancelled,199,marketplace,0
u_003967,2026-04-06,active,199,promo,0
u_003968,2026-04-29,active,199,marketplace,0
u_003975,2026-06-21,active,199,marketplace,0
u_003980,2026-05-11,active,199,marketplace,0
u_003982,2026-06-17,active,199,marketplace,0
u_003989,2026-06-23,active,199,marketplace,0
u_003990,2025-12-23,active,199,experiment_prompt,1
u_003994,2026-06-13,active,199,experiment_prompt,0
u_003998,2026-06-04,active,199,marketplace,1
u_004000,2026-06-07,active,199,marketplace,0
u_004001,2026-06-20,active,199,experiment_prompt,0
u_004004,2026-05-21,cancelled,199,marketplace,0
u_004011,2026-03-16,active,199,bank_card,0
u_004020,2026-06-08,active,199,experiment_prompt,0
u_004026,2025-06-30,active,199,marketplace,0
u_004028,2026-01-02,active,199,promo,0
u_004038,2026-04-16,active,199,promo,0
u_004045,2026-06-14,active,199,marketplace,0
u_004056,2026-05-28,active,199,marketplace,0
u_004064,2026-04-01,active,199,promo,1
u_004081,2025-12-25,active,199,marketplace,0
u_004082,2026-06-16,active,199,experiment_prompt,1
u_004084,2026-04-06,active,199,promo,0
u_004085,2026-04-26,active,199,marketplace,0
u_004086,2025-10-03,active,199,bank_card,0
u_004093,2026-06-23,active,199,marketplace,0
u_004094,2026-07-01,active,199,marketplace,0
u_004102,2026-06-07,active,199,experiment_prompt,0
u_004115,2026-02-13,active,199,promo,0
u_004119,2026-04-25,active,199,bank_card,0
u_004120,2026-03-07,active,199,marketplace,0
u_004124,2026-05-08,active,199,marketplace,0
u_004131,2025-12-27,active,199,partner,0
u_004136,2026-03-20,active,199,marketplace,0
u_004139,2026-03-19,active,199,marketplace,0
u_004140,2026-06-29,active,199,bank_card,0
u_004144,2025-12-28,active,199,bank_card,1
u_004163,2026-01-09,active,199,bank_card,0
u_004166,2026-06-16,active,199,promo,1
u_004168,2026-06-13,active,199,marketplace,0
u_004170,2026-03-27,active,199,experiment_prompt,0
u_004179,2026-04-25,active,199,experiment_prompt,0
u_004182,2026-07-22,active,199,marketplace,1
u_004184,2026-03-16,active,199,experiment_prompt,0
u_004187,2026-03-08,active,199,promo,0
u_004189,2026-05-25,active,199,marketplace,0
u_004190,2026-04-24,active,199,experiment_prompt,0
u_004200,2026-05-16,cancelled,199,marketplace,0
u_004206,2026-05-13,active,199,experiment_prompt,0
u_004213,2026-02-12,active,199,experiment_prompt,0
u_004214,2024-11-10,active,199,marketplace,0
u_004225,2025-12-26,active,199,marketplace,0
u_004232,2026-03-14,active,199,bank_card,0
u_004240,2026-06-03,active,199,bank_card,0
u_004248,2026-02-18,active,199,marketplace,0
u_004250,2026-05-07,active,199,promo,0
u_004259,2025-11-16,active,199,partner,0
u_004280,2026-01-24,active,199,bank_card,0
u_004284,2026-02-25,active,199,partner,0
u_004289,2026-03-08,active,199,experiment_prompt,0
u_004290,2026-07-18,active,199,marketplace,1
u_004296,2026-02-28,active,199,bank_card,0
u_004308,2025-10-20,active,199,experiment_prompt,0
u_004309,2026-06-02,active,199,bank_card,1
u_004317,2025-11-23,active,199,experiment_prompt,1
u_004322,2026-01-29,active,199,experiment_prompt,0
u_004324,2026-01-22,cancelled,199,promo,1
u_004332,2026-05-18,active,199,partner,0
u_004340,2026-06-07,active,199,marketplace,0
u_004343,2026-05-25,active,199,bank_card,0
u_004345,2026-04-08,active,199,marketplace,0
u_004348,2026-03-14,active,199,experiment_prompt,0
u_004352,2026-05-13,active,199,marketplace,0
u_004357,2025-10-19,active,199,experiment_prompt,0
u_004365,2026-05-16,active,199,marketplace,0
u_004373,2025-11-11,active,199,marketplace,0
u_004386,2025-12-08,active,199,marketplace,1
u_004388,2026-02-22,active,199,experiment_prompt,0
u_004393,2026-07-14,active,199,promo,0
u_004396,2026-05-20,active,199,marketplace,0
u_004413,2026-04-28,active,199,experiment_prompt,0
u_004416,2025-05-04,active,199,bank_card,0
u_004419,2026-07-06,active,199,marketplace,1
u_004436,2026-04-05,active,199,marketplace,0
u_004440,2025-02-11,active,199,bank_card,0
u_004446,2026-04-10,active,199,experiment_prompt,0
u_004447,2026-07-23,active,199,marketplace,1
u_004462,2026-03-19,active,199,bank_card,0
u_004467,2026-04-30,active,199,bank_card,0
u_004494,2025-02-21,active,199,marketplace,0
u_004505,2026-04-01,active,199,marketplace,0
u_004521,2026-05-28,active,199,partner,1
u_004526,2026-06-19,active,199,marketplace,0
u_004531,2026-04-28,active,199,experiment_prompt,0
u_004538,2026-06-30,active,199,bank_card,0
u_004539,2026-03-17,active,199,bank_card,1
u_004545,2026-05-07,active,199,marketplace,0
u_004550,2026-04-07,active,199,partner,0
u_004562,2025-12-10,active,199,bank_card,0
u_004593,2026-03-13,active,199,marketplace,0
u_004594,2026-03-01,active,199,partner,0
u_004611,2026-05-05,active,199,experiment_prompt,0
u_004614,2025-12-25,active,199,bank_card,0
u_004619,2026-07-05,active,199,marketplace,0
u_004622,2025-03-15,active,199,marketplace,0
u_004624,2026-05-02,active,199,marketplace,1
u_004626,2026-06-23,active,199,bank_card,0
u_004629,2025-01-19,active,199,bank_card,0
u_004630,2026-02-22,active,199,marketplace,1
u_004635,2026-05-28,active,199,marketplace,0
u_004640,2026-05-26,active,199,marketplace,0
u_004641,2026-06-30,active,199,experiment_prompt,0
u_004643,2026-01-08,cancelled,199,marketplace,0
u_004650,2026-06-28,active,199,marketplace,1
u_004653,2026-06-27,active,199,experiment_prompt,0
u_004656,2026-01-16,cancelled,199,experiment_prompt,0
u_004658,2026-05-09,active,199,experiment_prompt,0
u_004669,2026-05-30,active,199,bank_card,0
u_004672,2026-05-27,active,199,marketplace,0
u_004677,2025-07-22,active,199,bank_card,1
u_004682,2026-04-19,active,199,marketplace,1
u_004683,2026-04-24,active,199,promo,0
u_004685,2026-07-09,active,199,experiment_prompt,0
u_004695,2026-06-24,active,199,partner,0
u_004703,2026-03-03,active,199,marketplace,1
u_004722,2026-05-03,active,199,marketplace,1
u_004726,2026-05-18,active,199,promo,0
u_004731,2026-07-09,active,199,experiment_prompt,0
u_004732,2026-06-23,active,199,promo,0
u_004736,2026-01-27,active,199,marketplace,0
u_004741,2026-02-03,active,199,experiment_prompt,0
u_004742,2026-06-26,active,199,marketplace,1
u_004743,2026-06-30,active,199,bank_card,1
u_004744,2026-01-23,active,199,marketplace,0
u_004753,2026-06-18,active,199,marketplace,0
u_004760,2026-07-13,active,199,experiment_prompt,0
u_004764,2026-05-12,active,199,promo,0
u_004771,2026-07-30,active,199,experiment_prompt,1
u_004791,2026-06-17,active,199,experiment_prompt,0
u_004814,2026-03-19,active,199,bank_card,0
u_004836,2026-05-29,active,199,marketplace,0
u_004837,2026-05-14,active,199,marketplace,0
u_004838,2026-05-05,active,199,marketplace,1
u_004845,2026-06-30,active,199,partner,0
u_004847,2025-12-19,active,199,bank_card,0
u_004852,2026-04-17,active,199,marketplace,0
u_004855,2025-07-21,active,199,bank_card,0
u_004862,2026-05-24,active,199,bank_card,1
u_004870,2026-06-12,active,199,marketplace,0
u_004877,2026-05-06,active,199,experiment_prompt,0
u_004883,2025-12-08,active,199,marketplace,0
u_004890,2026-06-12,active,199,marketplace,0
u_004894,2026-04-30,active,199,experiment_prompt,0
u_004897,2025-12-18,active,199,promo,1
u_004907,2026-06-02,active,199,marketplace,1
u_004915,2024-12-06,active,199,marketplace,0
u_004916,2026-05-11,active,199,marketplace,0
u_004917,2025-08-22,active,199,promo,0
u_004922,2026-02-23,active,199,marketplace,0
u_004926,2026-05-05,active,199,promo,1
u_004928,2026-03-24,active,199,bank_card,0
u_004931,2026-01-13,cancelled,199,experiment_prompt,0
u_004940,2025-11-12,active,199,bank_card,0
u_004949,2026-06-09,active,199,marketplace,0
u_004961,2026-06-30,active,199,promo,0
u_004964,2026-05-31,active,199,marketplace,0
u_004965,2025-07-06,active,199,marketplace,1
u_004981,2025-05-13,active,199,marketplace,0
u_004992,2026-03-16,active,199,experiment_prompt,0
u_004995,2025-08-13,cancelled,199,bank_card,0
u_004999,2026-01-28,active,199,partner,0
u_005009,2026-03-14,active,199,marketplace,0
u_005024,2025-10-03,active,199,experiment_prompt,0
u_005026,2026-07-26,active,199,marketplace,1
u_005029,2026-04-08,active,199,bank_card,0
u_005031,2026-07-25,active,199,marketplace,0
u_005034,2026-05-06,active,199,bank_card,0
u_005037,2026-02-11,active,199,experiment_prompt,0
u_005048,2026-05-26,active,199,experiment_prompt,1
u_005049,2026-06-04,active,199,marketplace,0
u_005065,2026-07-26,active,199,bank_card,0
u_005066,2026-06-08,active,199,experiment_prompt,1
u_005085,2025-07-25,active,199,marketplace,0
u_005087,2026-05-31,active,199,promo,0
u_005093,2026-05-09,active,199,marketplace,1
u_005102,2025-11-28,active,199,experiment_prompt,0
u_005103,2025-09-21,active,199,marketplace,0
u_005108,2026-05-09,active,199,marketplace,0
u_005111,2026-05-31,active,199,marketplace,1
u_005115,2026-06-15,active,199,experiment_prompt,0
u_005116,2025-12-21,active,199,experiment_prompt,0
u_005119,2026-07-15,active,199,marketplace,1
u_005128,2026-04-30,active,199,marketplace,0
u_005133,2026-07-16,active,199,marketplace,1
u_005137,2026-06-25,active,199,marketplace,1
u_005145,2025-07-21,active,199,marketplace,0
u_005146,2025-08-19,active,199,marketplace,1
u_005159,2026-05-06,active,199,partner,0
u_005168,2026-06-15,active,199,marketplace,1
u_005179,2026-04-08,active,199,marketplace,0
u_005185,2026-03-21,cancelled,199,marketplace,0
u_005187,2026-06-28,active,199,marketplace,0
u_005190,2026-02-21,active,199,experiment_prompt,0
u_005191,2026-03-14,active,199,promo,0
u_005195,2026-06-15,active,199,marketplace,0
u_005197,2025-12-19,active,199,marketplace,0
u_005198,2026-05-08,active,199,experiment_prompt,0
u_005204,2026-06-10,active,199,experiment_prompt,0
u_005206,2025-10-19,active,199,experiment_prompt,1
u_005213,2026-05-12,cancelled,199,bank_card,0
u_005220,2026-04-08,active,199,marketplace,0
u_005229,2026-03-18,active,199,marketplace,0
u_005241,2026-06-30,active,199,marketplace,1
u_005243,2026-05-23,active,199,promo,1
u_005246,2026-04-09,active,199,promo,0
u_005253,2025-10-04,active,199,experiment_prompt,0
u_005257,2025-12-22,active,199,experiment_prompt,0
u_005259,2026-05-20,active,199,bank_card,0
u_005265,2025-10-29,active,199,bank_card,0
u_005268,2026-05-29,active,199,marketplace,0
u_005269,2025-02-25,active,199,bank_card,0
u_005278,2026-07-20,active,199,marketplace,0
u_005280,2026-06-10,active,199,bank_card,0
u_005282,2026-03-08,active,199,marketplace,0
u_005287,2025-12-05,active,199,marketplace,0
u_005288,2026-06-13,active,199,bank_card,0
u_005300,2026-02-11,active,199,marketplace,0
u_005303,2026-05-03,active,199,marketplace,0
u_005309,2026-03-29,active,199,marketplace,0
u_005314,2026-02-20,active,199,marketplace,0
u_005316,2026-06-02,active,199,marketplace,0
u_005320,2026-06-12,active,199,bank_card,0
u_005321,2026-01-18,active,199,experiment_prompt,1
u_005324,2026-04-23,active,199,marketplace,0
u_005332,2026-04-17,active,199,marketplace,0
u_005337,2026-01-26,active,199,promo,0
u_005338,2026-05-29,active,199,marketplace,0
u_005346,2026-05-27,active,199,marketplace,0
u_005349,2026-05-29,active,199,experiment_prompt,0
u_005363,2026-01-22,active,199,marketplace,0
u_005366,2026-03-18,active,199,experiment_prompt,1
u_005367,2026-07-02,active,199,marketplace,1
u_005368,2025-11-05,active,199,promo,0
u_005369,2025-10-16,active,199,bank_card,0
u_005376,2026-02-26,active,199,marketplace,1
u_005381,2026-03-13,active,199,marketplace,0
u_005382,2026-04-07,active,199,marketplace,0
u_005402,2026-04-27,active,199,marketplace,0
u_005405,2026-03-20,active,199,partner,0
u_005407,2025-10-30,active,199,marketplace,0
u_005408,2026-05-31,active,199,marketplace,0
u_005412,2026-02-19,active,199,experiment_prompt,0
u_005414,2026-05-27,active,199,marketplace,0
u_005423,2025-01-22,active,199,marketplace,0
u_005429,2025-07-25,active,199,experiment_prompt,1
u_005432,2025-12-21,active,199,experiment_prompt,1
u_005433,2026-01-05,active,199,bank_card,0
u_005441,2025-09-11,active,199,bank_card,1
u_005442,2025-08-18,active,199,marketplace,0
u_005448,2026-03-17,active,199,marketplace,0
u_005450,2026-04-09,active,199,promo,1
u_005454,2026-05-22,active,199,marketplace,0
u_005461,2026-07-07,active,199,marketplace,0
u_005469,2026-06-04,active,199,bank_card,0
u_005470,2026-04-06,active,199,marketplace,0
u_005480,2026-06-26,active,199,marketplace,0
u_005487,2026-03-11,active,199,bank_card,0
u_005489,2026-04-12,active,199,marketplace,0
u_005498,2026-06-15,cancelled,199,experiment_prompt,1
u_005509,2026-01-19,active,199,marketplace,0
u_005510,2026-07-12,active,199,marketplace,0
u_005511,2025-07-27,active,199,promo,0
u_005517,2026-02-12,active,199,marketplace,0
u_005524,2026-05-06,active,199,bank_card,1
u_005526,2025-12-13,active,199,marketplace,1
u_005528,2026-06-25,active,199,partner,0
u_005536,2025-11-23,active,199,experiment_prompt,1
u_005539,2026-04-17,active,199,marketplace,0
u_005542,2026-07-25,active,199,bank_card,0
u_005544,2025-08-18,active,199,bank_card,0
u_005550,2026-03-03,active,199,bank_card,0
u_005551,2026-03-07,active,199,marketplace,0
u_005552,2026-02-21,active,199,marketplace,0
u_005553,2026-01-13,active,199,bank_card,0
u_005570,2026-04-17,active,199,marketplace,0
u_005571,2026-05-03,active,199,experiment_prompt,0
u_005573,2026-03-11,active,199,bank_card,0
u_005574,2026-06-05,active,199,marketplace,1
u_005575,2026-03-31,active,199,bank_card,0
u_005577,2026-03-15,active,199,marketplace,0
u_005581,2026-04-23,active,199,experiment_prompt,0
u_005591,2026-02-16,active,199,marketplace,1
u_005593,2026-06-15,active,199,marketplace,1
u_005594,2026-04-28,active,199,marketplace,0
u_005603,2026-06-06,active,199,bank_card,0
u_005608,2026-06-03,active,199,marketplace,0
u_005610,2026-06-30,active,199,promo,0
u_005635,2026-03-24,active,199,marketplace,0
u_005639,2025-07-17,active,199,partner,0
u_005642,2026-04-13,active,199,marketplace,0
u_005645,2026-02-07,active,199,partner,0
u_005646,2026-01-08,active,199,bank_card,0
u_005651,2025-06-29,active,199,marketplace,0
u_005665,2026-02-20,active,199,experiment_prompt,0
u_005668,2025-12-03,active,199,partner,1
u_005673,2026-04-13,active,199,bank_card,0
u_005678,2026-05-02,active,199,marketplace,0
u_005681,2026-03-25,active,199,marketplace,0
u_005683,2026-04-12,active,199,marketplace,0
u_005700,2026-05-20,active,199,marketplace,0
u_005703,2026-02-22,active,199,experiment_prompt,1
u_005708,2026-03-08,active,199,experiment_prompt,0
u_005711,2026-01-16,active,199,bank_card,0
u_005731,2026-03-14,active,199,bank_card,0
u_005736,2026-04-25,active,199,bank_card,1
u_005739,2026-02-05,active,199,marketplace,0
u_005754,2026-02-17,active,199,marketplace,0
u_005759,2026-06-21,active,199,experiment_prompt,0
u_005761,2026-06-12,active,199,marketplace,0
u_005764,2026-07-29,active,199,experiment_prompt,1
u_005777,2026-05-16,active,199,marketplace,0
u_005778,2026-04-23,active,199,promo,0
u_005783,2026-02-05,active,199,promo,0
u_005801,2026-02-15,active,199,bank_card,0
u_005810,2025-06-24,active,199,marketplace,1
u_005815,2026-02-09,active,199,bank_card,0
u_005820,2026-04-04,active,199,promo,0
u_005826,2026-06-25,active,199,bank_card,0
u_005831,2026-07-01,active,199,bank_card,0
u_005833,2026-04-10,active,199,marketplace,0
u_005841,2026-06-10,active,199,promo,0
u_005843,2025-12-30,active,199,marketplace,0
u_005852,2026-05-01,active,199,experiment_prompt,0
u_005856,2025-04-25,active,199,promo,0
u_005858,2026-05-05,active,199,experiment_prompt,0
u_005864,2026-01-28,active,199,bank_card,0
u_005870,2026-04-11,active,199,partner,0
u_005873,2025-09-14,active,199,marketplace,0
u_005877,2026-04-20,active,199,promo,0
u_005880,2025-09-30,active,199,bank_card,0
u_005881,2025-11-09,active,199,marketplace,0
u_005882,2026-01-15,active,199,partner,1
u_005887,2026-05-09,active,199,marketplace,0
u_005890,2026-05-19,cancelled,199,experiment_prompt,0
u_005894,2026-05-22,active,199,bank_card,0
u_005895,2026-05-10,active,199,bank_card,0
u_005897,2026-07-01,active,199,marketplace,0
u_005905,2026-06-30,active,199,marketplace,1
u_005909,2026-06-19,active,199,marketplace,1
u_005918,2025-10-24,active,199,marketplace,0
u_005926,2026-07-11,active,199,promo,1
u_005942,2026-05-06,active,199,marketplace,0
u_005945,2025-12-18,active,199,bank_card,1
u_005958,2026-03-22,active,199,marketplace,0
u_005962,2026-06-02,active,199,partner,0
u_005968,2026-05-28,active,199,promo,0
u_005970,2026-06-30,active,199,experiment_prompt,0
u_005975,2026-04-28,active,199,experiment_prompt,0
u_005976,2026-05-31,active,199,experiment_prompt,0
u_005987,2026-06-29,active,199,marketplace,0
u_005989,2026-04-29,active,199,bank_card,0
u_005992,2026-06-17,active,199,marketplace,0
u_005998,2026-05-02,active,199,marketplace,0
u_006002,2026-05-31,active,199,bank_card,0
u_006012,2025-06-17,active,199,marketplace,0
u_006014,2026-03-09,active,199,promo,0
u_006018,2026-01-07,cancelled,199,promo,0
u_006025,2026-04-24,active,199,partner,1
u_006027,2026-06-16,active,199,marketplace,0
u_006028,2026-06-04,active,199,bank_card,0
u_006033,2026-05-27,active,199,marketplace,0
u_006034,2026-04-22,active,199,bank_card,0
u_006051,2025-01-28,active,199,marketplace,0
u_006055,2026-06-09,active,199,bank_card,1
u_006057,2025-11-22,active,199,marketplace,0
u_006069,2026-07-22,active,199,marketplace,0
u_006079,2026-04-15,active,199,marketplace,1
u_006088,2026-04-08,active,199,bank_card,0
u_006089,2026-06-12,active,199,experiment_prompt,0
u_006093,2023-11-13,active,199,marketplace,0
u_006094,2025-05-01,active,199,marketplace,0
u_006095,2026-03-28,active,199,bank_card,1
u_006100,2026-05-19,active,199,marketplace,1
u_006113,2025-09-27,active,199,bank_card,0
u_006123,2026-06-21,active,199,partner,0
u_006124,2025-05-22,active,199,marketplace,0
u_006129,2026-03-27,active,199,bank_card,0
u_006142,2026-04-01,active,199,experiment_prompt,0
u_006149,2026-02-20,active,199,promo,0
u_006161,2025-07-11,active,199,marketplace,1
u_006166,2026-06-26,active,199,marketplace,0
u_006169,2026-03-16,active,199,bank_card,0
u_006170,2026-05-16,active,199,bank_card,0
u_006176,2026-02-09,active,199,bank_card,0
u_006186,2026-06-28,active,199,experiment_prompt,1
u_006197,2026-03-05,cancelled,199,bank_card,0
u_006202,2026-03-28,active,199,marketplace,1
u_006206,2026-07-09,active,199,bank_card,0
u_006208,2026-06-04,active,199,marketplace,0
u_006213,2026-05-01,active,199,marketplace,0
u_006215,2026-06-26,active,199,experiment_prompt,0
u_006217,2026-04-03,active,199,marketplace,0
u_006219,2026-07-18,active,199,partner,0
u_006220,2026-01-22,active,199,experiment_prompt,0
u_006228,2026-05-12,active,199,marketplace,1
u_006232,2026-03-13,active,199,experiment_prompt,0
u_006233,2026-06-02,active,199,experiment_prompt,1
u_006252,2026-02-14,active,199,bank_card,0
u_006261,2026-05-23,active,199,bank_card,0
u_006262,2025-02-11,active,199,bank_card,0
u_006280,2026-07-27,active,199,marketplace,1
u_006286,2026-06-19,active,199,promo,0
u_006291,2026-06-27,active,199,promo,0
u_006294,2026-04-29,active,199,marketplace,0
u_006312,2026-01-19,active,199,marketplace,0
u_006315,2025-08-22,active,199,marketplace,0
u_006317,2026-01-24,active,199,promo,0
u_006319,2026-07-01,active,199,marketplace,0
u_006323,2026-06-09,active,199,bank_card,0
u_006327,2026-01-13,active,199,marketplace,1
u_006329,2025-11-25,active,199,marketplace,1
u_006330,2026-02-23,active,199,marketplace,0
u_006333,2025-06-15,active,199,marketplace,1
u_006336,2026-06-08,active,199,bank_card,0
u_006338,2026-05-23,active,199,promo,0
u_006341,2026-04-28,active,199,marketplace,1
u_006343,2026-04-11,active,199,marketplace,0
u_006344,2026-05-30,cancelled,199,bank_card,0
u_006345,2026-01-22,active,199,bank_card,0
u_006354,2026-07-06,active,199,bank_card,0
u_006358,2026-04-02,active,199,bank_card,0
u_006361,2025-11-25,active,199,marketplace,0
u_006368,2026-06-04,active,199,partner,0
u_006370,2025-12-15,active,199,experiment_prompt,0
u_006376,2025-12-30,active,199,marketplace,0
u_006377,2026-05-08,active,199,marketplace,1
u_006380,2026-06-15,active,199,promo,0
u_006383,2026-01-28,active,199,bank_card,0
u_006385,2026-06-22,active,199,marketplace,0
u_006395,2026-05-16,active,199,marketplace,1
u_006396,2026-04-25,active,199,marketplace,1
u_006398,2026-03-22,active,199,promo,0
u_006404,2026-01-06,active,199,bank_card,1
u_006412,2025-12-06,active,199,marketplace,0
u_006413,2025-11-07,active,199,experiment_prompt,0
u_006418,2026-05-23,active,199,marketplace,1
u_006424,2024-10-24,active,199,marketplace,0
u_006433,2026-06-18,active,199,marketplace,0
u_006434,2025-11-21,cancelled,199,marketplace,0
u_006435,2026-06-02,active,199,marketplace,0
u_006443,2026-07-21,active,199,marketplace,1
u_006452,2026-04-28,active,199,experiment_prompt,1
u_006458,2025-10-12,active,199,partner,1
u_006470,2026-01-11,active,199,marketplace,0
u_006480,2026-03-03,active,199,marketplace,1
u_006484,2026-05-17,active,199,bank_card,0
u_006485,2025-09-22,active,199,promo,0
u_006486,2026-07-05,active,199,experiment_prompt,1
u_006495,2025-12-04,active,199,marketplace,1
u_006507,2026-06-14,cancelled,199,promo,1
u_006508,2026-07-01,active,199,marketplace,0
u_006510,2026-05-11,active,199,experiment_prompt,0
u_006514,2026-06-08,active,199,experiment_prompt,0
u_006515,2026-03-27,active,199,experiment_prompt,0
u_006520,2026-05-06,active,199,bank_card,0
u_006525,2026-07-27,active,199,marketplace,0
u_006526,2026-04-25,cancelled,199,partner,0
u_006530,2026-05-30,active,199,marketplace,0
u_006533,2025-12-23,active,199,marketplace,0
u_006539,2026-01-04,active,199,experiment_prompt,0
u_006556,2026-05-15,active,199,marketplace,0
u_006559,2025-11-21,active,199,promo,0
u_006572,2026-04-16,active,199,experiment_prompt,0
u_006573,2026-06-29,active,199,promo,0
u_006582,2026-02-19,active,199,marketplace,1
u_006586,2026-06-16,active,199,experiment_prompt,0
u_006590,2026-04-24,active,199,experiment_prompt,0
u_006597,2026-06-13,active,199,marketplace,0
u_006598,2026-07-06,active,199,marketplace,1
u_006610,2026-06-22,cancelled,199,marketplace,0
u_006614,2025-02-07,active,199,marketplace,0
u_006623,2026-06-20,active,199,bank_card,0
u_006624,2025-04-21,active,199,experiment_prompt,0
u_006631,2026-02-06,active,199,promo,0
u_006637,2026-06-24,active,199,bank_card,0
u_006643,2025-09-18,active,199,marketplace,0
u_006649,2026-05-30,active,199,experiment_prompt,0
u_006653,2026-06-20,active,199,bank_card,0
u_006668,2026-04-14,active,199,marketplace,1
u_006689,2025-09-19,active,199,bank_card,0
u_006700,2026-03-12,active,199,experiment_prompt,0
u_006703,2026-05-07,active,199,marketplace,0
u_006712,2025-12-23,active,199,experiment_prompt,0
u_006726,2026-06-14,active,199,experiment_prompt,0
u_006742,2026-05-24,active,199,experiment_prompt,0
u_006743,2026-06-02,active,199,experiment_prompt,0
u_006752,2026-05-28,cancelled,199,promo,0
u_006765,2026-03-15,active,199,experiment_prompt,0
u_006767,2026-05-04,active,199,promo,1
u_006771,2026-01-16,active,199,marketplace,0
u_006785,2026-06-21,active,199,promo,0
u_006789,2026-04-13,cancelled,199,marketplace,0
u_006792,2024-07-20,active,199,bank_card,0
u_006800,2026-06-11,active,199,bank_card,0
u_006806,2026-03-15,active,199,marketplace,1
u_006812,2026-06-12,active,199,promo,0
u_006813,2026-03-27,active,199,partner,0
u_006817,2025-12-27,active,199,marketplace,0
u_006819,2026-03-15,active,199,experiment_prompt,0
u_006823,2025-08-13,active,199,marketplace,0
u_006825,2026-02-25,active,199,experiment_prompt,1
u_006826,2026-06-25,active,199,partner,0
u_006829,2026-01-20,active,199,experiment_prompt,0
u_006831,2026-04-17,active,199,bank_card,0
u_006840,2026-05-16,active,199,marketplace,1
u_006849,2026-03-25,active,199,bank_card,0
u_006851,2026-06-23,active,199,promo,1
u_006853,2025-08-20,cancelled,199,marketplace,0
u_006856,2025-11-27,active,199,promo,0
u_006860,2025-12-15,cancelled,199,experiment_prompt,0
u_006862,2026-05-08,active,199,marketplace,0
u_006866,2026-06-28,active,199,marketplace,0
u_006868,2026-03-21,active,199,marketplace,1
u_006878,2026-02-28,active,199,marketplace,1
u_006881,2025-11-06,active,199,marketplace,0
u_006882,2025-12-15,active,199,experiment_prompt,0
u_006885,2026-05-03,active,199,promo,0
u_006893,2026-06-01,active,199,marketplace,0
u_006895,2025-11-10,cancelled,199,bank_card,1
u_006905,2026-03-16,active,199,promo,0
u_006909,2026-04-10,active,199,marketplace,1
u_006914,2026-06-30,active,199,marketplace,0
u_006926,2026-05-04,active,199,marketplace,0
u_006935,2025-12-04,active,199,promo,1
u_006949,2026-06-02,active,199,experiment_prompt,0
u_006951,2026-03-20,active,199,marketplace,0
u_006957,2026-06-02,active,199,marketplace,1
u_006963,2026-03-07,active,199,experiment_prompt,0
u_006964,2025-02-19,active,199,marketplace,0
u_006965,2025-09-24,active,199,bank_card,1
u_006967,2025-11-28,active,199,marketplace,0
u_006969,2026-06-20,active,199,experiment_prompt,0
u_006974,2026-07-26,active,199,marketplace,1
u_006975,2026-05-24,active,199,marketplace,0
u_006976,2025-11-19,active,199,bank_card,0
u_006981,2026-05-13,active,199,bank_card,0
u_006986,2026-05-06,active,199,marketplace,0
u_006990,2026-07-17,active,199,experiment_prompt,0
u_006991,2026-06-21,active,199,marketplace,0
u_006992,2026-04-15,active,199,bank_card,0
u_006997,2025-11-14,active,199,partner,0
u_007010,2026-06-08,active,199,marketplace,1
u_007011,2026-07-07,active,199,marketplace,1
u_007016,2026-05-23,active,199,bank_card,0
u_007032,2026-05-08,active,199,partner,1
u_007057,2026-02-27,active,199,marketplace,0
u_007068,2025-12-07,active,199,bank_card,0
u_007069,2026-04-10,active,199,experiment_prompt,0
u_007072,2026-02-24,active,199,marketplace,0
u_007075,2025-11-26,active,199,marketplace,0
u_007076,2026-03-03,active,199,marketplace,0
u_007079,2026-02-18,active,199,marketplace,0
u_007086,2026-06-18,active,199,promo,1
u_007091,2025-05-04,active,199,bank_card,0
u_007097,2026-01-14,active,199,marketplace,1
u_007098,2026-05-15,active,199,marketplace,0
u_007107,2026-07-01,active,199,experiment_prompt,0
u_007133,2026-04-13,active,199,bank_card,0
u_007143,2025-12-24,active,199,promo,0
u_007153,2026-07-09,active,199,marketplace,1
u_007156,2025-12-02,active,199,marketplace,0
u_007157,2026-05-01,active,199,marketplace,0
u_007168,2026-05-29,active,199,experiment_prompt,1
u_007175,2026-04-29,active,199,marketplace,0
u_007177,2026-07-01,active,199,marketplace,0
u_007178,2025-10-07,active,199,marketplace,0
u_007185,2026-05-20,active,199,bank_card,0
u_007188,2026-07-30,active,199,marketplace,0
u_007192,2025-10-19,active,199,bank_card,0
u_007193,2026-03-28,active,199,promo,0
u_007197,2025-04-07,active,199,marketplace,0
u_007201,2026-03-06,active,199,experiment_prompt,0
u_007204,2026-04-28,active,199,marketplace,0
u_007211,2026-02-18,active,199,marketplace,0
u_007215,2026-01-01,active,199,bank_card,0
u_007219,2026-05-19,active,199,experiment_prompt,0
u_007230,2026-02-23,active,199,marketplace,0
u_007243,2025-09-02,active,199,marketplace,0
u_007247,2026-06-22,active,199,bank_card,0
u_007249,2025-09-25,active,199,marketplace,0
u_007250,2026-05-08,active,199,experiment_prompt,1
u_007251,2026-06-07,cancelled,199,marketplace,0
u_007255,2026-07-19,active,199,marketplace,0
u_007257,2026-06-17,active,199,experiment_prompt,0
u_007260,2026-03-21,active,199,promo,1
u_007264,2026-06-10,active,199,experiment_prompt,0
u_007265,2026-07-16,active,199,marketplace,0
u_007270,2026-06-04,active,199,experiment_prompt,1
u_007273,2026-05-22,active,199,experiment_prompt,0
u_007277,2026-06-25,active,199,promo,0
u_007316,2025-12-23,active,199,marketplace,1
u_007326,2026-05-19,active,199,marketplace,0
u_007330,2026-06-21,active,199,marketplace,0
u_007340,2026-03-07,active,199,partner,0
u_007350,2026-05-14,active,199,marketplace,0
u_007352,2026-05-30,active,199,partner,0
u_007361,2026-01-28,active,199,promo,0
u_007371,2026-06-20,active,199,bank_card,0
u_007379,2026-03-25,active,199,marketplace,1
u_007385,2026-04-06,active,199,promo,1
u_007386,2025-12-17,active,199,marketplace,0
u_007393,2026-05-02,active,199,marketplace,0
u_007404,2025-12-20,active,199,marketplace,0
u_007405,2026-01-07,active,199,bank_card,0
u_007406,2026-05-07,active,199,bank_card,0
u_007409,2026-07-20,active,199,experiment_prompt,0
u_007414,2025-07-13,active,199,experiment_prompt,0
u_007423,2026-02-02,active,199,partner,0
u_007427,2026-05-25,active,199,bank_card,0
u_007435,2025-11-05,active,199,experiment_prompt,0
u_007437,2026-02-11,active,199,marketplace,1
u_007438,2026-03-30,active,199,partner,0
u_007442,2024-05-09,active,199,partner,0
u_007459,2026-05-07,active,199,promo,0
u_007465,2026-03-21,active,199,bank_card,0
u_007466,2025-12-01,cancelled,199,partner,0
u_007467,2026-06-06,active,199,marketplace,1
u_007476,2026-04-06,active,199,experiment_prompt,0
u_007477,2026-07-06,active,199,experiment_prompt,1
u_007483,2026-03-24,active,199,marketplace,0
u_007493,2025-12-28,active,199,marketplace,0
u_007497,2026-07-17,active,199,marketplace,1
u_007500,2025-12-26,active,199,experiment_prompt,0
u_007502,2026-05-18,active,199,experiment_prompt,0
u_007504,2026-07-26,active,199,partner,1
u_007515,2026-03-05,cancelled,199,bank_card,0
u_007517,2026-04-09,active,199,marketplace,0
u_007519,2025-12-11,active,199,experiment_prompt,0
u_007539,2026-04-14,active,199,partner,0
u_007545,2026-04-20,active,199,bank_card,0
u_007551,2026-07-06,active,199,marketplace,1
u_007555,2026-02-10,active,199,bank_card,1
u_007557,2026-01-14,active,199,experiment_prompt,0
u_007571,2026-04-27,active,199,experiment_prompt,0
u_007572,2026-04-03,active,199,experiment_prompt,1
u_007574,2026-05-14,active,199,bank_card,0
u_007581,2026-07-12,active,199,bank_card,1
u_007584,2025-08-08,active,199,bank_card,0
u_007586,2026-05-07,active,199,marketplace,1
u_007598,2026-06-16,active,199,experiment_prompt,1
u_007605,2026-02-24,active,199,experiment_prompt,0
u_007613,2026-07-04,active,199,bank_card,1
u_007619,2026-06-18,active,199,bank_card,0
u_007625,2025-12-30,active,199,promo,0
u_007628,2026-07-07,active,199,marketplace,0
u_007632,2025-02-08,active,199,marketplace,0
u_007633,2026-03-07,active,199,bank_card,0
u_007636,2026-01-07,active,199,marketplace,0
u_007639,2026-07-07,active,199,marketplace,1
u_007646,2026-05-10,active,199,experiment_prompt,0
u_007652,2026-06-04,active,199,bank_card,1
u_007655,2026-05-30,active,199,promo,1
u_007658,2025-10-19,active,199,marketplace,0
u_007660,2026-06-27,active,199,experiment_prompt,0
u_007662,2026-07-28,active,199,bank_card,1
u_007668,2026-07-28,active,199,marketplace,1
u_007670,2025-08-03,active,199,marketplace,0
u_007683,2026-03-24,active,199,marketplace,0
u_007692,2026-07-24,active,199,marketplace,1
u_007710,2025-03-25,active,199,marketplace,0
u_007716,2026-04-27,active,199,marketplace,0
u_007724,2026-01-03,active,199,marketplace,0
u_007730,2025-03-05,active,199,marketplace,0
u_007731,2026-05-14,active,199,marketplace,0
u_007736,2026-02-23,active,199,marketplace,1
u_007737,2026-07-19,active,199,experiment_prompt,1
u_007739,2026-07-23,active,199,marketplace,1
u_007741,2026-06-09,cancelled,199,bank_card,1
u_007771,2026-06-08,active,199,marketplace,0
u_007775,2025-06-23,active,199,bank_card,0
u_007777,2025-01-12,active,199,marketplace,0
u_007778,2026-03-31,cancelled,199,marketplace,0
u_007780,2026-01-18,active,199,marketplace,1
u_007781,2026-06-22,active,199,promo,0
u_007782,2026-04-16,active,199,marketplace,1
u_007801,2026-06-09,active,199,experiment_prompt,0
u_007802,2026-03-06,active,199,experiment_prompt,0
u_007803,2026-05-21,active,199,marketplace,0
u_007805,2026-05-05,active,199,experiment_prompt,0
u_007814,2026-06-11,cancelled,199,marketplace,1
u_007818,2026-06-28,active,199,bank_card,0
u_007838,2026-04-16,cancelled,199,bank_card,1
u_007845,2026-04-07,active,199,promo,0
u_007846,2026-06-19,active,199,partner,1
u_007851,2026-03-17,active,199,marketplace,0
u_007856,2026-04-27,active,199,promo,1
u_007864,2025-11-04,active,199,marketplace,0
u_007868,2026-07-27,active,199,promo,0
u_007870,2025-06-26,active,199,marketplace,0
u_007873,2026-02-20,active,199,experiment_prompt,1
u_007876,2026-04-08,active,199,marketplace,0
u_007878,2026-05-25,active,199,promo,1
u_007880,2026-07-24,active,199,marketplace,1
u_007881,2025-12-18,active,199,marketplace,0
u_007883,2026-06-07,active,199,promo,0
u_007892,2026-04-17,active,199,marketplace,0
u_007893,2025-12-20,active,199,marketplace,0
u_007904,2026-04-08,active,199,experiment_prompt,0
u_007905,2025-09-04,active,199,promo,0
u_007907,2026-06-06,active,199,marketplace,0
u_007919,2026-05-02,active,199,marketplace,0
u_007921,2026-04-24,active,199,bank_card,1
u_007938,2026-06-15,active,199,marketplace,0
u_007947,2026-03-29,active,199,experiment_prompt,0
u_007952,2026-01-19,cancelled,199,promo,0
u_007956,2026-06-04,active,199,bank_card,0
u_007958,2026-04-11,active,199,experiment_prompt,1
u_007969,2026-03-21,active,199,marketplace,0
u_007970,2026-05-01,cancelled,199,marketplace,0
u_007971,2025-10-02,active,199,marketplace,0
u_007972,2026-04-29,active,199,promo,0
u_007975,2026-01-09,active,199,bank_card,0
u_007976,2026-04-05,active,199,marketplace,0
u_007977,2026-03-17,active,199,bank_card,0
u_007981,2026-03-29,active,199,marketplace,1
u_007988,2025-12-25,active,199,marketplace,0
u_007992,2025-06-25,active,199,bank_card,0
u_008001,2026-05-09,active,199,experiment_prompt,0
u_008006,2026-02-03,active,199,experiment_prompt,0
u_008008,2026-04-17,active,199,bank_card,0
u_008014,2026-06-02,active,199,experiment_prompt,0
u_008015,2026-06-04,active,199,marketplace,0
u_008016,2026-06-28,active,199,experiment_prompt,1
u_008020,2026-03-26,cancelled,199,marketplace,0
u_008023,2026-03-13,active,199,marketplace,0
u_008027,2026-03-12,active,199,bank_card,0
u_008028,2026-04-22,active,199,experiment_prompt,1
u_008032,2026-05-18,active,199,marketplace,0
u_008036,2026-07-06,active,199,experiment_prompt,1
u_008037,2026-06-24,cancelled,199,marketplace,0
u_008040,2025-06-21,active,199,marketplace,0
u_008044,2025-11-30,active,199,promo,0
u_008047,2026-06-25,active,199,marketplace,0
u_008048,2026-04-06,active,199,marketplace,0
u_008057,2026-03-12,active,199,promo,1
u_008064,2026-01-19,active,199,partner,0
u_008066,2026-05-16,active,199,experiment_prompt,1
u_008070,2026-07-19,active,199,bank_card,1
u_008081,2026-04-19,cancelled,199,promo,0
u_008082,2025-07-31,active,199,bank_card,0
u_008088,2026-06-25,active,199,marketplace,0
u_008097,2026-02-13,active,199,partner,0
u_008098,2026-06-29,active,199,marketplace,0
u_008099,2026-06-27,active,199,marketplace,0
u_008102,2026-01-03,active,199,experiment_prompt,0
u_008109,2026-03-18,active,199,experiment_prompt,0
u_008110,2026-04-05,active,199,experiment_prompt,0
u_008134,2026-05-17,active,199,experiment_prompt,0
u_008153,2026-06-27,active,199,experiment_prompt,0
u_008161,2026-05-03,active,199,bank_card,0
u_008163,2026-04-02,active,199,marketplace,0
u_008164,2026-03-04,active,199,marketplace,0
u_008168,2026-06-07,cancelled,199,experiment_prompt,1
u_008169,2025-07-27,active,199,marketplace,0
u_008171,2025-11-19,active,199,marketplace,0
u_008176,2026-05-03,active,199,bank_card,1
u_008182,2026-04-17,active,199,bank_card,0
u_008186,2026-04-11,active,199,bank_card,0
u_008189,2025-12-30,active,199,promo,0
u_008191,2026-06-24,active,199,bank_card,0
u_008193,2026-05-12,active,199,bank_card,0
u_008198,2025-12-24,active,199,marketplace,0
u_008200,2026-03-02,active,199,bank_card,0
u_008202,2026-05-24,active,199,marketplace,0
u_008203,2026-07-10,active,199,experiment_prompt,1
u_008208,2026-06-19,active,199,marketplace,0
u_008215,2026-04-27,cancelled,199,marketplace,0
u_008222,2026-02-20,active,199,bank_card,0
u_008225,2025-07-27,active,199,partner,1
u_008237,2025-07-11,cancelled,199,marketplace,0
u_008239,2026-05-14,active,199,marketplace,0
u_008246,2026-03-29,active,199,marketplace,0
u_008258,2026-05-04,active,199,bank_card,0
u_008259,2026-06-08,active,199,promo,0
u_008264,2026-03-22,active,199,marketplace,1
u_008278,2026-03-01,active,199,experiment_prompt,0
u_008286,2026-06-23,active,199,experiment_prompt,0
u_008301,2026-04-17,active,199,experiment_prompt,0
u_008313,2026-05-17,active,199,experiment_prompt,0
u_008316,2026-05-20,active,199,experiment_prompt,1
u_008319,2026-07-17,active,199,experiment_prompt,0
u_008321,2026-06-17,active,199,marketplace,0
u_008324,2026-06-24,active,199,experiment_prompt,0
u_008328,2026-04-06,active,199,experiment_prompt,1
u_008332,2025-11-30,active,199,promo,0
u_008344,2026-03-24,active,199,marketplace,1
u_008348,2025-07-24,active,199,bank_card,0
u_008349,2026-06-11,active,199,marketplace,0
u_008358,2026-06-23,active,199,bank_card,0
u_008363,2026-05-26,active,199,experiment_prompt,0
u_008365,2026-04-08,active,199,marketplace,0
u_008374,2025-12-19,active,199,marketplace,1
u_008375,2025-12-20,active,199,marketplace,1
u_008376,2026-06-18,active,199,marketplace,1
u_008379,2026-06-13,active,199,marketplace,1
u_008388,2026-02-27,active,199,marketplace,0
u_008409,2026-05-19,active,199,marketplace,0
u_008410,2026-04-01,active,199,bank_card,1
u_008413,2025-11-29,active,199,bank_card,0
u_008430,2025-08-15,active,199,experiment_prompt,0
u_008431,2026-06-01,active,199,bank_card,0
u_008433,2026-07-08,cancelled,199,promo,0
u_008442,2026-06-14,active,199,experiment_prompt,0
u_008443,2026-07-27,active,199,marketplace,1
u_008445,2026-02-17,active,199,promo,0
u_008453,2026-07-13,active,199,experiment_prompt,1
u_008454,2026-05-20,active,199,marketplace,0
u_008456,2026-02-04,active,199,experiment_prompt,0
u_008457,2026-05-15,active,199,marketplace,0
u_008458,2026-07-09,cancelled,199,experiment_prompt,1
u_008465,2026-04-05,active,199,marketplace,1
u_008469,2026-02-04,active,199,experiment_prompt,0
u_008471,2026-06-08,active,199,marketplace,0
u_008472,2025-12-31,active,199,experiment_prompt,1
u_008481,2026-02-11,active,199,marketplace,0
u_008488,2026-06-06,active,199,experiment_prompt,0
u_008497,2025-12-11,active,199,marketplace,0
u_008505,2026-04-07,active,199,bank_card,0
u_008506,2026-04-12,active,199,bank_card,0
u_008516,2026-03-15,active,199,experiment_prompt,0
u_008530,2026-05-21,active,199,marketplace,0
u_008533,2026-06-23,cancelled,199,experiment_prompt,0
u_008535,2026-05-18,active,199,bank_card,0
u_008540,2026-01-10,active,199,bank_card,1
u_008547,2026-04-06,cancelled,199,marketplace,0
u_008549,2026-03-19,active,199,promo,0
u_008555,2026-06-27,active,199,marketplace,0
u_008559,2026-05-10,active,199,experiment_prompt,0
u_008564,2026-04-17,active,199,experiment_prompt,0
u_008588,2026-04-07,active,199,bank_card,0
u_008589,2026-04-11,active,199,marketplace,1
u_008596,2026-03-06,active,199,bank_card,0
u_008614,2026-01-29,active,199,marketplace,1
u_008620,2026-06-11,active,199,marketplace,0
u_008630,2026-04-08,active,199,marketplace,1
u_008634,2026-05-08,active,199,promo,0
u_008642,2026-02-07,active,199,marketplace,0
u_008652,2026-04-30,active,199,promo,0
u_008667,2026-03-15,active,199,bank_card,1
u_008672,2025-12-12,active,199,experiment_prompt,0
u_008674,2025-12-29,active,199,promo,1
u_008680,2026-06-30,active,199,experiment_prompt,0
u_008691,2025-10-23,active,199,experiment_prompt,0
u_008693,2026-03-02,active,199,marketplace,0
u_008694,2025-10-02,active,199,marketplace,1
u_008695,2026-04-07,active,199,bank_card,0
u_008697,2024-12-03,active,199,bank_card,0
u_008705,2026-07-19,active,199,bank_card,0
u_008712,2026-02-14,active,199,experiment_prompt,1
u_008715,2026-07-19,active,199,promo,1
u_008717,2025-11-30,active,199,experiment_prompt,0
u_008726,2026-03-02,active,199,bank_card,1
u_008729,2026-05-24,active,199,marketplace,0
u_008740,2026-07-26,active,199,marketplace,0
u_008741,2026-07-01,active,199,bank_card,1
u_008744,2026-06-25,active,199,bank_card,0
u_008751,2025-08-30,active,199,marketplace,0
u_008758,2026-02-03,active,199,marketplace,0
u_008768,2026-07-21,active,199,experiment_prompt,1
u_008782,2026-04-20,active,199,marketplace,0
u_008791,2026-06-29,active,199,promo,0
u_008803,2026-05-20,active,199,promo,0
u_008823,2026-06-17,active,199,bank_card,0
u_008824,2026-03-02,active,199,bank_card,0
u_008836,2025-11-13,active,199,experiment_prompt,0
u_008837,2026-01-21,active,199,marketplace,0
u_008847,2025-11-26,active,199,marketplace,1
u_008848,2026-05-20,active,199,marketplace,0
u_008850,2026-06-03,active,199,marketplace,0
u_008859,2026-05-05,active,199,marketplace,0
u_008860,2025-10-31,active,199,marketplace,0
u_008862,2026-07-29,active,199,promo,1
u_008866,2026-02-19,active,199,experiment_prompt,0
u_008882,2026-07-06,active,199,marketplace,0
u_008889,2026-06-29,active,199,marketplace,0
u_008893,2025-11-04,active,199,marketplace,0
u_008894,2026-05-09,active,199,marketplace,0
u_008897,2026-06-21,active,199,promo,0
u_008907,2026-02-01,active,199,marketplace,0
u_008913,2026-06-30,active,199,experiment_prompt,0
u_008915,2026-02-04,active,199,marketplace,0
u_008919,2026-01-16,active,199,promo,0
u_008921,2025-10-14,active,199,marketplace,1
u_008925,2025-12-27,active,199,promo,0
u_008930,2026-06-18,active,199,experiment_prompt,0
u_008931,2025-12-25,active,199,marketplace,0
u_008947,2026-05-12,active,199,marketplace,0
u_008949,2026-03-21,active,199,partner,1
u_008953,2025-12-15,active,199,promo,0
u_008970,2026-05-11,cancelled,199,marketplace,1
u_008986,2025-11-01,active,199,promo,0
u_008987,2026-01-19,active,199,marketplace,0
u_009006,2026-05-26,active,199,marketplace,0
u_009007,2026-05-20,active,199,promo,0
u_009027,2026-06-28,active,199,marketplace,1
u_009028,2026-03-30,active,199,bank_card,0
u_009031,2026-05-22,active,199,bank_card,0
u_009053,2025-12-30,active,199,marketplace,0
u_009062,2025-09-16,active,199,experiment_prompt,0
u_009076,2026-03-11,active,199,bank_card,1
u_009081,2026-03-13,active,199,bank_card,1
u_009089,2026-05-19,active,199,bank_card,0
u_009102,2026-01-22,active,199,marketplace,0
u_009117,2025-12-31,active,199,promo,0
u_009118,2026-02-10,active,199,marketplace,0
u_009125,2026-04-04,active,199,marketplace,0
u_009128,2026-04-09,active,199,marketplace,0
u_009131,2026-02-12,active,199,marketplace,0
u_009133,2026-06-25,active,199,marketplace,0
u_009138,2025-09-25,active,199,marketplace,0
u_009146,2025-03-22,cancelled,199,marketplace,0
u_009154,2026-07-19,active,199,marketplace,1
u_009165,2026-02-08,active,199,marketplace,0
u_009166,2026-06-20,active,199,marketplace,0
u_009168,2026-05-18,active,199,experiment_prompt,0
u_009172,2026-04-29,active,199,marketplace,0
u_009173,2026-06-16,active,199,marketplace,0
u_009178,2026-07-16,active,199,bank_card,1
u_009179,2026-07-22,active,199,marketplace,0
u_009191,2026-05-05,active,199,bank_card,0
u_009192,2026-06-12,cancelled,199,marketplace,1
u_009193,2026-01-23,active,199,marketplace,0
u_009195,2026-07-21,active,199,promo,1
u_009196,2026-05-30,active,199,bank_card,0
u_009197,2026-07-14,active,199,bank_card,1
u_009206,2026-05-24,active,199,bank_card,0
u_009208,2026-05-27,active,199,marketplace,0
u_009215,2026-03-01,active,199,bank_card,0
u_009226,2025-12-15,active,199,bank_card,0
u_009240,2025-12-25,active,199,promo,0
u_009241,2026-02-01,active,199,bank_card,1
u_009248,2025-12-30,active,199,marketplace,0
u_009249,2026-01-31,active,199,promo,0
u_009260,2026-01-07,active,199,marketplace,0
u_009262,2026-01-08,active,199,marketplace,0
u_009264,2025-06-07,active,199,promo,0
u_009267,2026-05-12,active,199,experiment_prompt,0
u_009268,2026-07-09,active,199,experiment_prompt,1
u_009273,2025-06-08,active,199,experiment_prompt,0
u_009279,2026-05-23,active,199,experiment_prompt,0
u_009287,2026-07-12,active,199,marketplace,0
u_009289,2025-07-04,active,199,experiment_prompt,0
u_009301,2026-06-17,active,199,marketplace,0
u_009312,2026-07-08,active,199,bank_card,1
u_009322,2026-01-08,cancelled,199,marketplace,0
u_009326,2026-06-30,active,199,marketplace,0
u_009328,2026-05-26,active,199,bank_card,1
u_009329,2025-11-28,active,199,promo,0
u_009333,2025-01-13,active,199,bank_card,0
u_009344,2026-06-09,active,199,marketplace,0
u_009345,2026-04-14,active,199,experiment_prompt,0
u_009346,2026-02-09,active,199,bank_card,0
u_009349,2026-07-12,active,199,bank_card,1
u_009356,2026-07-20,active,199,experiment_prompt,0
u_009357,2026-01-20,active,199,bank_card,0
u_009362,2026-07-08,active,199,experiment_prompt,1
u_009364,2025-11-08,active,199,experiment_prompt,0
u_009372,2026-04-14,active,199,bank_card,1
u_009380,2026-04-14,active,199,promo,0
u_009387,2026-05-27,active,199,promo,0
u_009394,2026-06-23,active,199,marketplace,1
u_009397,2025-12-24,active,199,marketplace,0
u_009415,2026-05-22,active,199,experiment_prompt,0
u_009419,2026-06-03,active,199,experiment_prompt,0
u_009441,2026-02-03,cancelled,199,bank_card,0
u_009444,2025-03-24,active,199,marketplace,0
u_009451,2026-06-19,active,199,experiment_prompt,0
u_009452,2026-04-01,active,199,marketplace,0
u_009453,2025-02-08,active,199,marketplace,0
u_009460,2026-06-07,active,199,marketplace,0
u_009463,2026-06-20,active,199,promo,0
u_009464,2026-04-03,active,199,marketplace,0
u_009465,2025-11-21,active,199,experiment_prompt,0
u_009467,2026-05-29,active,199,bank_card,0
u_009469,2026-06-25,active,199,promo,0
u_009477,2026-05-03,active,199,marketplace,0
u_009481,2026-07-20,active,199,marketplace,1
u_009490,2026-04-05,cancelled,199,marketplace,0
u_009499,2026-06-05,active,199,promo,1
u_009500,2026-05-05,active,199,experiment_prompt,0
u_009519,2026-06-15,active,199,marketplace,0
u_009520,2026-01-22,active,199,bank_card,0
u_009526,2026-06-22,active,199,partner,0
u_009530,2026-04-23,active,199,bank_card,0
u_009531,2026-03-24,cancelled,199,partner,0
u_009532,2026-04-28,active,199,marketplace,0
u_009535,2026-04-10,cancelled,199,partner,0
u_009556,2026-01-23,active,199,marketplace,0
u_009573,2026-01-31,active,199,marketplace,1
u_009575,2026-07-23,active,199,experiment_prompt,0
u_009576,2026-04-04,active,199,marketplace,0
u_009582,2025-10-21,active,199,marketplace,0
u_009583,2026-06-11,active,199,marketplace,0
u_009586,2026-04-11,active,199,promo,0
u_009591,2026-06-07,active,199,marketplace,0
u_009594,2026-02-04,active,199,marketplace,1
u_009597,2025-08-08,active,199,experiment_prompt,0
u_009605,2026-05-17,active,199,marketplace,0
u_009607,2026-07-07,active,199,promo,0
u_009609,2026-03-19,active,199,experiment_prompt,1
u_009613,2026-04-20,active,199,marketplace,0
u_009614,2026-06-17,cancelled,199,marketplace,0
u_009617,2025-04-24,cancelled,199,bank_card,0
u_009637,2026-06-15,active,199,marketplace,0
u_009642,2026-03-24,active,199,promo,0
u_009652,2026-02-11,active,199,bank_card,0
u_009653,2026-05-06,active,199,marketplace,0
u_009655,2026-04-07,cancelled,199,marketplace,1
u_009662,2026-06-30,active,199,bank_card,0
u_009668,2026-05-15,active,199,marketplace,0
u_009670,2026-02-15,active,199,marketplace,1
u_009675,2026-05-14,active,199,marketplace,0
u_009684,2026-04-11,active,199,marketplace,0
u_009692,2026-06-13,active,199,bank_card,1
u_009693,2025-10-16,active,199,promo,0
u_009701,2026-05-21,active,199,marketplace,0
u_009713,2025-11-21,active,199,marketplace,0
u_009715,2026-07-29,active,199,bank_card,1
u_009720,2026-06-30,cancelled,199,promo,1
u_009731,2026-07-20,active,199,marketplace,1
u_009736,2025-12-14,active,199,bank_card,0
u_009740,2026-04-09,active,199,marketplace,0
u_009742,2026-01-04,active,199,bank_card,0
u_009744,2026-01-19,active,199,bank_card,0
u_009754,2026-03-03,active,199,promo,0
u_009761,2025-12-07,active,199,experiment_prompt,1
u_009764,2026-06-20,active,199,experiment_prompt,0
u_009772,2026-04-10,active,199,bank_card,1
u_009779,2025-08-13,active,199,marketplace,0
u_009783,2025-11-16,active,199,bank_card,0
u_009792,2026-07-12,active,199,marketplace,1
u_009800,2025-09-12,cancelled,199,marketplace,0
u_009833,2026-05-26,active,199,marketplace,0
u_009837,2026-01-24,active,199,promo,0
u_009838,2025-10-05,active,199,marketplace,0
u_009851,2026-06-25,active,199,marketplace,0
u_009863,2026-07-28,active,199,promo,0
u_009867,2026-07-28,active,199,partner,0
u_009870,2025-12-28,active,199,marketplace,1
u_009877,2026-04-10,active,199,experiment_prompt,0
u_009880,2026-07-21,active,199,promo,0
u_009885,2026-07-01,active,199,marketplace,1
u_009887,2025-12-26,active,199,bank_card,0
u_009896,2026-05-12,cancelled,199,marketplace,0
u_009900,2025-09-28,cancelled,199,experiment_prompt,0
u_009914,2026-02-08,active,199,marketplace,1
u_009917,2026-06-05,active,199,promo,0
u_009919,2026-06-23,active,199,marketplace,0
u_009921,2025-11-19,active,199,marketplace,0
u_009924,2026-01-17,active,199,experiment_prompt,0
u_009925,2026-06-13,active,199,experiment_prompt,0
u_009932,2026-05-08,cancelled,199,marketplace,0
u_009933,2025-12-25,active,199,marketplace,0
u_009946,2026-01-17,active,199,marketplace,0
u_009956,2026-04-02,active,199,marketplace,1
u_009959,2026-06-15,active,199,marketplace,0
u_009960,2026-06-07,active,199,partner,1
u_009963,2026-06-25,active,199,bank_card,0
u_009970,2026-06-28,active,199,marketplace,0
u_009975,2026-03-23,active,199,experiment_prompt,1
u_009979,2026-07-28,active,199,marketplace,1
u_009990,2026-04-27,active,199,marketplace,0
u_009991,2026-04-22,active,199,marketplace,0
u_009994,2026-05-16,active,199,bank_card,0
u_009996,2026-05-16,cancelled,199,bank_card,0
u_009999,2026-06-24,active,199,bank_card,0
u_010001,2026-04-03,active,199,marketplace,1
u_010003,2026-05-19,active,199,bank_card,0
u_010010,2026-05-30,active,199,experiment_prompt,0
u_010012,2025-10-30,active,199,experiment_prompt,0
u_010026,2026-04-10,active,199,bank_card,0
u_010034,2026-05-30,active,199,promo,0
u_010043,2026-04-09,active,199,partner,0
u_010049,2026-02-24,active,199,experiment_prompt,0
u_010054,2026-07-27,active,199,marketplace,0
u_010060,2026-06-06,cancelled,199,experiment_prompt,0
u_010069,2026-06-24,active,199,experiment_prompt,0
u_010077,2026-06-22,active,199,marketplace,1
u_010078,2025-05-09,active,199,promo,0
u_010090,2026-04-14,cancelled,199,experiment_prompt,0
u_010095,2026-07-18,active,199,experiment_prompt,0
u_010097,2026-05-23,active,199,promo,0
u_010111,2026-03-08,active,199,bank_card,0
u_010112,2025-12-23,active,199,marketplace,0
u_010113,2026-03-18,active,199,bank_card,0
u_010119,2026-02-08,active,199,promo,0
u_010134,2026-03-02,active,199,marketplace,0
u_010142,2025-11-30,active,199,marketplace,1
u_010148,2026-03-29,active,199,bank_card,0
u_010152,2026-06-05,active,199,promo,0
u_010153,2026-04-07,active,199,marketplace,0
u_010154,2026-01-10,active,199,marketplace,0
u_010155,2026-05-10,active,199,partner,0
u_010156,2025-12-27,cancelled,199,bank_card,0
u_010160,2026-04-29,active,199,bank_card,0
u_010163,2026-05-15,cancelled,199,marketplace,0
u_010165,2026-04-08,active,199,marketplace,0
u_010166,2026-02-24,cancelled,199,marketplace,0
u_010167,2025-05-16,active,199,marketplace,0
u_010169,2025-11-20,cancelled,199,bank_card,0
u_010170,2026-07-11,active,199,experiment_prompt,1
u_010171,2026-02-05,active,199,experiment_prompt,0
u_010184,2026-01-13,active,199,marketplace,0
u_010185,2026-06-14,active,199,marketplace,0
u_010187,2026-04-27,active,199,marketplace,1
u_010188,2026-01-18,active,199,experiment_prompt,0
u_010207,2026-07-13,active,199,bank_card,1
u_010208,2026-03-14,active,199,experiment_prompt,0
u_010211,2026-05-10,active,199,marketplace,0
u_010214,2026-03-19,active,199,marketplace,0
u_010220,2026-07-16,active,199,promo,1
u_010234,2026-05-12,active,199,marketplace,0
u_010238,2026-07-02,active,199,bank_card,0
u_010239,2026-05-13,active,199,marketplace,0
u_010252,2026-06-20,active,199,marketplace,0
u_010253,2026-01-21,cancelled,199,marketplace,0
u_010262,2025-07-23,active,199,marketplace,0
u_010274,2026-07-01,active,199,marketplace,0
u_010275,2025-09-10,active,199,marketplace,1
u_010276,2026-07-01,active,199,marketplace,0
u_010281,2025-10-10,active,199,promo,0
u_010283,2026-05-02,active,199,marketplace,0
u_010295,2026-01-26,active,199,marketplace,0
u_010307,2025-12-19,active,199,marketplace,0
u_010308,2026-06-24,active,199,experiment_prompt,1
u_010309,2026-02-22,active,199,marketplace,0
u_010311,2026-06-17,cancelled,199,marketplace,0
u_010322,2026-06-13,active,199,promo,0
u_010325,2026-05-02,active,199,bank_card,0
u_010331,2026-05-18,active,199,partner,0
u_010333,2026-04-16,active,199,partner,0
u_010336,2026-06-19,cancelled,199,marketplace,0
u_010338,2026-05-10,active,199,experiment_prompt,1
u_010343,2026-06-23,active,199,promo,0
u_010344,2026-04-02,active,199,promo,0
u_010346,2026-04-04,active,199,experiment_prompt,0
u_010352,2026-06-18,active,199,bank_card,0
u_010357,2026-03-19,active,199,experiment_prompt,0
u_010363,2026-01-04,active,199,experiment_prompt,0
u_010364,2025-11-08,cancelled,199,bank_card,1
u_010371,2026-07-26,cancelled,199,marketplace,0
u_010372,2026-06-28,active,199,bank_card,0
u_010377,2026-05-02,active,199,experiment_prompt,0
u_010383,2026-06-12,active,199,experiment_prompt,0
u_010386,2026-04-15,active,199,experiment_prompt,1
u_010388,2026-01-14,active,199,experiment_prompt,0
u_010390,2026-06-03,cancelled,199,experiment_prompt,0
u_010392,2026-01-27,active,199,marketplace,0
u_010395,2024-03-09,active,199,promo,0
u_010400,2026-06-05,active,199,marketplace,0
u_010410,2026-06-13,active,199,marketplace,0
u_010411,2026-04-24,active,199,marketplace,0
u_010412,2026-04-19,active,199,marketplace,0
u_010414,2026-06-10,active,199,experiment_prompt,1
u_010415,2026-05-02,active,199,bank_card,0
u_010429,2026-04-19,active,199,marketplace,1
u_010430,2026-01-04,active,199,promo,1
u_010435,2026-06-28,active,199,experiment_prompt,0
u_010436,2026-07-01,active,199,promo,1
u_010445,2026-03-17,cancelled,199,bank_card,0
u_010448,2026-06-17,active,199,marketplace,1
u_010450,2026-04-19,active,199,marketplace,0
u_010454,2026-01-13,active,199,bank_card,0
u_010455,2026-05-27,active,199,marketplace,0
u_010464,2026-07-09,active,199,marketplace,1
u_010478,2026-02-25,active,199,partner,0
u_010482,2026-06-28,active,199,marketplace,0
u_010483,2026-05-31,active,199,marketplace,0
u_010489,2026-01-24,active,199,experiment_prompt,0
u_010492,2026-06-14,active,199,promo,0
u_010499,2026-06-17,active,199,partner,1
u_010502,2026-06-10,active,199,bank_card,1
u_010508,2025-11-20,active,199,marketplace,0
u_010519,2025-10-01,active,199,marketplace,0
u_010532,2026-03-03,cancelled,199,marketplace,0
u_010536,2026-04-01,active,199,experiment_prompt,0
u_010544,2026-07-13,active,199,promo,0
u_010547,2026-02-26,active,199,promo,0
u_010551,2025-12-27,active,199,marketplace,0
u_010561,2026-04-07,active,199,bank_card,0
u_010569,2026-04-06,active,199,experiment_prompt,0
u_010572,2026-06-29,active,199,experiment_prompt,0
u_010573,2025-12-04,active,199,marketplace,0
u_010576,2026-04-01,active,199,experiment_prompt,0
u_010578,2026-04-03,active,199,experiment_prompt,1
u_010579,2026-05-01,active,199,marketplace,1
u_010581,2026-05-13,active,199,marketplace,0
u_010588,2026-06-03,active,199,marketplace,0
u_010595,2026-03-10,active,199,experiment_prompt,0
u_010603,2026-05-09,active,199,marketplace,0
u_010621,2026-02-24,active,199,bank_card,1
u_010626,2025-12-02,active,199,promo,0
u_010630,2025-09-21,active,199,marketplace,0
u_010631,2026-03-21,active,199,partner,0
u_010634,2026-01-06,active,199,bank_card,0
u_010644,2026-03-24,active,199,promo,0
u_010645,2026-04-02,active,199,marketplace,0
u_010650,2026-05-03,active,199,marketplace,1
u_010666,2026-05-16,active,199,marketplace,1
u_010674,2026-01-04,active,199,marketplace,0
u_010676,2025-10-17,active,199,marketplace,0
u_010684,2026-04-15,active,199,marketplace,0
u_010695,2026-06-30,active,199,experiment_prompt,0
u_010711,2025-12-11,active,199,marketplace,0
u_010712,2026-03-25,active,199,partner,0
u_010716,2026-07-13,active,199,marketplace,1
u_010731,2026-06-29,active,199,marketplace,0
u_010732,2026-05-13,active,199,marketplace,1
u_010748,2026-07-26,active,199,marketplace,0
u_010755,2025-12-22,active,199,marketplace,0
u_010758,2026-04-25,active,199,bank_card,0
u_010760,2026-02-11,active,199,experiment_prompt,0
u_010763,2026-03-27,active,199,marketplace,0
u_010771,2026-06-10,active,199,marketplace,0
u_010775,2026-01-12,active,199,marketplace,0
u_010784,2026-05-01,active,199,marketplace,1
u_010787,2025-11-06,active,199,bank_card,1
u_010789,2026-07-12,active,199,marketplace,1
u_010790,2025-12-06,active,199,marketplace,0
u_010792,2026-03-06,active,199,bank_card,1
u_010794,2026-07-16,active,199,experiment_prompt,0
u_010802,2026-07-16,active,199,experiment_prompt,1
u_010806,2026-07-01,active,199,experiment_prompt,1
u_010813,2026-03-20,active,199,experiment_prompt,0
u_010815,2025-09-03,active,199,bank_card,0
u_010821,2026-03-26,active,199,bank_card,0
u_010831,2026-06-04,cancelled,199,experiment_prompt,0
u_010834,2026-05-22,active,199,marketplace,0
u_010837,2026-03-17,active,199,marketplace,1
u_010844,2026-06-09,active,199,marketplace,0
u_010846,2026-02-25,active,199,bank_card,0
u_010849,2025-07-10,active,199,marketplace,0
u_010853,2025-09-07,active,199,experiment_prompt,0
u_010858,2025-12-01,active,199,marketplace,0
u_010859,2026-03-29,active,199,marketplace,0
u_010862,2026-03-08,active,199,marketplace,0
u_010869,2025-02-02,active,199,marketplace,0
u_010870,2026-01-26,active,199,marketplace,0
u_010892,2025-07-19,active,199,marketplace,0
u_010897,2026-06-14,active,199,marketplace,0
u_010904,2026-03-19,active,199,experiment_prompt,0
u_010908,2025-11-28,active,199,promo,1
u_010909,2026-03-23,active,199,experiment_prompt,0
u_010915,2026-03-30,active,199,experiment_prompt,1
u_010917,2026-07-01,active,199,marketplace,1
u_010921,2026-07-10,active,199,bank_card,1
u_010924,2026-03-20,active,199,promo,0
u_010935,2026-03-09,active,199,marketplace,0
u_010943,2026-06-21,active,199,partner,0
u_010944,2025-10-01,active,199,marketplace,1
u_010945,2025-11-21,active,199,experiment_prompt,0
u_010946,2026-05-12,active,199,marketplace,1
u_010958,2026-05-30,active,199,marketplace,0
u_010963,2026-05-29,active,199,bank_card,0
u_010969,2026-07-03,active,199,marketplace,1
u_010970,2026-06-10,active,199,marketplace,0
u_010975,2026-05-02,active,199,marketplace,0
u_010979,2025-11-20,active,199,marketplace,0
u_010985,2026-02-02,active,199,experiment_prompt,0
u_010986,2026-06-20,active,199,promo,0
u_010990,2026-05-26,active,199,marketplace,0
u_011002,2026-06-21,active,199,bank_card,0
u_011003,2025-12-01,active,199,marketplace,0
u_011006,2026-06-11,active,199,marketplace,0
u_011014,2026-02-12,active,199,marketplace,0
u_011039,2026-07-08,active,199,experiment_prompt,1
u_011042,2025-10-08,active,199,marketplace,0
u_011052,2026-02-10,active,199,marketplace,0
u_011055,2026-05-25,active,199,promo,0
u_011066,2026-06-18,active,199,marketplace,0
u_011071,2026-05-25,active,199,marketplace,0
u_011081,2026-07-03,active,199,experiment_prompt,0
u_011091,2024-06-29,active,199,bank_card,0
u_011093,2025-01-17,active,199,experiment_prompt,0
u_011097,2026-05-01,active,199,marketplace,0
u_011098,2026-05-06,active,199,experiment_prompt,0
u_011099,2026-06-24,active,199,experiment_prompt,0
u_011100,2026-07-15,active,199,marketplace,0
u_011104,2026-07-10,active,199,bank_card,0
u_011107,2026-04-07,cancelled,199,experiment_prompt,0
u_011123,2025-10-01,active,199,experiment_prompt,1
u_011132,2026-07-20,active,199,marketplace,0
u_011133,2026-06-22,active,199,marketplace,0
u_011139,2025-12-18,active,199,marketplace,1
u_011152,2026-01-26,active,199,bank_card,0
u_011158,2026-05-08,cancelled,199,experiment_prompt,0
u_011160,2026-06-14,active,199,partner,0
u_011161,2025-09-18,active,199,marketplace,0
u_011177,2026-07-15,active,199,experiment_prompt,0
u_011178,2026-04-23,active,199,experiment_prompt,0
u_011181,2026-07-12,active,199,bank_card,0
u_011183,2026-02-08,active,199,bank_card,0
u_011185,2026-03-26,active,199,bank_card,0
u_011189,2026-04-18,active,199,marketplace,0
u_011190,2025-10-09,active,199,marketplace,0
u_011193,2026-05-23,active,199,bank_card,0
u_011204,2026-03-19,active,199,experiment_prompt,1
u_011207,2026-06-19,active,199,marketplace,0
u_011208,2026-06-14,active,199,bank_card,0
u_011217,2026-03-31,active,199,partner,0
u_011225,2025-04-05,active,199,experiment_prompt,0
u_011229,2026-04-22,cancelled,199,marketplace,0
u_011235,2026-05-01,active,199,bank_card,0
u_011250,2026-04-09,active,199,marketplace,0
u_011253,2026-02-19,active,199,bank_card,0
u_011255,2026-06-22,active,199,marketplace,0
u_011271,2026-06-14,active,199,marketplace,0
u_011276,2026-02-21,active,199,partner,0
u_011277,2026-05-26,active,199,marketplace,0
u_011284,2026-06-23,active,199,marketplace,1
u_011286,2026-05-13,active,199,promo,0
u_011293,2026-01-20,active,199,marketplace,1
u_011295,2026-01-13,active,199,bank_card,1
u_011298,2026-06-29,active,199,marketplace,0
u_011299,2026-01-31,active,199,marketplace,0
u_011301,2026-04-07,active,199,promo,0
u_011302,2026-04-09,active,199,marketplace,1
u_011307,2024-12-02,active,199,marketplace,0
u_011309,2026-03-30,active,199,marketplace,0
u_011310,2026-06-08,active,199,bank_card,0
u_011316,2026-06-24,active,199,marketplace,0
u_011317,2026-05-23,cancelled,199,marketplace,0
u_011323,2026-03-31,active,199,partner,0
u_011335,2026-04-17,active,199,marketplace,0
u_011344,2026-06-28,active,199,bank_card,0
u_011345,2026-06-13,active,199,marketplace,0
u_011349,2026-03-09,active,199,marketplace,0
u_011350,2025-06-06,active,199,experiment_prompt,0
u_011354,2025-10-19,active,199,experiment_prompt,0
u_011355,2026-04-18,active,199,marketplace,0
u_011357,2026-05-12,active,199,marketplace,0
u_011361,2026-06-18,active,199,marketplace,1
u_011363,2025-12-23,active,199,marketplace,1
u_011384,2026-04-18,active,199,marketplace,1
u_011388,2026-03-02,active,199,bank_card,1
u_011390,2026-05-16,active,199,marketplace,0
u_011398,2026-06-19,active,199,marketplace,1
u_011413,2026-04-05,active,199,marketplace,0
u_011415,2026-05-02,active,199,experiment_prompt,0
u_011421,2024-11-19,active,199,bank_card,0
u_011426,2026-02-20,active,199,marketplace,0
u_011435,2026-01-03,cancelled,199,bank_card,0
u_011438,2026-05-17,active,199,bank_card,0
u_011440,2025-11-30,active,199,marketplace,0
u_011445,2025-10-06,active,199,bank_card,1
u_011446,2026-02-28,active,199,marketplace,1
u_011448,2026-05-25,active,199,marketplace,0
u_011451,2026-01-19,active,199,promo,0
u_011456,2025-04-20,active,199,experiment_prompt,0
u_011461,2025-07-11,active,199,bank_card,0
u_011463,2025-12-07,active,199,marketplace,0
u_011466,2026-03-30,active,199,experiment_prompt,0
u_011472,2026-06-18,active,199,promo,0
u_011474,2026-04-05,active,199,marketplace,0
u_011475,2026-05-30,active,199,bank_card,1
u_011480,2026-07-09,active,199,experiment_prompt,0
u_011484,2026-05-16,active,199,marketplace,0
u_011486,2026-05-02,active,199,marketplace,0
u_011494,2026-07-24,active,199,experiment_prompt,0
u_011498,2026-06-12,active,199,bank_card,0
u_011501,2026-04-05,active,199,promo,0
u_011503,2026-06-06,active,199,marketplace,0
u_011519,2026-06-30,active,199,marketplace,0
u_011532,2025-09-06,active,199,marketplace,0
u_011537,2026-06-30,active,199,partner,0
u_011541,2026-06-21,active,199,experiment_prompt,0
u_011543,2025-05-26,active,199,marketplace,1
u_011552,2026-05-25,active,199,bank_card,0
u_011555,2026-02-17,active,199,marketplace,1
u_011562,2026-07-01,active,199,partner,1
u_011566,2026-02-09,active,199,marketplace,0
u_011573,2026-03-08,active,199,experiment_prompt,0
u_011574,2026-06-07,active,199,experiment_prompt,1
u_011575,2025-12-27,active,199,experiment_prompt,0
u_011578,2026-06-01,cancelled,199,partner,0
u_011579,2026-02-05,active,199,bank_card,0
u_011590,2026-07-08,active,199,bank_card,0
u_011602,2026-06-01,active,199,marketplace,0
u_011610,2026-02-20,active,199,promo,1
u_011619,2026-06-25,active,199,bank_card,0
u_011620,2026-07-18,active,199,bank_card,0
u_011621,2025-09-17,active,199,promo,0
u_011639,2026-03-13,cancelled,199,marketplace,0
u_011644,2026-01-06,active,199,bank_card,0
u_011655,2026-05-26,cancelled,199,marketplace,1
u_011663,2026-04-14,active,199,promo,0
u_011674,2026-03-03,active,199,marketplace,0
u_011684,2025-08-22,active,199,marketplace,0
u_011686,2026-02-06,active,199,experiment_prompt,0
u_011687,2026-01-22,active,199,bank_card,0
u_011688,2026-07-16,active,199,experiment_prompt,1
u_011691,2026-06-26,active,199,experiment_prompt,0
u_011694,2025-12-06,active,199,bank_card,0
u_011696,2025-08-11,active,199,marketplace,0
u_011703,2026-02-04,active,199,marketplace,0
u_011706,2026-03-10,cancelled,199,experiment_prompt,1
u_011710,2026-07-05,active,199,marketplace,0
u_011719,2026-02-28,active,199,marketplace,1
u_011720,2026-03-28,active,199,marketplace,0
u_011722,2025-05-04,active,199,marketplace,0
u_011730,2025-04-11,active,199,marketplace,0
u_011733,2026-06-13,active,199,marketplace,0
u_011745,2026-07-18,active,199,bank_card,1
u_011751,2026-03-28,active,199,marketplace,0
u_011757,2026-04-15,active,199,marketplace,0
u_011761,2026-04-21,active,199,marketplace,0
u_011769,2026-06-06,active,199,experiment_prompt,1
u_011770,2026-07-15,active,199,experiment_prompt,1
u_011772,2026-03-10,active,199,promo,0
u_011775,2026-07-26,active,199,bank_card,0
u_011781,2026-04-01,active,199,bank_card,0
u_011789,2026-01-28,active,199,marketplace,0
u_011790,2026-06-19,active,199,bank_card,1
u_011808,2024-10-07,active,199,experiment_prompt,0
u_011812,2026-06-24,active,199,bank_card,0
u_011815,2026-06-28,active,199,experiment_prompt,0
u_011816,2026-02-12,active,199,bank_card,1
u_011821,2026-05-20,active,199,experiment_prompt,0
u_011825,2026-05-15,active,199,marketplace,0
u_011828,2026-05-14,active,199,marketplace,0
u_011829,2026-05-20,active,199,marketplace,1
u_011842,2026-06-25,active,199,experiment_prompt,0
u_011846,2026-01-30,active,199,marketplace,0
u_011850,2026-01-16,active,199,marketplace,0
u_011855,2026-01-23,active,199,bank_card,0
u_011856,2026-03-15,active,199,bank_card,0
u_011863,2026-04-26,active,199,experiment_prompt,0
u_011866,2026-06-07,active,199,marketplace,0
u_011869,2026-04-20,active,199,experiment_prompt,0
u_011876,2025-11-22,active,199,partner,0
u_011890,2026-06-19,active,199,marketplace,0
u_011895,2026-03-22,active,199,marketplace,1
u_011899,2025-10-31,active,199,experiment_prompt,1
u_011902,2026-05-10,active,199,marketplace,0
u_011907,2026-05-12,active,199,marketplace,1
u_011912,2026-02-28,active,199,marketplace,0
u_011917,2026-06-29,active,199,experiment_prompt,0
u_011922,2025-12-12,active,199,experiment_prompt,0
u_011927,2026-05-07,active,199,experiment_prompt,0
u_011930,2026-03-04,active,199,marketplace,1
u_011941,2026-04-26,active,199,bank_card,0
u_011955,2025-07-16,active,199,experiment_prompt,0
u_011957,2025-03-21,active,199,promo,1
u_011961,2026-05-07,active,199,bank_card,0
u_011964,2026-05-27,active,199,experiment_prompt,0
u_011975,2026-06-26,active,199,marketplace,0
u_011986,2025-02-12,active,199,marketplace,1
u_012002,2025-11-24,active,199,marketplace,0
u_012008,2026-07-23,active,199,experiment_prompt,1
u_012010,2026-06-25,active,199,experiment_prompt,0
u_012015,2026-07-18,active,199,marketplace,0
u_012016,2026-06-22,active,199,experiment_prompt,0
u_012063,2026-06-20,active,199,promo,1
u_012064,2025-12-08,active,199,marketplace,0
u_012065,2026-05-07,active,199,bank_card,0
u_012078,2026-03-05,active,199,marketplace,0
u_012082,2026-07-29,active,199,experiment_prompt,1
u_012095,2026-05-28,active,199,bank_card,0
u_012096,2026-05-02,active,199,marketplace,0
u_012104,2026-06-14,active,199,marketplace,0
u_012113,2026-05-10,active,199,marketplace,0
u_012115,2026-07-23,active,199,marketplace,0
u_012119,2026-07-12,cancelled,199,marketplace,1
u_012124,2026-04-26,active,199,experiment_prompt,0
u_012128,2026-01-07,active,199,marketplace,0
u_012131,2025-09-14,active,199,bank_card,0
u_012135,2026-04-09,active,199,promo,0
u_012142,2026-05-07,active,199,marketplace,0
u_012144,2026-06-09,active,199,experiment_prompt,0
u_012146,2026-07-01,active,199,bank_card,0
u_012148,2026-03-01,active,199,marketplace,0
u_012149,2026-03-22,active,199,experiment_prompt,0
u_012164,2026-04-06,active,199,bank_card,0
u_012169,2026-06-02,active,199,marketplace,0
u_012175,2026-03-19,cancelled,199,experiment_prompt,0
u_012181,2026-06-05,active,199,partner,1
u_012186,2026-06-26,active,199,promo,0
u_012188,2025-12-14,active,199,marketplace,1
u_012193,2026-03-15,active,199,marketplace,0
u_012202,2026-06-28,active,199,experiment_prompt,0
u_012203,2026-07-04,active,199,marketplace,1
u_012210,2026-07-16,active,199,marketplace,1
u_012211,2025-11-07,active,199,marketplace,1
u_012222,2025-08-20,active,199,bank_card,1
u_012224,2026-06-17,active,199,marketplace,0
u_012226,2025-06-10,cancelled,199,marketplace,0
u_012227,2024-01-29,active,199,marketplace,0
u_012230,2026-02-22,active,199,marketplace,0
u_012240,2026-05-31,active,199,marketplace,0
u_012247,2025-07-17,active,199,marketplace,0
u_012257,2026-02-22,active,199,promo,0
u_012265,2026-07-02,active,199,marketplace,1
u_012267,2026-06-14,active,199,bank_card,0
u_012276,2026-06-15,cancelled,199,bank_card,1
u_012281,2026-02-25,active,199,experiment_prompt,0
u_012290,2026-05-25,active,199,marketplace,1
u_012296,2024-09-02,active,199,marketplace,0
u_012301,2025-09-26,active,199,bank_card,0
u_012303,2025-12-26,active,199,experiment_prompt,0
u_012308,2026-07-01,active,199,experiment_prompt,0
u_012317,2026-07-07,active,199,marketplace,0
u_012336,2026-04-03,active,199,marketplace,1
u_012339,2026-06-09,active,199,marketplace,0
u_012355,2026-05-15,active,199,marketplace,0
u_012362,2025-11-09,active,199,marketplace,0
u_012365,2026-06-23,active,199,promo,0
u_012368,2026-04-28,active,199,partner,0
u_012371,2026-06-17,active,199,marketplace,0
u_012377,2026-07-18,active,199,marketplace,1
u_012378,2025-12-03,active,199,bank_card,0
u_012390,2026-06-04,active,199,bank_card,0
u_012393,2026-05-26,active,199,marketplace,0
u_012396,2026-06-05,active,199,bank_card,1
u_012404,2026-02-25,active,199,experiment_prompt,1
u_012405,2026-03-08,active,199,marketplace,0
u_012408,2026-01-29,active,199,marketplace,0
u_012411,2026-05-08,active,199,marketplace,0
u_012416,2026-06-02,active,199,experiment_prompt,0
u_012422,2024-11-06,active,199,promo,0
u_012432,2026-05-27,active,199,bank_card,0
u_012436,2026-07-04,active,199,marketplace,0
u_012438,2026-02-08,active,199,marketplace,0
u_012452,2025-08-23,active,199,experiment_prompt,0
u_012457,2025-01-16,cancelled,199,bank_card,0
u_012458,2026-05-29,active,199,marketplace,0
u_012460,2025-12-24,active,199,promo,0
u_012461,2026-03-23,active,199,marketplace,0
u_012467,2026-04-06,active,199,marketplace,0
u_012473,2026-06-15,active,199,bank_card,1
u_012481,2026-04-30,active,199,marketplace,0
u_012485,2026-06-28,active,199,experiment_prompt,0
u_012500,2026-07-01,active,199,bank_card,0
u_012501,2026-07-01,active,199,marketplace,0
u_012509,2026-06-23,cancelled,199,bank_card,0
u_012513,2026-03-28,active,199,marketplace,1
u_012520,2026-01-21,active,199,bank_card,0
u_012524,2026-05-07,active,199,experiment_prompt,0
u_012533,2026-04-15,active,199,bank_card,0
u_012545,2026-06-05,active,199,promo,0
u_012561,2026-04-01,active,199,experiment_prompt,0
u_012572,2026-05-17,active,199,marketplace,0
u_012574,2025-04-01,active,199,marketplace,0
u_012579,2026-01-10,active,199,marketplace,0
u_012580,2026-07-28,active,199,marketplace,0
u_012585,2025-09-15,active,199,marketplace,1
u_012588,2026-03-15,active,199,bank_card,0
u_012591,2026-06-15,active,199,bank_card,0
u_012593,2025-05-24,active,199,bank_card,1
u_012611,2026-06-06,active,199,marketplace,1
u_012613,2025-11-27,active,199,marketplace,0
u_012616,2026-06-24,active,199,experiment_prompt,0
u_012624,2026-06-07,active,199,marketplace,1
u_012628,2025-09-15,active,199,bank_card,1
u_012630,2026-06-29,active,199,marketplace,0
u_012639,2026-06-21,active,199,marketplace,0
u_012643,2025-11-19,active,199,experiment_prompt,0
u_012644,2026-06-12,active,199,marketplace,1
u_012668,2025-06-29,active,199,bank_card,1
u_012669,2026-06-30,active,199,experiment_prompt,1
u_012678,2026-06-28,active,199,marketplace,0
u_012683,2026-01-05,active,199,bank_card,0
u_012688,2026-04-30,active,199,bank_card,1
u_012693,2026-03-16,active,199,bank_card,0
u_012701,2025-11-30,active,199,promo,0
u_012703,2026-05-03,active,199,marketplace,0
u_012705,2026-07-01,active,199,promo,0
u_012707,2026-03-10,active,199,promo,0
u_012715,2026-05-09,active,199,marketplace,0
u_012724,2026-05-19,active,199,marketplace,0
u_012727,2026-06-17,active,199,experiment_prompt,0
u_012729,2026-06-13,active,199,promo,0
u_012738,2026-05-09,active,199,marketplace,0
u_012748,2026-05-16,active,199,marketplace,0
u_012749,2025-04-23,active,199,experiment_prompt,0
u_012754,2026-07-22,active,199,bank_card,0
u_012755,2025-12-14,active,199,experiment_prompt,0
u_012763,2026-04-03,active,199,promo,0
u_012775,2025-10-17,active,199,marketplace,0
u_012779,2026-04-27,active,199,marketplace,0
u_012780,2026-04-03,active,199,promo,0
u_012785,2026-06-02,active,199,marketplace,0
u_012792,2026-05-20,active,199,promo,1
u_012800,2026-07-06,active,199,bank_card,0
u_012802,2026-02-09,active,199,marketplace,0
u_012811,2026-06-24,active,199,marketplace,0
u_012819,2026-01-03,active,199,bank_card,0
u_012821,2026-06-19,active,199,marketplace,0
u_012822,2026-01-13,active,199,partner,0
u_012825,2026-04-18,active,199,marketplace,0
u_012827,2025-08-26,active,199,bank_card,0
u_012833,2026-03-14,active,199,bank_card,0
u_012838,2025-12-05,active,199,promo,0
u_012839,2026-07-27,active,199,marketplace,1
u_012843,2026-06-30,active,199,experiment_prompt,0
u_012850,2026-04-15,active,199,marketplace,0
u_012855,2025-11-16,active,199,bank_card,0
u_012858,2025-10-30,active,199,promo,0
u_012860,2026-05-27,active,199,experiment_prompt,1
u_012883,2026-05-01,active,199,promo,0
u_012890,2026-06-13,cancelled,199,marketplace,0
u_012891,2026-04-01,active,199,marketplace,0
u_012893,2026-05-23,active,199,experiment_prompt,1
u_012897,2026-04-06,active,199,bank_card,0
u_012900,2026-01-27,active,199,marketplace,0
u_012908,2026-01-21,active,199,experiment_prompt,1
u_012931,2026-05-16,active,199,experiment_prompt,0
u_012935,2026-02-13,active,199,bank_card,0
u_012937,2026-05-31,active,199,partner,0
u_012955,2026-05-30,active,199,bank_card,0
u_012957,2025-08-15,cancelled,199,bank_card,0
u_012965,2026-06-22,active,199,experiment_prompt,1
u_012973,2026-05-04,active,199,marketplace,0
u_012982,2025-12-22,active,199,experiment_prompt,0
u_012983,2026-04-11,active,199,marketplace,1
u_012986,2026-04-28,active,199,bank_card,0
u_012987,2026-07-01,active,199,marketplace,1
u_012994,2026-05-24,active,199,bank_card,0
u_013014,2026-03-27,active,199,promo,0
u_013024,2026-06-26,active,199,promo,0
u_013032,2026-05-31,active,199,experiment_prompt,0
u_013035,2026-04-28,active,199,marketplace,0
u_013062,2026-07-15,active,199,partner,0
u_013069,2026-05-25,cancelled,199,marketplace,0
u_013076,2026-01-23,active,199,marketplace,1
u_013081,2026-03-14,active,199,bank_card,0
u_013082,2025-03-11,active,199,marketplace,1
u_013095,2026-05-31,active,199,marketplace,0
u_013096,2026-04-11,active,199,marketplace,0
u_013099,2026-01-21,active,199,bank_card,1
u_013112,2025-12-06,cancelled,199,bank_card,1
u_013120,2026-07-22,cancelled,199,promo,1
u_013132,2026-03-07,active,199,experiment_prompt,0
u_013137,2026-07-27,active,199,bank_card,1
u_013141,2026-06-09,active,199,marketplace,0
u_013155,2026-07-17,active,199,marketplace,0
u_013157,2026-05-28,active,199,promo,0
u_013158,2026-03-03,active,199,marketplace,0
u_013164,2026-04-28,active,199,marketplace,0
u_013186,2026-05-23,active,199,experiment_prompt,1
u_013193,2026-05-29,active,199,marketplace,1
u_013196,2026-06-23,active,199,bank_card,0
u_013200,2026-01-14,active,199,marketplace,0
u_013203,2026-06-17,active,199,marketplace,0
u_013207,2026-05-30,active,199,experiment_prompt,0
u_013208,2026-06-27,active,199,marketplace,0
u_013217,2026-01-07,active,199,experiment_prompt,0
u_013219,2026-06-06,active,199,bank_card,0
u_013221,2026-06-28,active,199,partner,0
u_013228,2025-07-11,active,199,bank_card,0
u_013229,2026-07-19,active,199,experiment_prompt,0
u_013234,2026-06-30,cancelled,199,marketplace,1
u_013237,2026-05-20,cancelled,199,partner,0
u_013243,2026-02-02,active,199,experiment_prompt,1
u_013247,2026-03-18,active,199,bank_card,0
u_013252,2026-04-15,active,199,marketplace,0
u_013256,2026-06-19,active,199,marketplace,0
u_013257,2025-12-13,active,199,marketplace,1
u_013258,2025-12-12,active,199,marketplace,0
u_013260,2025-11-12,active,199,bank_card,0
u_013262,2026-04-26,active,199,promo,0
u_013264,2025-12-12,active,199,marketplace,0
u_013267,2024-02-03,active,199,experiment_prompt,0
u_013275,2026-01-06,active,199,partner,1
u_013282,2026-05-18,active,199,marketplace,0
u_013290,2026-06-05,active,199,marketplace,0
u_013292,2025-02-13,active,199,marketplace,0
u_013294,2026-06-22,active,199,marketplace,0
u_013296,2026-04-04,active,199,promo,0
u_013299,2026-06-11,active,199,promo,0
u_013313,2026-04-04,active,199,partner,0
u_013315,2026-05-27,active,199,promo,0
u_013324,2025-12-12,active,199,marketplace,0
u_013326,2026-02-02,active,199,partner,0
u_013349,2026-01-16,active,199,marketplace,0
u_013352,2026-05-21,active,199,promo,0
u_013356,2026-04-17,active,199,marketplace,0
u_013358,2026-06-28,active,199,marketplace,0
u_013360,2026-05-06,active,199,marketplace,0
u_013362,2026-06-25,active,199,experiment_prompt,1
u_013363,2026-03-22,active,199,marketplace,0
u_013382,2025-12-21,cancelled,199,bank_card,0
u_013392,2025-10-23,active,199,experiment_prompt,1
u_013402,2026-02-20,active,199,partner,0
u_013405,2025-12-25,active,199,marketplace,0
u_013408,2026-03-07,active,199,marketplace,0
u_013416,2025-12-14,cancelled,199,bank_card,0
u_013420,2026-05-11,active,199,marketplace,0
u_013435,2026-07-11,active,199,promo,1
u_013436,2024-02-02,active,199,marketplace,0
u_013437,2026-07-11,cancelled,199,bank_card,0
u_013454,2026-01-18,active,199,experiment_prompt,0
u_013457,2026-05-02,active,199,experiment_prompt,1
u_013461,2026-04-12,active,199,experiment_prompt,0
u_013482,2026-02-11,active,199,marketplace,0
u_013490,2026-01-30,active,199,bank_card,0
u_013491,2026-05-23,active,199,promo,0
u_013500,2026-05-07,active,199,experiment_prompt,0
u_013506,2025-12-15,active,199,marketplace,0
u_013508,2026-06-11,active,199,marketplace,0
u_013509,2025-08-29,active,199,experiment_prompt,0
u_013518,2026-06-25,active,199,marketplace,0
u_013522,2026-06-22,active,199,marketplace,0
u_013526,2026-06-11,active,199,marketplace,0
u_013530,2026-01-04,active,199,experiment_prompt,0
u_013532,2026-06-12,cancelled,199,marketplace,0
u_013536,2026-06-21,active,199,bank_card,0
u_013538,2026-02-28,active,199,bank_card,0
u_013544,2026-01-30,active,199,promo,0
u_013553,2025-09-09,active,199,marketplace,0
u_013562,2026-03-28,active,199,bank_card,0
u_013563,2026-06-15,active,199,marketplace,0
u_013574,2026-03-12,active,199,experiment_prompt,0
u_013575,2025-12-24,active,199,experiment_prompt,0
u_013577,2025-12-25,active,199,marketplace,0
u_013578,2026-05-29,cancelled,199,marketplace,0
u_013581,2026-07-26,active,199,marketplace,1
u_013583,2026-01-05,cancelled,199,marketplace,0
u_013584,2026-06-29,active,199,marketplace,0
u_013594,2026-06-14,active,199,marketplace,1
u_013598,2025-10-10,active,199,marketplace,0
u_013604,2026-02-11,active,199,marketplace,0
u_013606,2026-06-15,active,199,partner,0
u_013607,2026-05-23,active,199,marketplace,0
u_013612,2026-05-28,active,199,bank_card,0
u_013619,2025-03-09,active,199,marketplace,0
u_013624,2026-07-15,active,199,bank_card,1
u_013633,2026-01-18,active,199,marketplace,0
u_013639,2026-03-13,active,199,marketplace,0
u_013640,2026-04-04,active,199,marketplace,0
u_013641,2026-06-15,active,199,experiment_prompt,0
u_013645,2026-06-05,active,199,bank_card,0
u_013652,2026-05-08,active,199,experiment_prompt,0
u_013656,2026-02-19,active,199,marketplace,0
u_013658,2026-07-11,active,199,promo,0
u_013660,2025-09-14,active,199,promo,1
u_013662,2026-06-10,active,199,marketplace,0
u_013665,2026-06-01,active,199,marketplace,0
u_013670,2026-06-23,active,199,partner,0
u_013689,2026-05-09,active,199,bank_card,1
u_013690,2026-05-12,active,199,marketplace,1
u_013693,2026-01-27,active,199,bank_card,1
u_013694,2026-05-31,active,199,marketplace,1
u_013704,2026-06-01,active,199,marketplace,0
u_013711,2026-01-13,active,199,bank_card,1
u_013719,2026-02-10,active,199,marketplace,0
u_013725,2026-05-09,active,199,bank_card,1
u_013736,2026-06-06,active,199,marketplace,0
u_013737,2026-03-16,active,199,bank_card,1
u_013743,2026-06-24,active,199,bank_card,0
u_013745,2025-12-12,active,199,promo,0
u_013746,2026-05-02,active,199,experiment_prompt,1
u_013752,2026-03-28,active,199,bank_card,0
u_013755,2026-02-17,active,199,partner,1
u_013756,2026-04-21,active,199,bank_card,1
u_013760,2026-07-02,active,199,marketplace,0
u_013767,2026-06-14,active,199,marketplace,0
u_013771,2025-10-26,active,199,promo,0
u_013773,2025-08-29,cancelled,199,promo,0
u_013777,2026-06-24,active,199,marketplace,1
u_013784,2025-10-30,active,199,marketplace,0
u_013785,2026-06-29,active,199,promo,1
u_013787,2026-01-22,active,199,experiment_prompt,0
u_013788,2026-06-13,active,199,marketplace,0
u_013789,2026-01-16,active,199,marketplace,0
u_013792,2025-10-25,active,199,partner,0
u_013793,2025-08-30,active,199,bank_card,0
u_013798,2026-07-25,active,199,bank_card,1
u_013802,2026-03-11,active,199,bank_card,0
u_013803,2025-12-28,active,199,marketplace,0
u_013814,2025-09-19,active,199,marketplace,1
u_013817,2026-03-15,active,199,experiment_prompt,0
u_013824,2026-06-05,active,199,bank_card,1
u_013825,2025-08-19,active,199,marketplace,1
u_013829,2026-03-28,active,199,experiment_prompt,0
u_013831,2026-06-30,active,199,promo,0
u_013832,2026-04-23,active,199,marketplace,0
u_013835,2025-12-02,active,199,marketplace,0
u_013838,2026-01-04,active,199,bank_card,0
u_013853,2026-06-24,active,199,marketplace,0
u_013862,2025-07-24,active,199,bank_card,0
u_013872,2026-03-10,active,199,promo,0
u_013874,2026-06-19,active,199,marketplace,0
u_013875,2026-04-12,active,199,marketplace,0
u_013876,2025-11-30,active,199,bank_card,0
u_013890,2026-02-07,active,199,marketplace,1
u_013901,2026-02-08,active,199,marketplace,0
u_013905,2026-05-11,active,199,bank_card,0
u_013907,2026-06-22,active,199,experiment_prompt,0
u_013920,2026-06-08,active,199,promo,1
u_013922,2026-04-05,active,199,experiment_prompt,0
u_013923,2026-07-09,active,199,marketplace,0
u_013928,2026-05-12,active,199,marketplace,0
u_013932,2026-07-11,active,199,promo,1
u_013933,2026-05-10,active,199,bank_card,0
u_013940,2026-03-16,active,199,marketplace,1
u_013944,2025-12-31,active,199,marketplace,0
u_013946,2026-01-22,cancelled,199,bank_card,0
u_013947,2024-04-07,active,199,marketplace,0
u_013954,2026-06-28,active,199,marketplace,0
u_013955,2026-07-10,active,199,bank_card,0
u_013980,2025-09-08,active,199,marketplace,0
u_013982,2024-12-17,active,199,marketplace,0
u_013983,2026-04-15,active,199,marketplace,0
u_013985,2026-07-28,active,199,bank_card,1
u_014000,2026-06-24,active,199,marketplace,0
u_014005,2026-05-20,active,199,bank_card,0
u_014006,2026-02-02,active,199,marketplace,0
u_014007,2025-06-15,active,199,experiment_prompt,0
u_014011,2026-02-22,active,199,marketplace,0
u_014019,2026-07-10,active,199,marketplace,1
u_014030,2025-11-24,active,199,marketplace,1
u_014031,2025-10-24,active,199,bank_card,0
u_014035,2026-01-25,active,199,bank_card,1
u_014039,2025-12-08,active,199,marketplace,1
u_014042,2026-05-28,active,199,experiment_prompt,0
u_014063,2026-05-01,active,199,bank_card,0
u_014069,2026-05-30,active,199,marketplace,0
u_014075,2026-04-19,active,199,bank_card,0
u_014076,2026-06-10,active,199,marketplace,0
u_014078,2026-06-27,active,199,marketplace,0
u_014084,2026-06-13,active,199,bank_card,0
u_014092,2026-01-27,active,199,bank_card,1
u_014094,2025-05-14,active,199,bank_card,0
u_014096,2026-07-06,active,199,marketplace,1
u_014111,2026-05-09,active,199,marketplace,0
u_014114,2026-05-07,active,199,marketplace,0
u_014116,2026-04-02,active,199,marketplace,1
u_014121,2026-02-27,active,199,marketplace,1
u_014122,2026-07-23,cancelled,199,experiment_prompt,0
u_014125,2025-09-18,active,199,marketplace,0
u_014127,2026-03-05,cancelled,199,marketplace,0
u_014158,2026-07-01,active,199,marketplace,0
u_014159,2025-11-20,active,199,partner,0
u_014166,2026-06-10,active,199,promo,0
u_014176,2026-05-29,active,199,promo,0
u_014182,2026-01-16,active,199,bank_card,0
u_014188,2026-03-22,active,199,marketplace,0
u_014196,2025-09-16,active,199,experiment_prompt,0
u_014198,2025-07-27,active,199,experiment_prompt,0
u_014207,2026-05-26,active,199,promo,0
u_014208,2026-05-29,active,199,marketplace,1
u_014211,2026-02-23,active,199,marketplace,1
u_014216,2025-10-26,active,199,promo,0
u_014221,2026-05-30,active,199,partner,0
u_014237,2026-06-29,active,199,experiment_prompt,0
u_014238,2026-02-28,active,199,experiment_prompt,0
u_014242,2026-06-11,active,199,marketplace,0
u_014244,2026-01-30,active,199,bank_card,0
u_014252,2025-12-12,active,199,bank_card,0
u_014254,2026-05-24,active,199,marketplace,0
u_014259,2026-03-14,active,199,marketplace,0
u_014266,2026-07-05,active,199,bank_card,1
u_014272,2026-03-12,active,199,bank_card,0
u_014286,2026-07-23,active,199,experiment_prompt,0
u_014296,2026-07-02,active,199,marketplace,1
u_014303,2026-07-18,cancelled,199,bank_card,1
u_014304,2026-03-05,active,199,marketplace,0
u_014310,2026-03-13,active,199,experiment_prompt,0
u_014314,2025-12-11,active,199,marketplace,0
u_014318,2026-04-14,active,199,experiment_prompt,0
u_014333,2026-06-13,active,199,marketplace,1
u_014341,2026-01-12,active,199,marketplace,0
u_014344,2026-07-04,active,199,experiment_prompt,1
u_014347,2025-10-03,active,199,experiment_prompt,1
u_014356,2025-12-17,active,199,bank_card,0
u_014357,2026-06-02,active,199,marketplace,1
u_014372,2026-05-05,active,199,partner,0
u_014373,2026-04-26,active,199,experiment_prompt,0
u_014375,2025-08-09,active,199,marketplace,0
u_014377,2026-03-28,cancelled,199,experiment_prompt,0
u_014384,2026-07-24,active,199,marketplace,1
u_014397,2026-03-20,active,199,marketplace,0
u_014400,2026-03-21,active,199,bank_card,0
u_014403,2025-10-25,active,199,promo,1
u_014406,2026-07-27,active,199,marketplace,1
u_014418,2026-05-19,active,199,marketplace,0
u_014431,2026-04-07,active,199,marketplace,1
u_014453,2026-05-27,active,199,marketplace,0
u_014454,2026-03-04,active,199,marketplace,0
u_014457,2026-01-02,active,199,marketplace,1
u_014458,2026-03-16,active,199,marketplace,0
u_014460,2025-11-08,active,199,marketplace,0
u_014468,2026-02-02,active,199,promo,0
u_014470,2026-06-24,active,199,marketplace,0
u_014473,2026-05-08,active,199,experiment_prompt,1
u_014477,2026-04-13,active,199,marketplace,0
u_014480,2026-06-24,active,199,promo,0
u_014481,2026-04-04,active,199,partner,0
u_014494,2026-06-18,active,199,bank_card,1
u_014495,2026-02-17,active,199,bank_card,0
u_014499,2026-07-01,active,199,promo,1
u_014502,2026-03-17,active,199,bank_card,0
u_014505,2025-10-18,active,199,partner,0
u_014527,2026-01-30,active,199,marketplace,0
u_014528,2026-06-25,active,199,bank_card,0
u_014533,2026-01-13,active,199,bank_card,0
u_014551,2026-05-17,active,199,marketplace,0
u_014566,2026-06-21,active,199,bank_card,0
u_014570,2026-07-08,active,199,marketplace,0
u_014579,2025-12-27,active,199,bank_card,0
u_014584,2025-09-11,active,199,marketplace,0
u_014589,2026-06-11,active,199,experiment_prompt,0
u_014592,2026-06-07,active,199,marketplace,0
u_014607,2026-06-28,active,199,promo,0
u_014613,2026-02-03,active,199,experiment_prompt,0
u_014623,2026-04-09,active,199,bank_card,0
u_014630,2025-10-01,active,199,bank_card,0
u_014635,2026-05-30,active,199,experiment_prompt,1
u_014636,2026-03-21,active,199,marketplace,0
u_014641,2026-01-05,active,199,partner,0
u_014644,2026-06-27,active,199,marketplace,0
u_014646,2026-04-12,active,199,experiment_prompt,0
u_014647,2025-09-03,active,199,marketplace,0
u_014649,2026-06-13,active,199,promo,0
u_014654,2026-02-13,active,199,promo,0
u_014665,2026-05-26,active,199,marketplace,1
u_014670,2026-07-10,active,199,experiment_prompt,1
u_014674,2026-05-09,active,199,bank_card,0
u_014675,2026-06-04,active,199,marketplace,0
u_014678,2026-03-28,active,199,marketplace,0
u_014686,2026-07-01,active,199,marketplace,1
u_014692,2026-03-04,active,199,experiment_prompt,0
u_014705,2024-09-07,active,199,marketplace,0
u_014719,2026-05-23,active,199,marketplace,0
u_014721,2026-03-03,active,199,marketplace,0
u_014722,2026-01-29,active,199,experiment_prompt,0
u_014724,2026-04-22,active,199,bank_card,1
u_014727,2026-07-09,active,199,marketplace,0
u_014731,2026-06-13,active,199,experiment_prompt,0
u_014738,2025-04-02,active,199,bank_card,0
u_014741,2026-03-18,active,199,marketplace,0
u_014742,2026-03-03,active,199,marketplace,0
u_014748,2025-12-11,active,199,promo,1
u_014749,2026-05-23,active,199,marketplace,0
u_014760,2026-06-24,active,199,bank_card,1
u_014764,2026-06-26,active,199,promo,0
u_014777,2026-02-25,active,199,experiment_prompt,0
u_014780,2025-12-19,active,199,promo,0
u_014784,2026-02-27,cancelled,199,partner,1
u_014788,2026-06-25,active,199,promo,0
u_014790,2026-07-24,cancelled,199,marketplace,0
u_014802,2026-05-24,cancelled,199,partner,0
u_014805,2025-12-22,active,199,marketplace,1
u_014808,2026-06-09,active,199,promo,0
u_014811,2025-10-10,active,199,bank_card,0
u_014821,2024-11-27,cancelled,199,experiment_prompt,0
u_014824,2025-10-14,active,199,experiment_prompt,0
u_014827,2026-02-22,active,199,marketplace,0
u_014829,2026-04-22,active,199,marketplace,0
u_014830,2026-01-31,active,199,bank_card,0
u_014831,2026-06-22,active,199,marketplace,0
u_014838,2026-03-29,active,199,promo,0
u_014849,2026-01-08,active,199,marketplace,1
u_014853,2026-06-07,active,199,experiment_prompt,0
u_014854,2026-05-03,active,199,marketplace,0
u_014859,2025-10-10,active,199,bank_card,0
u_014864,2026-04-21,active,199,bank_card,0
u_014868,2026-06-18,active,199,marketplace,0
u_014876,2026-06-17,active,199,marketplace,0
u_014890,2026-01-24,active,199,experiment_prompt,1
u_014891,2025-11-19,active,199,marketplace,0
u_014892,2026-05-30,active,199,marketplace,0
u_014893,2026-06-14,cancelled,199,bank_card,0
u_014900,2026-05-02,active,199,promo,0
u_014903,2026-06-11,active,199,marketplace,1
u_014911,2026-07-20,cancelled,199,marketplace,0
u_014914,2026-05-14,active,199,marketplace,0
u_014921,2026-07-04,active,199,bank_card,0
u_014939,2026-04-16,active,199,marketplace,0
u_014942,2026-04-23,cancelled,199,bank_card,0
u_014946,2026-06-23,cancelled,199,marketplace,0
u_014950,2026-06-20,active,199,experiment_prompt,1
u_014957,2026-03-22,active,199,marketplace,0
u_014964,2025-10-28,active,199,bank_card,0
u_014973,2025-11-30,active,199,bank_card,0
u_014975,2026-06-19,active,199,partner,0
u_014986,2026-06-18,active,199,bank_card,0
u_014987,2026-05-06,active,199,marketplace,0
u_014989,2026-03-20,active,199,marketplace,0
u_015001,2026-05-12,active,199,marketplace,0
u_015002,2026-05-27,active,199,experiment_prompt,0
u_015003,2026-05-18,active,199,marketplace,0
u_015004,2026-06-19,cancelled,199,marketplace,0
u_015007,2026-04-13,active,199,marketplace,0
u_015022,2026-06-27,active,199,marketplace,0
u_015029,2025-07-04,active,199,bank_card,0
u_015035,2026-04-26,active,199,promo,0
u_015036,2026-07-08,active,199,marketplace,1
u_015037,2026-04-22,active,199,promo,0
u_015046,2025-07-18,active,199,marketplace,0
u_015049,2026-06-17,active,199,bank_card,0
u_015063,2026-05-21,active,199,bank_card,0
u_015073,2026-04-21,cancelled,199,experiment_prompt,0
u_015078,2026-03-25,active,199,experiment_prompt,0
u_015107,2026-07-07,active,199,experiment_prompt,1
u_015124,2026-06-21,active,199,partner,0
u_015126,2026-03-13,active,199,marketplace,0
u_015127,2026-03-03,active,199,experiment_prompt,1
u_015128,2026-03-01,active,199,experiment_prompt,0
u_015129,2026-01-24,active,199,promo,1
u_015133,2026-04-08,active,199,marketplace,1
u_015161,2026-04-23,active,199,marketplace,0
u_015164,2026-04-16,active,199,bank_card,1
u_015166,2025-12-21,active,199,bank_card,1
u_015173,2026-02-27,active,199,bank_card,0
u_015175,2026-01-30,active,199,marketplace,0
u_015192,2026-04-26,active,199,experiment_prompt,0
u_015198,2026-07-05,cancelled,199,marketplace,1
u_015200,2026-04-14,cancelled,199,marketplace,0
u_015202,2026-06-27,active,199,experiment_prompt,0
u_015203,2025-12-05,active,199,marketplace,0
u_015209,2025-07-05,active,199,marketplace,0
u_015211,2025-10-15,active,199,experiment_prompt,0
u_015216,2026-06-04,active,199,bank_card,0
u_015218,2025-10-03,active,199,experiment_prompt,0
u_015226,2026-04-20,active,199,bank_card,0
u_015247,2026-06-28,active,199,experiment_prompt,0
u_015253,2026-06-12,active,199,marketplace,0
u_015262,2026-05-11,active,199,marketplace,0
u_015266,2026-03-27,active,199,experiment_prompt,0
u_015285,2026-06-12,active,199,bank_card,0
u_015286,2025-04-17,active,199,experiment_prompt,0
u_015292,2026-07-26,active,199,marketplace,0
u_015294,2026-07-13,active,199,marketplace,1
u_015298,2026-04-03,active,199,bank_card,1
u_015299,2026-05-20,active,199,bank_card,0
u_015306,2026-04-14,cancelled,199,marketplace,0
u_015308,2026-04-06,active,199,bank_card,0
u_015311,2025-01-22,active,199,marketplace,0
u_015312,2026-07-25,active,199,promo,1
u_015314,2026-05-22,active,199,marketplace,0
u_015317,2026-04-27,active,199,marketplace,0
u_015322,2026-04-07,active,199,marketplace,0
u_015328,2026-01-04,active,199,bank_card,0
u_015330,2026-04-17,active,199,experiment_prompt,0
u_015337,2026-06-10,active,199,marketplace,0
u_015341,2026-06-30,active,199,bank_card,0
u_015342,2026-07-02,cancelled,199,marketplace,0
u_015345,2025-12-31,active,199,experiment_prompt,1
u_015353,2025-09-11,active,199,promo,1
u_015361,2026-04-28,active,199,marketplace,0
u_015367,2026-06-06,cancelled,199,experiment_prompt,0
u_015370,2026-05-04,active,199,bank_card,0
u_015373,2026-06-17,active,199,marketplace,0
u_015377,2026-07-09,active,199,marketplace,1
u_015385,2025-12-30,active,199,marketplace,1
u_015389,2025-06-18,active,199,experiment_prompt,0
u_015395,2026-07-01,active,199,promo,0
u_015400,2026-03-12,active,199,bank_card,0
u_015407,2026-03-20,active,199,marketplace,0
u_015411,2026-07-23,active,199,marketplace,1
u_015412,2026-07-04,active,199,marketplace,0
u_015413,2026-05-11,active,199,promo,0
u_015422,2024-10-08,active,199,bank_card,0
u_015423,2026-04-08,active,199,experiment_prompt,0
u_015426,2026-06-20,cancelled,199,experiment_prompt,0
u_015430,2026-06-09,active,199,bank_card,0
u_015439,2026-04-22,active,199,marketplace,1
u_015444,2026-06-27,active,199,marketplace,0
u_015452,2026-07-05,active,199,marketplace,0
u_015456,2026-01-29,active,199,marketplace,0
u_015458,2026-06-04,active,199,marketplace,0
u_015460,2026-05-23,active,199,marketplace,0
u_015461,2026-05-29,active,199,experiment_prompt,0
u_015467,2026-06-09,active,199,bank_card,0
u_015468,2026-03-25,active,199,bank_card,0
u_015476,2026-03-31,active,199,marketplace,0
u_015481,2026-03-04,cancelled,199,marketplace,0
u_015496,2025-08-29,active,199,promo,1
u_015501,2025-11-10,active,199,marketplace,0
u_015510,2026-04-01,active,199,experiment_prompt,0
u_015549,2026-05-15,active,199,promo,0
u_015554,2026-05-17,active,199,bank_card,0
u_015564,2026-05-03,active,199,marketplace,0
u_015574,2026-02-09,active,199,bank_card,0
u_015578,2026-03-22,active,199,experiment_prompt,0
u_015579,2026-05-02,active,199,bank_card,0
u_015581,2026-05-01,active,199,marketplace,0
u_015582,2026-01-29,active,199,promo,0
u_015584,2026-04-24,active,199,promo,0
u_015585,2026-06-13,active,199,experiment_prompt,0
u_015592,2026-06-27,active,199,bank_card,0
u_015598,2025-10-22,active,199,bank_card,1
u_015600,2026-06-08,active,199,marketplace,0
u_015604,2026-05-23,active,199,promo,0
u_015607,2026-04-11,active,199,marketplace,0
u_015609,2026-06-02,active,199,experiment_prompt,0
u_015611,2026-06-07,active,199,promo,0
u_015613,2026-02-17,active,199,bank_card,0
u_015615,2026-06-23,active,199,marketplace,0
u_015617,2026-03-26,active,199,bank_card,0
u_015620,2025-08-10,active,199,bank_card,0
u_015621,2026-06-25,active,199,bank_card,0
u_015630,2026-07-24,active,199,marketplace,1
u_015638,2026-06-03,active,199,bank_card,0
u_015639,2026-06-14,active,199,marketplace,0
u_015640,2026-06-23,active,199,bank_card,0
u_015652,2026-03-20,active,199,marketplace,0
u_015656,2026-02-03,active,199,bank_card,0
u_015658,2025-09-05,active,199,marketplace,0
u_015664,2026-06-29,active,199,bank_card,0
u_015668,2025-11-25,active,199,bank_card,0
u_015669,2026-05-22,active,199,experiment_prompt,0
u_015694,2026-04-13,active,199,marketplace,0
u_015695,2026-04-15,active,199,bank_card,1
u_015698,2025-02-07,active,199,promo,0
u_015700,2026-05-14,active,199,marketplace,0
u_015701,2026-06-04,active,199,marketplace,0
u_015702,2025-11-29,active,199,bank_card,0
u_015714,2025-05-16,active,199,bank_card,0
u_015717,2026-01-17,active,199,bank_card,0
u_015728,2026-05-07,active,199,marketplace,0
u_015740,2026-04-10,active,199,bank_card,0
u_015742,2026-03-17,active,199,bank_card,0
u_015754,2026-03-24,cancelled,199,marketplace,0
u_015757,2025-06-25,cancelled,199,bank_card,0
u_015758,2025-11-24,active,199,bank_card,0
u_015760,2026-05-05,active,199,bank_card,1
u_015761,2026-03-25,active,199,marketplace,0
u_015769,2026-06-20,active,199,promo,0
u_015770,2025-07-14,cancelled,199,marketplace,1
u_015779,2025-07-28,active,199,experiment_prompt,0
u_015781,2026-05-29,cancelled,199,promo,0
u_015788,2026-06-08,active,199,experiment_prompt,0
u_015793,2026-05-15,active,199,marketplace,0
u_015795,2025-12-27,active,199,marketplace,0
u_015809,2026-07-20,active,199,experiment_prompt,1
u_015811,2026-06-06,active,199,bank_card,0
u_015812,2026-06-13,active,199,marketplace,0
u_015821,2026-06-13,active,199,marketplace,0
u_015846,2026-01-10,active,199,experiment_prompt,0
u_015852,2026-02-09,active,199,bank_card,0
u_015856,2026-05-16,active,199,marketplace,0
u_015859,2025-09-28,active,199,bank_card,0
u_015869,2026-04-26,cancelled,199,marketplace,0
u_015882,2026-03-08,active,199,bank_card,0
u_015889,2025-09-10,active,199,marketplace,1
u_015906,2025-08-22,active,199,partner,1
u_015912,2026-06-17,active,199,bank_card,0
u_015913,2025-11-12,active,199,bank_card,0
u_015922,2026-05-14,active,199,marketplace,0
u_015924,2026-05-31,active,199,experiment_prompt,1
u_015925,2026-01-06,active,199,marketplace,0
u_015927,2026-07-17,active,199,marketplace,0
u_015936,2026-06-26,active,199,experiment_prompt,0
u_015938,2025-10-29,active,199,marketplace,0
u_015940,2026-05-23,active,199,bank_card,0
u_015944,2026-02-21,active,199,experiment_prompt,0
u_015946,2026-02-02,active,199,experiment_prompt,0
u_015958,2026-01-22,active,199,promo,1
u_015960,2026-06-10,active,199,bank_card,0
u_015963,2026-07-30,active,199,partner,1
u_015965,2026-06-27,active,199,promo,0
u_015968,2026-04-27,active,199,bank_card,0
u_015971,2026-06-23,active,199,partner,0
u_015976,2026-03-22,active,199,marketplace,0
u_015977,2026-07-28,active,199,promo,1
u_015979,2026-04-05,active,199,marketplace,1
u_015982,2026-05-23,cancelled,199,promo,0
u_015991,2026-05-29,active,199,experiment_prompt,1
u_016002,2026-06-25,active,199,marketplace,1
u_016004,2026-03-30,active,199,partner,0
u_016005,2026-06-22,active,199,promo,0
u_016013,2026-04-14,active,199,bank_card,0
u_016022,2026-07-28,active,199,promo,0
u_016027,2026-01-18,active,199,marketplace,0
u_016032,2026-07-25,cancelled,199,experiment_prompt,1
u_016036,2026-06-06,active,199,bank_card,0
u_016041,2026-07-25,active,199,marketplace,0
u_016042,2026-02-14,active,199,promo,0
u_016044,2026-06-26,active,199,marketplace,1
u_016046,2025-08-27,active,199,marketplace,0
u_016049,2026-05-11,active,199,promo,0
u_016062,2026-06-14,active,199,marketplace,1
u_016065,2026-06-27,active,199,experiment_prompt,0
u_016067,2026-04-24,active,199,marketplace,0
u_016085,2026-07-25,active,199,bank_card,0
u_016087,2026-07-03,active,199,marketplace,0
u_016113,2026-07-08,cancelled,199,bank_card,1
u_016115,2026-06-18,active,199,experiment_prompt,1
u_016124,2026-05-16,active,199,experiment_prompt,0
u_016127,2026-07-20,active,199,marketplace,1
u_016140,2026-03-03,active,199,marketplace,0
u_016142,2026-03-23,active,199,bank_card,0
u_016150,2025-09-08,active,199,marketplace,0
u_016153,2026-01-05,active,199,marketplace,0
u_016159,2026-02-26,active,199,marketplace,0
u_016163,2026-03-12,active,199,promo,0
u_016169,2026-07-01,active,199,bank_card,1
u_016171,2026-07-04,active,199,promo,0
u_016175,2026-06-01,active,199,bank_card,0
u_016176,2026-06-07,active,199,bank_card,0
u_016177,2026-05-05,active,199,experiment_prompt,0
u_016181,2026-04-05,active,199,partner,0
u_016190,2026-07-24,active,199,bank_card,0
u_016198,2026-07-01,active,199,marketplace,1
u_016211,2026-07-19,active,199,marketplace,1
u_016212,2025-12-21,active,199,partner,1
u_016225,2026-06-21,active,199,partner,1
u_016229,2025-09-28,active,199,marketplace,0
u_016238,2025-08-25,active,199,marketplace,1
u_016247,2026-05-23,active,199,marketplace,0
u_016255,2025-07-13,active,199,experiment_prompt,0
u_016260,2026-05-24,active,199,marketplace,0
u_016263,2026-04-23,active,199,marketplace,0
u_016264,2026-01-17,active,199,marketplace,0
u_016268,2026-03-19,cancelled,199,experiment_prompt,0
u_016269,2026-04-29,active,199,marketplace,0
u_016278,2026-05-26,active,199,marketplace,0
u_016283,2025-12-14,active,199,promo,1
u_016286,2026-02-11,active,199,marketplace,0
u_016289,2026-05-02,active,199,promo,0
u_016318,2026-02-15,active,199,bank_card,0
u_016324,2025-08-25,active,199,promo,1
u_016329,2026-06-23,active,199,promo,0
u_016331,2026-06-23,active,199,marketplace,0
u_016332,2026-06-24,active,199,marketplace,0
u_016334,2026-05-13,active,199,promo,0
u_016335,2025-12-16,active,199,marketplace,0
u_016339,2025-11-03,active,199,bank_card,0
u_016344,2026-06-14,active,199,promo,0
u_016345,2025-12-14,active,199,marketplace,0
u_016346,2026-01-06,active,199,experiment_prompt,0
u_016347,2026-05-25,active,199,bank_card,0
u_016352,2026-06-17,active,199,marketplace,0
u_016353,2026-01-01,active,199,promo,0
u_016354,2026-07-20,active,199,marketplace,1
u_016355,2026-02-04,active,199,partner,0
u_016359,2026-03-27,active,199,bank_card,1
u_016361,2026-07-11,active,199,marketplace,0
u_016365,2026-03-30,active,199,marketplace,0
u_016376,2026-06-25,active,199,promo,1
u_016378,2025-11-12,active,199,marketplace,0
u_016382,2026-02-16,active,199,marketplace,0
u_016383,2026-05-28,active,199,bank_card,0
u_016386,2025-12-04,active,199,bank_card,0
u_016414,2026-06-01,active,199,experiment_prompt,0
u_016415,2026-04-29,active,199,experiment_prompt,1
u_016420,2026-06-30,active,199,bank_card,0
u_016421,2026-07-09,active,199,marketplace,1
u_016425,2026-03-04,active,199,marketplace,0
u_016426,2026-06-23,active,199,marketplace,0
u_016431,2026-06-23,active,199,marketplace,0
u_016432,2026-06-09,active,199,marketplace,0
u_016436,2026-01-18,active,199,experiment_prompt,0
u_016441,2026-07-22,active,199,experiment_prompt,0
u_016445,2026-01-19,active,199,bank_card,0
u_016448,2026-02-09,active,199,marketplace,0
u_016451,2026-07-05,active,199,promo,0
u_016455,2026-04-19,active,199,experiment_prompt,0
u_016456,2026-06-11,cancelled,199,marketplace,0
u_016468,2026-02-21,active,199,partner,0
u_016469,2026-05-15,active,199,promo,0
u_016472,2026-02-03,active,199,bank_card,0
u_016474,2025-11-12,active,199,marketplace,0
u_016483,2026-02-20,active,199,promo,0
u_016484,2026-06-12,cancelled,199,marketplace,1
u_016488,2026-07-01,active,199,bank_card,0
u_016495,2025-03-23,active,199,marketplace,0
u_016498,2025-04-26,active,199,marketplace,1
u_016500,2026-05-15,active,199,bank_card,0
u_016502,2026-07-18,active,199,marketplace,0
u_016503,2026-02-07,active,199,experiment_prompt,0
u_016504,2025-03-11,active,199,promo,0
u_016515,2025-08-17,active,199,marketplace,1
u_016518,2026-04-08,active,199,experiment_prompt,0
u_016524,2026-06-14,active,199,marketplace,0
u_016525,2025-07-11,active,199,marketplace,0
u_016532,2026-03-25,active,199,marketplace,0
u_016534,2026-02-15,active,199,marketplace,0
u_016539,2026-02-07,active,199,partner,1
u_016551,2025-08-03,cancelled,199,marketplace,0
u_016555,2025-06-22,cancelled,199,promo,0
u_016560,2026-07-12,active,199,marketplace,0
u_016561,2026-06-05,active,199,marketplace,0
u_016562,2025-05-29,active,199,bank_card,0
u_016570,2026-05-05,active,199,bank_card,0
u_016577,2026-04-21,cancelled,199,marketplace,0
u_016584,2026-03-18,active,199,experiment_prompt,0
u_016602,2026-01-18,active,199,marketplace,0
u_016603,2026-03-25,cancelled,199,bank_card,0
u_016607,2026-05-25,active,199,promo,0
u_016614,2026-06-21,active,199,experiment_prompt,0
u_016615,2026-06-22,active,199,marketplace,0
u_016616,2025-12-19,active,199,bank_card,1
u_016625,2026-06-08,active,199,experiment_prompt,0
u_016627,2026-03-25,active,199,promo,0
u_016630,2026-03-20,active,199,marketplace,0
u_016636,2025-07-01,active,199,promo,0
u_016649,2026-06-06,cancelled,199,experiment_prompt,0
u_016669,2026-05-25,active,199,marketplace,0
u_016678,2026-06-04,active,199,bank_card,0
u_016681,2025-12-09,active,199,marketplace,0
u_016684,2026-06-08,active,199,marketplace,1
u_016691,2026-05-12,active,199,bank_card,1
u_016692,2025-12-31,cancelled,199,experiment_prompt,0
u_016713,2025-10-27,active,199,promo,1
u_016714,2025-03-16,active,199,marketplace,0
u_016721,2026-06-14,active,199,bank_card,1
u_016726,2026-06-12,active,199,marketplace,1
u_016727,2026-03-18,active,199,promo,0
u_016729,2025-10-17,active,199,marketplace,1
u_016730,2026-07-01,active,199,promo,0
u_016734,2026-05-13,active,199,marketplace,0
u_016737,2026-04-02,active,199,bank_card,0
u_016751,2026-06-10,active,199,marketplace,1
u_016753,2026-05-23,active,199,marketplace,0
u_016760,2026-06-08,active,199,experiment_prompt,1
u_016767,2026-06-10,active,199,marketplace,1
u_016773,2026-04-11,active,199,experiment_prompt,0
u_016778,2025-12-15,active,199,marketplace,0
u_016784,2026-04-18,active,199,marketplace,0
u_016786,2025-03-04,active,199,marketplace,0
u_016799,2026-05-15,active,199,experiment_prompt,0
u_016809,2026-04-13,active,199,bank_card,1
u_016813,2026-02-20,active,199,marketplace,0
u_016814,2026-07-24,active,199,experiment_prompt,0
u_016817,2026-04-22,active,199,experiment_prompt,1
u_016827,2026-04-27,active,199,marketplace,0
u_016831,2026-06-13,cancelled,199,bank_card,0
u_016836,2026-06-12,active,199,bank_card,0
u_016844,2026-06-17,active,199,experiment_prompt,0
u_016845,2026-05-23,active,199,partner,0
u_016850,2026-07-06,active,199,marketplace,0
u_016869,2025-03-18,active,199,experiment_prompt,0
u_016883,2025-12-19,active,199,marketplace,0
u_016888,2026-06-13,active,199,marketplace,0
u_016892,2026-05-06,active,199,marketplace,0
u_016894,2025-12-24,active,199,marketplace,0
u_016903,2026-01-01,active,199,marketplace,0
u_016916,2026-07-15,active,199,marketplace,0
u_016919,2025-10-02,active,199,marketplace,0
u_016924,2026-03-16,active,199,promo,0
u_016926,2025-10-12,active,199,marketplace,0
u_016959,2025-06-20,active,199,marketplace,0
u_016961,2026-04-18,active,199,promo,0
u_016980,2026-02-12,active,199,bank_card,0
u_016985,2026-06-22,active,199,experiment_prompt,0
u_016996,2026-06-19,active,199,bank_card,0
u_016998,2026-03-27,active,199,marketplace,0
u_017011,2026-06-08,active,199,bank_card,1
u_017013,2026-06-07,active,199,marketplace,0
u_017014,2026-06-19,active,199,bank_card,0
u_017024,2026-03-23,active,199,partner,1
u_017026,2026-04-20,active,199,experiment_prompt,0
u_017027,2026-02-14,active,199,experiment_prompt,0
u_017028,2026-01-25,active,199,experiment_prompt,0
u_017040,2026-06-02,active,199,marketplace,0
u_017055,2026-01-23,active,199,bank_card,0
u_017057,2026-06-07,active,199,experiment_prompt,0
u_017060,2026-03-19,cancelled,199,promo,0
u_017063,2026-04-13,active,199,experiment_prompt,1
u_017066,2026-07-29,active,199,experiment_prompt,0
u_017068,2025-10-21,active,199,promo,0
u_017069,2025-12-02,active,199,marketplace,1
u_017072,2026-01-17,active,199,marketplace,0
u_017074,2026-05-30,active,199,experiment_prompt,0
u_017075,2025-05-18,active,199,promo,0
u_017076,2026-03-01,active,199,marketplace,1
u_017082,2026-06-23,active,199,bank_card,0
u_017090,2025-11-25,active,199,marketplace,0
u_017097,2026-02-13,cancelled,199,partner,0
u_017100,2026-02-10,active,199,bank_card,1
u_017111,2026-07-18,active,199,marketplace,1
u_017113,2026-02-11,cancelled,199,marketplace,0
u_017114,2026-06-29,active,199,promo,0
u_017123,2026-01-31,active,199,marketplace,0
u_017129,2026-04-14,active,199,marketplace,0
u_017133,2026-06-27,active,199,marketplace,0
u_017137,2026-05-26,active,199,marketplace,0
u_017145,2026-03-17,active,199,experiment_prompt,0
u_017170,2025-12-19,active,199,promo,0
u_017171,2025-07-30,active,199,partner,0
u_017173,2026-01-23,active,199,promo,0
u_017174,2026-05-13,cancelled,199,promo,1
u_017182,2026-05-29,active,199,bank_card,0
u_017183,2025-12-03,active,199,bank_card,0
u_017201,2026-05-27,active,199,experiment_prompt,0
u_017207,2025-12-29,active,199,bank_card,0
u_017217,2026-01-28,active,199,marketplace,0
u_017224,2026-05-31,active,199,marketplace,0
u_017229,2026-07-15,active,199,experiment_prompt,0
u_017231,2026-04-22,active,199,marketplace,0
u_017236,2026-06-14,active,199,marketplace,0
u_017240,2026-04-07,active,199,marketplace,0
u_017254,2026-03-01,active,199,promo,0
u_017257,2026-06-22,active,199,marketplace,1
u_017261,2026-05-03,active,199,marketplace,0
u_017264,2026-03-19,active,199,marketplace,1
u_017270,2026-04-22,active,199,experiment_prompt,1
u_017276,2026-02-07,active,199,marketplace,0
u_017280,2026-05-08,active,199,bank_card,0
u_017284,2026-06-18,active,199,marketplace,0
u_017286,2026-02-03,active,199,bank_card,0
u_017300,2026-06-30,active,199,partner,0
u_017301,2026-02-03,active,199,marketplace,0
u_017302,2024-10-20,active,199,promo,1
u_017303,2026-07-26,active,199,marketplace,0
u_017311,2025-09-12,active,199,experiment_prompt,0
u_017319,2026-05-24,active,199,experiment_prompt,0
u_017329,2026-06-24,active,199,promo,0
u_017346,2026-04-03,active,199,marketplace,1
u_017348,2026-02-10,active,199,experiment_prompt,0
u_017354,2026-01-04,active,199,partner,0
u_017358,2026-06-08,active,199,experiment_prompt,0
u_017361,2026-06-17,active,199,marketplace,0
u_017367,2026-06-13,active,199,marketplace,1
u_017377,2026-04-21,active,199,promo,0
u_017391,2026-01-15,active,199,bank_card,0
u_017395,2026-05-17,active,199,marketplace,0
u_017396,2026-05-11,active,199,marketplace,0
u_017401,2026-07-27,active,199,experiment_prompt,1
u_017414,2026-06-27,active,199,promo,0
u_017421,2025-12-05,active,199,marketplace,0
u_017424,2026-07-11,active,199,bank_card,0
u_017425,2026-07-11,active,199,marketplace,1
u_017433,2026-05-02,active,199,marketplace,0
u_017435,2026-06-14,active,199,promo,0
u_017442,2026-05-24,active,199,marketplace,1
u_017443,2026-03-15,active,199,bank_card,0
u_017444,2026-03-08,active,199,promo,1
u_017447,2026-05-24,active,199,marketplace,0
u_017454,2026-06-04,active,199,marketplace,0
u_017457,2025-08-09,active,199,marketplace,1
u_017463,2026-01-19,active,199,promo,0
u_017470,2026-04-27,active,199,marketplace,1
u_017472,2026-05-30,active,199,marketplace,0
u_017485,2026-05-24,active,199,bank_card,0
u_017490,2026-03-18,active,199,marketplace,0
u_017506,2026-06-06,active,199,experiment_prompt,0
u_017515,2025-12-04,active,199,promo,0
u_017517,2026-03-01,active,199,marketplace,1
u_017518,2026-06-09,active,199,marketplace,0
u_017529,2025-12-25,active,199,experiment_prompt,0
u_017535,2026-05-17,active,199,marketplace,0
u_017538,2026-02-28,active,199,promo,0
u_017548,2026-07-27,active,199,bank_card,0
u_017559,2026-03-07,active,199,marketplace,1
u_017564,2026-04-25,active,199,partner,0
u_017569,2026-04-30,active,199,bank_card,0
u_017570,2024-09-02,active,199,promo,0
u_017573,2026-04-01,active,199,experiment_prompt,0
u_017576,2026-03-17,active,199,marketplace,1
u_017578,2025-12-25,active,199,bank_card,0
u_017600,2026-06-16,active,199,marketplace,0
u_017612,2025-04-24,cancelled,199,promo,0
u_017619,2026-04-18,active,199,promo,0
u_017621,2025-10-19,active,199,promo,1
u_017623,2026-07-04,active,199,experiment_prompt,1
u_017626,2025-12-30,active,199,bank_card,0
u_017631,2025-03-22,active,199,partner,0
u_017632,2026-03-25,active,199,bank_card,0
u_017635,2026-04-08,active,199,marketplace,0
u_017652,2026-07-23,active,199,experiment_prompt,0
u_017674,2026-07-17,active,199,marketplace,1
u_017676,2026-06-21,active,199,bank_card,0
u_017692,2026-06-16,active,199,experiment_prompt,0
u_017706,2026-06-06,active,199,bank_card,1
u_017707,2026-02-26,active,199,marketplace,0
u_017711,2026-07-12,active,199,marketplace,0
u_017714,2026-07-05,active,199,partner,1
u_017718,2026-07-23,active,199,partner,1
u_017721,2026-07-03,active,199,experiment_prompt,1
u_017724,2025-09-13,active,199,experiment_prompt,1
u_017727,2026-07-27,active,199,marketplace,1
u_017735,2026-03-03,active,199,marketplace,0
u_017751,2026-07-20,active,199,marketplace,1
u_017758,2025-08-25,active,199,marketplace,0
u_017762,2026-05-26,active,199,marketplace,0
u_017763,2026-06-09,active,199,marketplace,0
u_017764,2026-07-18,active,199,experiment_prompt,0
u_017768,2026-04-05,active,199,bank_card,1
u_017772,2026-06-08,active,199,promo,0
u_017778,2025-08-13,active,199,marketplace,0
u_017801,2026-06-14,active,199,experiment_prompt,0
u_017803,2026-03-01,active,199,bank_card,0
u_017806,2025-11-04,active,199,promo,0
u_017811,2026-05-17,active,199,experiment_prompt,0
u_017815,2026-07-23,active,199,promo,1
u_017817,2026-01-08,active,199,bank_card,0
u_017818,2026-02-15,active,199,bank_card,0
u_017827,2026-03-08,active,199,experiment_prompt,1
u_017835,2026-05-29,active,199,marketplace,0
u_017836,2026-05-15,active,199,marketplace,0
u_017841,2026-07-30,active,199,marketplace,1
u_017848,2025-12-25,active,199,marketplace,0
u_017852,2025-08-24,active,199,marketplace,0
u_017855,2026-06-07,cancelled,199,marketplace,0
u_017859,2026-03-11,active,199,marketplace,1
u_017863,2026-06-24,active,199,marketplace,0
u_017866,2026-02-26,active,199,experiment_prompt,0
u_017872,2026-04-24,active,199,marketplace,1
u_017873,2026-01-08,active,199,experiment_prompt,0
u_017881,2026-05-05,active,199,experiment_prompt,1
u_017885,2026-05-15,active,199,marketplace,0
u_017894,2025-12-28,active,199,marketplace,0
u_017895,2026-03-03,cancelled,199,bank_card,0
u_017897,2025-10-10,active,199,partner,0
u_017900,2026-02-10,active,199,marketplace,1
u_017901,2026-05-26,active,199,marketplace,0
u_017904,2026-05-31,active,199,marketplace,0
u_017906,2026-07-01,active,199,experiment_prompt,0
u_017907,2026-03-11,active,199,marketplace,0
u_017909,2026-03-14,active,199,marketplace,0
u_017915,2026-05-12,active,199,marketplace,0
u_017921,2026-06-19,active,199,experiment_prompt,0
u_017924,2025-08-30,active,199,promo,0
u_017928,2026-03-13,active,199,experiment_prompt,0
u_017931,2026-05-30,active,199,marketplace,0
u_017938,2025-10-03,active,199,bank_card,0
u_017939,2026-07-01,active,199,marketplace,1
u_017942,2025-12-25,active,199,marketplace,0
u_017946,2025-09-08,active,199,bank_card,0
u_017948,2026-07-09,active,199,marketplace,1
u_017950,2026-04-16,active,199,marketplace,0
u_017958,2026-07-01,active,199,bank_card,0
u_017972,2026-07-07,active,199,marketplace,1
u_017976,2026-02-09,active,199,bank_card,1
u_017977,2026-05-04,active,199,marketplace,0
u_017978,2026-04-02,active,199,partner,0
u_017984,2025-12-27,active,199,bank_card,1
u_017987,2026-02-12,active,199,bank_card,0
u_017996,2026-07-16,active,199,marketplace,1
u_018016,2026-04-06,active,199,marketplace,0
u_018030,2026-06-28,active,199,bank_card,0
u_018031,2026-05-18,active,199,bank_card,0
u_018034,2026-06-14,active,199,marketplace,0
u_018036,2026-05-14,active,199,marketplace,0
u_018037,2026-04-11,active,199,bank_card,0
u_018043,2026-06-05,active,199,experiment_prompt,0
u_018046,2026-05-25,active,199,promo,1
u_018050,2026-03-11,active,199,marketplace,0
u_018052,2026-05-04,active,199,partner,0
u_018055,2025-12-05,active,199,bank_card,0
u_018073,2025-12-29,active,199,marketplace,1
u_018075,2026-06-30,active,199,bank_card,0
u_018076,2025-12-07,active,199,promo,0
u_018082,2026-03-18,active,199,partner,0
u_018086,2026-07-06,active,199,marketplace,1
u_018088,2025-03-20,active,199,marketplace,0
u_018094,2025-07-18,active,199,bank_card,0
u_018112,2026-06-23,active,199,marketplace,0
u_018128,2025-10-22,active,199,marketplace,0
u_018130,2025-02-13,active,199,marketplace,0
u_018134,2026-01-02,active,199,marketplace,0
u_018141,2024-09-17,active,199,experiment_prompt,0
u_018143,2026-06-18,active,199,marketplace,0
u_018146,2026-04-09,active,199,bank_card,1
u_018153,2025-09-27,active,199,marketplace,1
u_018154,2025-07-07,active,199,promo,0
u_018159,2026-06-27,active,199,experiment_prompt,0
u_018164,2026-07-13,active,199,promo,0
u_018166,2026-01-05,active,199,marketplace,0
u_018169,2026-03-04,active,199,marketplace,1
u_018171,2026-05-04,active,199,experiment_prompt,0
u_018189,2025-12-22,active,199,experiment_prompt,0
u_018193,2026-06-08,active,199,bank_card,0
u_018210,2026-02-27,active,199,experiment_prompt,0
u_018219,2025-08-26,active,199,promo,0
u_018221,2026-04-29,active,199,marketplace,0
u_018222,2025-08-30,active,199,promo,0
u_018232,2026-06-07,active,199,partner,0
u_018235,2026-06-01,active,199,experiment_prompt,0
u_018240,2025-09-26,active,199,bank_card,0
u_018242,2026-01-09,active,199,marketplace,0
u_018243,2026-02-21,active,199,marketplace,0
u_018261,2026-04-12,active,199,marketplace,0
u_018265,2025-06-25,active,199,promo,1
u_018271,2026-07-01,active,199,experiment_prompt,0
u_018280,2025-06-07,active,199,marketplace,0
u_018283,2026-05-04,cancelled,199,promo,0
u_018288,2026-02-09,active,199,promo,0
u_018295,2025-09-26,active,199,marketplace,0
u_018296,2026-03-03,active,199,bank_card,0
u_018300,2026-05-01,active,199,bank_card,0
u_018320,2026-07-28,active,199,marketplace,0
u_018325,2026-01-24,active,199,marketplace,0
u_018331,2025-12-26,active,199,bank_card,0
u_018333,2026-07-16,active,199,experiment_prompt,1
u_018334,2026-07-08,active,199,marketplace,0
u_018337,2026-04-13,active,199,experiment_prompt,0
u_018347,2026-04-01,active,199,experiment_prompt,1
u_018351,2025-11-15,active,199,marketplace,0
u_018352,2025-10-09,active,199,bank_card,0
u_018353,2025-11-19,active,199,marketplace,1
u_018354,2025-09-30,active,199,marketplace,0
u_018368,2026-05-09,active,199,marketplace,0
u_018372,2026-06-23,active,199,bank_card,0
u_018379,2026-01-06,active,199,marketplace,0
u_018380,2026-07-01,active,199,marketplace,0
u_018384,2026-03-31,active,199,promo,0
u_018385,2026-05-23,active,199,marketplace,0
u_018386,2025-08-23,active,199,experiment_prompt,0
u_018389,2025-01-29,active,199,marketplace,1
u_018393,2026-06-02,active,199,marketplace,1
u_018396,2026-02-07,active,199,marketplace,0
u_018400,2025-12-30,active,199,marketplace,0
u_018403,2026-04-16,active,199,experiment_prompt,0
u_018404,2026-02-26,active,199,partner,0
u_018412,2026-06-26,active,199,marketplace,0
u_018421,2026-02-12,cancelled,199,experiment_prompt,0
u_018428,2026-05-20,active,199,partner,0
u_018429,2026-04-23,active,199,bank_card,1
u_018448,2026-04-07,active,199,bank_card,0
u_018449,2026-02-11,active,199,bank_card,1
u_018456,2025-11-22,active,199,experiment_prompt,0
u_018461,2026-06-19,active,199,experiment_prompt,0
u_018466,2026-06-16,active,199,experiment_prompt,0
u_018468,2026-02-13,active,199,partner,0
u_018470,2026-06-17,active,199,bank_card,0
u_018482,2026-02-25,active,199,bank_card,0
u_018495,2026-07-30,active,199,bank_card,1
u_018510,2026-07-09,active,199,marketplace,0
u_018535,2026-03-07,cancelled,199,marketplace,1
u_018536,2025-09-07,active,199,bank_card,0
u_018544,2026-01-30,active,199,partner,0
u_018545,2025-12-16,active,199,partner,0
u_018548,2025-06-07,active,199,marketplace,0
u_018551,2026-02-24,active,199,bank_card,1
u_018568,2026-05-07,active,199,marketplace,0
u_018572,2026-07-06,active,199,bank_card,0
u_018583,2026-04-06,active,199,marketplace,0
u_018587,2024-08-15,active,199,bank_card,0
u_018588,2026-04-05,cancelled,199,experiment_prompt,0
u_018596,2026-05-25,active,199,marketplace,0
u_018601,2026-07-25,cancelled,199,marketplace,1
u_018604,2026-03-18,active,199,promo,0
u_018608,2025-06-09,active,199,marketplace,1
u_018610,2026-06-13,active,199,bank_card,1
u_018615,2025-01-30,active,199,marketplace,0
u_018620,2026-03-31,active,199,bank_card,0
u_018626,2026-04-30,active,199,experiment_prompt,0
u_018627,2026-02-25,active,199,marketplace,0
u_018631,2026-04-04,active,199,bank_card,0
u_018637,2026-04-27,active,199,experiment_prompt,0
u_018640,2026-05-12,active,199,promo,0
u_018649,2026-06-26,active,199,marketplace,0
u_018658,2026-06-05,active,199,marketplace,0
u_018659,2026-02-15,active,199,marketplace,0
u_018660,2026-02-20,active,199,bank_card,0
u_018661,2026-07-27,active,199,marketplace,1
u_018672,2026-04-28,active,199,experiment_prompt,0
u_018673,2025-04-11,active,199,marketplace,0
u_018680,2026-04-17,active,199,experiment_prompt,0
u_018694,2026-04-01,active,199,partner,0
u_018697,2026-05-11,active,199,experiment_prompt,0
u_018699,2026-04-18,active,199,marketplace,1
u_018701,2026-01-01,active,199,marketplace,0
u_018702,2026-05-24,active,199,bank_card,0
u_018709,2026-02-03,active,199,marketplace,0
u_018711,2026-04-10,active,199,marketplace,0
u_018715,2025-08-30,cancelled,199,promo,0
u_018717,2026-05-07,active,199,bank_card,1
u_018731,2026-07-07,active,199,marketplace,1
u_018741,2026-01-31,active,199,marketplace,0
u_018742,2026-05-19,active,199,promo,0
u_018747,2026-07-24,active,199,marketplace,1
u_018749,2025-10-29,active,199,marketplace,0
u_018773,2026-04-28,active,199,bank_card,0
u_018774,2026-06-09,active,199,experiment_prompt,0
u_018779,2026-07-12,active,199,experiment_prompt,0
u_018782,2026-06-13,active,199,marketplace,0
u_018793,2025-10-05,active,199,marketplace,0
u_018798,2026-04-30,active,199,marketplace,0
u_018809,2026-03-03,active,199,marketplace,0
u_018817,2026-06-08,active,199,marketplace,1
u_018822,2026-03-12,active,199,experiment_prompt,1
u_018827,2026-06-16,active,199,marketplace,0
u_018832,2026-06-29,active,199,bank_card,1
u_018841,2026-04-26,active,199,marketplace,0
u_018843,2025-02-22,active,199,experiment_prompt,0
u_018848,2026-06-05,active,199,marketplace,0
u_018857,2026-06-15,active,199,marketplace,0
u_018862,2025-12-24,active,199,experiment_prompt,0
u_018871,2026-06-08,active,199,experiment_prompt,1
u_018881,2026-06-17,active,199,marketplace,0
u_018893,2026-06-27,active,199,experiment_prompt,0
u_018895,2026-05-08,active,199,marketplace,0
u_018904,2026-06-16,active,199,marketplace,0
u_018906,2026-06-11,active,199,bank_card,0
u_018910,2025-12-13,active,199,partner,0
u_018912,2026-03-22,active,199,bank_card,0
u_018929,2026-02-07,active,199,experiment_prompt,0
u_018933,2026-02-05,active,199,bank_card,0
u_018943,2026-03-16,active,199,bank_card,0
u_018945,2026-05-20,active,199,marketplace,0
u_018949,2026-05-27,active,199,marketplace,0
u_018961,2025-10-12,active,199,bank_card,0
u_018970,2026-05-22,active,199,marketplace,0
u_018977,2026-07-27,active,199,marketplace,0
u_018984,2026-06-29,active,199,marketplace,0
u_019001,2025-08-02,active,199,promo,0
u_019011,2026-02-05,active,199,promo,0
u_019016,2026-06-11,active,199,marketplace,0
u_019022,2026-05-04,active,199,partner,0
u_019028,2026-04-09,cancelled,199,bank_card,0
u_019032,2026-04-26,active,199,promo,0
u_019034,2026-01-05,active,199,bank_card,0
u_019038,2026-06-13,active,199,bank_card,1
u_019039,2026-05-27,active,199,experiment_prompt,1
u_019040,2026-04-13,active,199,marketplace,0
u_019048,2026-01-01,active,199,experiment_prompt,0
u_019053,2026-03-22,active,199,marketplace,0
u_019055,2025-11-08,active,199,partner,0
u_019061,2025-09-04,active,199,experiment_prompt,0
u_019068,2026-05-23,active,199,promo,0
u_019075,2024-10-01,active,199,marketplace,0
u_019076,2025-12-28,active,199,partner,0
u_019078,2026-01-23,active,199,marketplace,0
u_019081,2026-05-11,active,199,marketplace,0
u_019082,2026-04-27,active,199,marketplace,1
u_019088,2026-02-10,active,199,experiment_prompt,1
u_019099,2026-05-18,active,199,marketplace,0
u_019108,2025-11-20,active,199,marketplace,0
u_019113,2026-01-22,active,199,partner,0
u_019114,2026-04-21,active,199,bank_card,0
u_019122,2024-10-12,active,199,marketplace,0
u_019125,2025-11-21,active,199,marketplace,0
u_019128,2025-09-29,active,199,bank_card,0
u_019132,2026-06-06,active,199,marketplace,0
u_019134,2025-11-26,active,199,bank_card,0
u_019136,2025-08-02,active,199,experiment_prompt,1
u_019139,2026-06-26,active,199,bank_card,1
u_019142,2026-06-07,active,199,experiment_prompt,0
u_019144,2025-02-27,active,199,marketplace,0
u_019148,2026-07-27,active,199,bank_card,0
u_019158,2024-08-27,active,199,marketplace,0
u_019160,2026-03-27,active,199,marketplace,1
u_019169,2026-04-25,active,199,marketplace,0
u_019172,2026-07-14,active,199,bank_card,1
u_019176,2026-05-12,active,199,bank_card,0
u_019178,2026-07-10,active,199,marketplace,1
u_019181,2025-11-18,active,199,marketplace,0
u_019182,2026-05-27,active,199,promo,0
u_019184,2026-07-13,active,199,marketplace,1
u_019187,2026-02-20,active,199,promo,0
u_019189,2026-04-06,active,199,promo,0
u_019190,2026-01-17,active,199,bank_card,0
u_019197,2026-06-24,active,199,experiment_prompt,1
u_019199,2026-03-09,active,199,marketplace,0
u_019203,2025-11-25,cancelled,199,promo,1
u_019204,2026-01-09,active,199,promo,1
u_019205,2025-10-26,active,199,partner,0
u_019207,2026-01-23,active,199,experiment_prompt,0
u_019209,2025-02-19,active,199,experiment_prompt,0
u_019214,2025-05-08,active,199,promo,0
u_019215,2026-02-13,active,199,marketplace,0
u_019219,2025-10-10,active,199,bank_card,0
u_019220,2026-07-24,active,199,marketplace,1
u_019223,2026-01-31,active,199,marketplace,0
u_019224,2026-06-22,active,199,bank_card,0
u_019225,2026-03-16,active,199,marketplace,1
u_019226,2026-06-28,active,199,marketplace,0
u_019230,2026-06-15,cancelled,199,bank_card,0
u_019231,2026-05-20,active,199,partner,0
u_019238,2026-04-20,active,199,bank_card,0
u_019240,2026-04-09,active,199,promo,1
u_019245,2026-06-17,active,199,marketplace,0
u_019249,2026-03-24,active,199,marketplace,0
u_019253,2026-03-25,active,199,marketplace,0
u_019259,2026-06-12,active,199,partner,0
u_019260,2026-07-06,cancelled,199,marketplace,0
u_019277,2025-09-23,active,199,marketplace,0
u_019279,2026-05-01,active,199,marketplace,1
u_019287,2026-07-09,active,199,marketplace,1
u_019292,2026-05-29,active,199,marketplace,0
u_019294,2026-03-24,active,199,experiment_prompt,0
u_019297,2026-02-16,active,199,marketplace,1
u_019300,2026-03-14,active,199,bank_card,0
u_019301,2026-07-14,active,199,marketplace,1
u_019309,2026-03-15,active,199,partner,1
u_019311,2026-06-10,active,199,marketplace,1
u_019312,2026-03-03,active,199,bank_card,0
u_019315,2026-04-12,active,199,bank_card,0
u_019329,2026-07-22,active,199,bank_card,1
u_019341,2026-06-16,active,199,experiment_prompt,1
u_019354,2026-03-10,active,199,bank_card,0
u_019356,2026-05-01,active,199,marketplace,1
u_019358,2026-02-15,active,199,marketplace,0
u_019361,2026-04-23,active,199,experiment_prompt,0
u_019366,2026-06-25,active,199,marketplace,0
u_019368,2026-05-13,cancelled,199,marketplace,0
u_019387,2026-06-24,active,199,experiment_prompt,1
u_019393,2025-12-11,active,199,partner,0
u_019405,2026-06-30,active,199,experiment_prompt,0
u_019409,2026-03-05,active,199,experiment_prompt,0
u_019426,2026-04-18,active,199,marketplace,0
u_019427,2026-05-05,active,199,bank_card,0
u_019435,2026-04-30,active,199,marketplace,0
u_019438,2025-09-24,active,199,marketplace,0
u_019440,2026-03-13,active,199,marketplace,1
u_019441,2026-06-11,active,199,marketplace,0
u_019444,2026-05-09,active,199,experiment_prompt,0
u_019455,2026-06-29,active,199,marketplace,0
u_019459,2026-07-26,active,199,bank_card,1
u_019464,2026-06-05,active,199,marketplace,1
u_019465,2026-02-20,active,199,promo,0
u_019472,2025-07-27,active,199,marketplace,0
u_019483,2026-04-17,active,199,marketplace,0
u_019485,2026-01-31,active,199,experiment_prompt,0
u_019490,2025-12-09,cancelled,199,experiment_prompt,0
u_019497,2024-04-26,active,199,marketplace,1
u_019501,2026-01-31,active,199,marketplace,0
u_019502,2026-05-20,active,199,marketplace,0
u_019520,2026-02-15,active,199,marketplace,0
u_019539,2026-06-20,active,199,promo,0
u_019548,2026-04-27,active,199,experiment_prompt,1
u_019556,2026-06-09,active,199,bank_card,0
u_019568,2026-04-29,active,199,experiment_prompt,0
u_019572,2026-04-22,active,199,promo,1
u_019576,2025-12-19,active,199,promo,0
u_019581,2026-03-18,active,199,partner,0
u_019592,2026-02-25,active,199,partner,0
u_019598,2026-06-25,active,199,bank_card,0
u_019599,2026-04-09,active,199,bank_card,0
u_019611,2026-03-21,active,199,marketplace,0
u_019619,2026-03-01,cancelled,199,experiment_prompt,1
u_019625,2026-05-31,active,199,experiment_prompt,0
u_019640,2026-04-07,active,199,marketplace,0
u_019647,2026-06-16,active,199,bank_card,0
u_019651,2026-02-22,active,199,marketplace,0
u_019656,2025-10-19,active,199,experiment_prompt,0
u_019659,2026-03-21,active,199,experiment_prompt,1
u_019663,2026-02-10,active,199,experiment_prompt,0
u_019668,2026-05-11,active,199,partner,0
u_019679,2025-10-04,active,199,marketplace,0
u_019693,2026-03-08,active,199,experiment_prompt,0
u_019695,2026-03-13,cancelled,199,marketplace,1
u_019716,2026-04-13,active,199,marketplace,0
u_019721,2026-04-12,active,199,marketplace,0
u_019724,2025-12-06,active,199,bank_card,0
u_019728,2026-06-22,active,199,promo,0
u_019729,2026-06-14,active,199,bank_card,1
u_019734,2026-05-03,active,199,promo,0
u_019737,2026-05-08,active,199,bank_card,0
u_019739,2026-05-26,active,199,marketplace,0
u_019741,2026-04-02,active,199,bank_card,0
u_019748,2026-06-18,active,199,marketplace,1
u_019749,2026-03-15,active,199,experiment_prompt,1
u_019766,2026-06-05,active,199,bank_card,0
u_019774,2026-06-23,active,199,experiment_prompt,0
u_019779,2026-04-13,active,199,promo,0
u_019780,2026-05-24,active,199,marketplace,0
u_019782,2026-03-10,active,199,marketplace,0
u_019783,2025-12-11,active,199,marketplace,1
u_019795,2025-09-11,active,199,experiment_prompt,0
u_019797,2026-02-17,active,199,marketplace,0
u_019800,2026-03-19,active,199,promo,0
u_019805,2026-02-20,active,199,partner,0
u_019806,2025-10-05,cancelled,199,promo,0
u_019808,2026-07-16,active,199,marketplace,1
u_019809,2026-05-24,cancelled,199,experiment_prompt,0
u_019810,2026-03-28,active,199,marketplace,1
u_019812,2026-07-18,active,199,bank_card,1
u_019814,2026-06-15,active,199,marketplace,0
u_019815,2026-06-04,active,199,marketplace,0
u_019831,2026-05-07,active,199,experiment_prompt,0
u_019832,2026-02-15,active,199,marketplace,0
u_019838,2026-04-29,active,199,marketplace,0
u_019851,2026-02-10,active,199,bank_card,0
u_019858,2025-11-23,active,199,promo,1
u_019859,2026-06-12,active,199,experiment_prompt,0
u_019864,2025-12-27,active,199,marketplace,1
u_019874,2024-10-02,active,199,marketplace,0
u_019879,2026-03-15,active,199,marketplace,0
u_019888,2026-02-14,active,199,promo,0
u_019890,2026-07-07,active,199,marketplace,1
u_019892,2026-06-26,active,199,bank_card,0
u_019893,2026-05-10,active,199,experiment_prompt,0
u_019899,2025-11-24,active,199,marketplace,0
u_019904,2026-07-14,cancelled,199,marketplace,1
u_019908,2026-05-15,active,199,promo,1
u_019909,2026-04-05,active,199,marketplace,0
u_019912,2026-07-12,active,199,bank_card,1
u_019918,2026-04-20,active,199,partner,0
u_019928,2025-12-15,active,199,marketplace,0
u_019929,2026-04-21,active,199,bank_card,0
u_019931,2026-06-02,active,199,marketplace,0
u_019939,2026-06-22,active,199,bank_card,0
u_019942,2026-06-08,active,199,marketplace,0
u_019944,2026-06-18,active,199,experiment_prompt,0
u_019952,2025-11-11,active,199,experiment_prompt,0
u_019954,2025-08-04,active,199,marketplace,1
u_019957,2026-07-01,active,199,bank_card,1
u_019960,2025-11-18,active,199,experiment_prompt,1
u_019965,2025-12-19,active,199,marketplace,1
u_019975,2025-08-19,active,199,marketplace,0
u_019983,2024-11-18,active,199,bank_card,0
u_019987,2026-05-28,active,199,experiment_prompt,1
u_019989,2026-03-24,active,199,marketplace,0
u_020008,2026-04-03,cancelled,199,bank_card,0
u_020009,2026-05-17,active,199,marketplace,0
u_020021,2026-02-02,active,199,bank_card,0
u_020027,2026-03-04,active,199,marketplace,0
u_020031,2026-06-15,active,199,experiment_prompt,0
u_020034,2026-01-16,active,199,experiment_prompt,0
u_020037,2026-06-13,active,199,marketplace,0
u_020040,2026-01-08,active,199,partner,0
u_020041,2025-12-15,active,199,bank_card,0
u_020051,2026-06-04,active,199,bank_card,0
u_020052,2026-02-02,active,199,marketplace,0
u_020070,2025-08-30,active,199,marketplace,1
u_020073,2026-01-08,active,199,marketplace,0
u_020076,2026-04-11,active,199,bank_card,0
u_020086,2026-06-29,active,199,bank_card,0
u_020089,2026-05-07,active,199,marketplace,0
u_020098,2026-07-06,active,199,bank_card,1
u_020103,2026-05-20,active,199,bank_card,0
u_020118,2026-03-02,cancelled,199,bank_card,0
u_020124,2025-03-30,active,199,bank_card,0
u_020126,2026-06-28,active,199,experiment_prompt,0
u_020130,2026-04-04,active,199,marketplace,1
u_020136,2026-06-11,active,199,bank_card,0
u_020137,2026-03-17,active,199,experiment_prompt,0
u_020157,2026-07-23,active,199,bank_card,0
u_020160,2026-03-23,active,199,marketplace,1
u_020163,2026-07-04,active,199,experiment_prompt,0
u_020164,2026-05-08,active,199,bank_card,0
u_020165,2026-04-02,active,199,marketplace,0
u_020166,2026-04-07,active,199,marketplace,0
u_020180,2026-01-22,active,199,marketplace,0
u_020191,2026-05-02,active,199,marketplace,1
u_020202,2025-09-29,active,199,marketplace,0
u_020209,2026-03-18,active,199,marketplace,0
u_020216,2026-06-09,cancelled,199,marketplace,0
u_020220,2026-04-11,active,199,experiment_prompt,0
u_020225,2026-07-23,active,199,marketplace,0
u_020229,2026-03-10,active,199,experiment_prompt,0
u_020238,2025-11-21,active,199,promo,0
u_020244,2026-05-04,active,199,partner,0
u_020247,2026-05-29,active,199,marketplace,0
u_020249,2026-06-04,active,199,promo,0
u_020250,2026-01-28,active,199,bank_card,1
u_020252,2026-05-22,active,199,marketplace,0
u_020258,2026-02-13,active,199,bank_card,0
u_020261,2026-04-11,cancelled,199,experiment_prompt,1
u_020264,2026-01-09,active,199,bank_card,0
u_020265,2026-05-09,active,199,marketplace,0
u_020270,2026-07-19,active,199,experiment_prompt,1
u_020289,2026-01-08,active,199,experiment_prompt,0
u_020298,2025-11-17,active,199,bank_card,0
u_020299,2026-06-26,active,199,partner,0
u_020319,2026-05-22,active,199,marketplace,0
u_020322,2025-12-12,active,199,experiment_prompt,0
u_020323,2025-11-24,active,199,experiment_prompt,0
u_020330,2026-06-29,active,199,marketplace,1
u_020339,2026-06-30,active,199,experiment_prompt,0
u_020347,2025-05-14,active,199,marketplace,0
u_020348,2025-09-26,active,199,bank_card,1
u_020350,2026-07-11,active,199,marketplace,1
u_020369,2026-03-28,active,199,bank_card,1
u_020375,2025-07-14,active,199,marketplace,0
u_020381,2025-09-28,active,199,marketplace,0
u_020388,2026-03-13,active,199,marketplace,0
u_020390,2026-01-12,active,199,marketplace,0
u_020391,2026-07-02,active,199,bank_card,0
u_020399,2026-07-03,active,199,experiment_prompt,1
u_020413,2025-12-06,active,199,experiment_prompt,1
u_020414,2025-11-15,active,199,experiment_prompt,0
u_020415,2025-10-30,active,199,bank_card,0
u_020424,2025-07-05,active,199,experiment_prompt,0
u_020440,2026-03-25,cancelled,199,marketplace,0
u_020443,2026-05-03,active,199,experiment_prompt,1
u_020454,2026-03-27,active,199,marketplace,1
u_020469,2026-06-04,active,199,promo,1
u_020472,2026-04-07,active,199,promo,0
u_020481,2026-05-03,active,199,promo,0
u_020486,2026-05-23,active,199,marketplace,0
u_020497,2025-12-09,active,199,marketplace,0
u_020498,2025-10-01,active,199,marketplace,1
u_020499,2026-01-01,active,199,marketplace,0
u_020504,2025-12-04,active,199,bank_card,0
u_020506,2026-04-22,active,199,experiment_prompt,0
u_020510,2026-04-15,active,199,marketplace,0
u_020522,2026-06-24,active,199,marketplace,0
u_020530,2026-06-04,active,199,marketplace,0
u_020534,2024-12-03,active,199,marketplace,0
u_020539,2025-04-17,active,199,bank_card,0
u_020546,2026-07-01,active,199,marketplace,0
u_020549,2026-05-11,active,199,marketplace,0
u_020552,2026-05-26,active,199,experiment_prompt,1
u_020555,2026-03-05,active,199,marketplace,0
u_020561,2026-04-19,active,199,bank_card,0
u_020562,2026-05-27,active,199,marketplace,0
u_020564,2026-06-28,active,199,marketplace,0
u_020567,2025-12-01,active,199,promo,0
u_020573,2026-07-29,active,199,experiment_prompt,1
u_020592,2026-05-09,active,199,marketplace,0
u_020593,2026-06-21,active,199,promo,0
u_020594,2026-01-11,active,199,bank_card,0
u_020603,2026-06-27,active,199,promo,1
u_020613,2026-06-02,active,199,marketplace,0
u_020625,2026-05-05,active,199,bank_card,1
u_020629,2026-06-20,active,199,marketplace,0
u_020631,2026-04-15,active,199,bank_card,1
u_020640,2026-05-15,active,199,marketplace,0
u_020643,2026-04-13,cancelled,199,marketplace,0
u_020646,2026-02-05,active,199,marketplace,0
u_020662,2026-07-01,active,199,marketplace,0
u_020669,2026-03-09,active,199,bank_card,0
u_020672,2026-03-16,active,199,marketplace,0
u_020677,2026-06-04,active,199,experiment_prompt,0
u_020682,2025-09-05,active,199,marketplace,0
u_020684,2026-07-01,active,199,promo,0
u_020685,2026-05-31,cancelled,199,marketplace,0
u_020696,2026-01-27,active,199,bank_card,1
u_020698,2026-07-16,active,199,bank_card,1
u_020722,2026-07-18,active,199,bank_card,1
u_020734,2026-04-21,active,199,experiment_prompt,0
u_020735,2025-11-16,active,199,promo,0
u_020747,2025-07-26,cancelled,199,experiment_prompt,0
u_020755,2026-07-05,active,199,experiment_prompt,0
u_020763,2026-03-31,active,199,experiment_prompt,0
u_020765,2026-02-28,active,199,marketplace,1
u_020769,2025-05-30,active,199,marketplace,0
u_020781,2026-03-14,active,199,promo,0
u_020792,2026-04-20,active,199,bank_card,0
u_020796,2026-04-13,active,199,marketplace,0
u_020798,2026-06-22,active,199,bank_card,0
u_020801,2026-07-01,active,199,promo,0
u_020809,2025-11-16,active,199,bank_card,0
u_020819,2026-02-08,active,199,bank_card,1
u_020822,2026-06-27,active,199,experiment_prompt,0
u_020831,2024-12-30,active,199,marketplace,0
u_020841,2026-02-27,active,199,marketplace,0
u_020851,2026-04-24,active,199,bank_card,0
u_020855,2026-07-01,active,199,promo,0
u_020859,2026-03-05,active,199,bank_card,0
u_020872,2025-09-11,cancelled,199,promo,1
u_020873,2026-04-14,active,199,marketplace,0
u_020874,2026-04-11,cancelled,199,marketplace,0
u_020877,2026-06-21,active,199,experiment_prompt,0
u_020886,2026-05-28,cancelled,199,experiment_prompt,0
u_020892,2026-07-18,active,199,marketplace,0
u_020903,2025-08-06,cancelled,199,experiment_prompt,0
u_020908,2026-05-29,active,199,bank_card,0
u_020916,2026-07-29,active,199,experiment_prompt,0
u_020918,2026-03-26,active,199,marketplace,0
u_020931,2026-01-29,active,199,promo,0
u_020938,2025-11-28,active,199,experiment_prompt,0
u_020940,2026-05-07,active,199,bank_card,0
u_020945,2026-05-13,active,199,marketplace,0
u_020955,2026-02-07,active,199,bank_card,0
u_020959,2026-01-03,active,199,marketplace,0
u_020961,2026-01-21,active,199,marketplace,0
u_020965,2026-06-15,active,199,marketplace,0
u_020972,2025-10-21,active,199,marketplace,0
u_020980,2026-07-09,active,199,marketplace,0
u_020983,2026-01-03,active,199,marketplace,0
u_020984,2025-12-25,active,199,experiment_prompt,0
u_020988,2025-12-26,active,199,marketplace,0
u_020992,2026-02-21,cancelled,199,experiment_prompt,0
u_020994,2026-01-18,active,199,experiment_prompt,0
u_020998,2025-03-28,active,199,marketplace,0
u_021001,2026-01-11,active,199,experiment_prompt,0
u_021003,2026-07-30,active,199,marketplace,1
u_021006,2026-07-24,active,199,marketplace,1
u_021007,2026-05-04,active,199,marketplace,0
u_021021,2026-05-25,cancelled,199,experiment_prompt,0
u_021026,2025-01-15,active,199,marketplace,0
u_021029,2026-05-25,active,199,partner,0
u_021033,2026-05-18,active,199,bank_card,0
u_021035,2026-07-01,active,199,bank_card,0
u_021038,2026-03-03,active,199,experiment_prompt,0
u_021039,2026-05-10,cancelled,199,marketplace,1
u_021041,2026-03-06,active,199,marketplace,1
u_021043,2026-05-22,active,199,marketplace,0
u_021047,2025-03-11,active,199,marketplace,1
u_021057,2026-01-06,active,199,partner,0
u_021059,2026-06-06,active,199,bank_card,0
u_021073,2025-11-17,active,199,marketplace,0
u_021074,2026-07-08,active,199,experiment_prompt,1
u_021086,2026-02-14,cancelled,199,bank_card,0
u_021087,2025-08-04,active,199,marketplace,0
u_021089,2024-02-01,active,199,bank_card,0
u_021094,2026-06-11,active,199,bank_card,0
u_021096,2025-09-28,active,199,bank_card,1
u_021104,2026-05-03,active,199,experiment_prompt,0
u_021118,2025-01-17,active,199,marketplace,0
u_021132,2026-05-28,active,199,experiment_prompt,0
u_021136,2026-05-21,active,199,experiment_prompt,0
u_021141,2026-01-08,active,199,marketplace,0
u_021149,2026-07-01,active,199,bank_card,0
u_021159,2026-05-07,active,199,marketplace,1
u_021163,2026-05-07,active,199,marketplace,0
u_021168,2026-03-29,active,199,experiment_prompt,0
u_021185,2025-12-15,active,199,marketplace,0
u_021189,2026-06-06,active,199,bank_card,0
u_021192,2026-07-20,active,199,experiment_prompt,1
u_021194,2026-06-07,active,199,marketplace,0
u_021200,2025-12-17,active,199,promo,1
u_021201,2026-06-26,cancelled,199,marketplace,0
u_021221,2026-03-21,active,199,marketplace,0
u_021243,2026-05-01,active,199,marketplace,0
u_021244,2025-01-22,active,199,experiment_prompt,0
u_021248,2026-04-13,active,199,experiment_prompt,0
u_021249,2026-04-13,active,199,marketplace,0
u_021251,2026-05-03,active,199,experiment_prompt,0
u_021252,2026-06-24,active,199,marketplace,0
u_021254,2026-04-13,active,199,bank_card,0
u_021256,2025-11-29,active,199,marketplace,0
u_021260,2026-05-15,active,199,marketplace,1
u_021262,2026-06-20,active,199,marketplace,1
u_021268,2026-05-04,active,199,experiment_prompt,0
u_021290,2026-02-14,active,199,bank_card,0
u_021292,2026-03-12,active,199,experiment_prompt,1
u_021307,2026-04-02,active,199,marketplace,0
u_021316,2026-07-18,active,199,marketplace,0
u_021326,2025-10-19,active,199,bank_card,0
u_021330,2026-05-22,active,199,marketplace,0
u_021332,2026-06-12,active,199,bank_card,0
u_021334,2026-04-28,active,199,bank_card,1
u_021336,2026-01-08,active,199,marketplace,0
u_021337,2026-06-23,cancelled,199,experiment_prompt,0
u_021343,2026-02-24,active,199,marketplace,0
u_021344,2025-10-26,active,199,partner,0
u_021353,2026-03-28,active,199,promo,0
u_021366,2026-02-20,active,199,bank_card,1
u_021367,2026-03-08,active,199,promo,0
u_021374,2025-11-17,active,199,marketplace,0
u_021380,2026-03-10,active,199,experiment_prompt,0
u_021382,2026-05-09,active,199,bank_card,0
u_021390,2026-03-14,active,199,marketplace,0
u_021392,2026-01-15,active,199,marketplace,1
u_021401,2026-05-18,active,199,bank_card,0
u_021407,2025-12-23,active,199,bank_card,0
u_021420,2026-04-29,active,199,marketplace,0
u_021421,2025-08-25,active,199,experiment_prompt,0
u_021423,2025-12-08,active,199,marketplace,0
u_021425,2026-06-26,active,199,marketplace,0
u_021450,2025-12-25,active,199,experiment_prompt,0
u_021456,2026-07-02,active,199,promo,1
u_021458,2026-05-23,active,199,marketplace,0
u_021478,2026-05-26,active,199,marketplace,0
u_021484,2026-01-02,active,199,experiment_prompt,0
u_021487,2025-12-31,active,199,bank_card,0
u_021493,2026-06-13,active,199,marketplace,0
u_021505,2026-06-24,active,199,experiment_prompt,0
u_021507,2025-10-24,active,199,marketplace,0
u_021516,2026-01-25,active,199,promo,0
u_021526,2026-02-07,active,199,experiment_prompt,0
u_021531,2025-12-07,active,199,bank_card,0
u_021532,2026-07-30,active,199,promo,0
u_021546,2025-12-01,active,199,bank_card,0
u_021551,2025-11-14,active,199,bank_card,0
u_021565,2026-04-30,active,199,experiment_prompt,0
u_021570,2026-01-13,active,199,promo,0
u_021572,2026-06-20,active,199,experiment_prompt,0
u_021575,2025-10-05,active,199,experiment_prompt,1
u_021579,2026-03-02,active,199,marketplace,0
u_021585,2026-03-15,active,199,bank_card,0
u_021595,2025-04-05,active,199,bank_card,0
u_021597,2026-07-19,active,199,marketplace,1
u_021598,2026-02-28,active,199,marketplace,0
u_021600,2026-03-04,active,199,promo,0
u_021603,2026-02-02,active,199,marketplace,1
u_021613,2026-04-22,active,199,marketplace,0
u_021616,2026-07-22,active,199,bank_card,1
u_021621,2026-05-22,active,199,bank_card,0
u_021625,2026-03-09,active,199,partner,1
u_021630,2026-04-08,active,199,marketplace,0
u_021637,2026-05-22,active,199,bank_card,0
u_021644,2026-06-02,active,199,marketplace,1
u_021650,2026-07-03,active,199,promo,1
u_021651,2025-12-06,active,199,bank_card,0
u_021654,2026-02-28,active,199,marketplace,0
u_021670,2026-06-11,active,199,promo,0
u_021672,2026-04-18,active,199,marketplace,0
u_021675,2025-09-01,active,199,marketplace,1
u_021679,2026-07-29,active,199,marketplace,0
u_021681,2026-06-23,active,199,marketplace,0
u_021685,2026-03-30,active,199,experiment_prompt,1
u_021690,2024-03-20,active,199,bank_card,0
u_021691,2026-03-06,active,199,promo,1
u_021692,2026-06-05,active,199,marketplace,0
u_021694,2026-04-16,active,199,partner,0
u_021695,2026-01-23,active,199,marketplace,0
u_021697,2026-04-19,active,199,experiment_prompt,1
u_021708,2026-04-29,active,199,marketplace,1
u_021724,2025-11-18,active,199,promo,0
u_021728,2026-02-09,active,199,marketplace,0
u_021732,2026-03-15,active,199,marketplace,0
u_021734,2026-05-28,active,199,marketplace,0
u_021735,2026-02-17,active,199,bank_card,0
u_021737,2026-05-07,active,199,promo,0
u_021739,2026-06-15,active,199,bank_card,0
u_021740,2026-07-18,active,199,promo,1
u_021745,2026-03-10,active,199,experiment_prompt,0
u_021748,2026-06-25,active,199,bank_card,0
u_021758,2026-04-13,active,199,experiment_prompt,0
u_021760,2026-07-10,active,199,bank_card,1
u_021773,2026-02-21,cancelled,199,promo,0
u_021787,2025-12-12,active,199,marketplace,0
u_021798,2025-12-08,active,199,marketplace,0
u_021802,2026-06-12,active,199,bank_card,0
u_021808,2026-03-07,active,199,bank_card,0
u_021809,2026-04-08,active,199,marketplace,0
u_021812,2026-06-15,active,199,experiment_prompt,0
u_021815,2025-08-17,active,199,experiment_prompt,0
u_021816,2026-04-17,active,199,partner,0
u_021818,2025-12-05,active,199,bank_card,0
u_021825,2026-04-25,active,199,marketplace,0
u_021829,2026-06-29,active,199,experiment_prompt,0
u_021834,2026-07-04,active,199,promo,1
u_021842,2026-06-25,active,199,bank_card,0
u_021844,2026-01-07,active,199,bank_card,0
u_021850,2026-05-09,active,199,marketplace,0
u_021851,2026-04-27,active,199,bank_card,0
u_021854,2025-10-14,active,199,promo,0
u_021855,2026-01-17,active,199,marketplace,1
u_021857,2025-09-10,active,199,experiment_prompt,0
u_021858,2026-07-14,active,199,marketplace,0
u_021860,2026-05-02,active,199,marketplace,1
u_021869,2026-04-10,active,199,marketplace,0
u_021870,2026-06-29,cancelled,199,bank_card,0
u_021873,2026-05-19,active,199,bank_card,0
u_021885,2026-06-23,active,199,marketplace,1
u_021888,2026-04-04,active,199,promo,0
u_021901,2026-05-27,active,199,marketplace,0
u_021906,2026-05-12,cancelled,199,bank_card,0
u_021908,2026-03-06,active,199,partner,0
u_021912,2026-05-14,active,199,marketplace,1
u_021915,2026-03-09,active,199,marketplace,0
u_021923,2026-07-11,active,199,experiment_prompt,0
u_021928,2026-06-08,active,199,experiment_prompt,1
u_021930,2026-02-24,active,199,marketplace,0
u_021932,2026-03-02,active,199,bank_card,0
u_021934,2026-06-29,active,199,bank_card,0
u_021936,2026-04-17,active,199,marketplace,0
u_021937,2025-10-01,active,199,bank_card,0
u_021945,2026-06-12,active,199,experiment_prompt,0
u_021947,2026-06-09,active,199,promo,0
u_021950,2026-05-10,active,199,bank_card,0
u_021955,2026-07-23,active,199,experiment_prompt,0
u_021958,2026-07-20,active,199,marketplace,1
u_021971,2026-02-15,active,199,marketplace,1
u_021973,2025-11-08,active,199,experiment_prompt,0
u_021982,2026-06-14,active,199,marketplace,1
u_021986,2026-05-18,active,199,experiment_prompt,0
u_021988,2026-04-24,active,199,partner,0
u_021990,2025-08-04,active,199,partner,0
u_021991,2026-03-21,active,199,marketplace,0
u_021996,2025-02-14,active,199,marketplace,0
u_022006,2026-05-26,active,199,marketplace,0
u_022007,2025-10-23,active,199,experiment_prompt,0
u_022015,2026-05-08,active,199,experiment_prompt,0
u_022020,2026-03-17,active,199,marketplace,0
u_022022,2026-01-01,active,199,bank_card,1
u_022026,2025-11-17,active,199,marketplace,0
u_022031,2026-05-29,active,199,marketplace,0
u_022036,2026-01-23,active,199,marketplace,1
u_022040,2026-01-21,active,199,bank_card,1
u_022043,2026-05-15,active,199,experiment_prompt,1
u_022052,2026-06-09,active,199,marketplace,0
u_022054,2026-01-12,active,199,bank_card,0
u_022058,2026-06-29,active,199,marketplace,0
u_022059,2026-03-04,active,199,experiment_prompt,0
u_022072,2026-05-03,active,199,experiment_prompt,0
u_022078,2026-04-06,active,199,promo,1
u_022084,2026-05-06,active,199,bank_card,0
u_022088,2026-05-06,active,199,experiment_prompt,0
u_022093,2026-03-10,active,199,marketplace,0
u_022097,2026-02-05,active,199,bank_card,0
u_022107,2026-07-25,active,199,experiment_prompt,1
u_022108,2026-02-09,active,199,marketplace,0
u_022115,2026-03-02,active,199,marketplace,0
u_022116,2026-03-29,active,199,partner,1
u_022120,2025-11-29,active,199,experiment_prompt,0
u_022127,2026-01-02,active,199,promo,0
u_022139,2026-04-06,active,199,marketplace,0
u_022148,2026-06-27,cancelled,199,partner,1
u_022158,2026-01-19,cancelled,199,marketplace,0
u_022162,2026-07-07,active,199,marketplace,0
u_022175,2026-05-09,active,199,marketplace,1
u_022191,2026-04-26,cancelled,199,bank_card,0
u_022193,2026-04-27,active,199,bank_card,0
u_022202,2026-06-28,cancelled,199,marketplace,0
u_022221,2026-01-19,active,199,promo,0
u_022228,2025-10-10,active,199,bank_card,0
u_022229,2026-04-18,active,199,partner,0
u_022232,2025-07-04,active,199,marketplace,0
u_022237,2026-06-20,active,199,experiment_prompt,0
u_022246,2026-05-06,active,199,marketplace,0
u_022267,2026-06-26,active,199,experiment_prompt,0
u_022272,2026-03-15,active,199,marketplace,1
u_022273,2026-05-27,active,199,experiment_prompt,0
u_022303,2026-05-01,active,199,marketplace,0
u_022304,2024-01-17,active,199,marketplace,0
u_022311,2026-05-26,active,199,marketplace,0
u_022315,2026-03-24,active,199,bank_card,1
u_022316,2026-05-30,cancelled,199,marketplace,0
u_022323,2026-04-25,active,199,marketplace,0
u_022324,2026-02-15,active,199,experiment_prompt,0
u_022333,2026-05-31,active,199,marketplace,0
u_022335,2025-07-20,active,199,bank_card,0
u_022349,2026-06-07,active,199,marketplace,0
u_022363,2026-03-17,active,199,marketplace,0
u_022366,2026-01-16,active,199,bank_card,0
u_022379,2026-05-17,active,199,marketplace,1
u_022381,2026-06-08,active,199,experiment_prompt,0
u_022393,2026-02-14,active,199,promo,0
u_022395,2026-02-27,active,199,experiment_prompt,1
u_022405,2026-06-28,active,199,marketplace,0
u_022409,2025-02-01,active,199,promo,0
u_022423,2025-06-07,cancelled,199,experiment_prompt,0
u_022435,2025-07-17,active,199,promo,0
u_022436,2026-03-22,active,199,promo,0
u_022437,2026-06-24,active,199,marketplace,0
u_022452,2026-05-24,active,199,partner,0
u_022454,2026-01-04,active,199,marketplace,1
u_022455,2026-05-26,active,199,marketplace,1
u_022457,2026-07-14,active,199,experiment_prompt,0
u_022472,2026-01-16,active,199,bank_card,0
u_022475,2026-04-01,active,199,bank_card,0
u_022480,2026-07-11,active,199,marketplace,0
u_022482,2026-05-26,active,199,marketplace,0
u_022486,2026-06-19,active,199,marketplace,0
u_022490,2026-05-24,active,199,experiment_prompt,1
u_022499,2026-03-22,active,199,experiment_prompt,0
u_022526,2026-06-03,active,199,bank_card,1
u_022528,2026-03-15,active,199,marketplace,1
u_022535,2026-07-03,active,199,promo,0
u_022538,2026-01-27,active,199,bank_card,0
u_022543,2026-06-06,active,199,marketplace,0
u_022546,2026-03-01,active,199,bank_card,0
u_022550,2026-05-26,active,199,experiment_prompt,0
u_022562,2026-04-11,active,199,bank_card,0
u_022564,2026-04-15,active,199,experiment_prompt,0
u_022574,2026-03-02,active,199,marketplace,0
u_022578,2026-06-09,active,199,bank_card,0
u_022582,2026-05-27,active,199,marketplace,0
u_022590,2026-03-24,active,199,bank_card,1
u_022602,2026-05-09,active,199,marketplace,0
u_022603,2025-12-26,active,199,marketplace,0
u_022605,2026-06-14,active,199,marketplace,0
u_022607,2026-06-13,active,199,bank_card,0
u_022617,2026-06-13,active,199,marketplace,1
u_022623,2026-06-30,active,199,marketplace,0
u_022627,2026-03-12,active,199,bank_card,0
u_022632,2025-08-31,active,199,marketplace,0
u_022635,2026-06-27,active,199,marketplace,0
u_022638,2026-05-15,active,199,experiment_prompt,0
u_022645,2026-01-17,active,199,marketplace,0
u_022649,2026-03-06,active,199,promo,1
u_022656,2026-06-27,active,199,promo,0
u_022662,2025-11-13,active,199,marketplace,0
u_022664,2026-05-25,active,199,marketplace,0
u_022670,2026-05-28,active,199,bank_card,0
u_022674,2026-04-14,active,199,experiment_prompt,0
u_022681,2026-07-08,active,199,marketplace,1
u_022700,2026-03-06,active,199,promo,0
u_022702,2026-06-11,active,199,marketplace,0
u_022718,2026-06-12,active,199,experiment_prompt,0
u_022720,2026-07-16,active,199,marketplace,1
u_022723,2025-10-31,active,199,bank_card,1
u_022737,2026-06-30,active,199,bank_card,0
u_022740,2026-03-12,active,199,experiment_prompt,0
u_022746,2026-01-14,active,199,marketplace,0
u_022754,2025-10-24,active,199,experiment_prompt,0
u_022760,2026-03-05,active,199,bank_card,0
u_022769,2026-05-02,active,199,promo,0
u_022778,2026-03-19,active,199,marketplace,0
u_022808,2025-08-27,active,199,experiment_prompt,0
u_022810,2026-06-08,active,199,bank_card,1
u_022843,2026-07-14,active,199,experiment_prompt,1
u_022846,2025-12-24,active,199,experiment_prompt,0
u_022854,2026-05-11,active,199,bank_card,0
u_022857,2026-06-21,active,199,experiment_prompt,0
u_022865,2026-06-09,active,199,marketplace,0
u_022867,2026-01-27,active,199,bank_card,0
u_022885,2026-04-29,active,199,marketplace,0
u_022887,2026-03-31,active,199,promo,0
u_022894,2025-11-03,active,199,marketplace,1
u_022897,2026-07-01,cancelled,199,marketplace,0
u_022918,2025-07-27,cancelled,199,bank_card,0
u_022920,2026-03-11,active,199,marketplace,0
u_022926,2025-11-20,active,199,marketplace,0
u_022932,2026-06-15,active,199,marketplace,0
u_022934,2026-04-17,active,199,marketplace,0
u_022942,2026-05-23,active,199,bank_card,0
u_022943,2026-07-08,active,199,marketplace,1
u_022944,2026-07-05,active,199,promo,1
u_022945,2026-06-11,active,199,marketplace,0
u_022954,2026-03-07,active,199,experiment_prompt,0
u_022958,2026-02-24,active,199,marketplace,0
u_022962,2026-02-06,active,199,experiment_prompt,0
u_022966,2026-04-12,active,199,marketplace,1
u_022973,2026-07-20,active,199,marketplace,1
u_022978,2026-06-05,active,199,experiment_prompt,0
u_022987,2026-05-28,active,199,marketplace,0
u_022995,2026-07-29,active,199,marketplace,1
u_022998,2026-02-03,active,199,partner,0
u_023006,2026-05-31,cancelled,199,bank_card,0
u_023014,2026-06-02,active,199,experiment_prompt,0
u_023018,2026-06-18,active,199,bank_card,0
u_023021,2026-06-09,active,199,bank_card,0
u_023023,2025-07-29,active,199,experiment_prompt,0
u_023030,2026-02-26,active,199,promo,0
u_023046,2026-06-15,active,199,marketplace,0
u_023050,2026-03-17,active,199,marketplace,1
u_023060,2026-05-21,active,199,marketplace,0
u_023061,2026-06-01,active,199,partner,0
u_023070,2026-06-23,active,199,partner,0
u_023071,2026-05-29,cancelled,199,marketplace,0
u_023072,2026-01-25,active,199,marketplace,0
u_023074,2026-06-22,active,199,experiment_prompt,0
u_023075,2026-04-04,active,199,experiment_prompt,0
u_023079,2025-12-12,active,199,marketplace,0
u_023081,2026-05-29,active,199,bank_card,1
u_023082,2026-07-09,active,199,partner,0
u_023096,2026-01-05,active,199,experiment_prompt,0
u_023110,2026-04-25,active,199,marketplace,1
u_023113,2026-01-09,active,199,bank_card,0
u_023122,2026-01-15,active,199,bank_card,1
u_023123,2026-05-31,active,199,promo,0
u_023124,2026-03-23,active,199,marketplace,0
u_023138,2026-06-29,active,199,bank_card,0
u_023141,2025-10-13,active,199,marketplace,0
u_023151,2026-04-08,active,199,marketplace,0
u_023157,2026-03-05,active,199,marketplace,1
u_023159,2026-02-01,active,199,marketplace,1
u_023161,2026-01-12,active,199,bank_card,0
u_023164,2026-07-01,active,199,bank_card,0
u_023173,2026-06-30,active,199,marketplace,0
u_023176,2026-04-07,active,199,marketplace,0
u_023191,2026-05-13,active,199,marketplace,1
u_023199,2026-01-27,active,199,bank_card,0
u_023202,2026-06-09,active,199,bank_card,0
u_023206,2026-04-11,active,199,experiment_prompt,1
u_023207,2026-03-28,active,199,marketplace,1
u_023208,2026-02-26,active,199,marketplace,0
u_023209,2026-07-13,active,199,bank_card,1
u_023213,2026-03-21,active,199,marketplace,0
u_023220,2026-06-06,active,199,marketplace,1
u_023234,2026-06-27,active,199,experiment_prompt,1
u_023237,2026-04-26,active,199,experiment_prompt,0
u_023241,2026-07-19,active,199,bank_card,1
u_023242,2026-03-18,active,199,bank_card,1
u_023243,2026-04-10,cancelled,199,bank_card,0
u_023247,2026-03-07,active,199,promo,0
u_023252,2026-06-04,active,199,marketplace,0
u_023254,2026-01-09,active,199,bank_card,0
u_023257,2026-04-20,active,199,promo,0
u_023258,2025-09-09,active,199,marketplace,0
u_023259,2026-02-23,active,199,bank_card,0
u_023263,2026-06-10,cancelled,199,marketplace,0
u_023267,2026-06-01,active,199,partner,0
u_023276,2026-02-11,active,199,bank_card,0
u_023277,2024-11-12,active,199,bank_card,0
u_023279,2026-02-22,active,199,marketplace,0
u_023292,2026-06-14,active,199,marketplace,0
u_023296,2026-04-09,active,199,marketplace,0
u_023298,2026-02-12,active,199,bank_card,0
u_023309,2026-04-16,active,199,marketplace,0
u_023324,2026-03-21,active,199,marketplace,0
u_023325,2026-01-09,active,199,marketplace,1
u_023327,2026-06-19,active,199,marketplace,0
u_023328,2026-03-02,cancelled,199,bank_card,0
u_023330,2026-02-20,active,199,marketplace,1
u_023331,2026-04-05,active,199,marketplace,1
u_023335,2025-10-27,active,199,marketplace,0
u_023337,2026-06-15,active,199,marketplace,0
u_023338,2025-10-13,active,199,promo,0
u_023343,2026-07-25,active,199,bank_card,0
u_023344,2025-09-17,active,199,experiment_prompt,0
u_023346,2026-05-11,cancelled,199,marketplace,0
u_023347,2026-06-10,active,199,marketplace,0
u_023354,2025-12-08,active,199,experiment_prompt,0
u_023374,2026-04-23,active,199,marketplace,0
u_023401,2026-06-27,active,199,marketplace,0
u_023403,2025-12-08,active,199,marketplace,0
u_023404,2026-07-17,active,199,marketplace,1
u_023407,2025-09-13,active,199,bank_card,0
u_023410,2026-07-16,active,199,partner,0
u_023413,2026-05-14,active,199,marketplace,1
u_023414,2026-06-01,active,199,experiment_prompt,0
u_023428,2026-07-17,active,199,bank_card,1
u_023446,2026-04-29,cancelled,199,promo,0
u_023450,2026-02-21,active,199,marketplace,1
u_023452,2026-06-15,active,199,marketplace,1
u_023472,2026-06-20,cancelled,199,marketplace,0
u_023477,2026-01-16,active,199,experiment_prompt,0
u_023482,2026-02-01,active,199,bank_card,0
u_023485,2026-06-28,active,199,bank_card,0
u_023491,2026-06-03,active,199,promo,0
u_023497,2026-03-03,active,199,marketplace,0
u_023504,2025-12-27,active,199,bank_card,0
u_023511,2026-05-28,active,199,bank_card,0
u_023515,2026-04-24,active,199,promo,0
u_023518,2026-03-19,active,199,experiment_prompt,0
u_023522,2025-12-20,active,199,marketplace,0
u_023526,2026-04-19,active,199,marketplace,0
u_023527,2026-05-01,active,199,marketplace,0
u_023530,2026-01-04,active,199,bank_card,0
u_023531,2024-07-25,active,199,experiment_prompt,0
u_023535,2026-03-30,active,199,marketplace,0
u_023543,2025-09-29,active,199,experiment_prompt,0
u_023545,2026-06-30,active,199,experiment_prompt,0
u_023546,2026-05-20,active,199,marketplace,0
u_023551,2026-07-17,active,199,marketplace,1
u_023553,2026-05-01,active,199,marketplace,0
u_023577,2025-01-16,active,199,experiment_prompt,0
u_023585,2026-02-26,active,199,experiment_prompt,0
u_023599,2026-03-02,active,199,marketplace,0
u_023607,2026-03-14,active,199,promo,1
u_023610,2026-03-29,active,199,experiment_prompt,0
u_023613,2026-04-30,active,199,experiment_prompt,0
u_023616,2026-03-06,active,199,marketplace,0
u_023621,2025-09-12,active,199,promo,1
u_023623,2025-09-24,active,199,promo,1
u_023626,2026-06-27,active,199,promo,0
u_023627,2026-04-10,active,199,marketplace,0
u_023646,2026-04-30,active,199,bank_card,1
u_023655,2026-05-05,active,199,experiment_prompt,0
u_023661,2026-03-15,active,199,marketplace,0
u_023672,2026-06-17,active,199,partner,0
u_023675,2026-06-29,cancelled,199,marketplace,0
u_023683,2026-07-13,active,199,marketplace,1
u_023685,2025-06-09,active,199,marketplace,0
u_023686,2025-04-09,active,199,experiment_prompt,0
u_023690,2025-12-02,active,199,experiment_prompt,0
u_023696,2025-09-20,active,199,marketplace,0
u_023697,2026-05-09,active,199,marketplace,0
u_023717,2026-07-09,active,199,marketplace,1
u_023720,2026-05-27,active,199,bank_card,0
u_023723,2026-05-18,active,199,marketplace,1
u_023730,2026-05-30,active,199,marketplace,1
u_023734,2025-05-31,active,199,bank_card,0
u_023748,2026-05-27,active,199,marketplace,0
u_023750,2026-04-01,active,199,bank_card,0
u_023751,2026-07-10,cancelled,199,marketplace,0
u_023758,2026-06-05,active,199,promo,0
u_023765,2026-07-23,active,199,marketplace,0
u_023768,2026-05-23,active,199,partner,0
u_023775,2026-04-25,active,199,partner,0
u_023780,2026-01-08,active,199,marketplace,0
u_023782,2026-01-20,active,199,bank_card,0
u_023786,2026-02-04,active,199,experiment_prompt,0
u_023790,2026-04-26,active,199,marketplace,0
u_023792,2026-07-17,active,199,marketplace,0
u_023793,2026-04-11,active,199,bank_card,0
u_023796,2026-06-03,cancelled,199,marketplace,0
u_023798,2026-06-23,active,199,bank_card,0
u_023801,2026-06-29,active,199,marketplace,0
u_023806,2026-06-25,active,199,marketplace,0
u_023811,2026-02-17,active,199,experiment_prompt,0
u_023813,2026-07-30,active,199,experiment_prompt,1
u_023831,2026-03-19,active,199,bank_card,0
u_023836,2026-02-11,active,199,bank_card,0
u_023842,2026-03-14,active,199,experiment_prompt,0
u_023844,2026-07-22,cancelled,199,experiment_prompt,1
u_023856,2026-06-06,active,199,experiment_prompt,0
u_023865,2025-12-22,active,199,promo,0
u_023867,2026-03-31,active,199,partner,0
u_023881,2026-04-27,active,199,experiment_prompt,0
u_023887,2026-02-08,active,199,bank_card,0
u_023888,2026-03-26,active,199,promo,0
u_023895,2026-06-25,active,199,marketplace,0
u_023898,2026-06-16,active,199,bank_card,0
u_023899,2026-05-22,active,199,promo,0
u_023909,2025-11-01,active,199,promo,0
u_023913,2026-05-03,active,199,experiment_prompt,1
u_023921,2025-11-24,active,199,bank_card,0
u_023923,2026-04-01,active,199,experiment_prompt,0
u_023926,2025-05-08,cancelled,199,bank_card,0
u_023927,2025-12-18,active,199,bank_card,1
u_023948,2026-05-21,active,199,promo,0
u_023967,2026-07-23,active,199,marketplace,1
u_023981,2026-06-23,active,199,marketplace,0
u_023982,2025-11-25,active,199,promo,0
u_023983,2026-06-11,active,199,experiment_prompt,1
u_023986,2026-04-27,active,199,experiment_prompt,0
u_023989,2026-01-11,active,199,marketplace,0
u_024011,2026-05-12,active,199,bank_card,0
u_024017,2025-11-13,active,199,marketplace,0
u_024022,2026-06-08,active,199,marketplace,0
u_024031,2026-05-04,active,199,marketplace,0
u_024034,2026-04-11,active,199,bank_card,0
u_024039,2026-04-18,active,199,experiment_prompt,0
u_024042,2025-12-17,active,199,experiment_prompt,1
u_024047,2026-06-11,active,199,experiment_prompt,0
u_024056,2025-01-12,active,199,marketplace,0
u_024063,2025-12-02,active,199,marketplace,0
u_024064,2026-03-18,active,199,promo,0
u_024067,2026-02-07,active,199,bank_card,0
u_024070,2026-06-12,active,199,marketplace,0
u_024072,2025-09-14,active,199,bank_card,0
u_024073,2026-05-11,active,199,bank_card,0
u_024075,2026-01-16,active,199,experiment_prompt,0
u_024077,2026-03-03,active,199,experiment_prompt,1
u_024087,2026-07-03,active,199,marketplace,1
u_024088,2026-06-03,active,199,marketplace,0
u_024092,2026-03-30,active,199,marketplace,1
u_024098,2026-01-11,active,199,marketplace,0
u_024100,2026-05-13,active,199,marketplace,0
u_024103,2026-05-25,active,199,marketplace,0
u_024111,2026-05-17,active,199,marketplace,0
u_024118,2026-07-06,active,199,partner,1
u_024120,2026-05-08,active,199,marketplace,0
u_024123,2026-05-24,active,199,experiment_prompt,0
u_024134,2026-01-02,active,199,experiment_prompt,0
u_024136,2026-07-02,active,199,bank_card,0
u_024138,2026-07-14,active,199,promo,0
u_024140,2026-05-26,active,199,partner,1
u_024142,2026-02-11,active,199,experiment_prompt,0
u_024143,2025-03-22,active,199,marketplace,0
u_024145,2026-03-13,active,199,marketplace,1
u_024147,2025-08-30,active,199,marketplace,1
u_024148,2026-06-18,active,199,marketplace,0
u_024158,2026-06-22,active,199,marketplace,0
u_024160,2026-05-02,active,199,marketplace,0
u_024161,2025-09-17,active,199,experiment_prompt,0
u_024169,2026-05-17,active,199,partner,1
u_024173,2025-07-04,cancelled,199,marketplace,0
u_024174,2025-12-22,active,199,marketplace,0
u_024177,2026-03-18,active,199,marketplace,1
u_024179,2025-11-10,active,199,marketplace,1
u_024183,2026-04-25,active,199,marketplace,0
u_024188,2025-10-25,active,199,promo,0
u_024189,2026-06-04,active,199,bank_card,0
u_024190,2026-07-27,active,199,bank_card,1
u_024195,2026-05-09,active,199,marketplace,0
u_024196,2026-02-14,active,199,bank_card,1
u_024206,2026-06-30,active,199,marketplace,0
u_024207,2026-06-08,active,199,marketplace,0
u_024212,2025-10-25,active,199,marketplace,0
u_024213,2026-04-27,cancelled,199,experiment_prompt,0
u_024220,2026-02-13,active,199,marketplace,1
u_024223,2026-06-02,active,199,marketplace,0
u_024232,2025-11-15,active,199,bank_card,0
u_024234,2025-10-13,active,199,experiment_prompt,0
u_024238,2025-12-08,active,199,bank_card,0
u_024245,2026-02-21,active,199,bank_card,0
u_024250,2025-08-02,active,199,experiment_prompt,0
u_024252,2026-04-20,active,199,marketplace,1
u_024259,2026-01-21,active,199,experiment_prompt,0
u_024262,2026-01-30,active,199,experiment_prompt,0
u_024263,2026-07-07,active,199,experiment_prompt,0
u_024266,2026-02-16,active,199,marketplace,0
u_024272,2026-02-02,active,199,marketplace,1
u_024273,2026-05-01,active,199,marketplace,0
u_024283,2026-07-07,active,199,marketplace,0
u_024285,2026-01-14,cancelled,199,promo,0
u_024286,2026-06-07,active,199,experiment_prompt,0
u_024287,2026-04-25,active,199,marketplace,0
u_024288,2026-06-04,active,199,marketplace,0
u_024289,2025-12-17,active,199,marketplace,0
u_024290,2026-07-25,active,199,marketplace,0
u_024294,2026-04-10,active,199,experiment_prompt,0
u_024297,2026-01-03,active,199,marketplace,1
u_024304,2026-05-25,active,199,bank_card,1
u_024305,2026-07-30,active,199,bank_card,1
u_024308,2026-06-22,active,199,experiment_prompt,0
u_024312,2026-04-11,active,199,marketplace,0
u_024314,2026-06-29,active,199,marketplace,0
u_024316,2026-05-24,active,199,marketplace,1
u_024325,2026-06-03,active,199,experiment_prompt,0
u_024328,2026-01-20,active,199,bank_card,0
u_024338,2026-05-10,active,199,marketplace,0
u_024339,2026-03-15,active,199,marketplace,0
u_024343,2026-02-19,active,199,bank_card,0
u_024346,2026-06-04,active,199,bank_card,0
u_024348,2026-06-15,active,199,marketplace,1
u_024356,2026-04-14,active,199,promo,0
u_024359,2026-05-20,active,199,marketplace,0
u_024361,2026-05-27,active,199,marketplace,0
u_024362,2026-01-18,active,199,bank_card,0
u_024367,2026-06-01,active,199,bank_card,1
u_024379,2025-08-06,active,199,experiment_prompt,0
u_024388,2026-04-20,active,199,promo,0
u_024390,2026-05-10,active,199,marketplace,0
u_024391,2026-06-29,active,199,experiment_prompt,0
u_024415,2026-04-27,active,199,marketplace,0
u_024419,2026-04-17,active,199,marketplace,0
u_024420,2026-06-02,active,199,marketplace,0
u_024423,2026-05-08,active,199,promo,0
u_024425,2025-06-21,active,199,experiment_prompt,0
u_024434,2026-01-20,cancelled,199,marketplace,1
u_024435,2026-02-24,active,199,marketplace,0
u_024451,2026-06-15,active,199,marketplace,0
u_024452,2026-02-19,active,199,promo,0
u_024453,2025-12-15,active,199,promo,0
u_024461,2026-06-21,active,199,marketplace,0
u_024479,2026-03-10,active,199,marketplace,1
u_024484,2026-06-22,active,199,marketplace,0
u_024487,2026-03-13,active,199,promo,0
u_024489,2026-04-02,active,199,bank_card,0
u_024499,2026-07-23,active,199,promo,0
u_024507,2026-02-26,active,199,marketplace,0
u_024509,2025-10-04,active,199,marketplace,1
u_024510,2026-03-30,active,199,bank_card,0
u_024519,2026-06-16,active,199,marketplace,0
u_024522,2025-09-04,active,199,marketplace,1
u_024524,2026-05-26,active,199,marketplace,0
u_024526,2026-05-24,active,199,experiment_prompt,0
u_024538,2026-07-10,active,199,experiment_prompt,1
u_024549,2026-02-12,active,199,marketplace,0
u_024572,2026-01-26,active,199,promo,0
u_024579,2026-07-13,active,199,bank_card,0
u_024584,2025-08-26,active,199,bank_card,0
u_024586,2026-06-06,active,199,marketplace,0
u_024587,2026-03-10,active,199,marketplace,0
u_024596,2025-08-24,cancelled,199,marketplace,0
u_024603,2026-05-17,active,199,marketplace,0
u_024610,2026-04-27,active,199,marketplace,0
u_024611,2026-07-29,active,199,promo,1
u_024620,2026-01-29,active,199,experiment_prompt,0
u_024624,2026-02-22,active,199,experiment_prompt,0
u_024628,2026-06-11,active,199,marketplace,0
u_024633,2026-04-09,active,199,experiment_prompt,0
u_024642,2026-03-22,active,199,promo,0
u_024643,2026-04-27,active,199,marketplace,0
u_024649,2025-12-26,active,199,partner,0
u_024657,2026-02-15,cancelled,199,marketplace,0
u_024667,2026-01-26,active,199,marketplace,0
u_024668,2026-02-27,active,199,marketplace,0
u_024669,2026-06-14,active,199,experiment_prompt,0
u_024670,2025-11-16,active,199,marketplace,0
u_024674,2026-03-25,cancelled,199,promo,0
u_024675,2026-05-20,active,199,promo,0
u_024686,2026-04-17,active,199,bank_card,0
u_024691,2026-03-27,active,199,bank_card,0
u_024695,2025-12-02,active,199,marketplace,0
u_024696,2026-01-29,active,199,bank_card,0
u_024708,2025-11-28,active,199,marketplace,1
u_024718,2026-06-29,active,199,experiment_prompt,0
u_024719,2026-05-19,active,199,bank_card,0
u_024720,2026-04-29,active,199,marketplace,0
u_024722,2025-10-21,active,199,experiment_prompt,0
u_024724,2026-05-17,active,199,marketplace,1
u_024725,2026-03-03,active,199,bank_card,0
u_024735,2026-01-26,active,199,marketplace,0
u_024738,2026-05-24,active,199,marketplace,0
u_024740,2026-06-11,active,199,experiment_prompt,0
u_024743,2026-05-31,active,199,partner,0
u_024745,2026-06-16,cancelled,199,bank_card,0
u_024752,2026-06-04,active,199,marketplace,1
u_024761,2026-07-28,active,199,marketplace,0
u_024767,2026-05-05,active,199,bank_card,0
u_024770,2026-05-17,active,199,bank_card,0
u_024773,2026-05-25,active,199,marketplace,0
u_024775,2026-01-15,active,199,bank_card,0
u_024783,2026-03-09,active,199,marketplace,1
u_024784,2026-03-11,active,199,bank_card,0
u_024789,2026-04-13,active,199,experiment_prompt,0
u_024794,2026-01-14,active,199,experiment_prompt,0
u_024797,2025-12-03,active,199,partner,1
u_024800,2026-07-30,active,199,bank_card,0
u_024807,2026-03-24,active,199,marketplace,0
u_024808,2026-06-07,active,199,marketplace,0
u_024812,2025-10-15,active,199,bank_card,0
u_024813,2026-03-01,active,199,promo,0
u_024822,2026-06-24,active,199,marketplace,1
u_024840,2026-01-16,active,199,marketplace,0
u_024856,2025-12-11,active,199,marketplace,0
u_024861,2026-06-14,active,199,promo,0
u_024862,2026-07-28,cancelled,199,marketplace,1
u_024867,2025-11-26,active,199,bank_card,0
u_024868,2026-07-18,active,199,marketplace,0
u_024884,2026-06-23,active,199,partner,0
u_024887,2026-02-26,cancelled,199,experiment_prompt,0
u_024906,2026-07-26,active,199,marketplace,1
u_024917,2026-03-01,active,199,bank_card,0
u_024929,2026-03-23,active,199,partner,0
u_024933,2026-04-24,cancelled,199,bank_card,0
u_024937,2026-02-25,active,199,promo,1
u_024938,2025-08-22,active,199,marketplace,0
u_024944,2026-04-20,active,199,experiment_prompt,0
u_024947,2026-04-07,active,199,bank_card,0
u_024954,2026-02-20,active,199,partner,0
u_024959,2026-06-23,active,199,partner,0
u_024960,2026-05-23,active,199,marketplace,0
u_024962,2026-05-01,cancelled,199,marketplace,1
u_024966,2026-06-02,active,199,marketplace,0
u_024970,2026-05-10,active,199,partner,0
u_024974,2025-12-23,active,199,marketplace,0
u_024976,2026-06-06,active,199,marketplace,0
u_024978,2026-04-12,active,199,marketplace,0
u_024986,2026-07-05,active,199,bank_card,0
u_024987,2025-11-13,active,199,marketplace,1
u_024989,2026-01-28,active,199,experiment_prompt,1
u_024991,2026-03-14,active,199,experiment_prompt,0
u_025014,2026-05-09,active,199,marketplace,0
u_025021,2026-02-12,active,199,experiment_prompt,0
u_025046,2026-06-03,active,199,promo,0
u_025048,2026-04-08,active,199,marketplace,0
u_025054,2026-07-04,cancelled,199,bank_card,0
u_025056,2026-06-21,active,199,experiment_prompt,1
u_025057,2025-09-13,active,199,partner,0
u_025062,2026-04-08,active,199,bank_card,0
u_025066,2026-03-23,active,199,promo,0
u_025069,2026-06-09,active,199,marketplace,0
u_025073,2026-05-14,active,199,promo,1
u_025074,2026-03-12,active,199,experiment_prompt,0
u_025079,2026-06-22,active,199,experiment_prompt,0
u_025085,2025-12-29,active,199,marketplace,1
u_025089,2026-06-17,active,199,marketplace,1
u_025092,2026-03-11,active,199,bank_card,0
u_025103,2026-05-25,active,199,bank_card,0
u_025109,2025-07-29,active,199,bank_card,1
u_025113,2026-06-27,active,199,promo,0
u_025115,2026-07-24,active,199,marketplace,1
u_025120,2026-03-07,active,199,experiment_prompt,0
u_025131,2025-06-29,active,199,promo,0
u_025135,2026-02-16,active,199,marketplace,0
u_025136,2026-06-17,active,199,marketplace,0
u_025141,2025-09-11,active,199,marketplace,0
u_025144,2025-10-31,active,199,marketplace,0
u_025145,2026-06-22,active,199,marketplace,0
u_025150,2026-03-11,active,199,marketplace,0
u_025155,2026-04-08,active,199,marketplace,0
u_025159,2026-04-21,active,199,marketplace,0
u_025176,2026-05-06,active,199,promo,0
u_025177,2026-03-21,active,199,experiment_prompt,1
u_025178,2025-10-02,active,199,marketplace,0
u_025181,2026-06-16,active,199,experiment_prompt,0
u_025186,2026-05-25,active,199,experiment_prompt,0
u_025191,2026-04-07,active,199,marketplace,0
u_025195,2026-06-02,active,199,bank_card,0
u_025200,2026-06-15,active,199,partner,0
u_025204,2026-07-19,active,199,marketplace,0
u_025209,2026-02-21,active,199,marketplace,0
u_025215,2026-04-06,active,199,experiment_prompt,0
u_025216,2026-03-21,active,199,bank_card,0
u_025222,2026-05-08,active,199,marketplace,1
u_025225,2026-02-08,active,199,experiment_prompt,0
u_025237,2026-04-23,active,199,marketplace,0
u_025241,2025-07-26,active,199,bank_card,0
u_025244,2026-07-06,active,199,experiment_prompt,1
u_025246,2026-07-29,active,199,promo,1
u_025249,2025-11-18,active,199,marketplace,0
u_025256,2025-04-06,active,199,marketplace,0
u_025268,2025-05-23,active,199,bank_card,1
u_025270,2026-07-10,cancelled,199,experiment_prompt,0
u_025271,2026-04-02,active,199,marketplace,0
u_025277,2025-12-25,cancelled,199,experiment_prompt,1
u_025282,2026-02-14,active,199,partner,0
u_025293,2026-02-27,active,199,promo,0
u_025297,2026-03-29,cancelled,199,marketplace,0
u_025301,2026-07-11,active,199,experiment_prompt,1
u_025302,2026-01-05,active,199,experiment_prompt,0
u_025306,2026-03-03,active,199,marketplace,1
u_025314,2024-10-09,active,199,marketplace,0
u_025315,2026-03-06,active,199,promo,0
u_025320,2026-06-25,active,199,bank_card,0
u_025323,2026-03-01,active,199,marketplace,0
u_025324,2026-05-15,active,199,marketplace,0
u_025327,2025-12-27,active,199,bank_card,0
u_025335,2026-04-17,active,199,marketplace,0
u_025339,2025-08-23,active,199,experiment_prompt,0
u_025342,2025-11-15,active,199,marketplace,0
u_025347,2026-04-17,active,199,marketplace,0
u_025351,2026-06-25,active,199,partner,1
u_025352,2024-12-03,active,199,marketplace,0
u_025358,2026-05-31,active,199,marketplace,0
u_025381,2026-06-26,active,199,promo,0
u_025389,2026-02-08,active,199,marketplace,0
u_025396,2026-07-19,active,199,marketplace,1
u_025400,2026-07-27,active,199,partner,0
u_025402,2026-06-28,active,199,experiment_prompt,0
u_025416,2026-06-03,active,199,marketplace,0
u_025417,2026-06-23,active,199,marketplace,0
u_025418,2026-06-17,active,199,marketplace,0
u_025420,2025-09-09,active,199,marketplace,0
u_025425,2026-01-05,active,199,bank_card,0
u_025432,2026-06-07,active,199,marketplace,0
u_025449,2026-01-30,active,199,experiment_prompt,0
u_025452,2025-12-25,active,199,experiment_prompt,0
u_025458,2026-05-25,active,199,bank_card,0
u_025470,2026-05-21,active,199,marketplace,0
u_025485,2025-06-10,active,199,marketplace,0
u_025489,2026-01-27,active,199,marketplace,0
u_025499,2026-02-06,active,199,bank_card,0
u_025503,2025-10-23,active,199,experiment_prompt,0
u_025507,2026-06-10,active,199,bank_card,1
u_025518,2026-04-27,cancelled,199,bank_card,1
u_025525,2026-06-25,active,199,bank_card,0
u_025527,2025-07-24,active,199,bank_card,0
u_025528,2026-05-30,active,199,marketplace,0
u_025532,2026-02-03,active,199,marketplace,0
u_025533,2026-04-06,active,199,partner,0
u_025562,2025-04-28,active,199,bank_card,0
u_025570,2026-05-30,active,199,experiment_prompt,0
u_025572,2026-05-05,active,199,experiment_prompt,0
u_025573,2026-03-30,active,199,marketplace,0
u_025574,2026-06-13,active,199,marketplace,0
u_025575,2025-10-11,active,199,promo,1
u_025578,2026-05-21,active,199,promo,0
u_025579,2025-07-10,active,199,marketplace,0
u_025597,2026-04-22,active,199,marketplace,0
u_025598,2025-08-26,active,199,marketplace,1
u_025599,2026-06-02,active,199,experiment_prompt,0
u_025601,2026-06-21,active,199,marketplace,0
u_025606,2026-05-06,active,199,bank_card,0
u_025616,2025-10-08,active,199,bank_card,0
u_025622,2026-06-22,active,199,bank_card,0
u_025623,2026-04-26,active,199,promo,0
u_025633,2026-04-02,active,199,marketplace,0
u_025636,2026-05-02,cancelled,199,bank_card,0
u_025645,2026-07-26,active,199,partner,0
u_025648,2024-10-11,active,199,promo,0
u_025653,2025-11-06,active,199,bank_card,0
u_025655,2025-09-12,active,199,partner,0
u_025657,2025-10-18,active,199,marketplace,1
u_025664,2026-05-17,active,199,bank_card,1
u_025670,2026-02-07,active,199,experiment_prompt,0
u_025676,2026-05-28,active,199,marketplace,1
u_025683,2026-06-07,active,199,marketplace,0
u_025695,2026-05-06,active,199,promo,0
u_025705,2026-01-18,active,199,promo,1
u_025706,2026-01-25,active,199,marketplace,0
u_025711,2026-04-16,active,199,marketplace,0
u_025719,2026-07-06,active,199,promo,1
u_025727,2026-04-26,active,199,marketplace,0
u_025729,2026-02-28,active,199,marketplace,0
u_025761,2026-05-31,active,199,experiment_prompt,0
u_025776,2026-05-12,active,199,promo,0
u_025779,2026-06-25,active,199,bank_card,1
u_025783,2026-06-13,active,199,experiment_prompt,0
u_025787,2025-07-16,active,199,marketplace,0
u_025794,2026-01-13,active,199,marketplace,0
u_025808,2025-06-02,active,199,marketplace,0
u_025817,2026-06-27,active,199,partner,0
u_025818,2025-12-16,active,199,marketplace,0
u_025819,2026-06-22,active,199,promo,0
u_025825,2026-06-28,active,199,marketplace,0
u_025830,2026-06-30,active,199,bank_card,0
u_025842,2026-03-25,active,199,marketplace,0
u_025843,2026-04-30,active,199,bank_card,0
u_025846,2025-07-15,active,199,experiment_prompt,0
u_025849,2025-12-17,active,199,promo,0
u_025851,2025-10-25,active,199,bank_card,0
u_025852,2026-07-24,active,199,bank_card,0
u_025855,2026-04-09,active,199,bank_card,0
u_025858,2026-06-19,cancelled,199,bank_card,1
u_025862,2026-07-12,active,199,marketplace,1
u_025873,2026-05-04,active,199,marketplace,0
u_025876,2026-05-22,cancelled,199,experiment_prompt,0
u_025877,2026-05-17,active,199,bank_card,0
u_025882,2026-03-26,active,199,marketplace,0
u_025886,2026-06-19,active,199,marketplace,0
u_025890,2026-06-04,active,199,bank_card,0
u_025892,2026-06-24,active,199,marketplace,0
u_025905,2026-06-21,active,199,experiment_prompt,0
u_025906,2026-05-17,active,199,promo,1
u_025926,2026-07-13,active,199,marketplace,1
u_025935,2025-12-07,active,199,marketplace,0
u_025937,2025-03-05,active,199,marketplace,0
u_025947,2026-06-20,active,199,experiment_prompt,0
u_025949,2026-03-02,active,199,experiment_prompt,1
u_025953,2025-08-31,active,199,marketplace,1
u_025957,2026-07-01,cancelled,199,bank_card,0
u_025964,2025-12-05,active,199,marketplace,0
u_025967,2025-12-01,active,199,promo,0
u_025972,2026-05-22,active,199,marketplace,0
u_025980,2026-06-19,active,199,marketplace,0
u_025990,2026-07-01,active,199,experiment_prompt,0
u_025991,2026-03-18,active,199,marketplace,0
u_025995,2026-07-29,active,199,marketplace,0
u_025997,2025-03-23,active,199,bank_card,0
u_025999,2026-01-19,active,199,marketplace,1
u_026002,2026-02-15,active,199,promo,0
u_026003,2026-06-22,active,199,experiment_prompt,0
u_026015,2026-05-14,active,199,marketplace,1
u_026023,2025-08-21,active,199,experiment_prompt,0
u_026024,2026-06-21,active,199,bank_card,0
u_026028,2026-03-26,active,199,marketplace,0
u_026029,2026-05-25,active,199,marketplace,0
u_026033,2026-06-23,active,199,marketplace,0
u_026036,2025-12-06,active,199,bank_card,0
u_026037,2026-06-27,active,199,bank_card,0
u_026038,2026-05-24,active,199,experiment_prompt,0
u_026043,2026-06-17,active,199,experiment_prompt,0
u_026057,2026-06-24,active,199,experiment_prompt,0
u_026058,2025-08-28,active,199,marketplace,0
u_026061,2026-03-04,active,199,marketplace,0
u_026063,2026-06-14,active,199,experiment_prompt,1
u_026069,2026-04-19,active,199,partner,0
u_026071,2026-03-14,active,199,experiment_prompt,0
u_026074,2026-01-25,active,199,experiment_prompt,0
u_026075,2026-05-08,active,199,partner,0
u_026082,2026-07-29,active,199,marketplace,1
u_026086,2026-05-17,active,199,bank_card,0
u_026087,2026-03-06,active,199,promo,0
u_026094,2026-02-02,active,199,promo,1
u_026095,2026-03-19,active,199,experiment_prompt,0
u_026103,2026-05-22,active,199,marketplace,0
u_026114,2026-03-28,active,199,marketplace,0
u_026118,2026-01-14,active,199,marketplace,0
u_026143,2026-07-23,active,199,bank_card,1
u_026166,2026-04-06,active,199,partner,1
u_026184,2026-03-04,active,199,marketplace,0
u_026195,2026-06-22,active,199,marketplace,1
u_026204,2026-04-02,active,199,marketplace,0
u_026206,2025-12-18,cancelled,199,bank_card,0
u_026221,2026-04-04,active,199,bank_card,1
u_026230,2026-05-18,active,199,promo,0
u_026234,2026-06-30,active,199,experiment_prompt,0
u_026236,2025-11-24,cancelled,199,marketplace,0
u_026256,2025-06-07,active,199,bank_card,1
u_026260,2026-06-05,active,199,promo,0
u_026261,2026-05-20,active,199,bank_card,0
u_026268,2026-04-11,active,199,promo,0
u_026287,2026-01-16,cancelled,199,bank_card,0
u_026288,2025-12-10,active,199,marketplace,0
u_026302,2026-05-08,active,199,marketplace,0
u_026309,2026-06-24,active,199,bank_card,1
u_026312,2025-02-16,active,199,bank_card,0
u_026313,2026-01-11,cancelled,199,partner,0
u_026315,2026-06-17,active,199,experiment_prompt,0
u_026325,2026-05-02,active,199,marketplace,0
u_026326,2026-06-27,active,199,experiment_prompt,1
u_026336,2026-01-31,active,199,marketplace,0
u_026339,2026-02-22,active,199,marketplace,0
u_026340,2025-06-29,active,199,bank_card,0
u_026341,2026-04-07,active,199,marketplace,0
u_026346,2026-06-01,active,199,experiment_prompt,0
u_026351,2025-12-27,active,199,bank_card,0
u_026352,2026-05-26,active,199,bank_card,0
u_026356,2026-05-31,active,199,bank_card,0
u_026393,2026-05-13,active,199,bank_card,0
u_026396,2026-01-01,active,199,marketplace,0
u_026397,2025-10-27,active,199,bank_card,0
u_026400,2025-09-18,active,199,marketplace,0
u_026403,2026-01-30,cancelled,199,bank_card,0
u_026405,2026-06-26,active,199,promo,0
u_026416,2024-11-22,active,199,marketplace,0
u_026424,2025-10-12,active,199,marketplace,0
u_026441,2026-04-02,active,199,experiment_prompt,0
u_026444,2026-06-28,active,199,marketplace,0
u_026445,2026-05-17,active,199,marketplace,1
u_026447,2025-11-14,active,199,bank_card,0
u_026449,2026-02-15,active,199,marketplace,1
u_026458,2026-03-25,active,199,marketplace,0
u_026459,2026-07-16,active,199,experiment_prompt,1
u_026462,2025-12-29,active,199,marketplace,0
u_026475,2025-10-30,active,199,marketplace,0
u_026478,2026-05-03,active,199,experiment_prompt,0
u_026490,2026-03-21,active,199,bank_card,0
u_026492,2026-06-17,active,199,promo,0
u_026494,2026-04-05,active,199,bank_card,0
u_026495,2026-06-08,active,199,marketplace,0
u_026496,2026-03-31,active,199,marketplace,0
u_026504,2026-04-19,active,199,marketplace,0
u_026510,2025-06-12,active,199,bank_card,0
u_026522,2025-09-30,active,199,marketplace,0
u_026533,2026-03-06,active,199,marketplace,0
u_026547,2026-07-27,active,199,bank_card,1
u_026549,2025-11-14,active,199,marketplace,0
u_026558,2026-05-13,active,199,marketplace,0
u_026566,2026-06-24,active,199,experiment_prompt,0
u_026567,2026-07-29,active,199,bank_card,1
u_026575,2026-04-03,active,199,marketplace,0
u_026577,2026-03-13,active,199,marketplace,1
u_026586,2026-06-06,active,199,marketplace,1
u_026598,2025-06-10,active,199,marketplace,1
u_026602,2026-03-10,active,199,bank_card,0
u_026609,2026-05-20,active,199,experiment_prompt,0
u_026610,2026-05-08,active,199,marketplace,1
u_026611,2025-11-19,active,199,experiment_prompt,1
u_026615,2025-06-20,active,199,bank_card,0
u_026618,2026-06-07,active,199,marketplace,1
u_026619,2026-04-26,active,199,marketplace,0
u_026621,2026-06-25,active,199,bank_card,1
u_026622,2026-03-20,active,199,bank_card,0
u_026639,2026-07-01,active,199,marketplace,0
u_026640,2026-04-24,active,199,bank_card,0
u_026641,2026-06-01,cancelled,199,promo,0
u_026646,2026-05-18,active,199,experiment_prompt,0
u_026655,2025-05-22,active,199,bank_card,0
u_026662,2025-10-28,active,199,bank_card,0
u_026669,2026-05-21,active,199,bank_card,0
u_026671,2026-05-09,active,199,promo,0
u_026672,2026-06-22,active,199,experiment_prompt,0
u_026683,2026-02-16,active,199,experiment_prompt,0
u_026685,2026-05-27,active,199,experiment_prompt,1
u_026688,2026-04-24,active,199,bank_card,0
u_026702,2025-09-16,active,199,experiment_prompt,0
u_026703,2026-05-11,active,199,marketplace,1
u_026705,2026-06-25,active,199,marketplace,1
u_026710,2026-01-12,active,199,experiment_prompt,0
u_026717,2026-03-08,active,199,bank_card,1
u_026718,2026-03-11,active,199,bank_card,0
u_026720,2026-06-27,active,199,bank_card,0
u_026728,2026-02-14,cancelled,199,marketplace,0
u_026730,2026-03-05,active,199,marketplace,0
u_026731,2026-04-13,active,199,experiment_prompt,0
u_026748,2025-12-20,active,199,marketplace,0
u_026750,2026-04-22,active,199,marketplace,1
u_026751,2026-03-27,active,199,experiment_prompt,0
u_026753,2026-05-23,active,199,marketplace,0
u_026754,2026-05-22,active,199,marketplace,0
u_026764,2026-05-27,active,199,promo,0
u_026768,2026-07-28,active,199,promo,1
u_026771,2025-12-10,active,199,marketplace,0
u_026773,2026-07-10,active,199,marketplace,1
u_026774,2025-06-06,active,199,experiment_prompt,1
u_026794,2026-03-06,active,199,bank_card,0
u_026797,2026-01-27,active,199,promo,0
u_026807,2026-04-25,active,199,marketplace,0
u_026812,2026-06-28,active,199,marketplace,1
u_026816,2026-07-23,active,199,marketplace,0
u_026828,2026-06-20,active,199,experiment_prompt,0
u_026836,2026-05-19,active,199,experiment_prompt,0
u_026839,2025-08-23,cancelled,199,marketplace,0
u_026840,2025-10-31,active,199,bank_card,0
u_026845,2025-03-26,active,199,marketplace,0
u_026846,2026-04-22,active,199,marketplace,0
u_026847,2026-03-10,active,199,marketplace,0
u_026854,2026-05-10,active,199,marketplace,0
u_026858,2026-07-17,active,199,marketplace,0
u_026866,2026-06-24,active,199,marketplace,1
u_026871,2026-03-02,active,199,marketplace,0
u_026872,2026-05-30,active,199,marketplace,0
u_026881,2026-05-03,active,199,marketplace,1
u_026887,2026-04-09,active,199,marketplace,0
u_026894,2026-04-08,active,199,bank_card,0
u_026904,2025-10-06,active,199,marketplace,0
u_026907,2025-12-26,active,199,marketplace,1
u_026914,2026-06-15,active,199,promo,1
u_026926,2026-06-12,active,199,marketplace,0
u_026938,2026-05-28,active,199,promo,0
u_026957,2025-06-15,active,199,marketplace,0
u_026964,2025-09-01,active,199,marketplace,0
u_026970,2026-06-21,cancelled,199,promo,0
u_026973,2025-12-04,active,199,marketplace,1
u_026975,2026-03-15,active,199,promo,0
u_026980,2026-04-27,active,199,marketplace,0
u_026993,2025-12-22,active,199,experiment_prompt,0
u_026995,2026-05-17,active,199,marketplace,0
u_027011,2026-07-01,active,199,bank_card,0
u_027015,2026-06-26,active,199,bank_card,0
u_027021,2026-03-18,active,199,bank_card,0
u_027023,2026-03-21,active,199,marketplace,1
u_027027,2026-05-30,active,199,marketplace,0
u_027029,2025-09-08,active,199,marketplace,0
u_027030,2026-06-24,active,199,marketplace,0
u_027038,2025-05-16,active,199,experiment_prompt,0
u_027042,2026-05-04,active,199,marketplace,0
u_027043,2026-05-07,active,199,marketplace,0
u_027046,2025-01-26,active,199,marketplace,0
u_027054,2026-06-21,active,199,marketplace,0
u_027055,2026-06-07,active,199,promo,1
u_027059,2026-06-26,active,199,partner,0
u_027061,2026-06-09,active,199,marketplace,0
u_027064,2024-09-06,active,199,bank_card,0
u_027070,2026-06-30,active,199,experiment_prompt,0
u_027072,2026-05-18,active,199,marketplace,0
u_027074,2026-05-15,active,199,promo,0
u_027075,2025-12-08,active,199,promo,0
u_027081,2026-07-18,active,199,bank_card,1
u_027083,2025-11-18,active,199,partner,0
u_027087,2026-03-21,active,199,marketplace,0
u_027092,2025-09-17,active,199,marketplace,0
u_027108,2025-12-27,active,199,marketplace,0
u_027109,2026-07-02,active,199,experiment_prompt,0
u_027116,2026-06-07,active,199,marketplace,0
u_027120,2026-02-10,active,199,marketplace,0
u_027122,2026-06-12,active,199,marketplace,0
u_027127,2026-05-26,active,199,bank_card,0
u_027129,2026-05-12,active,199,marketplace,1
u_027131,2026-06-06,active,199,promo,0
u_027132,2026-03-31,active,199,bank_card,0
u_027138,2026-03-24,active,199,bank_card,0
u_027142,2025-10-29,active,199,bank_card,0
u_027146,2026-07-12,active,199,bank_card,0
u_027155,2026-07-06,active,199,promo,1
u_027163,2026-03-31,active,199,marketplace,0
u_027170,2026-03-26,active,199,marketplace,0
u_027177,2026-04-03,active,199,experiment_prompt,0
u_027179,2025-08-05,active,199,experiment_prompt,0
u_027184,2026-06-08,active,199,marketplace,1
u_027186,2026-05-03,cancelled,199,marketplace,0
u_027187,2026-07-27,active,199,bank_card,1
u_027190,2026-07-01,active,199,bank_card,1
u_027191,2026-04-24,active,199,marketplace,0
u_027194,2026-05-18,active,199,bank_card,0
u_027195,2026-01-18,active,199,marketplace,0
u_027203,2025-08-19,active,199,bank_card,0
u_027210,2026-04-28,active,199,bank_card,0
u_027213,2026-03-08,active,199,experiment_prompt,0
u_027219,2026-07-01,active,199,bank_card,0
u_027221,2026-03-27,active,199,promo,1
u_027225,2026-05-02,active,199,marketplace,0
u_027227,2025-06-21,active,199,promo,0
u_027231,2026-05-23,active,199,marketplace,0
u_027232,2026-06-02,active,199,promo,0
u_027243,2026-01-03,active,199,experiment_prompt,0
u_027244,2026-04-20,active,199,marketplace,0
u_027245,2025-10-03,active,199,promo,0
u_027246,2026-03-09,active,199,marketplace,0
u_027249,2026-05-29,active,199,experiment_prompt,1
u_027252,2026-03-18,active,199,marketplace,0
u_027260,2025-11-14,active,199,marketplace,0
u_027262,2026-02-26,active,199,marketplace,0
u_027270,2026-02-06,active,199,marketplace,1
u_027271,2025-11-11,active,199,marketplace,0
u_027276,2026-03-20,active,199,promo,0
u_027279,2026-06-18,active,199,marketplace,0
u_027285,2026-03-15,active,199,marketplace,0
u_027289,2026-07-14,active,199,promo,1
u_027293,2026-01-31,active,199,experiment_prompt,0
u_027294,2026-03-19,active,199,marketplace,0
u_027295,2026-06-26,active,199,partner,0
u_027300,2025-12-10,active,199,marketplace,1
u_027305,2026-03-21,active,199,marketplace,1
u_027306,2026-06-24,active,199,marketplace,0
u_027308,2025-04-12,active,199,marketplace,0
u_027310,2026-03-29,active,199,marketplace,0
u_027311,2026-05-25,active,199,experiment_prompt,0
u_027316,2025-05-23,active,199,promo,1
u_027324,2026-02-28,active,199,bank_card,1
u_027326,2025-09-25,active,199,marketplace,0
u_027333,2026-04-26,active,199,bank_card,0
u_027335,2026-06-21,active,199,promo,0
u_027336,2026-02-11,active,199,experiment_prompt,0
u_027343,2025-11-23,cancelled,199,marketplace,0
u_027350,2026-02-18,active,199,experiment_prompt,1
u_027355,2026-06-08,active,199,experiment_prompt,0
u_027357,2026-07-03,active,199,bank_card,1
u_027359,2026-04-25,active,199,marketplace,0
u_027365,2026-04-05,active,199,experiment_prompt,1
u_027367,2026-06-11,active,199,promo,0
u_027371,2025-07-02,active,199,marketplace,0
u_027372,2025-12-31,active,199,bank_card,0
u_027374,2026-06-27,active,199,marketplace,0
u_027391,2025-11-04,active,199,marketplace,0
u_027393,2026-06-18,active,199,promo,0
u_027396,2026-02-18,active,199,bank_card,0
u_027411,2026-06-10,active,199,bank_card,0
u_027418,2026-06-15,active,199,marketplace,1
u_027421,2026-07-15,active,199,marketplace,1
u_027424,2026-07-09,active,199,marketplace,0
u_027429,2026-05-01,active,199,marketplace,0
u_027430,2026-04-29,active,199,marketplace,0
u_027434,2026-05-25,active,199,bank_card,0
u_027435,2025-06-15,active,199,marketplace,1
u_027436,2025-09-04,active,199,marketplace,0
u_027443,2026-06-14,active,199,bank_card,0
u_027452,2026-04-22,active,199,marketplace,0
u_027459,2026-05-25,active,199,marketplace,0
u_027465,2026-03-26,active,199,bank_card,0
u_027467,2026-04-29,active,199,marketplace,0
u_027471,2026-05-04,active,199,marketplace,0
u_027473,2025-11-20,cancelled,199,promo,0
u_027474,2026-06-30,active,199,marketplace,1
u_027484,2025-11-26,active,199,bank_card,0
u_027487,2025-12-20,active,199,experiment_prompt,0
u_027489,2026-07-01,active,199,marketplace,0
u_027494,2025-11-02,active,199,marketplace,0
u_027497,2026-01-12,cancelled,199,marketplace,0
u_027501,2026-06-29,active,199,bank_card,0
u_027502,2026-05-22,active,199,experiment_prompt,1
u_027518,2026-06-22,cancelled,199,bank_card,0
u_027544,2025-10-05,active,199,marketplace,0
u_027547,2026-07-14,active,199,promo,1
u_027550,2025-09-30,active,199,marketplace,0
u_027552,2026-06-15,active,199,experiment_prompt,0
u_027553,2026-06-08,active,199,marketplace,0
u_027567,2026-07-28,active,199,marketplace,1
u_027568,2026-03-03,active,199,bank_card,1
u_027574,2026-04-30,cancelled,199,marketplace,0
u_027578,2026-03-29,active,199,experiment_prompt,0
u_027586,2026-03-28,active,199,marketplace,0
u_027588,2026-05-27,active,199,experiment_prompt,0
u_027590,2026-01-02,active,199,experiment_prompt,0
u_027591,2026-05-17,active,199,promo,1
u_027593,2026-04-20,active,199,marketplace,0
u_027606,2026-07-28,active,199,marketplace,1
u_027607,2026-04-12,active,199,marketplace,0
u_027618,2026-07-15,active,199,experiment_prompt,1
u_027636,2025-10-18,active,199,marketplace,1
u_027655,2026-01-03,active,199,promo,0
u_027657,2026-01-11,cancelled,199,marketplace,0
u_027662,2026-05-10,active,199,marketplace,1
u_027665,2026-03-17,active,199,bank_card,0
u_027684,2026-05-30,active,199,partner,1
u_027696,2026-04-20,active,199,marketplace,0
u_027703,2026-06-04,active,199,bank_card,0
u_027704,2026-07-29,cancelled,199,bank_card,1
u_027708,2026-04-30,active,199,marketplace,0
u_027717,2026-06-18,active,199,marketplace,0
u_027720,2025-02-28,active,199,bank_card,0
u_027731,2026-06-18,cancelled,199,partner,0
u_027732,2026-04-20,active,199,experiment_prompt,1
u_027733,2026-06-16,active,199,marketplace,1
u_027734,2026-05-15,active,199,experiment_prompt,0
u_027751,2024-12-13,active,199,promo,1
u_027756,2026-07-05,active,199,marketplace,1
u_027762,2026-07-12,active,199,marketplace,0
u_027767,2026-06-15,active,199,marketplace,0
u_027776,2025-08-13,active,199,bank_card,0
u_027784,2026-03-02,active,199,marketplace,0
u_027785,2026-01-28,active,199,promo,0
u_027788,2026-06-12,active,199,experiment_prompt,0
u_027794,2026-02-17,active,199,promo,0
u_027795,2026-05-28,active,199,bank_card,1
u_027807,2026-06-11,active,199,bank_card,1
u_027810,2026-03-20,active,199,bank_card,0
u_027812,2025-07-27,cancelled,199,marketplace,0
u_027816,2026-03-13,active,199,experiment_prompt,0
u_027827,2026-05-11,active,199,marketplace,0
u_027829,2026-06-10,active,199,bank_card,0
u_027830,2026-03-10,active,199,experiment_prompt,1
u_027834,2026-04-04,active,199,partner,0
u_027855,2026-07-09,active,199,bank_card,1
u_027857,2026-07-08,active,199,marketplace,1
u_027858,2026-04-16,active,199,marketplace,1
u_027872,2025-10-23,active,199,experiment_prompt,0
u_027873,2025-10-04,active,199,experiment_prompt,0
u_027880,2026-06-14,active,199,marketplace,0
u_027883,2026-06-08,active,199,bank_card,0
u_027884,2026-05-25,active,199,marketplace,0
u_027885,2026-07-11,active,199,marketplace,0
u_027892,2026-01-31,active,199,marketplace,0
u_027893,2026-02-21,active,199,marketplace,0
u_027902,2026-06-26,active,199,bank_card,0
u_027911,2026-06-01,active,199,experiment_prompt,0
u_027915,2026-03-28,active,199,marketplace,0
u_027917,2026-02-12,active,199,marketplace,1
u_027925,2025-12-18,active,199,bank_card,0
u_027927,2026-06-03,active,199,marketplace,0
u_027928,2026-03-22,active,199,experiment_prompt,0
u_027930,2026-03-31,active,199,bank_card,0
u_027952,2026-07-07,active,199,experiment_prompt,1
u_027962,2026-05-05,active,199,bank_card,0
u_027973,2026-07-03,active,199,marketplace,1
u_027976,2026-06-28,active,199,partner,0
u_027981,2026-06-05,active,199,bank_card,0
u_027984,2026-05-18,active,199,bank_card,0
u_027990,2025-09-01,active,199,bank_card,0
u_028003,2026-07-22,active,199,marketplace,1
u_028012,2026-06-23,active,199,marketplace,0
u_028015,2026-05-29,active,199,bank_card,0
u_028019,2025-12-19,active,199,experiment_prompt,0
u_028020,2026-06-10,active,199,experiment_prompt,1
u_028032,2026-05-15,active,199,bank_card,1
u_028034,2026-06-20,active,199,marketplace,0
u_028035,2026-06-10,active,199,bank_card,0
u_028038,2026-06-19,active,199,bank_card,0
u_028050,2026-04-07,active,199,marketplace,0
u_028056,2026-06-21,active,199,experiment_prompt,0
u_028057,2026-02-01,active,199,bank_card,0
u_028061,2026-04-22,active,199,marketplace,0
u_028064,2026-01-26,active,199,marketplace,0
u_028072,2026-06-03,active,199,marketplace,1
u_028073,2025-09-23,active,199,experiment_prompt,0
u_028076,2026-04-05,active,199,marketplace,0
u_028093,2026-05-25,active,199,marketplace,0
u_028094,2026-06-08,active,199,marketplace,0
u_028107,2026-06-30,active,199,marketplace,0
u_028110,2026-07-01,active,199,marketplace,1
u_028111,2026-01-15,active,199,marketplace,0
u_028138,2026-06-23,active,199,marketplace,0
u_028139,2026-07-23,active,199,promo,0
u_028144,2025-08-06,active,199,marketplace,0
u_028170,2025-04-20,active,199,marketplace,1
u_028178,2026-06-17,active,199,experiment_prompt,0
u_028179,2026-05-21,active,199,partner,0
u_028181,2026-04-08,active,199,experiment_prompt,0
u_028186,2025-09-08,active,199,promo,1
u_028190,2026-05-21,cancelled,199,bank_card,1
u_028204,2026-04-02,active,199,bank_card,0
u_028205,2026-05-04,active,199,marketplace,0
u_028206,2026-06-17,active,199,marketplace,1
u_028211,2026-05-10,active,199,marketplace,0
u_028212,2026-05-02,active,199,marketplace,0
u_028217,2025-11-24,active,199,experiment_prompt,0
u_028222,2026-02-22,active,199,experiment_prompt,0
u_028226,2026-07-09,active,199,marketplace,1
u_028230,2026-06-27,active,199,promo,1
u_028233,2026-03-28,active,199,experiment_prompt,0
u_028235,2026-05-08,active,199,marketplace,0
u_028238,2026-07-27,active,199,experiment_prompt,1
u_028241,2026-06-14,active,199,marketplace,0
u_028243,2026-07-21,active,199,marketplace,0
u_028248,2026-06-07,active,199,marketplace,1
u_028250,2026-03-01,active,199,bank_card,0
u_028251,2026-05-06,active,199,marketplace,0
u_028252,2026-07-06,active,199,marketplace,0
u_028260,2026-03-15,active,199,marketplace,0
u_028269,2025-06-29,active,199,marketplace,1
u_028272,2026-06-18,active,199,marketplace,0
u_028274,2026-07-14,active,199,marketplace,0
u_028279,2026-05-11,active,199,promo,0
u_028280,2026-07-01,active,199,marketplace,0
u_028293,2026-06-13,cancelled,199,experiment_prompt,0
u_028296,2026-04-16,active,199,marketplace,0
u_028313,2026-07-25,active,199,marketplace,1
u_028318,2026-06-20,cancelled,199,marketplace,0
u_028319,2025-11-08,active,199,experiment_prompt,0
u_028322,2026-05-24,active,199,marketplace,1
u_028323,2026-06-04,active,199,bank_card,0
u_028327,2026-02-01,active,199,experiment_prompt,0
u_028330,2026-05-05,cancelled,199,experiment_prompt,0
u_028334,2026-04-04,active,199,marketplace,1
u_028335,2026-04-29,active,199,marketplace,0
u_028344,2026-07-11,active,199,experiment_prompt,0
u_028346,2025-11-08,active,199,marketplace,0
u_028347,2026-05-19,active,199,marketplace,0
u_028358,2026-07-09,active,199,promo,0
u_028365,2026-03-10,active,199,promo,0
u_028376,2026-07-02,active,199,experiment_prompt,1
u_028378,2026-07-01,active,199,marketplace,0
u_028379,2026-07-14,active,199,promo,1
u_028382,2025-10-08,active,199,experiment_prompt,0
u_028385,2026-06-03,active,199,marketplace,0
u_028390,2026-05-31,active,199,bank_card,0
u_028397,2025-07-22,active,199,marketplace,0
u_028406,2026-07-21,cancelled,199,marketplace,1
u_028415,2026-07-02,active,199,experiment_prompt,0
u_028419,2026-04-10,active,199,marketplace,0
u_028423,2026-01-29,active,199,bank_card,0
u_028426,2026-07-14,active,199,experiment_prompt,0
u_028432,2026-05-19,active,199,bank_card,0
u_028437,2025-10-19,active,199,bank_card,1
u_028443,2025-12-25,active,199,experiment_prompt,1
u_028449,2026-06-18,active,199,marketplace,0
u_028453,2026-02-25,active,199,marketplace,0
u_028456,2026-05-24,cancelled,199,marketplace,0
u_028457,2026-06-01,active,199,marketplace,0
u_028459,2024-11-28,active,199,bank_card,0
u_028462,2026-06-05,active,199,bank_card,0
u_028464,2026-06-17,active,199,marketplace,0
u_028468,2026-01-07,cancelled,199,promo,0
u_028484,2026-04-24,active,199,bank_card,1
u_028493,2026-06-17,active,199,promo,1
u_028496,2026-07-22,active,199,marketplace,0
u_028499,2026-06-06,active,199,experiment_prompt,0
u_028515,2025-12-23,active,199,experiment_prompt,0
u_028518,2026-03-19,active,199,promo,0
u_028522,2026-06-03,active,199,bank_card,0
u_028527,2026-07-29,active,199,bank_card,0
u_028528,2025-11-27,active,199,marketplace,1
u_028533,2026-06-20,active,199,bank_card,0
u_028534,2026-03-12,active,199,marketplace,0
u_028538,2026-06-24,active,199,marketplace,0
u_028540,2026-03-20,active,199,bank_card,0
u_028541,2026-06-10,active,199,promo,0
u_028544,2025-12-25,active,199,marketplace,0
u_028546,2026-05-17,cancelled,199,experiment_prompt,0
u_028553,2026-05-05,active,199,marketplace,0
u_028554,2026-05-21,active,199,marketplace,0
u_028563,2026-05-06,active,199,promo,0
u_028566,2026-05-20,active,199,marketplace,1
u_028567,2026-04-07,cancelled,199,marketplace,0
u_028572,2026-04-23,active,199,marketplace,1
u_028587,2025-07-08,active,199,experiment_prompt,1
u_028589,2025-12-02,active,199,marketplace,0
u_028592,2026-04-08,active,199,marketplace,0
u_028594,2025-11-02,active,199,bank_card,0
u_028599,2026-03-07,active,199,promo,0
u_028603,2026-04-06,active,199,marketplace,0
u_028606,2026-04-28,active,199,experiment_prompt,0
u_028607,2026-04-06,active,199,partner,0
u_028608,2026-05-16,active,199,bank_card,0
u_028619,2026-01-09,active,199,bank_card,0
u_028621,2026-01-17,active,199,marketplace,0
u_028623,2026-05-06,active,199,experiment_prompt,0
u_028630,2026-05-21,cancelled,199,promo,0
u_028632,2026-02-18,active,199,experiment_prompt,0
u_028637,2026-04-15,active,199,experiment_prompt,0
u_028640,2026-04-08,active,199,marketplace,1
u_028646,2026-01-14,active,199,marketplace,0
u_028648,2026-05-28,active,199,experiment_prompt,0
u_028652,2026-06-19,active,199,marketplace,0
u_028654,2026-07-04,active,199,bank_card,1
u_028656,2026-05-19,active,199,experiment_prompt,0
u_028659,2025-08-19,active,199,bank_card,1
u_028666,2026-07-01,active,199,bank_card,1
u_028669,2026-06-11,active,199,bank_card,0
u_028672,2025-09-17,cancelled,199,experiment_prompt,0
u_028674,2026-03-09,active,199,marketplace,1
u_028675,2026-04-23,active,199,marketplace,0
u_028678,2026-05-08,active,199,promo,1
u_028688,2026-01-13,cancelled,199,promo,0
u_028710,2026-05-12,active,199,promo,0
u_028726,2026-06-26,active,199,marketplace,0
u_028728,2026-06-09,active,199,marketplace,0
u_028732,2025-12-14,active,199,marketplace,0
u_028745,2026-01-29,active,199,marketplace,0
u_028758,2026-06-26,active,199,marketplace,0
u_028766,2026-05-21,active,199,marketplace,0
u_028770,2026-06-17,active,199,bank_card,0
u_028771,2026-06-10,active,199,marketplace,1
u_028772,2026-04-12,active,199,experiment_prompt,0
u_028773,2026-04-09,active,199,promo,0
u_028780,2025-12-19,active,199,marketplace,1
u_028782,2025-06-04,active,199,bank_card,0
u_028783,2025-03-23,active,199,marketplace,0
u_028805,2026-03-22,active,199,marketplace,0
u_028807,2026-05-05,active,199,partner,0
u_028817,2026-03-30,active,199,marketplace,0
u_028823,2026-06-19,active,199,marketplace,0
u_028824,2026-07-11,active,199,bank_card,0
u_028829,2026-05-15,active,199,bank_card,0
u_028831,2026-03-18,active,199,promo,0
u_028841,2026-05-12,active,199,bank_card,1
u_028847,2026-02-19,active,199,promo,1
u_028850,2026-02-02,active,199,marketplace,0
u_028854,2026-02-02,active,199,bank_card,0
u_028858,2025-10-24,active,199,marketplace,0
u_028868,2025-08-22,active,199,experiment_prompt,0
u_028870,2025-09-29,active,199,promo,0
u_028874,2025-08-28,active,199,marketplace,0
u_028878,2025-08-09,active,199,marketplace,0
u_028879,2026-01-19,cancelled,199,marketplace,1
u_028882,2026-06-05,active,199,marketplace,0
u_028900,2026-06-23,active,199,marketplace,0
u_028906,2026-04-16,active,199,experiment_prompt,1
u_028909,2026-03-31,active,199,marketplace,1
u_028910,2026-03-15,active,199,bank_card,0
u_028912,2025-05-31,active,199,promo,0
u_028915,2026-06-28,active,199,marketplace,0
u_028916,2026-01-26,active,199,marketplace,0
u_028922,2026-06-14,active,199,promo,0
u_028931,2026-05-20,active,199,partner,0
u_028932,2026-06-28,active,199,marketplace,1
u_028934,2026-06-20,active,199,bank_card,0
u_028935,2026-07-28,active,199,marketplace,0
u_028946,2026-04-24,active,199,marketplace,0
u_028948,2025-12-26,active,199,marketplace,0
u_028962,2026-06-30,active,199,promo,0
u_028966,2026-04-02,active,199,bank_card,0
u_028978,2026-07-12,active,199,bank_card,0
u_028983,2026-03-29,active,199,marketplace,1
u_028986,2026-05-24,active,199,marketplace,0
u_028995,2025-12-26,active,199,marketplace,0
u_028998,2025-09-28,active,199,marketplace,0
u_028999,2025-10-20,active,199,marketplace,0
u_029002,2026-06-25,active,199,marketplace,0
u_029010,2026-02-25,active,199,promo,0
u_029013,2024-12-11,active,199,marketplace,1
u_029019,2025-11-29,active,199,marketplace,0
u_029025,2026-05-03,active,199,promo,1
u_029028,2026-05-24,active,199,marketplace,0
u_029030,2025-08-02,active,199,promo,0
u_029032,2025-09-19,active,199,experiment_prompt,0
u_029040,2026-02-07,active,199,experiment_prompt,0
u_029041,2026-05-10,active,199,experiment_prompt,0
u_029046,2026-01-30,active,199,bank_card,0
u_029054,2026-01-15,active,199,marketplace,1
u_029055,2025-10-23,active,199,experiment_prompt,1
u_029058,2026-06-26,active,199,bank_card,0
u_029067,2026-07-12,active,199,bank_card,1
u_029076,2026-02-18,active,199,experiment_prompt,0
u_029077,2026-05-11,active,199,bank_card,0
u_029080,2025-04-22,active,199,bank_card,0
u_029082,2026-04-08,active,199,bank_card,0
u_029097,2026-06-03,active,199,marketplace,0
u_029106,2026-05-24,active,199,marketplace,0
u_029108,2025-12-18,active,199,promo,1
u_029116,2026-06-03,active,199,bank_card,0
u_029118,2025-11-07,active,199,experiment_prompt,0
u_029124,2026-02-27,active,199,marketplace,0
u_029126,2026-05-18,active,199,experiment_prompt,0
u_029135,2026-06-10,active,199,experiment_prompt,1
u_029149,2025-09-11,active,199,experiment_prompt,0
u_029156,2026-07-01,active,199,marketplace,1
u_029159,2026-01-18,active,199,bank_card,0
u_029163,2025-05-09,active,199,marketplace,0
u_029171,2025-10-21,active,199,marketplace,0
u_029174,2026-04-11,active,199,promo,0
u_029175,2025-09-30,active,199,bank_card,0
u_029179,2026-01-08,active,199,marketplace,0
u_029180,2026-02-22,active,199,promo,0
u_029185,2026-06-18,active,199,experiment_prompt,1
u_029189,2026-06-17,cancelled,199,bank_card,0
u_029190,2026-06-18,active,199,bank_card,0
u_029195,2025-08-12,active,199,bank_card,0
u_029196,2026-06-13,active,199,marketplace,0
u_029199,2026-04-19,active,199,bank_card,0
u_029200,2026-03-29,cancelled,199,experiment_prompt,0
u_029202,2026-01-04,active,199,experiment_prompt,0
u_029205,2026-03-22,active,199,bank_card,0
u_029210,2026-04-20,active,199,experiment_prompt,0
u_029215,2026-06-22,active,199,promo,0
u_029218,2026-03-19,active,199,marketplace,0
u_029220,2026-04-28,active,199,experiment_prompt,0
u_029223,2026-07-08,active,199,partner,0
u_029229,2025-11-12,active,199,marketplace,1
u_029231,2026-06-19,active,199,marketplace,1
u_029235,2025-06-09,active,199,marketplace,0
u_029248,2026-07-12,active,199,bank_card,1
u_029250,2026-05-13,active,199,marketplace,1
u_029251,2026-03-10,active,199,experiment_prompt,0
u_029259,2025-06-29,active,199,experiment_prompt,0
u_029261,2025-07-27,active,199,marketplace,0
u_029270,2026-05-29,active,199,promo,0
u_029271,2026-02-05,active,199,marketplace,0
u_029275,2026-04-17,active,199,experiment_prompt,0
u_029276,2026-02-25,active,199,marketplace,0
u_029278,2026-05-18,active,199,marketplace,0
u_029285,2026-07-13,active,199,promo,1
u_029286,2026-03-20,active,199,marketplace,0
u_029294,2026-06-15,active,199,marketplace,0
u_029301,2026-04-26,active,199,marketplace,0
u_029306,2026-03-30,active,199,bank_card,0
u_029321,2026-02-16,active,199,marketplace,0
u_029331,2026-06-14,active,199,experiment_prompt,0
u_029343,2026-06-12,active,199,promo,1
u_029353,2026-07-29,active,199,marketplace,1
u_029360,2026-05-10,active,199,promo,0
u_029377,2026-03-04,active,199,experiment_prompt,0
u_029378,2026-05-09,active,199,marketplace,0
u_029379,2026-03-11,active,199,experiment_prompt,0
u_029382,2026-02-15,active,199,experiment_prompt,0
u_029385,2026-05-15,active,199,marketplace,0
u_029386,2026-07-01,active,199,marketplace,0
u_029387,2026-07-16,active,199,bank_card,1
u_029390,2025-10-09,active,199,partner,0
u_029399,2026-06-29,cancelled,199,marketplace,0
u_029401,2026-02-15,active,199,promo,1
u_029411,2026-05-30,active,199,bank_card,0
u_029419,2025-01-27,active,199,bank_card,1
u_029421,2026-07-11,active,199,marketplace,0
u_029424,2026-05-15,active,199,marketplace,0
u_029426,2026-04-14,active,199,experiment_prompt,1
u_029428,2025-12-09,active,199,marketplace,0
u_029432,2026-06-21,active,199,marketplace,0
u_029433,2025-11-26,active,199,bank_card,0
u_029435,2026-05-19,active,199,marketplace,0
u_029456,2026-04-22,active,199,experiment_prompt,0
u_029458,2026-02-06,active,199,experiment_prompt,0
u_029459,2026-07-07,active,199,experiment_prompt,0
u_029462,2026-03-19,active,199,experiment_prompt,0
u_029466,2026-05-01,active,199,marketplace,0
u_029474,2026-03-03,active,199,experiment_prompt,0
u_029476,2026-07-08,active,199,marketplace,0
u_029487,2025-11-06,active,199,experiment_prompt,1
u_029492,2026-05-26,active,199,experiment_prompt,0
u_029494,2026-04-09,active,199,experiment_prompt,0
u_029497,2026-07-24,active,199,experiment_prompt,1
u_029505,2026-05-31,active,199,partner,0
u_029521,2025-03-21,cancelled,199,bank_card,1
u_029523,2026-07-01,active,199,experiment_prompt,0
u_029533,2026-05-03,active,199,experiment_prompt,0
u_029536,2025-09-17,active,199,bank_card,0
u_029542,2026-03-01,active,199,bank_card,0
u_029543,2025-12-10,active,199,marketplace,0
u_029544,2026-07-05,active,199,marketplace,0
u_029554,2025-11-06,active,199,experiment_prompt,0
u_029555,2026-04-24,active,199,experiment_prompt,0
u_029567,2026-06-20,active,199,marketplace,0
u_029574,2026-05-08,active,199,marketplace,0
u_029580,2025-04-29,active,199,marketplace,0
u_029581,2026-05-23,active,199,experiment_prompt,0
u_029588,2025-12-25,active,199,promo,0
u_029589,2026-01-19,active,199,experiment_prompt,1
u_029606,2026-05-30,active,199,marketplace,0
u_029611,2026-05-02,active,199,marketplace,0
u_029612,2026-05-15,active,199,bank_card,0
u_029613,2026-05-14,active,199,partner,0
u_029637,2025-06-20,active,199,bank_card,0
u_029642,2025-12-17,active,199,marketplace,1
u_029659,2026-06-23,active,199,marketplace,0
u_029660,2026-06-14,active,199,experiment_prompt,0
u_029665,2026-02-14,active,199,marketplace,1
u_029674,2026-02-22,active,199,bank_card,0
u_029687,2026-06-03,active,199,experiment_prompt,0
u_029696,2025-05-22,active,199,bank_card,0
u_029698,2024-05-30,active,199,bank_card,0
u_029699,2026-03-05,active,199,experiment_prompt,0
u_029703,2026-05-02,active,199,experiment_prompt,0
u_029711,2026-07-08,active,199,marketplace,0
u_029715,2026-06-09,cancelled,199,bank_card,0
u_029723,2026-05-23,active,199,bank_card,0
u_029726,2025-12-01,active,199,marketplace,1
u_029729,2026-07-21,active,199,bank_card,0
u_029742,2025-12-27,active,199,marketplace,0
u_029746,2026-03-06,active,199,bank_card,0
u_029751,2025-06-23,active,199,bank_card,0
u_029752,2026-06-05,active,199,bank_card,0
u_029766,2026-02-05,active,199,marketplace,0
u_029768,2026-06-17,active,199,marketplace,0
u_029769,2025-11-26,active,199,bank_card,1
u_029774,2025-08-30,active,199,marketplace,0
u_029782,2026-05-13,active,199,experiment_prompt,0
u_029785,2026-06-24,active,199,marketplace,0
u_029787,2026-04-22,active,199,marketplace,0
u_029790,2025-08-30,active,199,marketplace,0
u_029799,2026-02-19,active,199,partner,0
u_029803,2026-04-28,active,199,bank_card,0
u_029805,2026-05-23,active,199,partner,1
u_029807,2026-03-12,active,199,partner,1
u_029811,2026-05-09,active,199,experiment_prompt,0
u_029815,2025-11-21,active,199,marketplace,0
u_029819,2026-05-07,active,199,promo,0
u_029825,2026-05-21,active,199,experiment_prompt,0
u_029837,2026-03-27,active,199,promo,0
u_029848,2026-06-15,active,199,experiment_prompt,1
u_029850,2026-06-13,active,199,experiment_prompt,0
u_029851,2026-01-16,active,199,promo,0
u_029856,2026-04-08,active,199,experiment_prompt,0
u_029859,2026-05-17,active,199,promo,1
u_029863,2026-07-12,active,199,marketplace,0
u_029864,2026-07-08,active,199,experiment_prompt,1
u_029868,2025-12-05,active,199,marketplace,0
u_029876,2026-03-24,active,199,marketplace,1
u_029878,2025-09-02,active,199,marketplace,0
u_029889,2026-02-06,active,199,marketplace,0
u_029897,2026-07-08,active,199,marketplace,0
u_029899,2026-04-16,active,199,bank_card,0
u_029905,2026-05-26,active,199,experiment_prompt,1
u_029907,2025-07-31,active,199,bank_card,0
u_029913,2026-06-20,active,199,marketplace,0
u_029915,2026-02-11,active,199,experiment_prompt,0
u_029937,2026-06-15,active,199,bank_card,0
u_029940,2025-09-01,active,199,marketplace,0
u_029943,2025-10-25,active,199,bank_card,0
u_029952,2025-12-03,active,199,bank_card,0
u_029964,2024-11-01,active,199,partner,0
u_029968,2025-11-15,active,199,bank_card,0
u_029987,2026-07-16,active,199,marketplace,1
u_029990,2026-04-15,active,199,partner,0
u_029995,2026-03-17,active,199,experiment_prompt,1
u_029996,2026-05-03,cancelled,199,partner,0
u_030011,2025-09-05,active,199,marketplace,1
u_030012,2025-12-08,active,199,marketplace,0
u_030019,2026-07-24,active,199,bank_card,1
u_030021,2026-04-18,cancelled,199,bank_card,0
u_030022,2026-05-15,active,199,bank_card,0
u_030031,2026-07-09,active,199,partner,1
u_030033,2026-03-29,active,199,bank_card,0
u_030053,2026-06-25,active,199,marketplace,0
u_030056,2026-06-07,active,199,experiment_prompt,0
u_030060,2026-01-10,active,199,marketplace,0
u_030061,2026-01-07,active,199,marketplace,0
u_030065,2026-03-26,active,199,experiment_prompt,0
u_030083,2026-02-20,active,199,marketplace,0
u_030088,2026-03-02,active,199,experiment_prompt,0
u_030089,2026-05-15,active,199,partner,0
u_030099,2026-05-05,active,199,marketplace,0
u_030100,2026-03-10,cancelled,199,promo,0
u_030101,2025-10-04,active,199,marketplace,0
u_030109,2026-02-01,active,199,marketplace,0
u_030111,2026-01-11,active,199,promo,0
u_030114,2026-06-19,active,199,bank_card,0
u_030122,2026-07-01,active,199,promo,0
u_030123,2025-08-07,active,199,marketplace,1
u_030130,2026-04-11,active,199,marketplace,0
u_030142,2026-07-27,active,199,marketplace,1
u_030143,2025-11-20,cancelled,199,marketplace,0
u_030144,2026-02-03,active,199,bank_card,0
u_030151,2026-04-30,active,199,bank_card,0
u_030153,2026-05-24,active,199,bank_card,1
u_030172,2024-02-27,active,199,promo,0
u_030178,2026-06-10,active,199,bank_card,0
u_030182,2026-04-23,active,199,marketplace,0
u_030183,2025-09-11,cancelled,199,marketplace,0
u_030186,2026-02-13,active,199,promo,0
u_030189,2026-07-04,active,199,marketplace,0
u_030193,2026-06-06,active,199,marketplace,0
u_030198,2026-06-25,active,199,marketplace,0
u_030199,2026-06-19,active,199,experiment_prompt,0
u_030207,2026-05-03,active,199,experiment_prompt,0
u_030217,2026-06-06,active,199,bank_card,1
u_030222,2025-08-26,active,199,marketplace,0
u_030226,2026-02-04,active,199,experiment_prompt,0
u_030236,2026-06-19,active,199,marketplace,0
u_030238,2026-03-02,active,199,experiment_prompt,0
u_030261,2026-04-19,active,199,experiment_prompt,0
u_030264,2026-01-14,active,199,marketplace,0
u_030270,2026-06-07,active,199,marketplace,0
u_030273,2026-03-02,active,199,promo,0
u_030274,2026-03-30,cancelled,199,bank_card,0
u_030277,2026-06-18,active,199,experiment_prompt,1
u_030290,2026-07-08,active,199,marketplace,1
u_030291,2024-11-04,active,199,marketplace,0
u_030294,2026-04-02,active,199,bank_card,0
u_030306,2026-05-04,active,199,marketplace,0
u_030315,2025-10-27,cancelled,199,marketplace,1
u_030320,2026-04-21,active,199,marketplace,0
u_030323,2026-01-23,active,199,experiment_prompt,0
u_030344,2026-02-01,active,199,bank_card,0
u_030347,2025-03-30,active,199,bank_card,0
u_030350,2026-07-08,active,199,marketplace,1
u_030354,2026-05-05,active,199,promo,0
u_030358,2025-11-10,active,199,marketplace,0
u_030387,2026-01-03,active,199,promo,0
u_030389,2026-07-05,active,199,marketplace,1
u_030398,2026-07-18,active,199,marketplace,0
u_030408,2026-07-12,active,199,marketplace,0
u_030414,2026-05-21,active,199,bank_card,0
u_030419,2026-05-15,active,199,promo,0
u_030429,2026-03-04,active,199,marketplace,0
u_030432,2026-02-06,active,199,marketplace,0
u_030436,2026-05-19,active,199,bank_card,1
u_030440,2026-06-22,active,199,bank_card,1
u_030449,2026-05-27,active,199,marketplace,0
u_030451,2025-07-09,active,199,experiment_prompt,0
u_030453,2026-05-23,active,199,bank_card,0
u_030455,2026-02-07,active,199,marketplace,0
u_030459,2026-02-08,active,199,experiment_prompt,0
u_030460,2026-06-15,active,199,experiment_prompt,0
u_030470,2026-04-24,cancelled,199,promo,0
u_030472,2026-02-14,active,199,partner,0
u_030493,2026-05-31,active,199,experiment_prompt,0
u_030496,2026-05-01,active,199,bank_card,0
u_030501,2026-05-14,active,199,experiment_prompt,0
u_030502,2026-04-11,active,199,bank_card,0
u_030512,2025-12-25,active,199,marketplace,0
u_030515,2026-05-21,active,199,marketplace,0
u_030518,2026-04-01,active,199,marketplace,0
u_030520,2026-05-01,active,199,promo,0
u_030523,2026-06-13,active,199,marketplace,0
u_030524,2026-06-20,active,199,marketplace,0
u_030525,2026-06-09,active,199,marketplace,0
u_030529,2025-09-26,active,199,partner,0
u_030531,2025-11-30,active,199,promo,0
u_030532,2026-05-20,active,199,experiment_prompt,0
u_030540,2026-05-04,active,199,marketplace,0
u_030545,2026-05-22,active,199,marketplace,0
u_030556,2026-07-02,active,199,promo,1
u_030560,2026-05-21,active,199,bank_card,0
u_030569,2026-06-03,cancelled,199,partner,0
u_030570,2026-02-24,active,199,bank_card,0
u_030571,2026-06-24,active,199,experiment_prompt,0
u_030577,2026-06-18,active,199,partner,0
u_030589,2026-06-06,active,199,marketplace,1
u_030603,2026-03-04,active,199,partner,0
u_030606,2026-06-12,active,199,marketplace,0
u_030610,2026-04-11,active,199,bank_card,0
u_030613,2026-07-01,active,199,partner,0
u_030618,2026-04-22,active,199,marketplace,0
u_030621,2026-05-23,cancelled,199,marketplace,0
u_030624,2026-06-28,active,199,marketplace,0
u_030625,2026-06-28,active,199,marketplace,0
u_030626,2026-02-13,active,199,bank_card,0
u_030637,2025-08-18,active,199,marketplace,1
u_030641,2025-09-15,active,199,promo,1
u_030643,2026-05-20,cancelled,199,partner,0
u_030649,2026-05-02,active,199,experiment_prompt,0
u_030677,2026-06-08,active,199,marketplace,1
u_030682,2026-07-15,active,199,marketplace,0
u_030685,2026-03-13,active,199,marketplace,1
u_030689,2026-04-25,active,199,bank_card,0
u_030702,2026-03-14,active,199,experiment_prompt,0
u_030705,2026-01-01,active,199,marketplace,1
u_030707,2026-06-14,active,199,bank_card,0
u_030709,2026-01-24,active,199,promo,0
u_030720,2026-05-18,active,199,partner,0
u_030732,2026-07-09,active,199,marketplace,0
u_030740,2025-06-26,active,199,marketplace,0
u_030745,2026-06-30,active,199,marketplace,0
u_030747,2026-07-15,active,199,experiment_prompt,1
u_030748,2025-11-30,active,199,marketplace,0
u_030752,2026-04-14,active,199,bank_card,0
u_030753,2025-09-11,active,199,bank_card,0
u_030770,2026-04-16,active,199,bank_card,0
u_030772,2026-01-26,active,199,marketplace,1
u_030775,2026-05-06,active,199,marketplace,0
u_030780,2026-02-27,cancelled,199,promo,1
u_030790,2025-10-10,active,199,marketplace,1
u_030792,2026-07-13,active,199,experiment_prompt,1
u_030793,2025-12-13,active,199,promo,0
u_030795,2025-12-30,active,199,marketplace,0
u_030799,2026-06-20,active,199,marketplace,0
u_030802,2026-07-24,active,199,experiment_prompt,0
u_030806,2026-01-03,active,199,marketplace,0
u_030813,2026-01-01,active,199,marketplace,0
u_030814,2026-02-05,active,199,bank_card,0
u_030817,2025-04-01,active,199,promo,0
u_030818,2026-05-10,active,199,bank_card,0
u_030823,2025-09-11,active,199,marketplace,0
u_030825,2026-07-05,active,199,promo,1
u_030835,2026-01-23,active,199,bank_card,0
u_030836,2026-07-25,active,199,promo,1
u_030856,2026-03-23,active,199,bank_card,0
u_030862,2026-03-24,active,199,experiment_prompt,1
u_030871,2026-03-17,active,199,bank_card,0
u_030874,2026-05-22,active,199,marketplace,1
u_030877,2026-01-31,active,199,marketplace,0
u_030888,2026-06-22,active,199,experiment_prompt,1
u_030893,2026-05-20,active,199,promo,0
u_030894,2026-05-28,cancelled,199,partner,0
u_030906,2026-06-19,active,199,experiment_prompt,0
u_030907,2026-05-14,active,199,marketplace,0
u_030912,2026-04-30,active,199,bank_card,0
u_030917,2026-03-18,active,199,marketplace,0
u_030918,2025-10-31,active,199,marketplace,0
u_030919,2026-05-05,active,199,experiment_prompt,1
u_030941,2026-07-20,active,199,partner,0
u_030943,2025-10-26,active,199,bank_card,1
u_030945,2025-01-24,active,199,marketplace,1
u_030952,2026-04-03,active,199,partner,0
u_030953,2026-03-28,active,199,experiment_prompt,0
u_030965,2026-06-16,active,199,marketplace,0
u_030968,2026-03-26,active,199,experiment_prompt,0
u_030974,2026-06-12,active,199,marketplace,1
u_030979,2026-05-13,active,199,marketplace,0
u_030981,2026-05-08,active,199,marketplace,0
u_030982,2026-04-27,active,199,experiment_prompt,0
u_030983,2026-06-17,active,199,marketplace,0
u_030987,2026-01-16,active,199,experiment_prompt,0
u_030992,2026-02-10,active,199,marketplace,0
u_030993,2026-04-22,active,199,marketplace,0
u_031000,2026-06-17,active,199,experiment_prompt,0
u_031004,2026-01-23,active,199,marketplace,1
u_031007,2026-03-07,active,199,bank_card,0
u_031013,2026-06-17,active,199,marketplace,0
u_031019,2025-10-15,active,199,marketplace,0
u_031021,2026-06-30,active,199,promo,0
u_031022,2024-12-04,active,199,experiment_prompt,0
u_031024,2026-07-01,active,199,marketplace,0
u_031025,2025-12-01,cancelled,199,experiment_prompt,0
u_031028,2026-06-09,active,199,marketplace,0
u_031030,2026-04-30,active,199,marketplace,0
u_031031,2026-07-27,active,199,bank_card,0
u_031033,2026-07-21,active,199,experiment_prompt,1
u_031034,2026-01-28,active,199,bank_card,1
u_031038,2026-02-28,active,199,marketplace,1
u_031064,2026-06-05,active,199,marketplace,1
u_031070,2025-11-05,active,199,bank_card,0
u_031071,2026-07-09,active,199,marketplace,0
u_031073,2026-04-22,active,199,bank_card,0
u_031074,2026-03-13,active,199,experiment_prompt,0
u_031087,2026-06-09,active,199,bank_card,0
u_031094,2026-06-23,active,199,bank_card,0
u_031096,2026-07-26,active,199,promo,1
u_031097,2026-06-26,active,199,marketplace,0
u_031098,2026-05-03,active,199,marketplace,0
u_031102,2026-05-11,active,199,marketplace,0
u_031111,2025-09-19,active,199,marketplace,0
u_031112,2026-04-30,active,199,experiment_prompt,0
u_031125,2025-12-21,active,199,experiment_prompt,1
u_031137,2026-02-15,active,199,promo,0
u_031146,2026-05-27,active,199,bank_card,1
u_031152,2026-05-29,active,199,marketplace,1
u_031153,2025-10-25,active,199,promo,0
u_031154,2026-06-10,active,199,marketplace,0
u_031165,2025-08-10,active,199,marketplace,0
u_031169,2026-06-19,active,199,marketplace,1
u_031185,2026-01-30,active,199,marketplace,0
u_031189,2026-05-16,active,199,partner,1
u_031193,2026-02-24,active,199,promo,0
u_031216,2026-07-01,active,199,marketplace,0
u_031217,2026-03-08,active,199,marketplace,1
u_031219,2025-10-07,active,199,promo,0
u_031221,2026-04-10,active,199,marketplace,0
u_031226,2026-05-01,active,199,marketplace,0
u_031240,2025-11-11,active,199,promo,1
u_031254,2026-07-08,active,199,bank_card,1
u_031255,2026-05-04,active,199,experiment_prompt,0
u_031257,2026-03-21,active,199,marketplace,0
u_031265,2026-02-21,active,199,marketplace,1
u_031267,2025-12-21,active,199,marketplace,1
u_031272,2026-03-23,active,199,marketplace,0
u_031273,2026-02-12,active,199,promo,0
u_031276,2026-05-15,active,199,bank_card,0
u_031281,2026-02-08,cancelled,199,marketplace,1
u_031284,2026-02-13,active,199,marketplace,0
u_031286,2026-05-22,active,199,marketplace,0
u_031289,2026-03-28,active,199,marketplace,0
u_031290,2026-05-11,active,199,experiment_prompt,1
u_031311,2026-06-01,active,199,experiment_prompt,0
u_031318,2026-06-30,active,199,partner,0
u_031322,2025-12-17,active,199,marketplace,0
u_031331,2025-10-07,active,199,marketplace,0
u_031342,2026-07-18,active,199,promo,0
u_031344,2026-06-13,active,199,bank_card,0
u_031347,2026-05-04,active,199,bank_card,0
u_031348,2026-06-01,active,199,marketplace,0
u_031353,2026-05-11,active,199,bank_card,1
u_031354,2026-03-29,active,199,marketplace,0
u_031356,2026-03-24,active,199,marketplace,1
u_031360,2025-09-18,active,199,promo,0
u_031366,2026-06-04,active,199,marketplace,1
u_031379,2025-12-17,active,199,marketplace,0
u_031380,2025-11-14,active,199,marketplace,0
u_031381,2026-04-13,active,199,promo,0
u_031382,2026-04-04,active,199,experiment_prompt,0
u_031387,2026-06-08,active,199,marketplace,0
u_031394,2026-06-23,active,199,marketplace,0
u_031397,2026-05-22,active,199,experiment_prompt,0
u_031400,2026-03-23,active,199,experiment_prompt,0
u_031408,2025-12-02,active,199,marketplace,0
u_031409,2026-06-28,active,199,bank_card,0
u_031415,2026-04-20,active,199,bank_card,0
u_031418,2026-04-29,active,199,bank_card,0
u_031420,2026-02-11,active,199,bank_card,0
u_031425,2026-03-24,active,199,promo,0
u_031434,2025-12-02,active,199,marketplace,0
u_031439,2026-06-27,active,199,promo,0
u_031451,2026-04-29,active,199,marketplace,1
u_031457,2026-06-26,active,199,marketplace,0
u_031462,2026-05-21,active,199,marketplace,0
u_031465,2026-03-23,active,199,bank_card,0
u_031479,2024-09-01,active,199,marketplace,0
u_031481,2026-05-01,active,199,marketplace,0
u_031483,2026-03-24,active,199,bank_card,1
u_031486,2025-06-14,active,199,bank_card,0
u_031488,2026-05-07,cancelled,199,bank_card,1
u_031489,2026-03-17,active,199,experiment_prompt,0
u_031499,2026-02-11,active,199,marketplace,0
u_031504,2026-04-19,active,199,marketplace,0
u_031505,2026-04-15,active,199,experiment_prompt,0
u_031513,2026-04-15,active,199,marketplace,0
u_031519,2025-12-04,active,199,experiment_prompt,0
u_031522,2026-05-29,active,199,marketplace,0
u_031536,2026-06-21,active,199,experiment_prompt,1
u_031540,2026-03-31,active,199,experiment_prompt,0
u_031546,2025-06-30,active,199,promo,0
u_031549,2026-06-27,active,199,promo,0
u_031562,2026-06-24,active,199,promo,0
u_031564,2026-06-27,active,199,marketplace,0
u_031566,2026-04-24,active,199,marketplace,0
u_031568,2026-05-24,active,199,bank_card,0
u_031572,2026-07-30,active,199,marketplace,0
u_031584,2026-06-14,active,199,marketplace,0
u_031587,2025-10-07,active,199,experiment_prompt,0
u_031590,2026-05-30,active,199,marketplace,0
u_031600,2026-06-01,active,199,experiment_prompt,0
u_031604,2026-05-27,active,199,marketplace,0
u_031608,2026-02-05,active,199,bank_card,0
u_031610,2026-06-22,active,199,marketplace,0
u_031629,2026-04-28,active,199,bank_card,0
u_031631,2026-07-30,cancelled,199,marketplace,1
u_031633,2026-05-02,active,199,experiment_prompt,0
u_031644,2026-06-14,active,199,bank_card,0
u_031652,2026-04-04,cancelled,199,experiment_prompt,1
u_031662,2026-07-30,active,199,marketplace,0
u_031667,2026-07-24,active,199,marketplace,1
u_031683,2026-05-08,active,199,promo,0
u_031684,2026-06-17,active,199,experiment_prompt,1
u_031686,2026-04-28,active,199,marketplace,0
u_031687,2026-06-20,active,199,marketplace,1
u_031691,2026-05-16,active,199,marketplace,0
u_031695,2026-03-18,active,199,bank_card,1
u_031696,2026-05-22,active,199,marketplace,0
u_031712,2026-02-27,active,199,experiment_prompt,0
u_031713,2026-05-22,cancelled,199,marketplace,0
u_031719,2025-09-17,active,199,marketplace,0
u_031732,2026-04-23,cancelled,199,marketplace,0
u_031734,2026-07-01,active,199,marketplace,0
u_031736,2026-04-02,active,199,marketplace,0
u_031742,2026-06-18,cancelled,199,marketplace,0
u_031743,2026-01-06,active,199,bank_card,1
u_031746,2026-02-22,active,199,marketplace,0
u_031749,2026-02-28,active,199,marketplace,0
u_031752,2026-07-25,active,199,promo,1
u_031763,2026-07-29,active,199,marketplace,0
u_031769,2026-06-04,active,199,bank_card,0
u_031770,2026-06-19,active,199,partner,0
u_031771,2026-01-26,active,199,marketplace,0
u_031774,2026-03-28,active,199,marketplace,0
u_031776,2026-03-24,active,199,partner,0
u_031778,2025-12-07,active,199,marketplace,0
u_031799,2026-06-06,active,199,marketplace,0
u_031809,2026-05-17,active,199,promo,1
u_031822,2026-03-27,active,199,marketplace,0
u_031831,2026-04-23,active,199,marketplace,0
u_031835,2026-06-27,active,199,bank_card,0
u_031841,2025-11-15,active,199,experiment_prompt,0
u_031854,2026-03-06,active,199,marketplace,0
u_031857,2026-06-04,cancelled,199,promo,0
u_031862,2026-05-02,active,199,bank_card,0
u_031869,2026-05-27,cancelled,199,bank_card,0
u_031877,2026-07-12,active,199,bank_card,1
u_031878,2026-07-21,active,199,marketplace,0
u_031885,2026-04-24,active,199,experiment_prompt,1
u_031889,2026-04-07,active,199,marketplace,0
u_031893,2026-02-25,active,199,marketplace,0
u_031894,2026-03-08,active,199,experiment_prompt,0
u_031904,2026-06-26,active,199,marketplace,0
u_031909,2025-11-07,active,199,bank_card,0
u_031910,2026-05-12,active,199,bank_card,0
u_031917,2025-12-12,active,199,marketplace,0
u_031923,2026-04-22,active,199,promo,0
u_031925,2026-06-22,cancelled,199,experiment_prompt,0
u_031931,2026-03-09,active,199,marketplace,0
u_031935,2026-04-13,active,199,marketplace,0
u_031944,2026-07-17,active,199,marketplace,1
u_031951,2026-06-29,active,199,marketplace,0
u_031956,2025-06-20,active,199,bank_card,0
u_031971,2026-04-19,active,199,promo,1
u_031988,2026-05-26,active,199,marketplace,0
u_031991,2025-10-07,active,199,promo,0
u_032003,2025-07-01,active,199,bank_card,0
u_032007,2026-06-05,active,199,marketplace,0
u_032013,2026-06-10,active,199,promo,0
u_032014,2026-07-02,cancelled,199,marketplace,1
u_032020,2026-07-17,active,199,marketplace,1
u_032021,2025-11-16,cancelled,199,marketplace,0
u_032026,2025-04-02,cancelled,199,marketplace,0
u_032028,2025-04-26,active,199,marketplace,0
u_032038,2026-06-11,active,199,marketplace,0
u_032044,2025-12-27,active,199,marketplace,0
u_032045,2025-02-09,active,199,experiment_prompt,0
u_032050,2026-07-21,active,199,bank_card,0
u_032056,2026-02-22,active,199,promo,0
u_032057,2026-07-22,active,199,marketplace,0
u_032059,2025-12-24,active,199,marketplace,0
u_032063,2026-03-09,active,199,marketplace,0
u_032065,2026-01-10,active,199,promo,0
u_032066,2026-05-29,active,199,marketplace,1
u_032070,2026-05-03,active,199,marketplace,1
u_032077,2026-02-15,active,199,bank_card,0
u_032078,2026-03-02,active,199,marketplace,0
u_032079,2026-05-20,active,199,marketplace,0
u_032081,2025-06-14,active,199,bank_card,0
u_032083,2026-01-07,active,199,marketplace,0
u_032086,2026-03-19,active,199,bank_card,0
u_032088,2026-06-26,active,199,bank_card,0
u_032092,2026-05-08,active,199,partner,0
u_032096,2025-06-04,active,199,promo,0
u_032101,2026-03-16,active,199,experiment_prompt,0
u_032102,2025-07-17,active,199,experiment_prompt,0
u_032109,2025-09-25,active,199,marketplace,0
u_032112,2026-07-25,active,199,marketplace,1
u_032124,2026-03-14,active,199,bank_card,1
u_032134,2026-05-05,active,199,experiment_prompt,0
u_032138,2026-01-08,active,199,experiment_prompt,0
u_032139,2026-06-04,active,199,bank_card,1
u_032149,2026-06-07,active,199,partner,0
u_032155,2025-08-21,active,199,marketplace,0
u_032159,2026-04-10,active,199,marketplace,1
u_032180,2026-02-14,active,199,marketplace,0
u_032186,2026-03-01,active,199,experiment_prompt,0
u_032202,2026-04-30,active,199,marketplace,0
u_032205,2026-04-18,active,199,bank_card,0
u_032208,2026-07-11,active,199,marketplace,1
u_032211,2026-04-08,active,199,bank_card,0
u_032216,2026-02-21,active,199,experiment_prompt,0
u_032225,2026-05-28,active,199,marketplace,0
u_032226,2026-01-22,active,199,marketplace,0
u_032229,2026-02-06,active,199,marketplace,0
u_032235,2025-02-10,active,199,promo,0
u_032252,2026-02-07,active,199,experiment_prompt,0
u_032256,2025-03-25,active,199,marketplace,0
u_032259,2026-02-09,active,199,marketplace,0
u_032261,2026-03-19,active,199,marketplace,0
u_032268,2025-11-23,active,199,bank_card,1
u_032270,2026-05-24,active,199,bank_card,0
u_032273,2025-12-19,active,199,marketplace,0
u_032284,2026-05-25,active,199,marketplace,0
u_032314,2026-06-11,active,199,experiment_prompt,1
u_032316,2026-04-20,active,199,promo,0
u_032326,2026-05-17,active,199,marketplace,0
u_032327,2025-12-05,active,199,experiment_prompt,0
u_032335,2025-10-03,active,199,bank_card,0
u_032342,2026-03-12,active,199,promo,0
u_032344,2026-05-22,active,199,bank_card,0
u_032345,2026-05-27,active,199,marketplace,0
u_032350,2026-04-09,active,199,marketplace,0
u_032352,2026-02-18,active,199,marketplace,0
u_032354,2025-08-14,active,199,marketplace,0
u_032355,2026-03-13,active,199,experiment_prompt,0
u_032356,2026-06-04,active,199,promo,0
u_032358,2026-04-30,active,199,experiment_prompt,0
u_032372,2025-11-27,active,199,bank_card,0
u_032374,2026-05-24,active,199,marketplace,0
u_032377,2026-04-17,active,199,bank_card,0
u_032380,2026-03-30,active,199,promo,0
u_032388,2026-05-15,active,199,experiment_prompt,1
u_032396,2026-06-08,active,199,marketplace,1
u_032399,2026-05-31,active,199,experiment_prompt,0
u_032403,2026-04-26,active,199,marketplace,1
u_032405,2025-10-12,active,199,bank_card,0
u_032406,2026-06-17,active,199,marketplace,0
u_032412,2026-03-13,active,199,marketplace,0
u_032419,2026-05-14,active,199,marketplace,0
u_032422,2026-05-27,active,199,promo,0
u_032429,2026-02-05,active,199,marketplace,0
u_032437,2026-02-20,active,199,promo,0
u_032442,2025-10-11,active,199,marketplace,1
u_032447,2025-11-05,active,199,experiment_prompt,0
u_032448,2025-12-20,active,199,marketplace,0
u_032450,2026-05-30,active,199,promo,1
u_032456,2026-06-30,active,199,marketplace,0
u_032467,2026-06-24,active,199,promo,0
u_032478,2026-06-25,cancelled,199,partner,0
u_032483,2026-03-31,active,199,marketplace,1
u_032485,2026-05-20,active,199,bank_card,1
u_032487,2026-05-07,active,199,marketplace,0
u_032490,2026-05-21,active,199,marketplace,0
u_032499,2025-10-27,active,199,marketplace,0
u_032506,2026-05-19,active,199,marketplace,1
u_032511,2026-04-05,active,199,bank_card,0
u_032512,2026-07-18,active,199,bank_card,1
u_032518,2025-12-25,active,199,marketplace,0
u_032521,2025-12-01,cancelled,199,experiment_prompt,0
u_032524,2026-02-14,active,199,experiment_prompt,0
u_032526,2026-06-21,active,199,marketplace,0
u_032529,2026-05-29,active,199,bank_card,0
u_032533,2026-05-02,active,199,bank_card,0
u_032534,2025-09-18,active,199,experiment_prompt,0
u_032540,2026-02-25,active,199,marketplace,0
u_032542,2026-06-06,active,199,bank_card,0
u_032551,2026-02-27,active,199,marketplace,1
u_032554,2025-11-02,active,199,bank_card,0
u_032558,2026-05-25,active,199,promo,1
u_032562,2026-07-12,active,199,promo,1
u_032565,2025-11-09,active,199,marketplace,0
u_032573,2026-02-13,active,199,experiment_prompt,0
u_032604,2026-05-22,active,199,bank_card,0
u_032605,2026-03-17,cancelled,199,promo,1
u_032616,2026-06-27,cancelled,199,marketplace,0
u_032617,2025-06-09,active,199,promo,1
u_032619,2026-05-02,active,199,experiment_prompt,0
u_032620,2026-05-24,active,199,marketplace,0
u_032626,2026-01-13,active,199,experiment_prompt,0
u_032631,2026-06-09,active,199,experiment_prompt,1
u_032648,2026-03-23,active,199,bank_card,0
u_032651,2026-04-17,active,199,bank_card,1
u_032653,2026-05-26,active,199,marketplace,0
u_032663,2026-05-09,active,199,marketplace,0
u_032664,2026-04-03,active,199,promo,0
u_032671,2026-05-31,active,199,bank_card,0
u_032676,2026-02-08,active,199,promo,0
u_032678,2025-12-30,active,199,marketplace,0
u_032680,2026-03-26,cancelled,199,bank_card,0
u_032693,2025-03-19,active,199,marketplace,0
u_032698,2026-04-26,active,199,marketplace,0
u_032701,2026-05-26,active,199,partner,0
u_032702,2026-03-04,active,199,experiment_prompt,0
u_032712,2026-05-15,active,199,bank_card,1
u_032724,2026-03-21,active,199,marketplace,0
u_032729,2025-06-22,active,199,marketplace,0
u_032741,2026-06-12,active,199,promo,0
u_032743,2026-07-09,active,199,bank_card,1
u_032745,2026-05-23,active,199,marketplace,0
u_032752,2026-06-13,active,199,experiment_prompt,0
u_032758,2026-01-05,active,199,marketplace,0
u_032764,2026-06-24,active,199,experiment_prompt,0
u_032767,2026-06-11,active,199,promo,0
u_032776,2026-07-14,cancelled,199,bank_card,0
u_032782,2026-05-18,active,199,marketplace,0
u_032786,2026-07-23,cancelled,199,marketplace,0
u_032793,2026-05-12,active,199,partner,0
u_032804,2026-02-15,active,199,experiment_prompt,1
u_032814,2026-07-01,cancelled,199,marketplace,1
u_032821,2024-09-09,active,199,experiment_prompt,0
u_032822,2025-11-13,active,199,marketplace,0
u_032826,2026-05-17,active,199,bank_card,1
u_032827,2026-07-16,active,199,promo,1
u_032831,2026-06-05,active,199,experiment_prompt,0
u_032832,2026-05-16,active,199,experiment_prompt,0
u_032838,2026-05-14,active,199,experiment_prompt,0
u_032839,2026-03-15,active,199,marketplace,1
u_032841,2026-04-24,active,199,marketplace,1
u_032843,2025-09-14,active,199,experiment_prompt,0
u_032850,2025-11-04,active,199,bank_card,0
u_032852,2026-06-27,active,199,marketplace,1
u_032855,2026-06-14,active,199,experiment_prompt,0
u_032858,2026-06-14,active,199,experiment_prompt,0
u_032859,2026-02-22,active,199,marketplace,1
u_032862,2026-07-30,active,199,marketplace,0
u_032863,2026-02-20,active,199,marketplace,0
u_032865,2026-06-21,active,199,experiment_prompt,0
u_032871,2026-03-20,active,199,bank_card,1
u_032874,2026-05-30,active,199,partner,0
u_032876,2026-06-22,active,199,marketplace,0
u_032899,2026-04-08,active,199,marketplace,1
u_032905,2026-04-08,active,199,experiment_prompt,1
u_032911,2026-06-03,active,199,bank_card,0
u_032917,2026-04-24,active,199,experiment_prompt,0
u_032918,2026-02-10,active,199,bank_card,0
u_032922,2026-06-29,active,199,marketplace,0
u_032933,2026-06-17,active,199,experiment_prompt,0
u_032941,2026-06-22,active,199,partner,0
u_032950,2026-02-22,active,199,marketplace,0
u_032954,2026-05-26,active,199,bank_card,0
u_032955,2026-06-11,cancelled,199,marketplace,0
u_032962,2026-06-25,active,199,bank_card,0
u_032963,2026-05-21,active,199,partner,0
u_032965,2026-07-05,active,199,partner,1
u_032967,2026-04-06,active,199,bank_card,0
u_032972,2026-03-12,active,199,bank_card,0
u_032990,2026-04-17,active,199,experiment_prompt,0
u_032992,2026-05-10,active,199,marketplace,1
u_033000,2026-07-04,active,199,marketplace,1
u_033007,2025-02-24,active,199,bank_card,0
u_033008,2026-04-08,active,199,bank_card,1
u_033014,2026-04-23,active,199,experiment_prompt,0
u_033015,2026-04-18,active,199,bank_card,1
u_033019,2026-04-24,active,199,marketplace,0
u_033022,2026-05-23,active,199,bank_card,1
u_033026,2026-06-09,active,199,experiment_prompt,0
u_033027,2025-11-16,active,199,experiment_prompt,0
u_033033,2026-03-05,cancelled,199,partner,0
u_033041,2026-05-26,active,199,marketplace,1
u_033046,2026-07-22,active,199,marketplace,1
u_033052,2026-06-18,active,199,marketplace,0
u_033053,2026-05-20,active,199,promo,1
u_033059,2026-01-24,active,199,bank_card,0
u_033061,2026-03-05,active,199,bank_card,0
u_033066,2026-01-25,active,199,marketplace,1
u_033077,2026-01-29,active,199,experiment_prompt,0
u_033107,2026-05-10,cancelled,199,marketplace,1
u_033110,2025-10-18,active,199,promo,0
u_033114,2026-06-17,active,199,marketplace,0
u_033115,2025-05-14,active,199,promo,0
u_033122,2026-07-25,active,199,marketplace,0
u_033124,2026-03-25,active,199,marketplace,0
u_033130,2025-04-28,active,199,experiment_prompt,1
u_033132,2026-01-19,active,199,bank_card,0
u_033133,2025-07-22,active,199,bank_card,0
u_033135,2026-06-21,active,199,bank_card,1
u_033142,2026-05-22,active,199,marketplace,0
u_033146,2026-06-26,active,199,bank_card,0
u_033154,2026-06-21,active,199,experiment_prompt,0
u_033155,2026-06-18,active,199,marketplace,0
u_033161,2026-05-09,active,199,marketplace,0
u_033163,2026-03-03,active,199,marketplace,0
u_033170,2026-05-22,active,199,marketplace,0
u_033172,2025-12-03,active,199,marketplace,0
u_033180,2026-07-12,active,199,bank_card,0
u_033193,2026-07-13,active,199,experiment_prompt,1
u_033195,2026-04-01,active,199,experiment_prompt,1
u_033197,2026-04-27,active,199,marketplace,0
u_033214,2026-04-01,active,199,bank_card,1
u_033216,2026-03-09,active,199,marketplace,0
u_033217,2026-02-04,cancelled,199,marketplace,1
u_033221,2026-05-22,active,199,promo,0
u_033235,2025-11-30,active,199,experiment_prompt,0
u_033236,2025-07-30,active,199,experiment_prompt,0
u_033238,2026-07-03,active,199,bank_card,1
u_033239,2026-04-27,active,199,marketplace,0
u_033255,2026-04-20,active,199,bank_card,1
u_033258,2026-04-08,active,199,promo,0
u_033266,2026-03-25,active,199,marketplace,0
u_033271,2026-01-23,active,199,bank_card,0
u_033282,2025-10-02,active,199,marketplace,0
u_033283,2026-04-28,active,199,bank_card,0
u_033284,2026-04-02,active,199,experiment_prompt,0
u_033291,2026-03-23,active,199,experiment_prompt,0
u_033300,2026-04-18,active,199,experiment_prompt,1
u_033302,2026-04-09,active,199,promo,0
u_033303,2026-05-27,active,199,bank_card,0
u_033305,2026-04-04,cancelled,199,promo,0
u_033309,2026-05-07,active,199,promo,1
u_033317,2026-03-06,active,199,marketplace,0
u_033330,2025-12-27,active,199,promo,0
u_033332,2025-09-02,active,199,marketplace,0
u_033339,2026-04-04,active,199,marketplace,0
u_033340,2026-07-06,active,199,promo,1
u_033342,2026-04-08,active,199,marketplace,0
u_033348,2026-02-15,cancelled,199,experiment_prompt,0
u_033353,2026-01-22,active,199,bank_card,0
u_033354,2026-07-27,cancelled,199,bank_card,0
u_033362,2026-03-17,active,199,bank_card,0
u_033366,2025-12-21,active,199,experiment_prompt,0
u_033369,2026-05-02,active,199,bank_card,0
u_033373,2025-10-24,active,199,experiment_prompt,0
u_033378,2026-07-28,active,199,marketplace,1
u_033383,2026-07-19,active,199,marketplace,0
u_033386,2026-05-01,active,199,bank_card,1
u_033388,2026-05-23,active,199,marketplace,0
u_033389,2026-03-02,active,199,experiment_prompt,0
u_033392,2026-06-25,active,199,experiment_prompt,0
u_033395,2026-07-11,active,199,bank_card,1
u_033400,2026-05-30,active,199,marketplace,0
u_033405,2026-03-09,active,199,bank_card,0
u_033409,2026-05-29,active,199,marketplace,0
u_033418,2025-12-23,active,199,bank_card,0
u_033426,2026-05-08,active,199,partner,0
u_033438,2026-07-26,active,199,marketplace,1
u_033441,2026-03-21,active,199,bank_card,1
u_033443,2026-03-06,active,199,marketplace,0
u_033446,2026-05-31,active,199,bank_card,0
u_033449,2026-07-05,active,199,marketplace,1
u_033459,2026-03-22,active,199,marketplace,0
u_033467,2026-06-22,active,199,marketplace,0
u_033472,2026-06-14,active,199,bank_card,0
u_033478,2026-05-29,active,199,promo,0
u_033481,2025-10-21,active,199,marketplace,0
u_033482,2025-11-08,active,199,marketplace,0
u_033491,2025-10-11,active,199,marketplace,0
u_033500,2026-01-16,active,199,marketplace,0
u_033513,2025-09-28,active,199,marketplace,0
u_033515,2025-04-23,active,199,marketplace,0
u_033520,2026-05-29,active,199,marketplace,1
u_033521,2026-06-10,active,199,experiment_prompt,0
u_033523,2026-01-13,active,199,experiment_prompt,1
u_033524,2026-01-08,active,199,partner,0
u_033527,2026-04-15,active,199,marketplace,0
u_033528,2026-03-02,active,199,bank_card,1
u_033536,2025-07-23,active,199,marketplace,0
u_033541,2026-04-04,active,199,marketplace,0
u_033551,2026-04-28,active,199,marketplace,0
u_033553,2026-06-30,active,199,marketplace,0
u_033558,2024-12-22,cancelled,199,bank_card,0
u_033559,2026-05-12,active,199,experiment_prompt,0
u_033564,2026-05-30,active,199,partner,0
u_033567,2024-04-20,active,199,marketplace,0
u_033569,2025-12-10,active,199,marketplace,1
u_033570,2026-03-26,cancelled,199,promo,0
u_033572,2026-03-30,active,199,experiment_prompt,0
u_033579,2026-01-22,active,199,experiment_prompt,0
u_033600,2026-02-12,active,199,promo,0
u_033610,2026-06-11,active,199,marketplace,0
u_033616,2026-06-14,active,199,bank_card,0
u_033620,2025-08-03,active,199,marketplace,0
u_033623,2026-04-08,active,199,marketplace,1
u_033626,2026-06-13,cancelled,199,marketplace,0
u_033628,2025-11-11,active,199,partner,0
u_033633,2026-06-22,active,199,marketplace,0
u_033634,2026-01-17,active,199,experiment_prompt,0
u_033637,2026-01-22,active,199,bank_card,0
u_033661,2025-12-30,active,199,promo,1
u_033662,2026-04-04,active,199,experiment_prompt,1
u_033667,2025-04-01,active,199,bank_card,1
u_033668,2025-05-13,active,199,marketplace,0
u_033670,2026-04-24,active,199,marketplace,0
u_033676,2026-07-28,active,199,experiment_prompt,1
u_033681,2026-03-01,active,199,bank_card,0
u_033698,2026-05-18,active,199,marketplace,1
u_033702,2026-06-21,active,199,bank_card,0
u_033714,2026-07-01,active,199,bank_card,0
u_033735,2026-04-09,active,199,bank_card,1
u_033740,2026-03-29,active,199,bank_card,0
u_033741,2026-07-26,active,199,experiment_prompt,0
u_033747,2026-01-06,active,199,marketplace,0
u_033762,2026-07-06,active,199,marketplace,1
u_033765,2026-06-15,active,199,promo,0
u_033768,2025-11-08,active,199,bank_card,0
u_033783,2026-05-17,active,199,marketplace,1
u_033785,2026-05-18,active,199,marketplace,1
u_033788,2026-03-22,active,199,experiment_prompt,0
u_033802,2026-06-30,cancelled,199,experiment_prompt,0
u_033816,2025-05-26,active,199,experiment_prompt,1
u_033817,2026-05-13,active,199,marketplace,0
u_033821,2026-07-24,cancelled,199,bank_card,0
u_033823,2025-11-30,cancelled,199,bank_card,0
u_033842,2026-06-16,active,199,partner,0
u_033845,2026-04-01,active,199,marketplace,0
u_033848,2026-04-21,active,199,bank_card,0
u_033852,2026-06-17,active,199,bank_card,0
u_033857,2026-03-15,active,199,marketplace,1
u_033862,2026-07-29,active,199,experiment_prompt,1
u_033865,2025-09-06,active,199,marketplace,0
u_033867,2026-07-30,active,199,marketplace,1
u_033883,2026-06-02,active,199,partner,0
u_033889,2026-07-19,cancelled,199,marketplace,1
u_033891,2026-05-05,active,199,marketplace,0
u_033896,2025-10-30,active,199,experiment_prompt,0
u_033911,2026-05-18,active,199,bank_card,0
u_033912,2026-02-01,active,199,marketplace,0
u_033915,2026-05-14,active,199,promo,0
u_033916,2026-07-14,active,199,bank_card,0
u_033920,2026-06-01,active,199,marketplace,1
u_033925,2026-06-29,active,199,partner,1
u_033931,2025-10-05,active,199,marketplace,0
u_033934,2026-06-30,active,199,marketplace,0
u_033935,2026-03-16,active,199,promo,0
u_033946,2026-05-09,active,199,marketplace,0
u_033951,2026-05-22,active,199,partner,1
u_033954,2026-02-01,active,199,experiment_prompt,0
u_033958,2026-01-26,active,199,bank_card,0
u_033959,2026-01-03,active,199,marketplace,0
u_033963,2026-05-19,active,199,marketplace,0
u_033965,2026-05-09,active,199,marketplace,0
u_033980,2026-05-30,active,199,promo,0
u_033985,2025-05-16,active,199,bank_card,0
u_033989,2025-08-23,active,199,experiment_prompt,0
u_033991,2026-06-24,active,199,bank_card,0
u_033992,2026-04-23,active,199,marketplace,0
u_034008,2026-01-31,active,199,bank_card,1
u_034012,2026-07-04,active,199,marketplace,0
u_034018,2026-04-11,active,199,experiment_prompt,1
u_034030,2026-01-13,active,199,promo,0
u_034031,2026-06-28,active,199,partner,0
u_034034,2026-04-08,active,199,partner,0
u_034039,2026-07-27,active,199,marketplace,0
u_034051,2026-04-17,active,199,partner,0
u_034052,2026-07-21,active,199,bank_card,1
u_034056,2026-02-26,active,199,marketplace,0
u_034059,2026-05-16,active,199,marketplace,0
u_034062,2026-03-30,active,199,marketplace,1
u_034066,2026-06-24,active,199,promo,0
u_034068,2026-02-21,active,199,experiment_prompt,0
u_034070,2026-05-01,active,199,bank_card,1
u_034091,2026-04-23,active,199,marketplace,0
u_034097,2026-03-23,cancelled,199,partner,0
u_034101,2026-03-14,active,199,bank_card,0
u_034103,2026-06-13,active,199,marketplace,0
u_034115,2026-05-01,active,199,marketplace,0
u_034116,2026-06-25,active,199,marketplace,0
u_034121,2026-05-12,active,199,bank_card,1
u_034125,2026-03-14,active,199,bank_card,0
u_034126,2025-12-13,active,199,marketplace,1
u_034133,2026-06-28,active,199,partner,0
u_034145,2025-06-25,cancelled,199,marketplace,0
u_034146,2025-08-16,active,199,bank_card,0
u_034166,2026-06-15,active,199,experiment_prompt,0
u_034175,2026-06-19,active,199,partner,0
u_034182,2026-06-11,active,199,partner,0
u_034198,2025-11-15,active,199,marketplace,0
u_034200,2025-09-30,active,199,experiment_prompt,0
u_034216,2026-05-29,active,199,marketplace,0
u_034238,2025-08-01,active,199,marketplace,0
u_034241,2026-04-18,active,199,marketplace,0
u_034242,2026-03-01,active,199,marketplace,0
u_034255,2025-04-10,active,199,experiment_prompt,0
u_034256,2026-05-24,active,199,experiment_prompt,0
u_034262,2026-07-21,active,199,bank_card,1
u_034269,2026-05-28,active,199,marketplace,0
u_034271,2026-05-31,active,199,marketplace,0
u_034274,2026-06-30,active,199,marketplace,0
u_034275,2026-04-03,active,199,marketplace,0
u_034276,2026-03-31,cancelled,199,marketplace,0
u_034283,2026-05-19,active,199,marketplace,1
u_034288,2026-04-27,active,199,experiment_prompt,0
u_034289,2025-11-29,active,199,marketplace,0
u_034299,2026-03-25,active,199,marketplace,0
u_034300,2026-04-25,active,199,marketplace,0
u_034304,2026-06-24,active,199,bank_card,0
u_034308,2025-10-15,active,199,experiment_prompt,0
u_034319,2026-04-05,active,199,marketplace,1
u_034326,2025-11-15,active,199,bank_card,1
u_034335,2026-06-16,active,199,promo,1
u_034343,2026-05-03,active,199,experiment_prompt,0
u_034351,2026-04-18,active,199,marketplace,0
u_034370,2026-06-01,active,199,marketplace,0
u_034382,2026-03-24,active,199,bank_card,1
u_034383,2026-06-22,active,199,experiment_prompt,1
u_034385,2026-04-25,active,199,marketplace,0
u_034387,2026-05-06,active,199,marketplace,1
u_034400,2026-06-25,active,199,promo,0
u_034419,2026-04-08,active,199,bank_card,0
u_034422,2026-01-21,active,199,experiment_prompt,1
u_034429,2026-06-03,active,199,promo,0
u_034438,2026-05-22,active,199,promo,1
u_034455,2026-05-02,cancelled,199,experiment_prompt,0
u_034457,2026-07-02,active,199,marketplace,0
u_034460,2025-07-02,active,199,bank_card,0
u_034466,2026-04-27,active,199,experiment_prompt,0
u_034489,2026-05-04,active,199,marketplace,0
u_034491,2025-12-27,active,199,experiment_prompt,0
u_034492,2026-05-25,active,199,marketplace,0
u_034499,2026-07-16,active,199,promo,1
u_034502,2026-06-25,active,199,marketplace,0
u_034509,2026-06-14,active,199,marketplace,0
u_034511,2026-05-06,active,199,experiment_prompt,0
u_034515,2026-02-15,active,199,marketplace,0
u_034516,2026-07-05,cancelled,199,bank_card,0
u_034522,2026-06-02,active,199,marketplace,0
u_034538,2026-06-01,active,199,marketplace,1
u_034558,2026-02-07,active,199,marketplace,0
u_034577,2026-06-16,active,199,marketplace,0
u_034586,2025-09-27,active,199,marketplace,0
u_034589,2026-07-18,active,199,marketplace,1
u_034599,2026-06-08,active,199,partner,0
u_034602,2025-10-05,active,199,bank_card,0
u_034606,2026-06-08,active,199,experiment_prompt,0
u_034609,2025-11-01,active,199,experiment_prompt,0
u_034612,2026-04-14,active,199,bank_card,0
u_034618,2025-10-30,active,199,marketplace,0
u_034620,2026-05-10,active,199,experiment_prompt,0
u_034625,2025-09-10,active,199,promo,0
u_034626,2026-05-20,active,199,experiment_prompt,1
u_034629,2026-05-24,cancelled,199,marketplace,0
u_034643,2026-03-25,active,199,marketplace,0
u_034644,2026-05-03,active,199,promo,0
u_034647,2026-01-22,active,199,bank_card,0
u_034648,2025-05-21,active,199,experiment_prompt,0
u_034650,2025-04-21,active,199,bank_card,0
u_034655,2026-03-09,active,199,experiment_prompt,0
u_034656,2026-05-19,active,199,promo,0
u_034661,2026-06-01,active,199,bank_card,1
u_034664,2026-06-03,active,199,bank_card,0
u_034681,2026-07-28,active,199,experiment_prompt,1
u_034693,2026-05-05,active,199,bank_card,0
u_034697,2026-07-01,active,199,promo,0
u_034698,2026-06-30,active,199,promo,1
u_034705,2025-08-26,active,199,experiment_prompt,1
u_034711,2026-01-23,cancelled,199,promo,0
u_034712,2026-05-22,active,199,marketplace,0
u_034717,2026-05-15,active,199,experiment_prompt,0
u_034732,2026-03-11,active,199,experiment_prompt,1
u_034735,2026-04-30,active,199,partner,1
u_034756,2026-03-24,active,199,marketplace,1
u_034762,2025-12-23,active,199,bank_card,0
u_034763,2026-06-01,active,199,marketplace,0
u_034774,2026-06-29,active,199,bank_card,0
u_034781,2026-03-10,active,199,promo,0
u_034792,2026-05-22,cancelled,199,promo,0
u_034793,2026-06-14,active,199,promo,0
u_034800,2026-05-29,active,199,experiment_prompt,0
u_034801,2026-03-20,active,199,promo,0
u_034802,2025-08-05,active,199,experiment_prompt,1
u_034803,2026-03-20,active,199,marketplace,0
u_034806,2026-05-31,active,199,bank_card,0
u_034807,2026-05-04,active,199,marketplace,0
u_034811,2025-08-27,active,199,bank_card,0
u_034821,2025-11-01,active,199,promo,1
u_034829,2026-04-18,active,199,marketplace,1
u_034833,2026-05-16,active,199,marketplace,0
u_034842,2026-07-14,active,199,bank_card,1
u_034846,2026-03-17,active,199,marketplace,1
u_034848,2026-04-09,active,199,bank_card,0
u_034858,2026-05-04,active,199,marketplace,0
u_034862,2026-07-10,active,199,marketplace,0
u_034863,2025-11-27,cancelled,199,promo,0
u_034871,2026-01-21,active,199,marketplace,1
u_034876,2025-07-17,active,199,promo,0
u_034878,2025-06-30,active,199,marketplace,1
u_034879,2025-07-28,cancelled,199,marketplace,0
u_034881,2026-04-09,active,199,marketplace,0
u_034886,2024-10-05,active,199,promo,0
u_034889,2025-12-02,active,199,bank_card,0
u_034891,2026-01-25,active,199,bank_card,0
u_034892,2026-01-05,active,199,partner,0
u_034895,2026-06-17,active,199,marketplace,1
u_034898,2026-02-04,active,199,marketplace,1
u_034900,2026-06-24,active,199,marketplace,0
u_034907,2026-06-08,active,199,experiment_prompt,0
u_034913,2026-06-12,active,199,promo,1
u_034915,2026-05-28,active,199,bank_card,1
u_034929,2026-03-17,active,199,marketplace,0
u_034933,2025-11-13,active,199,bank_card,1
u_034944,2026-06-02,active,199,marketplace,0
u_034946,2025-06-11,active,199,marketplace,1
u_034951,2026-07-12,active,199,promo,1
u_034962,2026-03-05,cancelled,199,marketplace,1
u_034963,2026-03-30,active,199,experiment_prompt,0
u_034970,2026-06-04,cancelled,199,partner,0
u_034981,2025-05-11,active,199,promo,1
u_034982,2025-11-19,active,199,experiment_prompt,0
u_035009,2026-01-24,active,199,marketplace,0
u_035010,2026-05-28,active,199,marketplace,0
u_035011,2026-06-12,active,199,marketplace,0
u_035013,2026-07-14,active,199,bank_card,0
u_035016,2026-06-09,active,199,experiment_prompt,0
u_035018,2026-06-29,active,199,marketplace,0
u_035021,2025-08-04,active,199,experiment_prompt,0
u_035023,2025-11-23,active,199,bank_card,0
u_035024,2025-12-17,active,199,promo,0
u_035027,2026-04-05,active,199,marketplace,1
u_035044,2025-03-22,active,199,promo,0
u_035051,2026-02-06,active,199,marketplace,0
u_035054,2026-06-20,active,199,marketplace,0
u_035058,2026-07-13,cancelled,199,experiment_prompt,1
u_035063,2026-03-04,active,199,bank_card,0
u_035064,2026-06-23,active,199,marketplace,0
u_035083,2026-05-17,active,199,marketplace,0
u_035086,2026-05-21,active,199,promo,1
u_035099,2026-07-23,active,199,promo,1
u_035101,2026-04-02,active,199,bank_card,0
u_035108,2025-10-23,active,199,marketplace,0
u_035112,2026-05-03,active,199,marketplace,1
u_035118,2026-04-28,active,199,marketplace,1
u_035124,2026-06-19,active,199,marketplace,0
u_035138,2026-05-20,active,199,marketplace,1
u_035147,2026-06-29,active,199,marketplace,1
u_035149,2026-04-11,active,199,marketplace,0
u_035155,2026-06-30,active,199,experiment_prompt,1
u_035160,2026-06-24,active,199,marketplace,0
u_035164,2024-11-16,active,199,marketplace,0
u_035165,2025-08-24,active,199,partner,1
u_035169,2026-03-06,active,199,marketplace,0
u_035175,2026-07-11,active,199,bank_card,0
u_035176,2026-07-01,active,199,bank_card,0
u_035179,2026-02-20,active,199,marketplace,0
u_035183,2026-05-24,active,199,bank_card,0
u_035189,2026-04-09,active,199,marketplace,0
u_035190,2026-04-24,active,199,partner,0
u_035192,2026-03-10,active,199,promo,0
u_035194,2026-05-26,active,199,marketplace,1
u_035196,2026-04-11,active,199,marketplace,0
u_035198,2026-03-19,active,199,promo,0
u_035199,2025-03-20,active,199,promo,0
u_035204,2026-05-27,active,199,promo,0
u_035218,2026-07-13,active,199,marketplace,1
u_035226,2026-05-14,active,199,bank_card,0
u_035235,2026-03-16,active,199,marketplace,0
u_035240,2026-03-31,active,199,marketplace,0
u_035251,2026-02-05,active,199,bank_card,0
u_035259,2026-06-21,active,199,bank_card,0
u_035271,2026-04-10,active,199,marketplace,0
u_035279,2026-05-10,active,199,partner,0
u_035283,2026-03-22,active,199,bank_card,1
u_035286,2026-07-21,active,199,marketplace,1
u_035288,2026-06-03,active,199,promo,0
u_035293,2025-08-26,active,199,bank_card,0
u_035298,2025-09-02,active,199,marketplace,0
u_035300,2026-06-28,active,199,marketplace,0
u_035304,2026-07-10,active,199,promo,0
u_035311,2026-05-18,active,199,bank_card,0
u_035312,2026-04-01,active,199,promo,0
u_035314,2026-03-04,active,199,bank_card,0
u_035315,2026-04-15,active,199,bank_card,0
u_035321,2026-06-28,active,199,bank_card,0
u_035323,2026-05-11,active,199,experiment_prompt,0
u_035333,2026-01-14,active,199,bank_card,1
u_035334,2025-05-30,active,199,promo,0
u_035341,2026-05-07,active,199,marketplace,0
u_035342,2026-01-13,active,199,experiment_prompt,0
u_035347,2026-05-05,active,199,bank_card,0
u_035348,2026-07-29,active,199,bank_card,1
u_035351,2026-06-10,active,199,marketplace,0
u_035354,2026-05-09,active,199,marketplace,1
u_035363,2026-01-17,active,199,marketplace,0
u_035365,2026-06-03,active,199,marketplace,0
u_035369,2026-06-28,active,199,marketplace,0
u_035374,2026-02-25,active,199,marketplace,1
u_035378,2025-12-03,active,199,marketplace,0
u_035384,2026-04-03,active,199,partner,0
u_035390,2026-05-28,active,199,marketplace,0
u_035396,2026-06-21,active,199,marketplace,0
u_035404,2026-07-21,active,199,marketplace,1
u_035416,2026-05-13,active,199,bank_card,0
u_035420,2025-12-26,active,199,promo,1
u_035438,2026-03-23,active,199,partner,0
u_035440,2026-06-30,active,199,bank_card,0
u_035445,2025-08-06,active,199,marketplace,0
u_035446,2026-02-26,active,199,bank_card,0
u_035449,2026-03-09,active,199,experiment_prompt,0
u_035454,2026-05-10,active,199,marketplace,0
u_035455,2026-06-17,active,199,experiment_prompt,0
u_035457,2026-06-14,cancelled,199,marketplace,0
u_035458,2025-09-09,active,199,marketplace,0
u_035475,2026-06-26,active,199,marketplace,1
u_035479,2026-07-17,active,199,marketplace,0
u_035484,2026-02-17,active,199,promo,0
u_035486,2024-09-21,active,199,marketplace,1
u_035488,2026-05-30,active,199,experiment_prompt,0
u_035489,2026-06-14,active,199,marketplace,0
u_035494,2026-04-08,active,199,bank_card,0
u_035504,2025-11-16,cancelled,199,experiment_prompt,1
u_035507,2025-05-17,active,199,bank_card,0
u_035518,2026-05-05,active,199,marketplace,1
u_035519,2026-02-20,active,199,marketplace,0
u_035524,2026-04-11,active,199,promo,1
u_035528,2026-02-01,active,199,marketplace,1
u_035537,2026-02-03,active,199,marketplace,0
u_035538,2026-05-04,active,199,marketplace,1
u_035557,2026-07-14,active,199,marketplace,0
u_035569,2026-07-05,active,199,bank_card,1
u_035575,2026-06-30,active,199,marketplace,0
u_035576,2025-11-25,active,199,marketplace,0
u_035590,2025-05-22,active,199,bank_card,0
u_035596,2026-05-29,active,199,marketplace,0
u_035603,2026-03-17,active,199,marketplace,0
u_035608,2026-05-03,active,199,experiment_prompt,0
u_035614,2025-12-05,active,199,marketplace,0
u_035620,2025-10-20,active,199,bank_card,0
u_035621,2026-06-13,active,199,promo,0
u_035622,2026-01-10,active,199,experiment_prompt,0
u_035624,2026-06-29,active,199,experiment_prompt,0
u_035627,2026-06-13,active,199,promo,1
u_035635,2026-07-01,active,199,bank_card,0
u_035637,2025-08-22,active,199,marketplace,0
u_035640,2025-10-26,active,199,partner,0
u_035641,2026-05-05,active,199,partner,1
u_035646,2026-04-01,active,199,experiment_prompt,0
u_035649,2026-07-15,active,199,marketplace,0
u_035664,2026-06-01,active,199,marketplace,0
u_035669,2026-06-19,active,199,bank_card,0
u_035672,2025-10-02,active,199,bank_card,0
u_035684,2026-05-13,active,199,marketplace,0
u_035708,2026-05-18,active,199,marketplace,0
u_035713,2026-02-18,active,199,bank_card,1
u_035716,2025-11-16,active,199,bank_card,1
u_035717,2025-12-26,active,199,marketplace,0
u_035735,2026-05-13,active,199,marketplace,0
u_035739,2026-06-29,active,199,marketplace,0
u_035754,2026-05-08,active,199,marketplace,1
u_035755,2026-01-07,active,199,marketplace,0
u_035757,2026-05-25,active,199,experiment_prompt,0
u_035766,2026-06-07,active,199,marketplace,0
u_035768,2026-06-07,active,199,bank_card,1
u_035777,2025-12-25,active,199,marketplace,1
u_035779,2026-05-16,active,199,marketplace,0
u_035788,2026-06-28,active,199,experiment_prompt,0
u_035792,2026-03-23,active,199,marketplace,0
u_035796,2026-07-30,active,199,promo,1
u_035797,2025-10-27,active,199,bank_card,0
u_035800,2025-11-20,active,199,marketplace,0
u_035802,2025-07-30,active,199,marketplace,0
u_035811,2026-06-24,active,199,marketplace,0
u_035816,2026-03-11,active,199,bank_card,0
u_035819,2026-02-27,active,199,experiment_prompt,0
u_035826,2026-07-18,active,199,bank_card,1
u_035830,2026-01-03,active,199,bank_card,0
u_035834,2025-01-09,active,199,marketplace,1
u_035835,2026-02-24,cancelled,199,partner,0
u_035848,2026-03-22,active,199,bank_card,0
u_035852,2026-01-11,active,199,marketplace,0
u_035854,2025-07-05,cancelled,199,bank_card,1
u_035861,2026-07-09,cancelled,199,marketplace,0
u_035862,2026-05-07,cancelled,199,marketplace,0
u_035868,2026-03-20,active,199,marketplace,0
u_035874,2026-07-15,cancelled,199,bank_card,1
u_035877,2025-12-31,active,199,promo,0
u_035878,2026-02-25,active,199,experiment_prompt,0
u_035887,2026-03-13,active,199,promo,0
u_035894,2026-06-05,active,199,marketplace,0
u_035901,2026-06-29,active,199,marketplace,0
u_035920,2026-01-07,active,199,experiment_prompt,0
u_035922,2026-04-27,active,199,marketplace,0
u_035937,2026-04-20,cancelled,199,bank_card,0
u_035952,2025-05-02,active,199,marketplace,0
u_035955,2026-03-08,active,199,marketplace,0
u_035960,2026-05-27,active,199,bank_card,0
u_035964,2026-07-30,active,199,experiment_prompt,1
u_035972,2026-04-20,active,199,experiment_prompt,0
u_035985,2025-12-12,active,199,bank_card,0
u_035992,2026-04-29,active,199,marketplace,0
u_035993,2026-07-01,active,199,bank_card,0
u_035994,2025-12-18,active,199,experiment_prompt,0
u_036002,2026-04-27,active,199,bank_card,0
u_036012,2026-05-01,active,199,experiment_prompt,0
u_036014,2026-02-22,active,199,marketplace,0
u_036022,2025-09-03,active,199,bank_card,0
u_036026,2026-05-02,active,199,marketplace,0
u_036027,2024-12-17,active,199,marketplace,0
u_036028,2026-06-05,active,199,marketplace,1
u_036030,2026-07-05,active,199,marketplace,1
u_036031,2026-07-08,active,199,promo,1
u_036033,2026-04-24,active,199,bank_card,0
u_036047,2025-10-13,active,199,marketplace,0
u_036049,2026-06-12,active,199,bank_card,0
u_036051,2025-08-27,active,199,bank_card,0
u_036054,2026-03-20,active,199,marketplace,0
u_036079,2026-05-23,active,199,partner,0
u_036087,2025-11-19,active,199,bank_card,0
u_036095,2026-03-01,active,199,marketplace,0
u_036097,2026-01-25,active,199,bank_card,0
u_036102,2026-03-15,active,199,experiment_prompt,0
u_036110,2026-04-29,active,199,bank_card,0
u_036111,2025-12-14,active,199,bank_card,0
u_036116,2026-04-23,cancelled,199,experiment_prompt,0
u_036122,2025-09-10,active,199,partner,0
u_036125,2026-01-23,active,199,marketplace,0
u_036139,2026-07-27,active,199,bank_card,1
u_036140,2026-07-23,active,199,experiment_prompt,1
u_036141,2025-07-08,active,199,bank_card,0
u_036146,2026-02-18,active,199,marketplace,0
u_036147,2026-04-10,active,199,marketplace,1
u_036151,2025-11-20,active,199,marketplace,0
u_036152,2026-03-22,active,199,promo,0
u_036160,2026-03-30,active,199,experiment_prompt,0
u_036161,2026-06-30,active,199,bank_card,0
u_036162,2026-05-01,active,199,marketplace,0
u_036171,2025-04-18,active,199,partner,0
u_036176,2026-05-05,active,199,experiment_prompt,1
u_036181,2025-12-22,active,199,marketplace,1
u_036183,2026-04-19,active,199,bank_card,0
u_036188,2026-04-15,active,199,bank_card,0
u_036192,2026-04-08,active,199,experiment_prompt,0
u_036197,2026-01-09,active,199,marketplace,1
u_036218,2026-06-29,active,199,marketplace,0
u_036220,2026-04-07,active,199,bank_card,0
u_036223,2026-07-01,active,199,promo,1
u_036227,2025-12-20,active,199,experiment_prompt,0
u_036241,2024-11-27,active,199,marketplace,0
u_036249,2025-09-20,cancelled,199,promo,1
u_036253,2026-04-01,active,199,experiment_prompt,0
u_036254,2026-05-10,active,199,promo,1
u_036257,2026-06-14,active,199,marketplace,0
u_036261,2025-10-27,active,199,promo,0
u_036282,2026-05-26,active,199,experiment_prompt,0
u_036285,2026-02-11,active,199,experiment_prompt,0
u_036296,2026-06-15,active,199,promo,0
u_036302,2026-07-27,active,199,bank_card,1
u_036303,2026-07-30,active,199,bank_card,1
u_036304,2026-03-28,active,199,marketplace,0
u_036311,2026-03-22,active,199,bank_card,0
u_036313,2026-06-29,active,199,bank_card,1
u_036315,2026-02-22,active,199,marketplace,0
u_036317,2026-02-23,active,199,marketplace,1
u_036320,2026-04-26,active,199,partner,0
u_036321,2026-06-20,cancelled,199,marketplace,0
u_036328,2026-06-15,active,199,marketplace,0
u_036331,2026-03-03,active,199,marketplace,0
u_036336,2026-05-11,cancelled,199,marketplace,0
u_036337,2026-02-06,active,199,bank_card,1
u_036340,2026-05-23,active,199,promo,0
u_036341,2026-05-27,active,199,marketplace,0
u_036342,2026-03-07,active,199,bank_card,1
u_036361,2025-11-06,active,199,marketplace,0
u_036365,2024-12-15,active,199,marketplace,0
u_036372,2026-05-23,active,199,experiment_prompt,0
u_036385,2026-05-31,active,199,promo,0
u_036386,2025-11-28,active,199,experiment_prompt,0
u_036389,2026-05-31,active,199,experiment_prompt,0
u_036392,2026-05-09,active,199,marketplace,0
u_036397,2026-06-21,active,199,experiment_prompt,0
u_036400,2026-03-22,active,199,bank_card,0
u_036402,2026-07-30,active,199,marketplace,0
u_036404,2025-06-02,active,199,marketplace,0
u_036409,2025-12-22,active,199,experiment_prompt,0
u_036410,2026-05-15,active,199,bank_card,0
u_036418,2026-05-18,active,199,experiment_prompt,1
u_036420,2026-05-20,active,199,promo,0
u_036432,2026-06-29,active,199,marketplace,1
u_036433,2025-09-02,active,199,experiment_prompt,1
u_036437,2026-07-05,active,199,marketplace,1
u_036440,2025-08-22,active,199,experiment_prompt,1
u_036443,2026-03-21,active,199,marketplace,1
u_036448,2026-06-11,active,199,marketplace,0
u_036449,2025-09-04,active,199,experiment_prompt,1
u_036450,2026-03-12,cancelled,199,marketplace,0
u_036461,2026-05-14,active,199,marketplace,0
u_036466,2025-12-18,active,199,marketplace,0
u_036468,2025-12-01,active,199,promo,0
u_036474,2026-07-15,active,199,experiment_prompt,1
u_036481,2026-06-04,active,199,bank_card,0
u_036483,2025-10-13,active,199,experiment_prompt,0
u_036487,2026-07-30,active,199,marketplace,0
u_036489,2025-10-08,active,199,marketplace,0
u_036514,2026-05-30,active,199,marketplace,0
u_036516,2025-10-28,active,199,experiment_prompt,0
u_036518,2026-03-10,active,199,bank_card,0
u_036523,2026-04-21,active,199,experiment_prompt,0
u_036524,2026-06-24,cancelled,199,promo,0
u_036526,2025-11-12,active,199,experiment_prompt,0
u_036530,2026-07-06,cancelled,199,experiment_prompt,1
u_036539,2025-05-09,active,199,marketplace,0
u_036541,2026-05-24,active,199,marketplace,0
u_036553,2026-06-25,active,199,promo,0
u_036564,2026-04-14,active,199,bank_card,0
u_036567,2025-04-24,active,199,marketplace,1
u_036569,2025-12-10,active,199,experiment_prompt,0
u_036570,2026-05-17,active,199,partner,1
u_036581,2026-05-31,active,199,bank_card,0
u_036586,2026-04-05,cancelled,199,marketplace,0
u_036598,2026-05-18,active,199,marketplace,0
u_036602,2025-05-18,active,199,marketplace,0
u_036613,2026-06-30,active,199,marketplace,0
u_036614,2025-08-13,active,199,experiment_prompt,0
u_036616,2026-06-22,active,199,promo,0
u_036618,2026-03-27,active,199,bank_card,1
u_036629,2026-06-06,active,199,marketplace,0
u_036635,2026-07-07,active,199,marketplace,1
u_036636,2025-08-29,active,199,experiment_prompt,0
u_036639,2026-07-21,active,199,experiment_prompt,1
u_036641,2026-05-03,active,199,experiment_prompt,0
u_036644,2026-06-28,active,199,experiment_prompt,0
u_036645,2026-05-19,active,199,marketplace,0
u_036647,2026-03-29,active,199,bank_card,0
u_036648,2025-12-11,active,199,marketplace,0
u_036663,2026-03-02,active,199,marketplace,0
u_036672,2026-06-07,cancelled,199,bank_card,0
u_036674,2026-06-01,active,199,marketplace,0
u_036676,2026-06-04,active,199,promo,0
u_036677,2026-06-04,active,199,experiment_prompt,0
u_036678,2026-04-23,active,199,bank_card,1
u_036696,2026-05-02,active,199,promo,1
u_036699,2026-04-04,active,199,marketplace,0
u_036710,2026-06-19,active,199,marketplace,1
u_036718,2026-06-12,active,199,marketplace,0
u_036728,2026-06-03,active,199,bank_card,0
u_036731,2026-04-02,active,199,marketplace,0
u_036732,2026-07-14,active,199,partner,0
u_036740,2026-04-26,active,199,bank_card,1
u_036742,2026-06-05,active,199,marketplace,0
u_036744,2026-03-15,active,199,experiment_prompt,1
u_036746,2026-04-26,active,199,bank_card,0
u_036747,2026-05-03,active,199,marketplace,0
u_036749,2026-03-26,active,199,bank_card,0
u_036753,2026-04-16,active,199,bank_card,0
u_036767,2026-06-22,active,199,marketplace,0
u_036768,2026-02-21,active,199,marketplace,0
u_036770,2026-05-18,active,199,promo,0
u_036771,2026-04-06,active,199,bank_card,0
u_036772,2025-09-13,active,199,marketplace,0
u_036774,2026-04-06,active,199,marketplace,0
u_036780,2026-05-10,active,199,marketplace,0
u_036787,2026-06-29,active,199,marketplace,0
u_036795,2025-09-03,active,199,bank_card,1
u_036802,2026-03-20,active,199,experiment_prompt,0
u_036803,2026-02-04,active,199,bank_card,0
u_036809,2026-03-20,active,199,experiment_prompt,1
u_036810,2026-06-01,active,199,experiment_prompt,0
u_036813,2025-09-21,active,199,marketplace,0
u_036817,2026-02-16,active,199,bank_card,0
u_036840,2026-06-06,active,199,experiment_prompt,0
u_036842,2026-06-25,active,199,marketplace,0
u_036849,2026-05-27,active,199,experiment_prompt,0
u_036850,2026-01-08,active,199,marketplace,0
u_036854,2026-03-16,active,199,bank_card,0
u_036859,2025-08-13,active,199,promo,0
u_036868,2026-03-22,active,199,marketplace,0
u_036871,2026-07-17,active,199,experiment_prompt,1
u_036872,2026-07-01,active,199,partner,1
u_036879,2026-06-08,active,199,marketplace,0
u_036885,2026-05-06,active,199,bank_card,1
u_036889,2026-06-23,active,199,marketplace,0
u_036890,2025-08-28,active,199,experiment_prompt,1
u_036891,2026-06-19,active,199,bank_card,1
u_036895,2026-04-30,active,199,marketplace,1
u_036896,2026-06-29,active,199,bank_card,0
u_036897,2026-04-24,active,199,experiment_prompt,0
u_036905,2026-01-05,active,199,marketplace,0
u_036909,2026-03-28,active,199,marketplace,0
u_036913,2026-02-24,active,199,marketplace,0
u_036918,2026-04-25,active,199,marketplace,0
u_036923,2026-05-07,active,199,partner,0
u_036924,2026-04-01,active,199,experiment_prompt,0
u_036927,2026-02-23,active,199,experiment_prompt,0
u_036940,2026-06-03,cancelled,199,bank_card,0
u_036958,2026-05-23,active,199,promo,0
u_036962,2026-06-03,active,199,bank_card,0
u_036966,2026-07-13,active,199,marketplace,1
u_036975,2026-07-21,active,199,marketplace,1
u_036977,2026-01-23,active,199,experiment_prompt,0
u_036997,2026-02-12,active,199,promo,0
u_037004,2026-05-07,active,199,marketplace,0
u_037008,2026-02-22,active,199,experiment_prompt,1
u_037010,2025-06-16,active,199,bank_card,0
u_037019,2025-03-25,active,199,experiment_prompt,0
u_037020,2024-08-29,active,199,marketplace,0
u_037026,2026-02-24,active,199,bank_card,1
u_037031,2026-05-03,active,199,marketplace,0
u_037036,2026-06-12,active,199,promo,1
u_037045,2026-04-25,active,199,marketplace,0
u_037047,2026-06-06,active,199,experiment_prompt,0
u_037052,2026-05-02,active,199,marketplace,0
u_037053,2026-07-17,active,199,marketplace,1
u_037054,2026-06-25,cancelled,199,marketplace,1
u_037058,2026-02-15,active,199,marketplace,0
u_037072,2026-01-10,active,199,marketplace,0
u_037078,2026-03-27,active,199,experiment_prompt,0
u_037081,2026-06-20,active,199,marketplace,0
u_037086,2026-04-28,active,199,bank_card,0
u_037093,2026-02-10,active,199,experiment_prompt,0
u_037102,2025-12-28,active,199,bank_card,1
u_037106,2026-03-25,active,199,marketplace,0
u_037113,2026-05-25,active,199,marketplace,0
u_037114,2026-04-06,active,199,partner,0
u_037122,2026-06-09,active,199,experiment_prompt,0
u_037128,2025-07-04,active,199,experiment_prompt,0
u_037129,2026-05-10,active,199,experiment_prompt,0
u_037136,2026-03-01,cancelled,199,marketplace,0
u_037143,2026-06-11,active,199,bank_card,0
u_037146,2025-11-26,active,199,experiment_prompt,1
u_037153,2026-02-22,active,199,promo,0
u_037154,2026-05-19,active,199,marketplace,0
u_037155,2026-05-31,active,199,promo,0
u_037158,2026-04-25,active,199,marketplace,0
u_037162,2026-04-21,active,199,bank_card,0
u_037164,2025-09-23,active,199,marketplace,0
u_037172,2026-06-23,active,199,experiment_prompt,1
u_037175,2026-02-03,active,199,bank_card,0
u_037182,2026-01-21,active,199,promo,0
u_037185,2026-05-14,cancelled,199,marketplace,0
u_037192,2025-12-28,active,199,marketplace,1
u_037196,2025-09-28,active,199,marketplace,0
u_037197,2026-05-17,active,199,marketplace,1
u_037199,2026-02-26,active,199,bank_card,0
u_037200,2026-05-20,active,199,marketplace,1
u_037208,2026-05-10,active,199,marketplace,0
u_037211,2026-04-25,active,199,experiment_prompt,1
u_037215,2026-05-31,active,199,bank_card,0
u_037219,2026-06-15,active,199,marketplace,1
u_037229,2026-03-09,active,199,experiment_prompt,0
u_037242,2026-06-29,cancelled,199,bank_card,0
u_037252,2026-06-11,active,199,marketplace,0
u_037259,2026-07-18,active,199,bank_card,0
u_037264,2026-05-11,active,199,bank_card,1
u_037269,2025-12-14,active,199,marketplace,0
u_037277,2026-01-13,cancelled,199,marketplace,0
u_037285,2026-03-07,active,199,marketplace,0
u_037288,2026-04-03,cancelled,199,bank_card,0
u_037297,2026-06-16,active,199,marketplace,0
u_037298,2026-06-29,active,199,bank_card,0
u_037314,2026-07-25,active,199,marketplace,0
u_037318,2026-03-12,cancelled,199,marketplace,0
u_037319,2026-05-28,active,199,bank_card,1
u_037325,2026-06-09,active,199,marketplace,1
u_037326,2025-10-19,active,199,marketplace,1
u_037337,2025-12-10,active,199,experiment_prompt,0
u_037339,2026-04-05,active,199,promo,0
u_037342,2026-04-08,active,199,marketplace,0
u_037347,2025-08-09,active,199,marketplace,0
u_037363,2025-11-10,active,199,marketplace,1
u_037365,2026-02-25,cancelled,199,bank_card,0
u_037386,2026-06-25,active,199,marketplace,0
u_037387,2025-09-20,active,199,promo,0
u_037392,2026-07-28,active,199,experiment_prompt,0
u_037396,2026-04-29,active,199,experiment_prompt,0
u_037397,2026-05-05,active,199,experiment_prompt,0
u_037398,2026-02-21,active,199,experiment_prompt,1
u_037399,2025-08-13,active,199,experiment_prompt,0
u_037402,2026-05-15,active,199,marketplace,0
u_037410,2026-05-24,active,199,promo,0
u_037418,2026-06-25,active,199,marketplace,1
u_037434,2026-05-13,active,199,marketplace,0
u_037442,2026-03-01,cancelled,199,promo,1
u_037444,2026-06-29,active,199,promo,0
u_037452,2025-08-18,active,199,marketplace,0
u_037454,2026-07-23,active,199,experiment_prompt,1
u_037466,2026-06-24,active,199,marketplace,0
u_037470,2026-04-30,active,199,experiment_prompt,0
u_037471,2025-08-25,active,199,marketplace,0
u_037474,2026-05-29,active,199,experiment_prompt,0
u_037478,2025-11-10,active,199,experiment_prompt,0
u_037492,2026-06-30,active,199,marketplace,1
u_037496,2026-03-13,active,199,experiment_prompt,0
u_037499,2026-07-10,cancelled,199,experiment_prompt,1
u_037501,2026-07-02,active,199,marketplace,0
u_037502,2026-04-21,active,199,experiment_prompt,0
u_037507,2026-02-28,cancelled,199,bank_card,0
u_037508,2025-08-12,active,199,marketplace,0
u_037510,2025-10-27,active,199,experiment_prompt,1
u_037516,2025-10-27,active,199,experiment_prompt,1
u_037532,2026-02-23,active,199,marketplace,0
u_037536,2026-07-13,active,199,experiment_prompt,0
u_037537,2026-06-13,active,199,experiment_prompt,0
u_037541,2025-12-12,active,199,bank_card,0
u_037542,2026-02-18,active,199,bank_card,0
u_037546,2026-05-11,active,199,promo,0
u_037549,2026-04-12,active,199,marketplace,0
u_037556,2026-06-19,active,199,marketplace,0
u_037562,2026-06-23,active,199,marketplace,0
u_037568,2026-01-04,active,199,experiment_prompt,1
u_037574,2026-04-28,active,199,bank_card,0
u_037580,2026-01-03,active,199,marketplace,1
u_037583,2026-02-09,active,199,experiment_prompt,0
u_037588,2026-06-29,active,199,promo,1
u_037594,2024-12-11,active,199,promo,0
u_037601,2025-11-21,active,199,experiment_prompt,1
u_037602,2025-09-12,active,199,marketplace,0
u_037607,2024-06-02,active,199,promo,0
u_037614,2025-10-13,active,199,partner,0
u_037618,2026-04-18,active,199,bank_card,0
u_037626,2026-07-21,active,199,experiment_prompt,0
u_037634,2025-12-28,active,199,marketplace,0
u_037636,2025-07-12,active,199,marketplace,1
u_037645,2026-06-22,active,199,marketplace,0
u_037648,2026-05-02,active,199,bank_card,0
u_037650,2026-01-02,active,199,partner,0
u_037652,2026-07-07,active,199,promo,1
u_037661,2025-10-27,active,199,promo,0
u_037662,2026-06-03,active,199,marketplace,0
u_037669,2026-05-13,cancelled,199,bank_card,0
u_037673,2026-06-05,active,199,marketplace,0
u_037677,2026-07-28,active,199,experiment_prompt,1
u_037678,2026-04-01,active,199,promo,0
u_037689,2026-07-27,cancelled,199,experiment_prompt,1
u_037693,2026-05-24,active,199,marketplace,1
u_037696,2025-07-26,active,199,bank_card,0
u_037703,2026-06-15,cancelled,199,marketplace,0
u_037706,2026-03-11,active,199,marketplace,0
u_037711,2026-07-16,active,199,marketplace,1
u_037713,2026-06-27,active,199,marketplace,1
u_037725,2026-06-12,active,199,marketplace,0
u_037731,2026-03-13,active,199,experiment_prompt,0
u_037732,2025-10-08,cancelled,199,marketplace,0
u_037736,2026-04-25,active,199,experiment_prompt,1
u_037737,2026-05-22,active,199,marketplace,0
u_037742,2026-01-02,active,199,bank_card,0
u_037746,2026-06-30,active,199,bank_card,0
u_037751,2025-05-03,active,199,marketplace,0
u_037754,2026-06-07,active,199,bank_card,1
u_037756,2026-06-06,active,199,experiment_prompt,0
u_037762,2025-12-14,active,199,bank_card,0
u_037766,2025-10-20,active,199,bank_card,1
u_037776,2026-02-01,active,199,marketplace,0
u_037796,2025-07-19,active,199,promo,0
u_037801,2026-06-27,active,199,marketplace,1
u_037803,2026-07-15,active,199,experiment_prompt,0
u_037808,2026-05-18,active,199,marketplace,0
u_037817,2026-05-31,active,199,marketplace,0
u_037826,2026-06-17,active,199,marketplace,0
u_037831,2026-03-13,active,199,experiment_prompt,0
u_037832,2026-02-22,active,199,promo,0
u_037833,2025-10-18,active,199,experiment_prompt,0
u_037835,2026-02-28,active,199,marketplace,0
u_037839,2026-07-04,active,199,marketplace,1
u_037840,2026-06-22,active,199,bank_card,0
u_037842,2026-05-16,cancelled,199,promo,1
u_037845,2026-07-09,active,199,promo,1
u_037853,2026-05-12,active,199,marketplace,1
u_037855,2026-05-20,cancelled,199,partner,0
u_037865,2026-05-20,active,199,promo,0
u_037868,2026-04-25,active,199,experiment_prompt,1
u_037874,2026-07-02,active,199,bank_card,0
u_037882,2025-06-29,active,199,experiment_prompt,0
u_037883,2026-05-11,active,199,marketplace,0
u_037896,2026-03-09,active,199,bank_card,0
u_037898,2026-06-14,active,199,marketplace,0
u_037899,2026-05-15,active,199,bank_card,0
u_037903,2026-05-17,active,199,bank_card,0
u_037907,2026-01-01,active,199,marketplace,1
u_037909,2026-07-16,active,199,experiment_prompt,1
u_037911,2026-01-28,active,199,bank_card,1
u_037918,2026-04-19,active,199,marketplace,1
u_037919,2026-03-07,active,199,bank_card,1
u_037924,2026-06-14,active,199,marketplace,0
u_037926,2026-04-29,active,199,marketplace,0
u_037934,2026-06-28,active,199,experiment_prompt,1
u_037949,2026-05-26,active,199,experiment_prompt,0
u_037952,2026-07-25,active,199,bank_card,1
u_037954,2026-03-18,active,199,experiment_prompt,1
u_037970,2025-08-30,active,199,experiment_prompt,1
u_037982,2025-08-18,active,199,marketplace,1
u_037984,2026-05-30,active,199,promo,0
u_037993,2025-04-25,active,199,bank_card,0
u_037996,2025-11-08,active,199,marketplace,0
u_038000,2026-02-05,active,199,bank_card,0
u_038003,2026-06-29,active,199,bank_card,0
u_038021,2026-02-19,active,199,experiment_prompt,0
u_038025,2026-01-08,active,199,bank_card,0
u_038027,2026-03-21,active,199,experiment_prompt,1
u_038040,2025-11-12,active,199,promo,0
u_038053,2026-07-27,active,199,bank_card,0
u_038056,2026-01-06,active,199,bank_card,0
u_038065,2025-11-09,active,199,bank_card,0
u_038072,2025-09-22,active,199,experiment_prompt,0
u_038081,2026-04-10,active,199,marketplace,0
u_038087,2026-07-14,active,199,experiment_prompt,1
u_038088,2026-03-18,active,199,marketplace,0
u_038093,2026-04-25,active,199,bank_card,0
u_038103,2026-07-24,active,199,bank_card,0
u_038108,2026-07-30,active,199,partner,0
u_038109,2026-04-29,active,199,marketplace,0
u_038110,2026-07-01,active,199,experiment_prompt,0
u_038111,2026-05-10,active,199,experiment_prompt,0
u_038113,2026-05-31,active,199,experiment_prompt,0
u_038118,2025-12-20,active,199,marketplace,0
u_038120,2026-07-16,active,199,promo,1
u_038123,2025-10-01,active,199,experiment_prompt,1
u_038127,2025-12-19,active,199,experiment_prompt,0
u_038130,2026-05-02,active,199,experiment_prompt,0
u_038137,2026-04-05,active,199,marketplace,0
u_038139,2026-06-21,active,199,promo,0
u_038147,2025-01-26,active,199,marketplace,0
u_038153,2026-01-15,active,199,marketplace,1
u_038156,2025-11-05,active,199,marketplace,0
u_038160,2026-04-24,active,199,experiment_prompt,0
u_038162,2026-05-24,active,199,partner,1
u_038169,2026-05-30,active,199,marketplace,0
u_038182,2026-03-17,active,199,marketplace,0
u_038183,2026-05-29,active,199,promo,0
u_038187,2025-11-15,active,199,marketplace,0
u_038188,2026-05-27,active,199,marketplace,0
u_038189,2026-07-28,active,199,marketplace,1
u_038201,2026-06-19,active,199,marketplace,0
u_038207,2025-09-03,active,199,marketplace,1
u_038209,2026-04-27,active,199,bank_card,1
u_038218,2026-03-18,active,199,bank_card,0
u_038220,2026-04-09,active,199,marketplace,1
u_038227,2025-11-03,active,199,marketplace,0
u_038229,2026-04-08,active,199,marketplace,0
u_038250,2026-04-17,active,199,bank_card,0
u_038251,2025-11-05,active,199,marketplace,0
u_038265,2026-06-28,active,199,marketplace,0
u_038266,2026-05-29,active,199,marketplace,0
u_038271,2026-02-04,active,199,promo,0
u_038274,2025-11-06,active,199,experiment_prompt,0
u_038278,2026-07-18,active,199,marketplace,1
u_038279,2026-02-02,active,199,bank_card,0
u_038288,2026-07-20,active,199,bank_card,1
u_038294,2026-06-14,active,199,bank_card,0
u_038317,2026-02-26,active,199,marketplace,1
u_038320,2026-04-01,active,199,bank_card,0
u_038325,2026-06-10,active,199,promo,1
u_038326,2024-10-17,active,199,marketplace,0
u_038329,2026-03-23,active,199,marketplace,0
u_038337,2025-12-03,active,199,experiment_prompt,1
u_038340,2025-09-01,active,199,marketplace,1
u_038344,2026-04-11,active,199,marketplace,0
u_038355,2026-06-18,active,199,bank_card,0
u_038356,2025-10-24,active,199,marketplace,0
u_038365,2026-06-08,active,199,marketplace,0
u_038371,2026-05-02,active,199,marketplace,0
u_038378,2026-06-03,active,199,promo,0
u_038379,2026-06-06,active,199,bank_card,0
u_038380,2026-07-14,active,199,bank_card,1
u_038385,2025-08-24,active,199,marketplace,0
u_038387,2026-06-29,cancelled,199,experiment_prompt,0
u_038393,2026-06-25,active,199,experiment_prompt,0
u_038399,2026-06-22,active,199,marketplace,0
u_038401,2026-04-04,active,199,experiment_prompt,1
u_038406,2025-11-19,active,199,marketplace,0
u_038408,2026-05-13,active,199,bank_card,0
u_038409,2026-06-19,active,199,bank_card,0
u_038416,2026-04-20,cancelled,199,marketplace,0
u_038423,2026-06-15,active,199,bank_card,1
u_038433,2026-04-20,cancelled,199,promo,0
u_038439,2026-02-01,active,199,bank_card,0
u_038442,2026-06-15,active,199,marketplace,0
u_038445,2026-07-23,active,199,marketplace,0
u_038453,2025-12-08,active,199,bank_card,0
u_038466,2026-06-16,active,199,marketplace,0
u_038469,2025-11-09,active,199,marketplace,0
u_038472,2026-06-26,active,199,marketplace,0
u_038473,2026-06-23,active,199,experiment_prompt,0
u_038484,2026-04-17,active,199,bank_card,0
u_038486,2026-06-08,active,199,marketplace,0
u_038489,2026-07-19,active,199,marketplace,0
u_038490,2025-12-15,active,199,bank_card,0
u_038492,2026-01-26,active,199,bank_card,0
u_038505,2025-10-14,active,199,bank_card,1
u_038515,2026-04-29,active,199,bank_card,0
u_038519,2026-04-04,active,199,experiment_prompt,0
u_038520,2025-11-23,active,199,marketplace,0
u_038531,2026-03-29,active,199,bank_card,0
u_038541,2026-07-23,active,199,promo,1
u_038543,2026-06-26,active,199,promo,0
u_038550,2026-05-09,active,199,bank_card,0
u_038559,2026-02-07,active,199,experiment_prompt,0
u_038563,2026-07-27,active,199,marketplace,0
u_038579,2025-10-28,active,199,marketplace,0
u_038582,2026-02-16,active,199,experiment_prompt,0
u_038586,2026-07-16,active,199,marketplace,1
u_038593,2026-07-24,active,199,partner,1
u_038599,2026-03-02,active,199,experiment_prompt,0
u_038602,2026-06-28,active,199,marketplace,0
u_038613,2025-10-31,active,199,marketplace,0
u_038616,2024-12-23,active,199,marketplace,0
u_038620,2026-04-08,active,199,experiment_prompt,0
u_038621,2026-05-05,active,199,marketplace,1
u_038631,2026-05-06,active,199,promo,0
u_038641,2026-07-11,active,199,marketplace,1
u_038643,2026-04-06,active,199,partner,0
u_038646,2026-03-03,active,199,experiment_prompt,0
u_038648,2026-03-22,active,199,marketplace,0
u_038661,2026-05-03,active,199,marketplace,0
u_038664,2026-05-19,active,199,partner,0
u_038666,2026-05-30,active,199,marketplace,0
u_038668,2026-05-24,active,199,bank_card,0
u_038675,2026-06-29,active,199,marketplace,0
u_038681,2026-03-19,active,199,marketplace,0
u_038682,2026-07-15,active,199,bank_card,1
u_038685,2026-07-23,active,199,marketplace,1
u_038686,2026-04-17,active,199,bank_card,0
u_038690,2026-05-14,active,199,experiment_prompt,0
u_038697,2026-05-05,active,199,marketplace,0
u_038698,2026-07-09,active,199,marketplace,1
u_038702,2026-04-15,active,199,bank_card,0
u_038713,2025-05-18,active,199,bank_card,0
u_038716,2026-02-21,active,199,partner,0
u_038718,2026-03-25,active,199,marketplace,0
u_038719,2026-05-20,active,199,experiment_prompt,0
u_038725,2026-07-04,active,199,marketplace,1
u_038729,2026-06-14,active,199,marketplace,0
u_038730,2026-06-25,active,199,promo,1
u_038732,2026-03-21,active,199,marketplace,1
u_038744,2026-03-21,cancelled,199,bank_card,0
u_038754,2025-11-29,active,199,experiment_prompt,0
u_038762,2025-12-21,active,199,marketplace,0
u_038763,2026-05-24,active,199,experiment_prompt,1
u_038769,2026-04-02,active,199,bank_card,1
u_038777,2026-03-12,active,199,promo,1
u_038780,2026-06-23,active,199,marketplace,1
u_038784,2026-06-18,active,199,experiment_prompt,0
u_038788,2026-07-04,active,199,marketplace,1
u_038789,2026-07-20,active,199,marketplace,1
u_038791,2025-07-26,active,199,bank_card,0
u_038792,2026-05-25,active,199,marketplace,0
u_038795,2026-05-25,active,199,marketplace,0
u_038796,2024-09-19,active,199,experiment_prompt,0
u_038801,2026-06-14,active,199,marketplace,0
u_038803,2026-05-11,active,199,bank_card,0
u_038810,2025-10-04,active,199,marketplace,0
u_038814,2026-04-02,active,199,partner,0
u_038824,2026-03-07,active,199,marketplace,0
u_038835,2026-02-14,active,199,bank_card,0
u_038837,2025-11-17,active,199,marketplace,1
u_038848,2026-01-25,active,199,bank_card,1
u_038881,2026-06-14,active,199,marketplace,0
u_038882,2026-04-05,active,199,marketplace,0
u_038889,2025-12-23,active,199,marketplace,1
u_038896,2026-03-13,active,199,marketplace,0
u_038897,2026-06-28,active,199,experiment_prompt,0
u_038910,2026-05-09,active,199,marketplace,0
u_038924,2026-07-08,active,199,marketplace,0
u_038939,2026-06-21,active,199,bank_card,0
u_038942,2026-06-04,active,199,experiment_prompt,0
u_038951,2026-06-27,active,199,experiment_prompt,0
u_038952,2026-05-15,active,199,marketplace,1
u_038955,2026-04-20,cancelled,199,marketplace,0
u_038962,2026-03-12,active,199,experiment_prompt,0
u_038966,2026-05-28,active,199,marketplace,0
u_038968,2025-10-22,active,199,promo,0
u_038975,2026-06-01,active,199,partner,0
u_038995,2026-05-30,active,199,promo,0
u_039002,2025-12-08,active,199,experiment_prompt,0
u_039003,2026-04-29,active,199,bank_card,0
u_039015,2026-07-04,active,199,experiment_prompt,1
u_039019,2026-05-28,active,199,promo,0
u_039029,2026-05-20,active,199,marketplace,0
u_039030,2026-01-14,active,199,experiment_prompt,0
u_039052,2026-04-27,active,199,bank_card,0
u_039054,2026-07-15,active,199,experiment_prompt,0
u_039056,2026-04-02,active,199,marketplace,0
u_039058,2026-07-05,active,199,bank_card,1
u_039061,2025-09-26,active,199,promo,0
u_039066,2025-12-27,active,199,marketplace,0
u_039072,2026-02-28,active,199,experiment_prompt,0
u_039082,2026-05-24,active,199,experiment_prompt,0
u_039093,2025-07-22,active,199,experiment_prompt,1
u_039096,2026-05-10,active,199,marketplace,0
u_039100,2026-04-25,active,199,marketplace,0
u_039101,2025-09-29,active,199,marketplace,0
u_039102,2026-05-21,active,199,experiment_prompt,0
u_039108,2026-04-07,active,199,marketplace,0
u_039111,2025-12-13,active,199,marketplace,0
u_039116,2026-03-14,active,199,partner,0
u_039117,2026-07-04,active,199,marketplace,1
u_039121,2026-07-13,active,199,bank_card,1
u_039123,2026-04-28,active,199,marketplace,0
u_039128,2026-06-28,active,199,bank_card,0
u_039131,2026-02-20,active,199,marketplace,0
u_039145,2025-01-27,active,199,bank_card,0
u_039146,2025-11-11,active,199,experiment_prompt,0
u_039154,2026-04-30,active,199,partner,0
u_039165,2026-06-04,active,199,bank_card,0
u_039167,2026-01-23,active,199,marketplace,0
u_039169,2026-01-12,active,199,marketplace,0
u_039185,2026-06-12,active,199,marketplace,0
u_039186,2026-05-16,active,199,experiment_prompt,1
u_039199,2026-06-29,active,199,experiment_prompt,1
u_039205,2026-07-05,active,199,bank_card,0
u_039231,2025-09-05,active,199,experiment_prompt,0
u_039233,2026-07-20,active,199,promo,0
u_039235,2025-08-03,cancelled,199,experiment_prompt,0
u_039236,2025-12-26,active,199,experiment_prompt,0
u_039244,2026-06-07,active,199,marketplace,0
u_039251,2026-05-30,active,199,experiment_prompt,0
u_039264,2026-04-03,active,199,experiment_prompt,1
u_039268,2026-04-01,active,199,bank_card,0
u_039275,2026-06-05,active,199,experiment_prompt,1
u_039279,2026-07-28,active,199,experiment_prompt,1
u_039282,2026-02-07,active,199,experiment_prompt,0
u_039283,2026-02-17,active,199,marketplace,0
u_039284,2026-06-03,active,199,bank_card,0
u_039287,2026-01-27,active,199,bank_card,0
u_039291,2026-01-25,active,199,experiment_prompt,0
u_039297,2026-06-16,active,199,bank_card,0
u_039303,2026-01-19,active,199,marketplace,0
u_039307,2026-06-06,active,199,marketplace,1
u_039312,2026-06-22,active,199,partner,1
u_039326,2026-07-21,active,199,marketplace,0
u_039328,2026-05-20,active,199,experiment_prompt,1
u_039329,2026-06-08,active,199,marketplace,1
u_039334,2026-07-10,active,199,marketplace,0
u_039355,2026-06-18,cancelled,199,experiment_prompt,0
u_039357,2026-06-20,active,199,experiment_prompt,0
u_039361,2026-03-21,active,199,experiment_prompt,0
u_039365,2026-04-18,active,199,marketplace,0
u_039370,2026-02-12,active,199,marketplace,0
u_039379,2026-01-22,active,199,partner,0
u_039381,2026-07-30,active,199,experiment_prompt,1
u_039385,2026-04-21,active,199,marketplace,0
u_039397,2026-07-22,active,199,marketplace,1
u_039398,2026-03-27,active,199,marketplace,0
u_039402,2026-05-20,active,199,promo,0
u_039404,2026-07-03,active,199,bank_card,1
u_039416,2026-07-29,active,199,promo,1
u_039429,2026-05-29,active,199,marketplace,0
u_039437,2026-07-23,active,199,marketplace,0
u_039445,2026-05-29,active,199,experiment_prompt,0
u_039446,2026-03-27,active,199,marketplace,1
u_039448,2025-08-11,active,199,marketplace,1
u_039449,2026-06-21,active,199,promo,0
u_039450,2026-06-01,active,199,marketplace,0
u_039457,2026-07-21,active,199,partner,1
u_039461,2026-05-17,active,199,experiment_prompt,0
u_039462,2025-12-12,active,199,bank_card,0
u_039465,2026-06-25,cancelled,199,promo,0
u_039480,2026-05-14,active,199,marketplace,0
u_039484,2026-04-01,active,199,bank_card,0
u_039487,2026-03-03,active,199,experiment_prompt,1
u_039488,2025-10-09,active,199,marketplace,1
u_039492,2026-01-07,active,199,marketplace,0
u_039497,2026-04-13,active,199,promo,0
u_039507,2026-04-03,active,199,experiment_prompt,0
u_039508,2026-04-13,active,199,marketplace,1
u_039511,2026-02-26,active,199,promo,1
u_039517,2025-12-20,active,199,promo,1
u_039520,2026-05-01,active,199,marketplace,0
u_039524,2026-07-27,active,199,experiment_prompt,1
u_039527,2026-01-11,active,199,marketplace,0
u_039528,2026-07-10,active,199,promo,0
u_039531,2026-01-21,active,199,marketplace,0
u_039538,2025-12-27,active,199,marketplace,0
u_039548,2025-11-08,active,199,experiment_prompt,1
u_039550,2026-07-27,active,199,bank_card,1
u_039575,2026-05-01,active,199,bank_card,0
u_039580,2025-12-22,active,199,experiment_prompt,0
u_039587,2026-01-07,cancelled,199,bank_card,0
u_039589,2026-06-21,active,199,bank_card,0
u_039590,2026-07-29,active,199,experiment_prompt,0
u_039591,2025-05-02,active,199,marketplace,0
u_039592,2026-03-17,active,199,bank_card,0
u_039598,2026-07-21,active,199,marketplace,1
u_039600,2025-09-09,cancelled,199,bank_card,0
u_039606,2026-03-01,active,199,partner,0
u_039616,2026-03-23,active,199,bank_card,0
u_039618,2026-05-15,active,199,bank_card,0
u_039619,2026-03-01,active,199,experiment_prompt,0
u_039620,2026-06-14,active,199,marketplace,0
u_039625,2026-03-20,active,199,marketplace,0
u_039627,2026-02-27,active,199,promo,0
u_039628,2025-10-18,active,199,marketplace,0
u_039629,2026-03-15,active,199,bank_card,0
u_039634,2026-01-28,active,199,partner,0
u_039645,2026-02-01,active,199,marketplace,0
u_039648,2026-06-14,active,199,promo,0
u_039651,2026-04-28,active,199,marketplace,0
u_039660,2026-05-19,active,199,bank_card,1
u_039665,2026-03-04,active,199,marketplace,0
u_039666,2026-05-24,active,199,marketplace,0
u_039668,2026-03-14,active,199,marketplace,0
u_039676,2026-06-26,active,199,marketplace,0
u_039679,2026-06-05,active,199,marketplace,0
u_039680,2025-10-23,active,199,bank_card,0
u_039695,2026-05-14,active,199,bank_card,0
u_039698,2025-12-05,active,199,marketplace,1
u_039700,2025-12-24,active,199,promo,0
u_039702,2026-01-13,active,199,experiment_prompt,0
u_039704,2026-02-05,active,199,bank_card,0
u_039710,2025-08-31,active,199,bank_card,0
u_039721,2026-07-24,active,199,promo,0
u_039722,2026-02-01,active,199,marketplace,0
u_039724,2026-03-30,active,199,bank_card,0
u_039725,2026-07-10,cancelled,199,bank_card,0
u_039735,2026-06-26,active,199,marketplace,0
u_039748,2026-04-07,active,199,marketplace,0
u_039751,2025-08-19,active,199,promo,0
u_039753,2026-07-12,active,199,experiment_prompt,1
u_039755,2026-03-08,active,199,bank_card,0
u_039762,2026-04-27,active,199,bank_card,0
u_039768,2026-04-03,active,199,marketplace,1
u_039772,2026-01-31,active,199,experiment_prompt,0
u_039777,2026-03-17,active,199,promo,0
u_039782,2026-02-22,active,199,partner,0
u_039784,2026-04-13,cancelled,199,marketplace,0
u_039792,2026-05-29,active,199,bank_card,0
u_039795,2026-03-17,active,199,promo,0
u_039797,2025-10-12,active,199,experiment_prompt,0
u_039802,2025-11-06,active,199,experiment_prompt,0
u_039814,2026-05-28,active,199,marketplace,0
u_039821,2026-04-10,active,199,marketplace,0
u_039824,2026-02-28,active,199,marketplace,0
u_039828,2026-05-31,active,199,bank_card,0
u_039833,2025-05-14,active,199,promo,0
u_039841,2026-06-12,active,199,marketplace,1
u_039844,2025-04-23,active,199,marketplace,0
u_039847,2026-02-18,active,199,marketplace,0
u_039859,2026-06-25,active,199,marketplace,0
u_039864,2026-07-25,active,199,promo,1
u_039865,2026-02-19,active,199,bank_card,0
u_039869,2026-01-10,active,199,bank_card,0
u_039874,2026-05-14,active,199,bank_card,0
u_039886,2026-06-22,active,199,bank_card,0
u_039888,2026-06-30,active,199,marketplace,0
u_039890,2026-07-01,active,199,bank_card,0
u_039892,2026-07-24,active,199,marketplace,0
u_039898,2026-06-22,active,199,promo,0
u_039899,2025-03-22,active,199,bank_card,0
u_039902,2026-06-09,active,199,marketplace,0
u_039905,2026-02-05,active,199,bank_card,0
u_039906,2025-08-31,active,199,partner,0
u_039934,2026-02-14,active,199,partner,0
u_039939,2026-02-25,active,199,bank_card,0
u_039941,2026-05-12,active,199,experiment_prompt,0
u_039953,2026-07-03,active,199,marketplace,0
u_039954,2026-05-27,active,199,marketplace,0
u_039971,2026-05-03,active,199,marketplace,0
u_039973,2026-04-23,active,199,experiment_prompt,0
u_039977,2025-10-08,active,199,bank_card,0
u_039978,2025-09-02,active,199,marketplace,0
u_039981,2026-02-02,active,199,promo,1
u_039984,2025-06-17,active,199,experiment_prompt,0
u_039987,2026-05-18,active,199,partner,0
u_039992,2026-05-06,active,199,promo,0
u_039999,2026-04-18,active,199,bank_card,1
u_040000,2026-02-05,active,199,bank_card,0
u_040004,2026-06-13,cancelled,199,experiment_prompt,0
u_040005,2026-04-14,active,199,experiment_prompt,0
u_040017,2026-03-30,active,199,partner,0
u_040024,2026-05-08,active,199,marketplace,0
u_040030,2026-03-14,active,199,experiment_prompt,1
u_040042,2025-11-23,active,199,promo,0
u_040043,2025-11-18,active,199,bank_card,0
u_040047,2026-06-30,active,199,marketplace,1
u_040051,2026-04-23,active,199,experiment_prompt,0
u_040053,2026-06-14,active,199,bank_card,0
u_040057,2026-03-05,active,199,marketplace,1
u_040059,2026-05-09,active,199,bank_card,0
u_040062,2026-04-13,cancelled,199,marketplace,0
u_040063,2026-01-29,active,199,experiment_prompt,0
u_040065,2026-07-15,active,199,marketplace,0
u_040066,2026-07-13,active,199,promo,1
u_040067,2026-05-26,active,199,experiment_prompt,0
u_040069,2025-12-29,active,199,marketplace,0
u_040076,2026-04-25,cancelled,199,promo,0
u_040083,2026-06-29,active,199,marketplace,1
u_040084,2026-05-15,active,199,bank_card,0
u_040090,2026-07-16,active,199,promo,1
u_040091,2025-09-04,active,199,marketplace,0
u_040095,2025-06-28,active,199,marketplace,0
u_040098,2026-07-09,active,199,bank_card,0
u_040116,2026-07-24,active,199,bank_card,0
u_040126,2026-02-16,active,199,bank_card,0
u_040127,2026-05-12,active,199,bank_card,0
u_040135,2026-06-29,active,199,marketplace,0
u_040137,2025-11-15,active,199,bank_card,0
u_040138,2026-03-31,active,199,marketplace,0
u_040143,2026-05-05,active,199,bank_card,0
u_040161,2026-06-25,active,199,promo,0
u_040166,2026-06-22,active,199,bank_card,1
u_040167,2026-01-26,active,199,bank_card,0
u_040171,2026-05-08,active,199,experiment_prompt,0
u_040174,2026-03-05,active,199,experiment_prompt,0
u_040176,2026-04-27,active,199,experiment_prompt,0
u_040179,2026-04-07,active,199,experiment_prompt,0
u_040182,2026-06-09,active,199,experiment_prompt,0
u_040191,2026-05-15,active,199,bank_card,0
u_040193,2026-01-02,active,199,partner,1
u_040199,2026-03-11,active,199,marketplace,1
u_040206,2026-05-23,active,199,bank_card,1
u_040207,2026-04-02,active,199,marketplace,0
u_040215,2026-01-16,active,199,marketplace,0
u_040228,2026-03-10,cancelled,199,partner,0
u_040230,2025-02-19,active,199,experiment_prompt,0
u_040232,2026-06-16,active,199,bank_card,0
u_040238,2026-06-25,active,199,promo,0
u_040240,2026-06-28,active,199,experiment_prompt,0
u_040242,2026-02-28,active,199,bank_card,0
u_040252,2026-01-11,active,199,bank_card,0
u_040256,2026-05-04,active,199,experiment_prompt,0
u_040257,2026-07-08,active,199,experiment_prompt,1
u_040263,2026-07-15,active,199,marketplace,0
u_040269,2026-06-08,active,199,promo,0
u_040275,2026-06-12,active,199,marketplace,0
u_040278,2026-04-14,active,199,marketplace,1
u_040282,2026-06-07,active,199,experiment_prompt,1
u_040288,2026-05-11,active,199,bank_card,0
u_040293,2026-03-29,active,199,experiment_prompt,1
u_040298,2025-09-05,active,199,marketplace,0
u_040311,2026-05-19,active,199,marketplace,0
u_040313,2026-05-04,active,199,bank_card,1
u_040316,2026-05-08,active,199,experiment_prompt,1
u_040328,2026-06-27,active,199,marketplace,0
u_040329,2026-01-16,active,199,partner,0
u_040340,2026-05-10,active,199,marketplace,0
u_040342,2026-04-05,active,199,marketplace,0
u_040351,2026-04-20,active,199,marketplace,0
u_040355,2026-02-28,cancelled,199,marketplace,0
u_040358,2026-07-30,active,199,marketplace,1
u_040360,2026-05-03,active,199,marketplace,0
u_040368,2026-06-04,active,199,marketplace,0
u_040371,2026-07-29,active,199,marketplace,0
u_040375,2026-06-22,active,199,marketplace,0
u_040382,2026-05-26,active,199,experiment_prompt,0
u_040386,2024-11-01,active,199,marketplace,0
u_040393,2026-06-23,active,199,marketplace,1
u_040401,2025-05-28,active,199,marketplace,1
u_040406,2026-05-28,active,199,marketplace,0
u_040419,2026-06-03,active,199,experiment_prompt,0
u_040421,2026-03-22,active,199,marketplace,0
u_040423,2026-06-07,active,199,bank_card,0
u_040424,2026-03-20,active,199,experiment_prompt,0
u_040426,2025-06-11,active,199,experiment_prompt,0
u_040429,2026-07-21,active,199,marketplace,1
u_040432,2026-05-08,active,199,promo,0
u_040436,2026-06-08,active,199,experiment_prompt,0
u_040437,2026-06-05,active,199,bank_card,0
u_040446,2026-03-23,active,199,marketplace,0
u_040451,2026-04-09,active,199,marketplace,0
u_040462,2026-06-30,active,199,bank_card,0
u_040470,2025-12-30,active,199,experiment_prompt,0
u_040477,2026-07-24,active,199,experiment_prompt,0
u_040478,2026-03-07,active,199,promo,0
u_040482,2026-06-23,active,199,marketplace,1
u_040486,2026-06-09,active,199,marketplace,0
u_040490,2026-03-08,active,199,bank_card,0
u_040491,2026-07-03,active,199,marketplace,1
u_040500,2026-05-20,active,199,experiment_prompt,0
u_040503,2025-08-16,active,199,marketplace,1
u_040504,2026-06-20,active,199,bank_card,0
u_040505,2026-03-31,active,199,bank_card,0
u_040507,2026-03-25,active,199,experiment_prompt,0
u_040511,2026-02-25,active,199,marketplace,0
u_040514,2026-01-01,cancelled,199,marketplace,0
u_040519,2025-11-20,active,199,marketplace,0
u_040525,2026-05-11,active,199,promo,0
u_040528,2025-12-02,active,199,marketplace,0
u_040537,2026-07-23,active,199,marketplace,0
u_040538,2024-09-18,active,199,bank_card,0
u_040540,2026-06-26,active,199,marketplace,0
u_040542,2026-06-19,active,199,marketplace,0
u_040544,2025-12-25,active,199,marketplace,1
u_040552,2026-05-14,active,199,experiment_prompt,0
u_040554,2026-06-14,active,199,experiment_prompt,0
u_040560,2026-05-20,active,199,marketplace,0
u_040569,2026-06-20,active,199,promo,1
u_040584,2026-06-16,active,199,marketplace,0
u_040591,2026-01-12,active,199,bank_card,0
u_040592,2026-07-24,active,199,experiment_prompt,0
u_040594,2026-06-12,active,199,promo,0
u_040597,2025-11-02,active,199,experiment_prompt,0
u_040607,2026-04-18,active,199,bank_card,0
u_040615,2026-06-12,active,199,marketplace,0
u_040619,2025-09-22,active,199,promo,0
u_040634,2026-04-09,active,199,bank_card,0
u_040636,2026-01-10,active,199,experiment_prompt,0
u_040639,2026-06-05,active,199,marketplace,0
u_040644,2026-03-03,active,199,marketplace,0
u_040648,2026-03-06,active,199,bank_card,0
u_040650,2026-07-19,active,199,experiment_prompt,1
u_040656,2026-02-02,active,199,marketplace,1
u_040657,2026-03-29,active,199,marketplace,0
u_040667,2026-05-20,cancelled,199,bank_card,0
u_040674,2026-07-25,active,199,promo,1
u_040678,2026-04-23,cancelled,199,marketplace,0
u_040685,2026-03-17,active,199,bank_card,1
u_040688,2026-06-23,active,199,marketplace,0
u_040690,2025-11-30,active,199,bank_card,0
u_040696,2025-09-29,active,199,marketplace,0
u_040701,2026-06-25,active,199,marketplace,0
u_040711,2026-03-28,active,199,marketplace,0
u_040719,2026-06-24,active,199,experiment_prompt,1
u_040722,2026-04-28,active,199,promo,0
u_040733,2026-03-23,active,199,experiment_prompt,0
u_040734,2026-02-18,active,199,marketplace,0
u_040739,2025-10-07,active,199,promo,0
u_040740,2025-10-19,active,199,marketplace,0
u_040741,2025-09-29,active,199,marketplace,1
u_040747,2025-12-30,active,199,marketplace,1
u_040752,2026-06-01,active,199,marketplace,0
u_040755,2026-05-30,active,199,marketplace,0
u_040756,2026-04-10,active,199,marketplace,0
u_040761,2026-04-10,active,199,marketplace,0
u_040764,2026-03-19,active,199,marketplace,0
u_040765,2026-03-20,active,199,marketplace,0
u_040769,2026-04-15,active,199,marketplace,0
u_040774,2026-06-16,active,199,experiment_prompt,0
u_040775,2026-02-13,active,199,bank_card,0
u_040779,2026-06-24,active,199,bank_card,0
u_040784,2026-05-14,active,199,bank_card,0
u_040785,2026-06-24,active,199,marketplace,0
u_040791,2025-07-29,active,199,bank_card,0
u_040794,2026-04-29,active,199,experiment_prompt,0
u_040799,2025-08-07,active,199,promo,0
u_040806,2026-04-30,active,199,marketplace,0
u_040808,2026-04-16,active,199,promo,0
u_040809,2026-07-07,active,199,bank_card,0
u_040814,2026-03-01,active,199,experiment_prompt,0
u_040817,2026-05-04,active,199,marketplace,1
u_040818,2026-06-05,active,199,promo,0
u_040821,2025-12-17,active,199,bank_card,0
u_040823,2026-06-04,active,199,marketplace,0
u_040840,2025-12-23,active,199,marketplace,0
u_040850,2026-06-13,cancelled,199,promo,1
u_040853,2026-07-25,active,199,marketplace,1
u_040855,2026-05-24,active,199,experiment_prompt,0
u_040870,2026-04-07,active,199,marketplace,1
u_040871,2026-06-06,active,199,marketplace,0
u_040883,2026-03-02,active,199,experiment_prompt,0
u_040885,2025-11-16,active,199,bank_card,0
u_040891,2026-03-04,active,199,marketplace,0
u_040934,2026-02-09,active,199,marketplace,0
u_040937,2026-02-25,active,199,bank_card,0
u_040939,2026-04-08,active,199,bank_card,0
u_040942,2026-06-20,active,199,marketplace,1
u_040943,2026-03-10,active,199,experiment_prompt,0
u_040953,2025-12-29,active,199,promo,0
u_040964,2025-06-14,active,199,marketplace,0
u_040966,2026-05-18,active,199,marketplace,0
u_040969,2026-05-18,active,199,bank_card,0
u_040972,2025-11-23,active,199,marketplace,0
u_040984,2025-09-29,cancelled,199,marketplace,1
u_040986,2026-05-03,active,199,marketplace,1
u_040987,2025-05-21,active,199,bank_card,0
u_040991,2026-06-17,active,199,experiment_prompt,0
u_041016,2025-08-15,cancelled,199,marketplace,0
u_041032,2026-07-08,active,199,marketplace,1
u_041039,2026-02-21,active,199,bank_card,0
u_041052,2026-01-08,active,199,bank_card,1
u_041066,2026-06-09,active,199,bank_card,0
u_041067,2026-03-09,active,199,marketplace,0
u_041074,2026-06-05,active,199,marketplace,0
u_041076,2026-01-06,cancelled,199,experiment_prompt,0
u_041081,2026-06-06,active,199,marketplace,0
u_041083,2026-03-04,active,199,marketplace,0
u_041095,2026-03-07,active,199,bank_card,1
u_041097,2026-04-26,active,199,marketplace,1
u_041101,2026-05-15,active,199,experiment_prompt,0
u_041105,2026-07-02,active,199,promo,0
u_041107,2026-05-10,active,199,marketplace,0
u_041109,2026-02-14,active,199,bank_card,0
u_041112,2026-05-17,active,199,marketplace,0
u_041124,2025-02-08,active,199,experiment_prompt,0
u_041130,2025-11-15,active,199,promo,0
u_041132,2026-04-10,active,199,bank_card,1
u_041138,2026-05-28,active,199,marketplace,0
u_041143,2026-07-08,active,199,marketplace,0
u_041151,2025-09-19,active,199,bank_card,0
u_041157,2025-09-24,active,199,marketplace,0
u_041164,2026-04-13,active,199,marketplace,0
u_041166,2026-02-21,active,199,marketplace,1
u_041176,2026-06-17,active,199,marketplace,1
u_041183,2026-04-20,active,199,experiment_prompt,0
u_041191,2026-05-23,active,199,experiment_prompt,0
u_041193,2026-03-19,active,199,bank_card,1
u_041194,2025-09-24,active,199,bank_card,1
u_041196,2026-04-30,active,199,experiment_prompt,0
u_041199,2025-12-19,active,199,marketplace,0
u_041200,2026-02-15,active,199,bank_card,0
u_041208,2026-04-24,active,199,experiment_prompt,1
u_041216,2026-06-17,active,199,marketplace,0
u_041219,2026-03-12,active,199,marketplace,0
u_041222,2026-02-26,active,199,bank_card,0
u_041230,2026-05-18,active,199,marketplace,0
u_041236,2026-06-28,active,199,experiment_prompt,0
u_041240,2026-05-01,active,199,experiment_prompt,1
u_041242,2026-05-08,active,199,marketplace,0
u_041258,2025-12-29,active,199,marketplace,0
u_041264,2026-07-13,active,199,promo,0
u_041282,2026-06-07,active,199,partner,1
u_041294,2026-06-19,active,199,promo,0
u_041298,2026-02-16,active,199,marketplace,0
u_041300,2025-12-15,active,199,bank_card,0
u_041307,2026-06-22,active,199,bank_card,0
u_041310,2026-07-22,active,199,partner,0
u_041314,2026-03-28,active,199,marketplace,0
u_041316,2025-01-31,active,199,marketplace,1
u_041321,2026-02-14,active,199,promo,0
u_041323,2026-03-10,active,199,marketplace,0
u_041325,2025-11-02,active,199,marketplace,0
u_041326,2026-01-10,active,199,experiment_prompt,0
u_041334,2026-04-02,active,199,experiment_prompt,0
u_041337,2026-01-28,active,199,marketplace,0
u_041343,2025-11-07,active,199,experiment_prompt,0
u_041364,2026-04-30,active,199,marketplace,0
u_041366,2026-02-16,active,199,marketplace,1
u_041392,2025-11-24,active,199,promo,0
u_041406,2026-07-03,active,199,promo,1
u_041419,2026-05-24,active,199,bank_card,0
u_041423,2026-04-09,active,199,marketplace,0
u_041428,2026-07-27,active,199,marketplace,0
u_041431,2026-02-26,active,199,marketplace,0
u_041434,2026-05-02,active,199,bank_card,0
u_041437,2026-04-12,active,199,marketplace,0
u_041442,2026-06-30,active,199,marketplace,0
u_041446,2026-01-05,active,199,marketplace,0
u_041448,2026-03-18,active,199,experiment_prompt,0
u_041458,2025-08-17,active,199,bank_card,0
u_041473,2025-10-26,active,199,bank_card,0
u_041476,2026-07-01,active,199,marketplace,0
u_041486,2025-08-14,active,199,bank_card,0
u_041492,2026-05-13,active,199,marketplace,0
u_041505,2026-05-17,active,199,promo,0
u_041508,2025-12-29,active,199,promo,0
u_041520,2025-09-20,active,199,experiment_prompt,0
u_041522,2026-06-04,active,199,promo,0
u_041523,2026-04-19,active,199,bank_card,0
u_041536,2026-04-28,active,199,experiment_prompt,0
u_041537,2025-08-01,active,199,marketplace,0
u_041554,2026-05-15,active,199,bank_card,1
u_041562,2026-05-19,active,199,marketplace,0
u_041563,2026-02-05,active,199,partner,0
u_041565,2026-06-20,active,199,bank_card,0
u_041571,2026-06-03,active,199,marketplace,0
u_041578,2026-05-09,active,199,bank_card,0
u_041579,2025-09-17,active,199,marketplace,0
u_041581,2026-06-30,active,199,bank_card,0
u_041585,2025-11-21,active,199,marketplace,0
u_041589,2026-02-28,active,199,experiment_prompt,0
u_041594,2026-01-31,active,199,marketplace,1
u_041598,2026-05-16,active,199,experiment_prompt,0
u_041604,2025-08-13,active,199,marketplace,1
u_041612,2025-07-03,active,199,promo,0
u_041621,2026-01-20,active,199,promo,0
u_041623,2026-05-09,active,199,marketplace,1
u_041631,2026-01-25,active,199,marketplace,0
u_041632,2026-06-25,active,199,marketplace,0
u_041644,2026-07-07,active,199,marketplace,1
u_041645,2025-12-04,active,199,marketplace,0
u_041652,2026-04-22,active,199,experiment_prompt,0
u_041655,2026-06-28,active,199,bank_card,1
u_041656,2026-07-12,active,199,bank_card,1
u_041657,2026-06-04,active,199,experiment_prompt,0
u_041660,2026-01-11,active,199,experiment_prompt,0
u_041662,2025-08-07,active,199,bank_card,0
u_041664,2026-07-21,active,199,marketplace,1
u_041666,2025-12-05,active,199,experiment_prompt,0
u_041667,2026-06-19,active,199,marketplace,0
u_041671,2026-06-22,active,199,experiment_prompt,0
u_041680,2026-05-12,active,199,bank_card,0
u_041682,2026-03-22,active,199,experiment_prompt,0
u_041697,2026-03-25,active,199,promo,0
u_041713,2026-06-18,active,199,bank_card,0
u_041717,2026-02-18,active,199,bank_card,0
u_041719,2026-04-09,active,199,marketplace,0
u_041720,2026-04-28,active,199,bank_card,0
u_041723,2026-03-10,active,199,marketplace,0
u_041726,2026-05-31,active,199,marketplace,1
u_041728,2025-12-20,active,199,partner,0
u_041735,2025-07-12,active,199,marketplace,0
u_041736,2026-02-19,active,199,marketplace,0
u_041738,2026-01-30,active,199,marketplace,0
u_041742,2026-01-20,active,199,marketplace,1
u_041745,2026-07-18,active,199,experiment_prompt,1
u_041752,2026-03-01,active,199,experiment_prompt,0
u_041766,2026-07-10,active,199,bank_card,0
u_041768,2026-06-20,active,199,bank_card,1
u_041777,2026-05-29,active,199,marketplace,1
u_041778,2026-04-07,active,199,marketplace,0
u_041782,2026-04-30,active,199,promo,1
u_041786,2026-04-14,active,199,bank_card,0
u_041800,2026-06-29,active,199,experiment_prompt,0
u_041802,2026-05-17,active,199,marketplace,0
u_041804,2026-03-09,active,199,bank_card,0
u_041814,2025-02-13,active,199,promo,0
u_041819,2026-06-05,active,199,bank_card,0
u_041820,2026-04-21,active,199,bank_card,0
u_041822,2025-12-06,active,199,experiment_prompt,0
u_041823,2026-05-04,active,199,promo,0
u_041831,2026-05-13,active,199,marketplace,0
u_041834,2026-06-23,active,199,bank_card,0
u_041837,2026-06-20,active,199,bank_card,0
u_041850,2026-03-18,active,199,marketplace,0
u_041865,2026-06-24,active,199,bank_card,0
u_041888,2025-10-02,active,199,marketplace,0
u_041892,2026-06-21,active,199,experiment_prompt,1
u_041901,2026-07-08,active,199,experiment_prompt,1
u_041911,2026-06-06,active,199,promo,0
u_041913,2025-09-06,active,199,experiment_prompt,0
u_041914,2025-11-22,active,199,marketplace,0
u_041915,2026-06-06,active,199,marketplace,0
u_041922,2026-06-21,active,199,bank_card,0
u_041931,2026-05-25,active,199,experiment_prompt,0
u_041937,2026-05-11,active,199,marketplace,0
u_041943,2026-04-24,active,199,promo,1
u_041944,2026-03-20,active,199,marketplace,0
u_041945,2026-07-19,active,199,promo,0
u_041946,2026-01-22,active,199,experiment_prompt,0
u_041958,2026-04-30,active,199,promo,0
u_041959,2026-05-03,active,199,marketplace,0
u_041968,2026-06-13,active,199,partner,0
u_041973,2026-05-11,active,199,marketplace,0
u_041977,2025-11-27,active,199,marketplace,0
u_041978,2026-05-22,active,199,marketplace,0
u_041979,2026-06-30,active,199,partner,0
u_041984,2026-06-05,active,199,bank_card,1
u_041987,2026-06-18,active,199,marketplace,0
u_041988,2025-02-04,active,199,experiment_prompt,0
u_041989,2026-03-05,active,199,marketplace,0
u_041990,2026-02-15,active,199,marketplace,1
u_041996,2025-12-11,active,199,experiment_prompt,0
u_042001,2026-07-01,active,199,marketplace,1
u_042006,2026-03-30,active,199,marketplace,1
u_042014,2026-05-15,active,199,marketplace,0
u_042015,2026-02-05,active,199,marketplace,0
u_042016,2026-02-22,active,199,experiment_prompt,0
u_042036,2026-06-10,active,199,bank_card,0
u_042039,2026-06-07,active,199,marketplace,0
u_042041,2026-02-11,active,199,experiment_prompt,0
u_042044,2025-12-23,active,199,marketplace,0
u_042045,2026-03-28,active,199,promo,0
u_042051,2026-07-19,active,199,experiment_prompt,0
u_042058,2026-01-10,active,199,bank_card,0
u_042059,2026-03-25,active,199,marketplace,0
u_042060,2026-06-29,active,199,bank_card,0
u_042064,2026-06-03,active,199,marketplace,1
u_042066,2026-06-12,active,199,promo,0
u_042075,2026-04-12,active,199,bank_card,0
u_042077,2026-06-20,active,199,bank_card,0
u_042079,2025-12-26,active,199,marketplace,0
u_042084,2026-06-25,active,199,marketplace,0
u_042090,2025-12-24,active,199,experiment_prompt,0
u_042096,2026-06-27,active,199,bank_card,0
u_042101,2026-03-16,active,199,marketplace,1
u_042118,2026-04-02,active,199,partner,0
u_042122,2025-11-25,active,199,experiment_prompt,0
u_042125,2026-06-28,active,199,marketplace,0
u_042134,2026-05-05,active,199,experiment_prompt,0
u_042136,2026-05-17,cancelled,199,bank_card,0
u_042139,2026-06-02,active,199,marketplace,0
u_042140,2026-05-05,active,199,marketplace,0
u_042141,2026-05-07,active,199,marketplace,0
u_042144,2026-01-29,active,199,marketplace,0
u_042152,2026-05-26,active,199,experiment_prompt,1
u_042153,2025-12-24,active,199,experiment_prompt,0
u_042166,2026-04-29,active,199,experiment_prompt,0
u_042177,2026-07-23,active,199,marketplace,0
u_042184,2026-03-11,active,199,bank_card,0
u_042186,2025-10-05,active,199,experiment_prompt,0
u_042195,2025-06-09,active,199,experiment_prompt,0
u_042197,2026-01-28,active,199,experiment_prompt,0
u_042199,2026-03-18,active,199,bank_card,0
u_042205,2025-11-09,active,199,bank_card,0
u_042210,2026-06-22,active,199,experiment_prompt,0
u_042213,2026-02-26,active,199,bank_card,1
u_042220,2026-06-03,active,199,marketplace,0
u_042228,2025-09-30,active,199,promo,1
u_042232,2026-06-16,cancelled,199,experiment_prompt,0
u_042236,2025-06-06,cancelled,199,promo,0
u_042240,2026-04-07,active,199,experiment_prompt,1
u_042241,2025-12-07,active,199,marketplace,0
u_042242,2026-06-05,active,199,marketplace,0
u_042246,2026-01-24,active,199,marketplace,0
u_042256,2026-06-02,active,199,bank_card,0
u_042261,2026-01-26,active,199,marketplace,0
u_042266,2026-05-10,active,199,marketplace,0
u_042270,2026-04-27,active,199,marketplace,1
u_042273,2026-06-15,cancelled,199,experiment_prompt,0
u_042277,2026-06-14,active,199,experiment_prompt,0
u_042281,2026-03-22,active,199,bank_card,0
u_042287,2025-01-14,active,199,marketplace,0
u_042290,2026-06-21,active,199,experiment_prompt,0
u_042292,2025-12-14,active,199,bank_card,1
u_042297,2026-05-29,active,199,marketplace,0
u_042299,2026-05-28,active,199,bank_card,1
u_042300,2026-05-01,active,199,experiment_prompt,0
u_042302,2026-04-15,active,199,promo,0
u_042303,2026-06-26,active,199,experiment_prompt,0
u_042304,2026-06-28,active,199,bank_card,0
u_042320,2026-06-14,active,199,bank_card,0
u_042325,2026-02-18,cancelled,199,experiment_prompt,0
u_042326,2025-09-10,active,199,marketplace,0
u_042330,2026-03-03,active,199,marketplace,0
u_042337,2026-06-30,active,199,promo,0
u_042347,2026-03-30,active,199,bank_card,1
u_042353,2026-02-13,active,199,marketplace,1
u_042359,2025-08-25,active,199,marketplace,1
u_042360,2026-07-21,active,199,marketplace,1
u_042361,2026-07-18,active,199,bank_card,1
u_042371,2026-05-03,active,199,marketplace,0
u_042373,2026-04-22,cancelled,199,marketplace,0
u_042377,2024-06-05,active,199,bank_card,0
u_042383,2026-06-25,active,199,bank_card,1
u_042390,2026-05-29,active,199,bank_card,0
u_042393,2026-06-21,active,199,bank_card,0
u_042400,2026-06-27,active,199,bank_card,0
u_042404,2025-12-24,active,199,promo,0
u_042411,2025-12-12,active,199,experiment_prompt,1
u_042413,2026-07-29,active,199,partner,1
u_042428,2026-06-30,active,199,experiment_prompt,0
u_042429,2025-06-16,active,199,bank_card,0
u_042430,2026-03-27,active,199,bank_card,0
u_042437,2026-02-13,active,199,bank_card,0
u_042443,2026-07-18,active,199,marketplace,1
u_042451,2026-06-23,active,199,marketplace,0
u_042453,2025-12-17,active,199,bank_card,0
u_042467,2025-12-30,active,199,bank_card,0
u_042470,2026-03-13,active,199,marketplace,1
u_042475,2026-04-28,active,199,bank_card,0
u_042482,2025-08-12,active,199,bank_card,0
u_042489,2025-12-30,active,199,marketplace,0
u_042497,2026-06-29,active,199,bank_card,0
u_042500,2026-07-02,active,199,marketplace,1
u_042508,2025-09-06,active,199,marketplace,0
u_042511,2026-03-07,active,199,experiment_prompt,0
u_042518,2026-05-21,active,199,bank_card,1
u_042520,2026-05-10,active,199,marketplace,0
u_042522,2026-02-10,active,199,marketplace,0
u_042534,2026-07-02,active,199,marketplace,1
u_042545,2026-02-07,cancelled,199,marketplace,0
u_042552,2026-07-27,active,199,marketplace,0
u_042556,2025-12-23,active,199,experiment_prompt,0
u_042572,2026-03-16,active,199,bank_card,0
u_042584,2026-06-11,active,199,marketplace,0
u_042586,2026-02-18,active,199,bank_card,0
u_042592,2026-04-16,active,199,marketplace,0
u_042594,2026-02-11,cancelled,199,bank_card,0
u_042600,2026-06-20,active,199,marketplace,0
u_042608,2026-07-09,active,199,marketplace,1
u_042619,2026-05-25,active,199,partner,0
u_042629,2026-03-18,active,199,bank_card,0
u_042633,2026-05-08,active,199,partner,0
u_042638,2025-11-28,active,199,experiment_prompt,1
u_042642,2026-01-27,active,199,marketplace,0
u_042645,2026-06-09,active,199,marketplace,0
u_042654,2025-12-18,active,199,marketplace,0
u_042660,2026-02-17,active,199,marketplace,0
u_042661,2026-07-05,active,199,marketplace,1
u_042662,2026-03-10,active,199,promo,0
u_042678,2026-05-22,cancelled,199,experiment_prompt,0
u_042681,2026-06-15,active,199,experiment_prompt,0
u_042682,2025-12-27,active,199,marketplace,0
u_042694,2026-05-29,active,199,bank_card,0
u_042699,2026-07-02,active,199,marketplace,0
u_042706,2026-07-12,active,199,partner,1
u_042715,2026-02-08,active,199,marketplace,1
u_042721,2026-06-12,active,199,experiment_prompt,0
u_042728,2026-05-16,active,199,bank_card,0
u_042736,2026-05-09,active,199,bank_card,0
u_042744,2026-04-21,active,199,experiment_prompt,0
u_042748,2025-11-10,active,199,marketplace,1
u_042749,2026-03-15,active,199,bank_card,0
u_042754,2024-07-28,active,199,promo,1
u_042757,2026-04-29,active,199,promo,0
u_042758,2026-06-16,active,199,experiment_prompt,0
u_042759,2025-10-06,cancelled,199,marketplace,0
u_042765,2025-11-20,active,199,marketplace,0
u_042774,2025-08-03,active,199,bank_card,1
u_042790,2026-04-29,active,199,promo,0
u_042792,2026-04-30,active,199,marketplace,0
u_042795,2026-02-21,active,199,bank_card,1
u_042806,2026-05-15,active,199,bank_card,1
u_042823,2026-03-14,active,199,bank_card,0
u_042824,2025-06-21,active,199,marketplace,0
u_042835,2026-07-22,active,199,marketplace,1
u_042836,2025-09-26,active,199,partner,0
u_042844,2025-09-25,active,199,marketplace,0
u_042846,2026-06-13,active,199,marketplace,1
u_042851,2026-06-23,active,199,promo,1
u_042853,2026-06-19,active,199,bank_card,0
u_042857,2026-07-24,active,199,experiment_prompt,0
u_042865,2026-06-20,active,199,promo,0
u_042875,2026-05-13,active,199,bank_card,0
u_042888,2026-02-17,active,199,marketplace,0
u_042889,2026-07-16,active,199,marketplace,0
u_042894,2026-03-30,active,199,marketplace,1
u_042898,2026-05-24,active,199,marketplace,0
u_042901,2026-04-26,active,199,marketplace,0
u_042904,2026-06-21,active,199,experiment_prompt,0
u_042919,2026-06-02,active,199,promo,0
u_042929,2026-05-05,active,199,experiment_prompt,1
u_042931,2024-05-17,active,199,marketplace,0
u_042933,2025-10-30,active,199,experiment_prompt,0
u_042934,2026-05-09,active,199,promo,0
u_042936,2026-04-14,active,199,experiment_prompt,0
u_042942,2025-11-10,cancelled,199,partner,0
u_042947,2026-05-21,active,199,marketplace,1
u_042955,2026-03-28,active,199,experiment_prompt,1
u_042960,2026-06-03,active,199,marketplace,0
u_042962,2026-05-17,active,199,experiment_prompt,0
u_042966,2026-03-25,active,199,marketplace,0
u_042968,2026-02-01,active,199,marketplace,0
u_042970,2026-06-30,active,199,promo,1
u_042980,2025-07-21,active,199,bank_card,0
u_042984,2026-03-13,active,199,marketplace,1
u_042992,2026-07-08,active,199,promo,0
u_042995,2026-06-26,active,199,marketplace,0
u_042998,2026-01-15,active,199,marketplace,0
u_043000,2026-02-07,active,199,experiment_prompt,0
u_043012,2026-07-06,active,199,promo,0
u_043014,2026-05-04,active,199,experiment_prompt,1
u_043017,2025-11-07,active,199,promo,0
u_043029,2026-04-27,active,199,promo,0
u_043046,2026-06-10,active,199,experiment_prompt,0
u_043050,2026-05-27,active,199,bank_card,0
u_043051,2025-08-08,active,199,promo,0
u_043054,2026-04-22,active,199,marketplace,0
u_043060,2025-10-22,active,199,bank_card,0
u_043061,2025-10-27,active,199,bank_card,0
u_043062,2026-04-16,active,199,experiment_prompt,0
u_043064,2026-06-27,active,199,bank_card,0
u_043073,2026-05-22,active,199,bank_card,1
u_043076,2025-12-05,cancelled,199,bank_card,0
u_043081,2026-06-04,active,199,marketplace,0
u_043093,2026-01-24,active,199,partner,0
u_043094,2026-07-10,active,199,experiment_prompt,1
u_043095,2025-12-25,active,199,experiment_prompt,0
u_043100,2026-05-12,active,199,promo,0
u_043104,2026-06-30,active,199,promo,0
u_043107,2026-06-24,active,199,experiment_prompt,0
u_043115,2026-07-01,active,199,promo,0
u_043117,2026-04-23,active,199,experiment_prompt,0
u_043118,2026-06-30,active,199,experiment_prompt,0
u_043123,2023-10-26,active,199,bank_card,0
u_043128,2025-11-14,active,199,marketplace,0
u_043133,2026-05-24,active,199,experiment_prompt,0
u_043135,2026-05-01,active,199,marketplace,0
u_043137,2026-05-10,active,199,marketplace,1
u_043141,2026-06-14,active,199,marketplace,0
u_043143,2026-02-02,active,199,bank_card,0
u_043147,2026-07-23,active,199,marketplace,1
u_043148,2026-05-18,active,199,marketplace,0
u_043154,2026-03-26,active,199,marketplace,0
u_043158,2026-01-02,active,199,bank_card,0
u_043159,2026-04-05,active,199,marketplace,1
u_043161,2025-12-18,active,199,experiment_prompt,0
u_043171,2026-05-25,active,199,experiment_prompt,0
u_043186,2025-12-25,active,199,marketplace,0
u_043191,2026-05-27,active,199,experiment_prompt,0
u_043205,2026-07-23,active,199,promo,0
u_043224,2026-04-10,active,199,partner,0
u_043226,2026-04-22,active,199,partner,1
u_043231,2025-06-21,active,199,bank_card,0
u_043240,2026-06-27,active,199,marketplace,0
u_043241,2025-12-18,active,199,marketplace,0
u_043242,2026-02-04,active,199,marketplace,0
u_043247,2025-12-20,active,199,promo,0
u_043258,2026-01-17,active,199,marketplace,0
u_043260,2025-03-15,active,199,marketplace,0
u_043261,2026-07-17,active,199,experiment_prompt,0
u_043264,2026-07-18,active,199,marketplace,1
u_043265,2026-07-04,active,199,marketplace,1
u_043268,2026-05-04,active,199,bank_card,0
u_043271,2026-07-07,active,199,bank_card,1
u_043272,2026-06-15,active,199,experiment_prompt,0
u_043279,2025-05-01,active,199,bank_card,0
u_043288,2026-03-16,active,199,marketplace,0
u_043289,2026-07-01,active,199,experiment_prompt,1
u_043293,2026-03-19,active,199,experiment_prompt,0
u_043296,2026-04-09,active,199,experiment_prompt,0
u_043301,2025-11-15,active,199,partner,0
u_043304,2025-04-30,active,199,bank_card,0
u_043306,2025-07-29,active,199,marketplace,0
u_043309,2026-01-31,cancelled,199,marketplace,0
u_043311,2026-05-02,active,199,marketplace,0
u_043314,2026-06-09,active,199,marketplace,0
u_043318,2026-07-09,active,199,promo,1
u_043324,2026-03-04,active,199,experiment_prompt,0
u_043325,2026-06-05,active,199,experiment_prompt,1
u_043326,2026-04-15,active,199,experiment_prompt,0
u_043329,2026-07-03,active,199,bank_card,1
u_043337,2026-06-28,active,199,marketplace,0
u_043338,2026-02-28,active,199,marketplace,1
u_043343,2025-06-27,active,199,marketplace,0
u_043348,2025-11-02,active,199,marketplace,0
u_043353,2025-09-09,active,199,marketplace,0
u_043354,2025-06-27,active,199,bank_card,0
u_043355,2026-06-10,cancelled,199,bank_card,1
u_043357,2026-06-01,active,199,marketplace,0
u_043358,2026-03-03,active,199,marketplace,0
u_043359,2025-10-02,active,199,marketplace,0
u_043360,2026-04-11,active,199,marketplace,0
u_043361,2026-06-02,active,199,bank_card,0
u_043369,2026-07-19,active,199,marketplace,1
u_043399,2026-06-11,active,199,marketplace,0
u_043406,2026-05-22,active,199,marketplace,0
u_043410,2025-12-26,active,199,promo,0
u_043412,2026-06-21,active,199,marketplace,0
u_043415,2026-06-16,active,199,bank_card,0
u_043423,2026-03-01,active,199,bank_card,0
u_043425,2026-04-10,active,199,experiment_prompt,0
u_043429,2026-05-26,active,199,experiment_prompt,1
u_043434,2026-05-03,active,199,marketplace,0
u_043440,2026-03-22,active,199,marketplace,0
u_043464,2026-06-30,active,199,promo,0
u_043466,2026-05-29,active,199,bank_card,0
u_043467,2026-06-21,active,199,marketplace,0
u_043473,2026-05-18,active,199,bank_card,0
u_043481,2026-07-17,active,199,marketplace,0
u_043493,2026-07-01,active,199,experiment_prompt,0
u_043498,2026-06-05,active,199,experiment_prompt,1
u_043500,2026-07-01,active,199,experiment_prompt,1
u_043503,2026-06-14,active,199,experiment_prompt,0
u_043506,2025-11-26,active,199,bank_card,0
u_043507,2026-02-12,active,199,experiment_prompt,0
u_043508,2026-03-21,active,199,experiment_prompt,1
u_043513,2025-09-28,active,199,marketplace,0
u_043514,2026-06-02,active,199,experiment_prompt,1
u_043521,2026-06-22,active,199,marketplace,0
u_043526,2026-07-30,active,199,experiment_prompt,0
u_043530,2025-08-30,active,199,marketplace,0
u_043531,2026-04-21,active,199,experiment_prompt,1
u_043532,2026-04-23,active,199,marketplace,0
u_043535,2026-04-26,cancelled,199,marketplace,0
u_043542,2026-05-02,active,199,marketplace,0
u_043545,2026-02-18,cancelled,199,bank_card,0
u_043551,2026-05-05,active,199,promo,0
u_043554,2026-02-14,active,199,partner,0
u_043560,2026-06-21,active,199,marketplace,0
u_043586,2026-04-24,cancelled,199,marketplace,0
u_043587,2025-09-19,active,199,marketplace,0
u_043589,2025-06-10,active,199,partner,0
u_043597,2026-07-02,active,199,promo,0
u_043607,2026-07-23,cancelled,199,experiment_prompt,1
u_043623,2026-06-16,active,199,partner,0
u_043624,2026-07-08,active,199,experiment_prompt,0
u_043631,2026-03-22,active,199,marketplace,0
u_043648,2026-02-17,active,199,partner,0
u_043649,2026-05-18,active,199,promo,0
u_043660,2025-11-20,active,199,bank_card,0
u_043661,2026-03-18,active,199,experiment_prompt,1
u_043662,2025-11-12,active,199,marketplace,1
u_043664,2026-06-05,active,199,marketplace,0
u_043669,2025-11-24,active,199,marketplace,0
u_043671,2026-06-21,active,199,bank_card,0
u_043675,2026-03-21,active,199,marketplace,1
u_043676,2025-06-21,active,199,marketplace,0
u_043689,2026-06-18,active,199,marketplace,0
u_043695,2026-03-11,active,199,experiment_prompt,0
u_043696,2026-07-10,active,199,bank_card,1
u_043704,2025-12-11,active,199,bank_card,0
u_043709,2026-05-27,cancelled,199,marketplace,0
u_043723,2025-09-11,active,199,partner,1
u_043726,2026-07-16,active,199,bank_card,1
u_043739,2026-06-04,active,199,promo,0
u_043740,2026-06-19,active,199,bank_card,0
u_043747,2026-02-10,active,199,experiment_prompt,1
u_043757,2025-11-27,active,199,promo,0
u_043769,2026-04-19,active,199,partner,0
u_043781,2026-03-25,active,199,experiment_prompt,0
u_043796,2024-06-08,active,199,marketplace,0
u_043801,2026-07-07,cancelled,199,bank_card,1
u_043802,2026-06-17,active,199,marketplace,1
u_043810,2026-05-30,active,199,experiment_prompt,0
u_043811,2025-10-18,active,199,marketplace,0
u_043816,2026-01-09,active,199,marketplace,0
u_043817,2026-01-07,active,199,marketplace,0
u_043818,2025-12-10,active,199,marketplace,0
u_043820,2026-07-13,active,199,bank_card,1
u_043824,2025-12-23,active,199,marketplace,1
u_043832,2026-06-13,active,199,marketplace,0
u_043833,2025-09-14,active,199,experiment_prompt,0
u_043838,2026-06-24,active,199,experiment_prompt,1
u_043840,2026-03-22,cancelled,199,bank_card,0
u_043847,2026-05-16,active,199,partner,0
u_043854,2026-07-29,cancelled,199,bank_card,1
u_043857,2026-04-28,cancelled,199,bank_card,0
u_043868,2026-04-15,active,199,bank_card,0
u_043884,2026-07-29,active,199,marketplace,1
u_043888,2026-05-21,cancelled,199,bank_card,0
u_043892,2026-07-07,active,199,marketplace,1
u_043893,2026-04-15,active,199,bank_card,1
u_043896,2025-11-05,active,199,marketplace,0
u_043900,2026-01-24,active,199,marketplace,0
u_043903,2026-04-08,active,199,experiment_prompt,0
u_043911,2026-06-18,active,199,experiment_prompt,0
u_043914,2026-06-14,active,199,promo,0
u_043922,2026-05-13,active,199,marketplace,1
u_043932,2024-08-23,active,199,bank_card,0
u_043936,2026-04-14,active,199,marketplace,0
u_043944,2026-04-19,active,199,promo,0
u_043953,2026-03-21,active,199,bank_card,0
u_043958,2026-04-05,active,199,marketplace,0
u_043959,2026-02-26,active,199,bank_card,0
u_043973,2026-06-25,active,199,promo,0
u_043976,2026-07-01,active,199,bank_card,1
u_043977,2026-04-05,active,199,marketplace,1
u_043981,2026-02-18,active,199,bank_card,0
u_043988,2026-03-22,active,199,experiment_prompt,0
u_043997,2026-05-28,active,199,bank_card,0
u_044001,2026-05-01,active,199,experiment_prompt,0
u_044004,2025-08-19,active,199,bank_card,1
u_044011,2026-02-23,active,199,promo,0
u_044012,2026-02-13,active,199,partner,0
u_044013,2026-07-05,active,199,marketplace,1
u_044015,2026-01-09,active,199,experiment_prompt,0
u_044019,2026-04-12,active,199,experiment_prompt,0
u_044020,2026-06-01,active,199,marketplace,0
u_044039,2026-03-04,active,199,experiment_prompt,0
u_044041,2025-12-06,active,199,marketplace,0
u_044054,2026-06-27,cancelled,199,promo,0
u_044058,2026-05-06,active,199,bank_card,0
u_044065,2026-06-27,active,199,marketplace,1
u_044066,2026-06-08,active,199,experiment_prompt,0
u_044068,2025-12-09,active,199,bank_card,0
u_044086,2025-12-22,active,199,bank_card,0
u_044097,2026-02-08,active,199,experiment_prompt,0
u_044107,2026-06-25,active,199,bank_card,0
u_044114,2026-06-01,active,199,partner,0
u_044131,2026-05-16,active,199,bank_card,1
u_044134,2026-04-30,active,199,bank_card,0
u_044146,2026-06-08,active,199,marketplace,0
u_044155,2026-07-09,active,199,marketplace,0
u_044158,2026-06-22,cancelled,199,bank_card,0
u_044163,2026-02-22,active,199,bank_card,0
u_044164,2026-02-03,active,199,bank_card,0
u_044167,2025-03-07,active,199,marketplace,0
u_044170,2026-05-21,active,199,experiment_prompt,1
u_044172,2026-03-14,active,199,marketplace,0
u_044177,2025-11-10,active,199,marketplace,0
u_044182,2025-08-21,active,199,partner,0
u_044184,2026-06-15,active,199,marketplace,0
u_044185,2025-11-21,active,199,marketplace,0
u_044186,2026-04-05,active,199,promo,0
u_044191,2025-10-22,active,199,experiment_prompt,0
u_044200,2026-06-14,active,199,experiment_prompt,1
u_044201,2026-01-04,active,199,marketplace,0
u_044208,2026-06-13,active,199,marketplace,0
u_044216,2025-12-11,active,199,marketplace,0
u_044225,2026-06-27,active,199,marketplace,0
u_044230,2026-01-08,cancelled,199,bank_card,0
u_044236,2026-03-21,active,199,experiment_prompt,0
u_044240,2026-05-12,active,199,experiment_prompt,0
u_044252,2025-12-24,active,199,experiment_prompt,0
u_044254,2026-05-03,active,199,marketplace,0
u_044259,2026-05-28,active,199,marketplace,0
u_044262,2026-06-09,active,199,marketplace,0
u_044264,2026-01-05,active,199,experiment_prompt,0
u_044266,2026-02-04,active,199,marketplace,0
u_044282,2025-10-28,active,199,bank_card,0
u_044286,2026-06-28,active,199,marketplace,0
u_044291,2026-06-10,active,199,marketplace,0
u_044299,2025-12-12,active,199,marketplace,0
u_044309,2026-05-31,active,199,bank_card,0
u_044311,2026-04-28,active,199,marketplace,0
u_044317,2026-04-12,active,199,promo,0
u_044321,2026-03-15,active,199,bank_card,0
u_044323,2025-11-03,cancelled,199,experiment_prompt,0
u_044334,2025-12-13,cancelled,199,bank_card,1
u_044348,2026-06-10,active,199,marketplace,0
u_044350,2026-02-01,active,199,marketplace,0
u_044352,2026-06-23,active,199,promo,0
u_044365,2026-04-05,active,199,experiment_prompt,0
u_044366,2026-04-13,active,199,experiment_prompt,1
u_044369,2025-03-04,active,199,partner,0
u_044380,2026-03-15,active,199,bank_card,0
u_044381,2026-05-24,active,199,experiment_prompt,0
u_044382,2026-05-13,active,199,promo,0
u_044389,2026-07-06,active,199,experiment_prompt,0
u_044394,2026-05-15,active,199,bank_card,0
u_044403,2025-11-21,active,199,bank_card,0
u_044417,2026-02-01,active,199,marketplace,0
u_044421,2026-04-23,active,199,marketplace,0
u_044431,2026-01-08,active,199,marketplace,0
u_044434,2026-06-14,active,199,marketplace,0
u_044458,2026-01-30,active,199,experiment_prompt,0
u_044460,2026-04-24,active,199,marketplace,0
u_044462,2026-04-10,active,199,bank_card,0
u_044470,2026-07-24,active,199,marketplace,0
u_044474,2026-05-05,active,199,bank_card,0
u_044475,2026-01-23,active,199,promo,0
u_044480,2026-05-08,active,199,marketplace,0
u_044493,2026-06-13,active,199,bank_card,1
u_044494,2026-04-08,active,199,partner,1
u_044496,2026-02-11,active,199,marketplace,0
u_044505,2026-02-20,active,199,bank_card,0
u_044522,2026-05-11,active,199,promo,1
u_044523,2025-07-13,active,199,promo,0
u_044540,2026-05-27,active,199,experiment_prompt,1
u_044543,2026-03-05,active,199,partner,1
u_044549,2026-07-10,active,199,bank_card,0
u_044550,2026-05-16,active,199,experiment_prompt,0
u_044552,2026-06-01,active,199,marketplace,1
u_044557,2025-07-15,active,199,promo,1
u_044560,2025-08-27,active,199,bank_card,0
u_044563,2026-04-06,active,199,experiment_prompt,0
u_044566,2026-07-30,active,199,marketplace,0
u_044567,2026-07-05,active,199,marketplace,1
u_044571,2025-11-27,active,199,marketplace,0
u_044576,2026-05-19,active,199,marketplace,0
u_044582,2026-07-08,active,199,marketplace,1
u_044584,2026-05-06,active,199,marketplace,0
u_044599,2026-06-14,active,199,promo,0
u_044614,2025-11-12,active,199,marketplace,0
u_044620,2026-06-22,active,199,marketplace,0
u_044632,2025-06-18,active,199,marketplace,0
u_044638,2026-05-23,active,199,experiment_prompt,1
u_044639,2026-06-27,active,199,experiment_prompt,0
u_044654,2026-05-19,active,199,marketplace,1
u_044657,2026-06-17,active,199,promo,0
u_044662,2026-03-08,active,199,marketplace,0
u_044670,2025-12-20,active,199,promo,0
u_044672,2026-04-02,active,199,bank_card,0
u_044677,2025-06-16,active,199,experiment_prompt,0
u_044682,2026-07-04,active,199,bank_card,1
u_044683,2026-05-01,active,199,bank_card,0
u_044684,2026-05-20,active,199,bank_card,0
u_044686,2025-08-24,active,199,marketplace,0
u_044687,2026-07-24,active,199,marketplace,0
u_044688,2026-07-28,active,199,bank_card,1
u_044709,2026-07-11,active,199,experiment_prompt,1
u_044710,2026-05-09,active,199,bank_card,0
u_044712,2026-06-04,active,199,promo,0
u_044717,2026-04-02,active,199,experiment_prompt,0
u_044719,2026-03-14,active,199,marketplace,0
u_044720,2026-05-11,active,199,marketplace,0
u_044732,2026-01-11,active,199,marketplace,0
u_044738,2026-04-19,active,199,bank_card,0
u_044740,2026-02-25,active,199,marketplace,1
u_044746,2026-01-30,active,199,marketplace,0
u_044755,2026-06-11,cancelled,199,bank_card,1
u_044758,2026-03-21,active,199,marketplace,0
u_044763,2026-01-02,active,199,marketplace,0
u_044770,2025-12-11,active,199,experiment_prompt,0
u_044778,2026-05-17,active,199,marketplace,1
u_044780,2026-03-04,active,199,bank_card,0
u_044784,2025-06-21,cancelled,199,marketplace,0
u_044793,2026-05-21,active,199,bank_card,0
u_044794,2026-04-30,active,199,marketplace,1
u_044797,2026-01-03,active,199,bank_card,0
u_044800,2026-05-16,active,199,marketplace,0
u_044805,2026-07-01,active,199,promo,1
u_044806,2025-12-28,active,199,marketplace,0
u_044808,2026-04-24,active,199,marketplace,1
u_044809,2026-03-25,active,199,marketplace,0
u_044811,2026-07-11,active,199,marketplace,1
u_044824,2026-03-22,active,199,experiment_prompt,1
u_044830,2026-06-09,active,199,marketplace,0
u_044838,2025-10-09,active,199,bank_card,0
u_044848,2026-06-13,active,199,marketplace,0
u_044853,2025-09-30,active,199,marketplace,0
u_044859,2026-06-12,active,199,marketplace,0
u_044882,2026-05-27,active,199,bank_card,0
u_044895,2026-06-05,active,199,bank_card,0
u_044901,2026-05-21,active,199,bank_card,1
u_044903,2026-06-26,active,199,marketplace,0
u_044907,2026-05-20,active,199,bank_card,0
u_044914,2026-03-04,active,199,experiment_prompt,0
u_044916,2026-04-16,active,199,marketplace,0
u_044920,2026-03-12,active,199,marketplace,0
u_044936,2026-05-15,active,199,marketplace,0
u_044937,2026-03-26,active,199,bank_card,0
u_044941,2025-08-08,active,199,marketplace,0
u_044942,2026-06-20,active,199,marketplace,0
u_044944,2026-04-14,active,199,marketplace,0
u_044955,2026-06-21,active,199,promo,0
u_044959,2025-08-30,active,199,partner,0
u_044961,2026-06-04,active,199,promo,0
u_044981,2025-10-07,active,199,bank_card,0
u_044982,2025-12-19,active,199,marketplace,0
u_044990,2025-06-16,active,199,experiment_prompt,0
u_044991,2026-06-01,active,199,bank_card,0
u_045000,2026-06-03,active,199,partner,1
u_045001,2026-04-16,active,199,promo,0
u_045007,2026-01-15,active,199,bank_card,0
u_045008,2026-06-02,active,199,promo,1
u_045010,2025-11-04,active,199,bank_card,0
u_045011,2026-04-16,active,199,experiment_prompt,0
u_045013,2026-07-18,active,199,marketplace,1
u_045016,2026-06-19,active,199,bank_card,0
u_045019,2026-06-19,active,199,experiment_prompt,0
u_045021,2026-06-16,active,199,bank_card,0
u_045022,2025-12-07,active,199,marketplace,1
u_045024,2026-04-09,active,199,bank_card,0
u_045027,2026-02-03,active,199,experiment_prompt,0
u_045035,2026-03-08,active,199,bank_card,0
u_045043,2026-06-12,active,199,experiment_prompt,0
u_045055,2026-03-26,active,199,bank_card,0
u_045056,2026-05-06,active,199,promo,0
u_045058,2025-05-08,cancelled,199,marketplace,0
u_045061,2026-04-08,active,199,marketplace,0
u_045071,2026-03-10,active,199,marketplace,0
u_045084,2026-05-31,cancelled,199,bank_card,0
u_045085,2026-01-21,active,199,marketplace,0
u_045091,2026-06-22,active,199,experiment_prompt,0
u_045106,2026-06-05,active,199,bank_card,1
u_045111,2026-05-02,active,199,experiment_prompt,0
u_045112,2026-01-24,active,199,experiment_prompt,0
u_045113,2026-06-01,active,199,promo,0
u_045116,2026-07-03,active,199,bank_card,1
u_045118,2026-04-16,cancelled,199,experiment_prompt,0
u_045124,2026-02-18,active,199,experiment_prompt,0
u_045131,2026-06-11,active,199,bank_card,1
u_045132,2026-01-28,active,199,marketplace,0
u_045133,2026-03-16,active,199,bank_card,0
u_045139,2026-06-27,active,199,experiment_prompt,0
u_045145,2026-04-11,active,199,marketplace,0
u_045147,2026-06-19,active,199,promo,0
u_045148,2026-06-02,cancelled,199,promo,0
u_045152,2026-04-17,cancelled,199,marketplace,0
u_045153,2026-07-16,active,199,partner,0
u_045155,2026-05-01,active,199,marketplace,0
u_045156,2026-04-02,active,199,promo,0
u_045157,2025-12-14,active,199,promo,0
u_045158,2026-02-26,active,199,marketplace,0
u_045159,2026-05-17,active,199,bank_card,1
u_045169,2025-12-19,active,199,partner,0
u_045177,2026-06-25,active,199,promo,0
u_045181,2026-04-24,active,199,bank_card,0
u_045193,2025-10-10,cancelled,199,bank_card,0
u_045196,2025-11-15,active,199,experiment_prompt,0
u_045200,2026-02-06,active,199,marketplace,0
u_045213,2026-07-23,active,199,partner,0
u_045219,2026-07-01,cancelled,199,marketplace,0
u_045221,2026-05-21,active,199,bank_card,1
u_045224,2025-08-23,active,199,experiment_prompt,1
u_045230,2026-04-25,active,199,bank_card,1
u_045235,2026-04-24,active,199,marketplace,0
u_045236,2026-06-27,active,199,marketplace,0
u_045241,2025-06-28,active,199,marketplace,0
u_045242,2026-05-12,active,199,marketplace,0
u_045263,2026-02-22,active,199,bank_card,0
u_045267,2026-07-20,active,199,bank_card,0
u_045273,2025-11-30,active,199,bank_card,1
u_045282,2026-02-01,active,199,marketplace,0
u_045284,2026-05-11,active,199,marketplace,0
u_045287,2025-04-07,active,199,marketplace,0
u_045296,2026-06-19,active,199,bank_card,0
u_045297,2025-12-12,active,199,marketplace,1
u_045300,2026-06-23,active,199,marketplace,0
u_045306,2026-06-12,active,199,bank_card,1
u_045312,2026-06-28,active,199,marketplace,1
u_045325,2026-07-12,active,199,bank_card,1
u_045328,2026-07-11,active,199,marketplace,0
u_045333,2026-06-21,active,199,marketplace,1
u_045334,2026-06-17,active,199,experiment_prompt,0
u_045346,2026-04-07,active,199,marketplace,0
u_045350,2026-02-14,active,199,partner,0
u_045358,2026-05-13,active,199,marketplace,0
u_045370,2026-04-13,active,199,experiment_prompt,0
u_045374,2026-07-03,cancelled,199,marketplace,1
u_045381,2026-07-23,active,199,marketplace,1
u_045384,2026-01-04,active,199,partner,0
u_045385,2026-06-09,active,199,bank_card,0
u_045388,2026-05-28,active,199,promo,1
u_045392,2026-05-18,active,199,promo,0
u_045399,2026-04-01,active,199,marketplace,0
u_045402,2026-05-03,active,199,bank_card,0
u_045410,2026-04-07,active,199,experiment_prompt,0
u_045413,2026-03-22,active,199,marketplace,0
u_045427,2026-07-10,active,199,experiment_prompt,1
u_045428,2026-04-24,active,199,experiment_prompt,0
u_045435,2026-02-23,active,199,marketplace,0
u_045443,2026-05-10,active,199,marketplace,0
u_045445,2025-07-31,active,199,experiment_prompt,0
u_045451,2026-05-26,cancelled,199,promo,0
u_045453,2026-04-20,active,199,promo,0
u_045462,2026-06-25,active,199,promo,0
u_045466,2026-07-01,cancelled,199,promo,0
u_045471,2026-05-11,active,199,marketplace,1
u_045478,2026-07-03,active,199,bank_card,1
u_045479,2025-09-22,active,199,promo,0
u_045481,2026-06-24,active,199,bank_card,0
u_045487,2026-02-08,active,199,marketplace,0
u_045488,2025-01-29,active,199,bank_card,1
u_045499,2026-05-19,active,199,bank_card,0
u_045506,2026-06-10,active,199,marketplace,0
u_045521,2026-05-28,active,199,experiment_prompt,0
u_045522,2025-09-03,cancelled,199,experiment_prompt,0
u_045523,2026-05-29,active,199,promo,0
u_045529,2026-03-13,active,199,marketplace,0
u_045539,2026-06-15,active,199,marketplace,0
u_045543,2026-03-16,active,199,bank_card,0
u_045546,2026-04-22,active,199,experiment_prompt,0
u_045548,2025-12-02,active,199,experiment_prompt,0
u_045552,2026-03-15,active,199,marketplace,0
u_045557,2026-06-07,active,199,partner,1
u_045561,2025-12-06,active,199,marketplace,0
u_045562,2025-04-25,active,199,experiment_prompt,0
u_045563,2026-03-14,active,199,marketplace,0
u_045570,2026-06-29,active,199,experiment_prompt,0
u_045579,2026-07-01,active,199,marketplace,0
u_045580,2026-07-11,active,199,experiment_prompt,0
u_045596,2026-01-07,active,199,bank_card,1
u_045612,2026-01-05,cancelled,199,bank_card,0
u_045616,2026-07-25,active,199,promo,0
u_045620,2026-04-22,active,199,promo,0
u_045625,2025-10-17,active,199,marketplace,0
u_045628,2026-03-16,active,199,bank_card,1
u_045632,2026-05-06,active,199,experiment_prompt,0
u_045634,2026-05-28,active,199,marketplace,0
u_045635,2026-05-23,active,199,experiment_prompt,0
u_045641,2026-06-16,active,199,marketplace,1
u_045647,2026-05-04,active,199,bank_card,0
u_045649,2026-07-05,active,199,marketplace,1
u_045650,2026-03-03,active,199,marketplace,0
u_045652,2026-06-21,active,199,experiment_prompt,0
u_045657,2026-05-24,cancelled,199,marketplace,0
u_045659,2026-07-13,active,199,bank_card,1
u_045665,2025-11-01,active,199,experiment_prompt,0
u_045667,2026-05-03,active,199,bank_card,1
u_045669,2026-06-30,active,199,bank_card,0
u_045670,2026-05-07,active,199,bank_card,0
u_045674,2026-07-15,active,199,marketplace,0
u_045676,2026-05-05,active,199,promo,0
u_045677,2026-05-05,active,199,marketplace,0
u_045680,2026-05-09,active,199,bank_card,0
u_045684,2026-06-10,active,199,marketplace,0
u_045692,2026-04-02,active,199,marketplace,0
u_045701,2026-06-01,active,199,experiment_prompt,0
u_045705,2025-10-09,active,199,experiment_prompt,0
u_045706,2026-01-12,active,199,bank_card,1
u_045707,2026-07-30,active,199,bank_card,0
u_045711,2026-06-11,active,199,experiment_prompt,0
u_045715,2025-03-04,active,199,marketplace,0
u_045719,2026-05-05,active,199,marketplace,0
u_045721,2026-07-01,active,199,bank_card,1
u_045725,2026-06-25,active,199,marketplace,0
u_045732,2026-01-23,active,199,bank_card,0
u_045741,2026-02-22,active,199,experiment_prompt,0
u_045760,2025-10-15,cancelled,199,marketplace,0
u_045769,2026-06-04,active,199,marketplace,0
u_045773,2025-12-31,active,199,bank_card,0
u_045784,2026-04-24,active,199,marketplace,0
u_045787,2026-03-16,active,199,bank_card,0
u_045798,2026-02-15,active,199,promo,0
u_045801,2026-02-12,active,199,bank_card,0
u_045806,2026-07-21,active,199,marketplace,0
u_045807,2026-07-22,active,199,marketplace,1
u_045809,2026-02-20,active,199,marketplace,0
u_045830,2026-05-01,active,199,bank_card,0
u_045839,2026-03-16,active,199,bank_card,0
u_045843,2026-04-20,active,199,promo,0
u_045851,2026-05-18,active,199,marketplace,0
u_045854,2026-06-15,active,199,bank_card,0
u_045860,2026-04-26,active,199,marketplace,0
u_045862,2026-06-19,active,199,bank_card,0
u_045865,2026-03-13,active,199,marketplace,0
u_045867,2025-10-08,active,199,promo,0
u_045869,2025-08-25,active,199,bank_card,0
u_045878,2026-01-09,active,199,marketplace,0
u_045885,2026-03-15,active,199,bank_card,0
u_045897,2026-06-18,active,199,bank_card,0
u_045909,2026-06-20,active,199,marketplace,0
u_045910,2026-06-20,active,199,marketplace,0
u_045912,2026-06-14,active,199,bank_card,0
u_045944,2025-12-29,active,199,bank_card,0
u_045948,2026-01-05,active,199,experiment_prompt,0
u_045953,2026-02-13,active,199,bank_card,0
u_045957,2026-04-16,active,199,experiment_prompt,0
u_045959,2026-05-22,active,199,experiment_prompt,0
u_045961,2026-06-29,active,199,promo,0
u_045962,2026-01-29,active,199,marketplace,0
u_045967,2026-05-17,active,199,marketplace,0
u_045968,2026-06-05,active,199,marketplace,0
u_045973,2026-07-09,active,199,marketplace,1
u_045987,2026-06-26,active,199,marketplace,0
u_045990,2026-06-04,active,199,experiment_prompt,0
u_045994,2026-03-03,active,199,bank_card,0
u_045998,2026-07-12,cancelled,199,marketplace,1
u_045999,2026-07-24,active,199,marketplace,1
u_046013,2025-12-08,active,199,bank_card,0
u_046014,2026-02-11,active,199,bank_card,1
u_046024,2026-03-23,active,199,experiment_prompt,0
u_046032,2026-07-04,cancelled,199,marketplace,0
u_046045,2026-04-11,cancelled,199,marketplace,1
u_046048,2026-05-10,active,199,bank_card,0
u_046054,2026-05-07,active,199,marketplace,1
u_046070,2026-03-25,cancelled,199,experiment_prompt,0
u_046082,2026-06-07,active,199,marketplace,0
u_046085,2026-03-14,active,199,bank_card,0
u_046092,2025-01-29,active,199,bank_card,0
u_046098,2026-07-03,active,199,bank_card,1
u_046099,2026-01-06,active,199,marketplace,0
u_046100,2025-03-14,active,199,partner,0
u_046106,2026-01-24,active,199,marketplace,1
u_046107,2025-05-14,active,199,marketplace,0
u_046110,2025-11-16,active,199,experiment_prompt,0
u_046115,2026-01-15,active,199,bank_card,1
u_046123,2026-06-19,active,199,experiment_prompt,1
u_046124,2026-01-27,active,199,marketplace,0
u_046125,2026-06-02,active,199,bank_card,0
u_046132,2026-07-18,active,199,experiment_prompt,0
u_046142,2026-02-24,active,199,bank_card,0
u_046144,2026-05-31,active,199,bank_card,0
u_046148,2026-04-16,active,199,experiment_prompt,1
u_046150,2025-07-17,active,199,marketplace,1
u_046152,2026-01-23,active,199,bank_card,0
u_046168,2026-07-13,active,199,bank_card,1
u_046175,2026-06-11,active,199,experiment_prompt,0
u_046182,2026-01-19,active,199,bank_card,1
u_046211,2026-05-19,active,199,bank_card,0
u_046215,2026-03-26,cancelled,199,experiment_prompt,0
u_046218,2026-06-13,active,199,bank_card,0
u_046237,2026-01-28,active,199,marketplace,0
u_046246,2026-06-02,cancelled,199,marketplace,0
u_046255,2026-06-01,active,199,marketplace,0
u_046258,2025-12-18,cancelled,199,marketplace,0
u_046260,2025-11-17,active,199,marketplace,0
u_046281,2026-02-15,active,199,experiment_prompt,0
u_046286,2026-07-19,active,199,promo,0
u_046288,2026-06-17,active,199,marketplace,0
u_046296,2026-07-11,active,199,bank_card,0
u_046299,2026-06-09,active,199,marketplace,0
u_046311,2026-06-20,active,199,promo,0
u_046319,2026-06-18,active,199,partner,0
u_046331,2026-06-28,active,199,marketplace,0
u_046359,2026-05-01,active,199,bank_card,0
u_046362,2026-06-09,active,199,marketplace,1
u_046370,2026-05-26,active,199,marketplace,0
u_046377,2025-05-27,active,199,marketplace,0
u_046380,2026-01-19,active,199,experiment_prompt,0
u_046382,2026-07-07,active,199,promo,1
u_046387,2025-03-31,active,199,marketplace,0
u_046388,2026-05-25,active,199,promo,0
u_046397,2025-10-24,active,199,partner,1
u_046398,2026-01-30,active,199,bank_card,0
u_046401,2026-05-31,active,199,bank_card,0
u_046404,2026-04-09,active,199,bank_card,1
u_046423,2026-05-02,active,199,bank_card,0
u_046425,2026-04-25,cancelled,199,promo,0
u_046427,2026-05-19,active,199,experiment_prompt,0
u_046432,2026-04-09,active,199,experiment_prompt,0
u_046439,2025-10-18,active,199,promo,0
u_046441,2026-03-01,active,199,marketplace,0
u_046444,2025-11-12,active,199,partner,0
u_046454,2026-06-20,active,199,marketplace,0
u_046457,2026-07-01,active,199,marketplace,0
u_046458,2026-06-18,active,199,experiment_prompt,1
u_046460,2026-07-01,active,199,experiment_prompt,0
u_046470,2026-05-20,active,199,bank_card,0
u_046489,2026-05-06,cancelled,199,promo,0
u_046490,2026-02-20,active,199,marketplace,0
u_046500,2025-11-25,active,199,bank_card,1
u_046506,2026-06-05,active,199,marketplace,0
u_046509,2025-12-30,active,199,bank_card,0
u_046511,2026-06-26,active,199,bank_card,0
u_046512,2026-05-06,active,199,marketplace,1
u_046520,2026-07-23,active,199,bank_card,1
u_046525,2026-05-28,active,199,promo,0
u_046528,2026-05-27,active,199,marketplace,0
u_046529,2026-06-29,active,199,experiment_prompt,0
u_046531,2026-05-30,active,199,marketplace,0
u_046533,2026-03-04,active,199,marketplace,0
u_046535,2025-07-18,active,199,marketplace,1
u_046538,2026-04-29,active,199,bank_card,0
u_046546,2025-07-22,active,199,promo,0
u_046551,2026-04-22,active,199,promo,0
u_046555,2026-06-03,active,199,marketplace,0
u_046562,2025-05-12,cancelled,199,marketplace,0
u_046569,2025-07-12,cancelled,199,marketplace,0
u_046573,2026-05-07,active,199,promo,0
u_046591,2026-05-17,active,199,experiment_prompt,0
u_046594,2026-07-16,active,199,partner,0
u_046596,2026-04-13,active,199,marketplace,1
u_046606,2025-10-24,active,199,bank_card,0
u_046613,2026-03-27,active,199,marketplace,1
u_046624,2026-06-16,active,199,marketplace,0
u_046629,2026-05-12,active,199,bank_card,0
u_046632,2025-04-10,active,199,experiment_prompt,1
u_046635,2026-07-25,active,199,marketplace,0
u_046636,2026-05-13,active,199,marketplace,0
u_046645,2026-02-08,active,199,marketplace,0
u_046654,2026-01-18,active,199,bank_card,0
u_046660,2026-07-07,active,199,marketplace,0
u_046663,2026-06-22,active,199,marketplace,0
u_046667,2026-05-22,active,199,bank_card,0
u_046668,2025-10-02,active,199,promo,1
u_046680,2026-04-30,active,199,marketplace,0
u_046681,2026-07-09,active,199,marketplace,0
u_046682,2026-07-30,active,199,promo,1
u_046685,2026-02-18,active,199,marketplace,0
u_046688,2026-01-27,active,199,experiment_prompt,1
u_046694,2026-07-19,active,199,bank_card,0
u_046699,2026-02-13,active,199,marketplace,0
u_046701,2026-03-05,active,199,bank_card,0
u_046704,2026-07-04,active,199,marketplace,0
u_046708,2026-06-21,active,199,bank_card,0
u_046709,2026-04-02,active,199,partner,0
u_046736,2026-05-14,active,199,marketplace,1
u_046746,2026-04-13,active,199,experiment_prompt,0
u_046754,2026-06-06,active,199,experiment_prompt,0
u_046763,2026-07-07,active,199,experiment_prompt,1
u_046768,2026-03-16,active,199,marketplace,0
u_046771,2026-05-31,active,199,marketplace,0
u_046774,2026-04-06,active,199,experiment_prompt,0
u_046783,2026-02-25,active,199,partner,1
u_046798,2026-03-21,active,199,promo,0
u_046809,2026-01-08,active,199,bank_card,1
u_046813,2026-05-23,active,199,marketplace,0
u_046819,2026-02-14,active,199,marketplace,0
u_046827,2026-01-22,cancelled,199,promo,0
u_046829,2026-05-18,active,199,experiment_prompt,1
u_046831,2026-05-06,active,199,marketplace,0
u_046838,2026-04-30,active,199,marketplace,0
u_046851,2026-03-29,active,199,marketplace,0
u_046852,2026-06-26,active,199,bank_card,1
u_046861,2026-06-23,active,199,bank_card,0
u_046866,2026-07-04,cancelled,199,promo,1
u_046878,2025-12-30,active,199,experiment_prompt,0
u_046887,2025-12-07,active,199,marketplace,0
u_046894,2026-04-30,active,199,experiment_prompt,0
u_046901,2026-06-10,active,199,marketplace,0
u_046903,2026-02-22,active,199,promo,1
u_046905,2026-06-14,active,199,partner,1
u_046923,2026-05-28,active,199,partner,1
u_046924,2025-10-19,active,199,marketplace,0
u_046932,2026-02-11,active,199,marketplace,0
u_046938,2025-12-30,active,199,bank_card,0
u_046940,2026-05-08,active,199,experiment_prompt,0
u_046945,2026-06-11,active,199,marketplace,0
u_046966,2026-04-28,active,199,marketplace,0
u_046969,2025-08-01,active,199,marketplace,0
u_046973,2026-05-13,active,199,bank_card,0
u_046978,2026-04-06,active,199,bank_card,0
u_046979,2026-02-11,active,199,marketplace,0
u_046984,2025-09-07,active,199,promo,0
u_046995,2025-10-27,active,199,partner,0
u_047012,2026-05-06,active,199,marketplace,0
u_047016,2026-04-01,active,199,bank_card,0
u_047026,2026-05-23,active,199,marketplace,0
u_047043,2026-04-28,cancelled,199,promo,0
u_047044,2026-04-22,active,199,marketplace,0
u_047045,2026-07-18,active,199,marketplace,1
u_047047,2026-07-02,active,199,bank_card,0
u_047050,2026-06-15,active,199,experiment_prompt,1
u_047054,2026-02-16,active,199,partner,0
u_047057,2026-05-25,active,199,bank_card,1
u_047059,2026-02-03,active,199,bank_card,0
u_047062,2026-06-04,active,199,marketplace,0
u_047063,2026-01-06,active,199,marketplace,0
u_047074,2026-05-08,active,199,experiment_prompt,0
u_047075,2026-04-16,active,199,bank_card,0
u_047080,2026-04-13,active,199,bank_card,0
u_047083,2026-03-22,active,199,bank_card,0
u_047086,2026-06-13,active,199,marketplace,0
u_047093,2026-05-11,active,199,marketplace,0
u_047095,2026-06-28,active,199,marketplace,1
u_047096,2026-06-25,active,199,bank_card,0
u_047099,2025-11-04,active,199,experiment_prompt,1
u_047103,2026-04-25,active,199,marketplace,0
u_047116,2026-03-02,active,199,bank_card,1
u_047126,2026-05-18,active,199,marketplace,0
u_047133,2025-12-22,active,199,bank_card,1
u_047134,2026-05-19,active,199,bank_card,0
u_047139,2026-04-24,active,199,partner,0
u_047149,2026-06-23,active,199,marketplace,0
u_047156,2026-06-08,active,199,marketplace,0
u_047160,2025-11-15,active,199,bank_card,0
u_047169,2026-06-11,active,199,marketplace,0
u_047172,2026-06-12,active,199,experiment_prompt,0
u_047176,2026-06-19,active,199,experiment_prompt,0
u_047177,2026-03-09,active,199,promo,0
u_047182,2025-08-09,active,199,bank_card,0
u_047189,2025-12-04,active,199,experiment_prompt,0
u_047194,2026-03-10,cancelled,199,promo,0
u_047197,2026-01-26,active,199,partner,1
u_047202,2026-07-01,active,199,experiment_prompt,0
u_047206,2026-04-09,active,199,bank_card,0
u_047221,2026-07-14,active,199,bank_card,0
u_047252,2026-05-19,active,199,marketplace,0
u_047258,2026-07-06,active,199,experiment_prompt,1
u_047261,2026-03-26,active,199,marketplace,0
u_047272,2026-01-28,active,199,marketplace,0
u_047278,2026-04-04,active,199,marketplace,0
u_047286,2026-05-09,active,199,partner,0
u_047295,2025-08-10,active,199,marketplace,0
u_047304,2026-06-17,cancelled,199,experiment_prompt,1
u_047311,2026-06-16,active,199,marketplace,0
u_047315,2023-11-25,active,199,experiment_prompt,0
u_047316,2026-07-04,active,199,experiment_prompt,0
u_047317,2026-03-29,active,199,marketplace,0
u_047319,2025-06-02,active,199,marketplace,1
u_047329,2026-06-11,active,199,marketplace,1
u_047336,2026-06-17,active,199,marketplace,1
u_047339,2026-07-01,active,199,experiment_prompt,0
u_047341,2026-06-22,active,199,bank_card,1
u_047349,2025-06-22,active,199,bank_card,0
u_047350,2026-01-22,active,199,bank_card,0
u_047356,2025-05-03,active,199,marketplace,0
u_047364,2026-04-13,active,199,marketplace,0
u_047367,2026-05-05,cancelled,199,bank_card,1
u_047368,2026-04-19,active,199,marketplace,0
u_047382,2026-02-11,active,199,bank_card,0
u_047387,2026-01-15,active,199,promo,0
u_047388,2026-02-28,active,199,marketplace,0
u_047401,2025-12-22,active,199,experiment_prompt,0
u_047417,2026-07-01,active,199,bank_card,0
u_047419,2026-05-31,active,199,experiment_prompt,1
u_047427,2026-06-22,active,199,marketplace,1
u_047429,2026-07-01,active,199,experiment_prompt,0
u_047433,2026-03-31,active,199,marketplace,0
u_047437,2026-03-06,cancelled,199,bank_card,0
u_047441,2026-05-14,active,199,bank_card,0
u_047442,2026-07-18,active,199,experiment_prompt,1
u_047453,2025-12-11,active,199,marketplace,1
u_047454,2026-03-30,active,199,bank_card,1
u_047457,2026-03-07,cancelled,199,marketplace,0
u_047472,2026-04-05,active,199,marketplace,0
u_047478,2026-07-10,cancelled,199,marketplace,0
u_047486,2026-04-28,active,199,promo,0
u_047502,2026-04-30,cancelled,199,marketplace,0
u_047503,2026-05-20,active,199,bank_card,0
u_047507,2025-09-01,active,199,marketplace,0
u_047513,2026-04-26,active,199,bank_card,0
u_047517,2026-07-25,active,199,marketplace,1
u_047521,2026-06-13,active,199,marketplace,0
u_047522,2026-05-04,active,199,marketplace,0
u_047529,2026-04-28,active,199,promo,0
u_047542,2026-02-23,active,199,marketplace,0
u_047544,2026-07-25,active,199,marketplace,1
u_047555,2026-06-04,active,199,experiment_prompt,0
u_047558,2026-07-14,active,199,partner,1
u_047564,2026-02-01,cancelled,199,bank_card,0
u_047571,2026-06-23,active,199,marketplace,0
u_047574,2026-07-25,active,199,experiment_prompt,0
u_047576,2026-03-23,active,199,marketplace,0
u_047578,2026-06-21,active,199,experiment_prompt,0
u_047579,2026-05-09,active,199,promo,0
u_047593,2025-11-28,active,199,promo,0
u_047600,2026-03-16,active,199,marketplace,1
u_047614,2026-04-17,active,199,marketplace,0
u_047616,2026-04-27,active,199,marketplace,0
u_047620,2025-07-29,active,199,marketplace,0
u_047627,2025-09-17,cancelled,199,marketplace,0
u_047633,2026-06-16,active,199,marketplace,0
u_047637,2025-12-04,active,199,experiment_prompt,0
u_047638,2026-06-29,active,199,bank_card,0
u_047644,2025-11-14,active,199,experiment_prompt,0
u_047647,2026-06-15,active,199,partner,0
u_047649,2026-07-07,active,199,bank_card,0
u_047650,2026-07-18,active,199,experiment_prompt,0
u_047661,2025-10-06,active,199,experiment_prompt,0
u_047664,2025-10-09,active,199,promo,1
u_047673,2026-07-01,active,199,marketplace,0
u_047674,2025-11-11,active,199,marketplace,0
u_047676,2026-03-19,active,199,marketplace,0
u_047679,2026-06-12,active,199,bank_card,0
u_047688,2026-04-04,active,199,marketplace,0
u_047689,2026-05-23,active,199,marketplace,0
u_047691,2026-06-25,active,199,bank_card,0
u_047697,2026-04-05,active,199,promo,0
u_047699,2026-07-25,active,199,marketplace,0
u_047713,2026-02-18,active,199,marketplace,0
u_047715,2026-06-21,active,199,experiment_prompt,0
u_047729,2026-07-01,active,199,bank_card,0
u_047741,2026-06-12,active,199,marketplace,0
u_047753,2026-03-04,active,199,marketplace,0
u_047764,2026-07-05,active,199,partner,0
u_047765,2025-12-07,active,199,marketplace,1
u_047766,2025-11-01,active,199,marketplace,0
u_047774,2026-05-29,active,199,marketplace,1
u_047777,2026-02-02,active,199,bank_card,0
u_047792,2026-05-11,active,199,marketplace,0
u_047797,2026-05-16,active,199,promo,0
u_047798,2025-09-18,active,199,marketplace,0
u_047808,2026-06-20,active,199,experiment_prompt,0
u_047816,2026-05-11,active,199,bank_card,0
u_047824,2025-03-02,active,199,experiment_prompt,0
u_047829,2025-09-13,active,199,marketplace,0
u_047833,2026-06-24,active,199,marketplace,1
u_047835,2026-05-17,active,199,marketplace,0
u_047865,2025-12-04,active,199,bank_card,0
u_047868,2026-03-19,active,199,marketplace,0
u_047872,2026-06-29,active,199,experiment_prompt,0
u_047909,2026-04-24,active,199,promo,0
u_047911,2026-06-14,active,199,bank_card,1
u_047913,2025-03-26,active,199,marketplace,1
u_047915,2026-06-10,active,199,bank_card,0
u_047922,2026-06-19,active,199,experiment_prompt,0
u_047926,2025-10-08,active,199,marketplace,0
u_047927,2026-04-29,active,199,marketplace,0
u_047963,2026-05-21,active,199,marketplace,0
u_047968,2026-06-05,active,199,marketplace,0
u_047971,2026-05-15,active,199,promo,0
u_047975,2026-06-18,active,199,marketplace,0
u_047984,2026-04-17,active,199,marketplace,0
u_047988,2026-07-06,active,199,marketplace,0
u_047990,2025-12-13,active,199,experiment_prompt,0
u_047998,2026-07-05,active,199,marketplace,1
u_048006,2026-02-15,active,199,experiment_prompt,1
u_048019,2026-05-23,active,199,experiment_prompt,0
u_048023,2026-07-10,active,199,experiment_prompt,0
u_048033,2026-05-23,active,199,promo,0
u_048036,2025-11-30,active,199,bank_card,1
u_048037,2026-07-01,active,199,bank_card,1
u_048045,2026-07-13,active,199,experiment_prompt,1
u_048052,2026-05-19,active,199,partner,0
u_048057,2026-03-23,active,199,bank_card,0
u_048060,2026-06-17,active,199,marketplace,0
u_048065,2026-05-21,active,199,marketplace,0
u_048068,2026-04-07,active,199,marketplace,0
u_048069,2026-04-22,active,199,partner,0
u_048073,2026-05-03,active,199,experiment_prompt,1
u_048075,2026-03-11,cancelled,199,promo,0
u_048091,2026-02-16,active,199,bank_card,0
u_048092,2025-11-29,active,199,marketplace,0
u_048093,2026-03-24,active,199,bank_card,0
u_048098,2026-04-14,cancelled,199,experiment_prompt,0
u_048111,2026-04-13,active,199,marketplace,0
u_048123,2026-07-18,active,199,bank_card,0
u_048124,2026-02-17,active,199,experiment_prompt,0
u_048134,2026-07-15,active,199,marketplace,0
u_048142,2026-03-18,active,199,bank_card,0
u_048151,2026-05-11,active,199,bank_card,0
u_048152,2025-06-28,cancelled,199,bank_card,0
u_048153,2026-01-30,active,199,bank_card,0
u_048159,2026-07-01,active,199,marketplace,0
u_048170,2026-03-10,active,199,partner,0
u_048171,2026-06-03,active,199,marketplace,1
u_048175,2026-04-10,active,199,marketplace,1
u_048177,2026-06-17,cancelled,199,experiment_prompt,0
u_048183,2026-06-15,active,199,marketplace,0
u_048188,2026-05-21,active,199,experiment_prompt,0
u_048195,2026-06-25,cancelled,199,marketplace,0
u_048200,2026-05-10,active,199,bank_card,0
u_048202,2026-07-22,active,199,experiment_prompt,1
u_048205,2026-01-19,cancelled,199,marketplace,0
u_048206,2026-03-01,active,199,bank_card,1
u_048211,2026-05-19,active,199,marketplace,0
u_048213,2026-06-10,active,199,partner,0
u_048214,2026-05-28,active,199,bank_card,0
u_048215,2026-05-16,active,199,bank_card,0
u_048221,2026-04-27,active,199,marketplace,0
u_048222,2025-07-30,active,199,marketplace,0
u_048227,2025-11-12,active,199,marketplace,0
u_048238,2026-07-06,active,199,bank_card,1
u_048242,2026-06-01,active,199,marketplace,0
u_048249,2026-05-28,active,199,bank_card,1
u_048254,2025-11-21,active,199,experiment_prompt,0
u_048257,2025-12-24,active,199,experiment_prompt,1
u_048258,2026-03-17,active,199,bank_card,0
u_048260,2026-05-07,active,199,marketplace,0
u_048271,2026-07-23,active,199,marketplace,1
u_048272,2026-07-03,active,199,experiment_prompt,0
u_048300,2026-01-27,active,199,marketplace,0
u_048302,2026-07-21,active,199,experiment_prompt,0
u_048304,2026-02-01,active,199,marketplace,0
u_048317,2026-06-02,active,199,bank_card,0
u_048333,2026-05-08,active,199,experiment_prompt,1
u_048335,2026-04-16,active,199,bank_card,0
u_048342,2026-04-29,active,199,marketplace,0
u_048346,2026-07-07,active,199,bank_card,0
u_048349,2026-07-11,active,199,marketplace,1
u_048359,2025-10-12,active,199,marketplace,0
u_048360,2026-05-29,cancelled,199,marketplace,0
u_048364,2025-09-22,active,199,marketplace,0
u_048373,2026-06-22,active,199,experiment_prompt,1
u_048375,2026-07-07,active,199,bank_card,1
u_048388,2026-07-01,active,199,marketplace,0
u_048390,2026-03-03,active,199,experiment_prompt,1
u_048392,2025-06-11,active,199,marketplace,0
u_048399,2026-06-01,active,199,bank_card,0
u_048403,2025-12-30,active,199,bank_card,0
u_048414,2026-04-13,active,199,marketplace,0
u_048427,2026-07-16,active,199,marketplace,0
u_048429,2026-07-07,active,199,experiment_prompt,1
u_048458,2026-06-23,active,199,marketplace,0
u_048459,2026-02-03,active,199,marketplace,0
u_048460,2026-03-27,active,199,marketplace,0
u_048461,2026-04-13,active,199,bank_card,0
u_048471,2026-03-27,active,199,marketplace,0
u_048473,2026-06-28,active,199,marketplace,0
u_048476,2026-07-08,active,199,partner,1
u_048477,2025-09-05,active,199,marketplace,0
u_048480,2026-01-22,active,199,marketplace,0
u_048499,2026-06-02,active,199,marketplace,0
u_048505,2026-01-13,active,199,bank_card,0
u_048516,2026-06-19,active,199,bank_card,0
u_048524,2026-05-10,active,199,bank_card,0
u_048526,2025-08-09,active,199,experiment_prompt,0
u_048531,2026-06-05,active,199,experiment_prompt,0
u_048534,2026-04-22,cancelled,199,marketplace,0
u_048539,2025-12-26,active,199,experiment_prompt,1
u_048543,2026-03-04,active,199,experiment_prompt,0
u_048558,2026-05-15,active,199,marketplace,0
u_048560,2026-01-13,active,199,experiment_prompt,0
u_048564,2026-07-13,active,199,bank_card,1
u_048565,2026-06-02,cancelled,199,marketplace,0
u_048566,2026-06-12,active,199,experiment_prompt,0
u_048568,2025-11-14,active,199,experiment_prompt,0
u_048574,2025-06-19,active,199,marketplace,0
u_048576,2026-04-29,active,199,promo,0
u_048598,2026-03-13,active,199,experiment_prompt,0
u_048606,2026-05-23,active,199,experiment_prompt,0
u_048607,2026-03-06,active,199,marketplace,0
u_048612,2026-01-24,cancelled,199,bank_card,0
u_048623,2026-05-13,active,199,bank_card,0
u_048633,2025-10-06,active,199,marketplace,0
u_048650,2026-04-21,active,199,marketplace,0
u_048651,2025-05-11,active,199,bank_card,0
u_048652,2026-04-11,active,199,marketplace,0
u_048654,2026-06-29,active,199,bank_card,0
u_048655,2026-05-06,active,199,bank_card,1
u_048663,2026-03-09,active,199,bank_card,0
u_048664,2026-04-16,active,199,marketplace,0
u_048666,2025-08-06,active,199,promo,0
u_048669,2026-04-16,active,199,experiment_prompt,0
u_048686,2026-01-08,active,199,promo,1
u_048690,2026-02-16,active,199,experiment_prompt,0
u_048696,2025-10-18,active,199,promo,0
u_048706,2026-04-20,active,199,marketplace,0
u_048708,2026-02-21,active,199,marketplace,0
u_048710,2026-02-21,active,199,promo,1
u_048711,2024-11-26,active,199,promo,0
u_048729,2026-01-31,active,199,promo,1
u_048737,2026-04-14,active,199,experiment_prompt,0
u_048738,2025-12-24,active,199,marketplace,0
u_048741,2025-11-19,active,199,marketplace,0
u_048747,2026-06-14,active,199,experiment_prompt,0
u_048750,2026-07-19,active,199,bank_card,1
u_048759,2026-06-15,active,199,promo,0
u_048761,2026-07-27,active,199,bank_card,1
u_048775,2026-01-22,active,199,marketplace,0
u_048781,2026-04-24,active,199,marketplace,0
u_048785,2026-03-07,active,199,promo,0
u_048794,2026-02-11,cancelled,199,marketplace,0
u_048800,2026-04-17,active,199,bank_card,0
u_048807,2026-04-26,active,199,bank_card,0
u_048816,2026-06-25,active,199,marketplace,0
u_048821,2026-07-09,active,199,marketplace,0
u_048824,2026-06-27,active,199,marketplace,0
u_048829,2026-02-09,active,199,experiment_prompt,0
u_048832,2026-06-19,active,199,experiment_prompt,0
u_048838,2026-07-27,active,199,experiment_prompt,1
u_048841,2025-11-24,active,199,marketplace,0
u_048845,2026-05-19,active,199,experiment_prompt,0
u_048847,2025-08-20,active,199,bank_card,0
u_048857,2026-02-17,active,199,promo,0
u_048870,2026-05-03,active,199,experiment_prompt,0
u_048874,2026-06-14,active,199,bank_card,1
u_048877,2026-03-07,active,199,promo,0
u_048883,2026-05-01,active,199,bank_card,1
u_048888,2026-04-26,cancelled,199,marketplace,0
u_048890,2025-12-03,active,199,marketplace,0
u_048894,2026-06-01,active,199,marketplace,0
u_048898,2025-09-16,active,199,promo,1
u_048900,2026-05-28,active,199,marketplace,0
u_048902,2026-06-22,active,199,marketplace,0
u_048907,2026-04-06,active,199,experiment_prompt,0
u_048919,2026-04-04,active,199,promo,0
u_048928,2026-07-28,active,199,bank_card,0
u_048944,2026-06-17,cancelled,199,marketplace,1
u_048958,2026-06-13,active,199,experiment_prompt,1
u_048963,2026-06-10,active,199,marketplace,0
u_048972,2026-01-11,active,199,promo,0
u_048978,2026-03-28,active,199,bank_card,1
u_048987,2026-05-06,active,199,marketplace,0
u_048997,2026-06-26,active,199,marketplace,1
u_049006,2025-06-15,active,199,marketplace,0
u_049008,2025-09-25,active,199,promo,0
u_049011,2026-02-08,active,199,marketplace,1
u_049032,2026-05-13,active,199,experiment_prompt,0
u_049045,2025-09-23,active,199,bank_card,0
u_049048,2026-02-09,active,199,promo,1
u_049055,2026-02-02,active,199,marketplace,0
u_049057,2026-04-04,active,199,bank_card,0
u_049065,2026-06-20,active,199,bank_card,1
u_049071,2026-06-22,active,199,marketplace,0
u_049082,2026-06-29,active,199,marketplace,0
u_049084,2026-05-30,active,199,bank_card,0
u_049092,2026-06-02,active,199,experiment_prompt,0
u_049096,2025-12-07,active,199,bank_card,0
u_049097,2025-07-19,active,199,marketplace,0
u_049100,2025-04-14,active,199,bank_card,0
u_049110,2026-07-05,active,199,bank_card,1
u_049111,2026-04-11,active,199,marketplace,0
u_049112,2026-04-10,active,199,marketplace,0
u_049123,2025-06-09,active,199,promo,0
u_049127,2026-04-08,active,199,bank_card,0
u_049141,2026-03-03,active,199,bank_card,0
u_049149,2026-03-16,active,199,experiment_prompt,0
u_049151,2026-06-24,active,199,partner,0
u_049154,2026-07-06,active,199,bank_card,0
u_049159,2026-04-13,cancelled,199,bank_card,0
u_049161,2025-06-28,active,199,experiment_prompt,0
u_049166,2025-06-14,active,199,experiment_prompt,1
u_049172,2026-03-28,active,199,experiment_prompt,0
u_049173,2025-11-29,active,199,experiment_prompt,0
u_049174,2026-01-19,active,199,marketplace,0
u_049175,2025-12-18,active,199,marketplace,1
u_049181,2025-12-14,active,199,bank_card,1
u_049198,2025-12-13,active,199,experiment_prompt,1
u_049203,2026-05-03,active,199,experiment_prompt,1
u_049206,2026-02-08,active,199,marketplace,0
u_049227,2026-06-30,active,199,experiment_prompt,0
u_049233,2026-04-11,active,199,marketplace,0
u_049235,2026-06-11,active,199,marketplace,1
u_049244,2025-08-22,active,199,marketplace,0
u_049246,2026-04-11,active,199,promo,1
u_049250,2026-02-07,active,199,experiment_prompt,0
u_049255,2026-02-03,active,199,marketplace,0
u_049261,2026-03-18,active,199,bank_card,1
u_049262,2026-05-31,active,199,promo,0
u_049264,2026-06-04,active,199,experiment_prompt,1
u_049268,2026-07-23,active,199,bank_card,1
u_049274,2026-04-06,active,199,marketplace,1
u_049276,2026-05-09,active,199,marketplace,0
u_049281,2026-07-09,active,199,experiment_prompt,0
u_049283,2026-01-22,active,199,experiment_prompt,0
u_049288,2026-01-08,active,199,experiment_prompt,0
u_049294,2026-03-15,active,199,marketplace,0
u_049299,2026-01-31,active,199,experiment_prompt,0
u_049327,2026-03-29,cancelled,199,marketplace,0
u_049331,2025-08-27,active,199,experiment_prompt,0
u_049335,2026-05-21,active,199,bank_card,0
u_049339,2026-04-01,active,199,marketplace,1
u_049345,2026-04-14,active,199,promo,1
u_049350,2026-06-12,active,199,marketplace,0
u_049351,2026-06-03,active,199,bank_card,0
u_049356,2026-05-31,cancelled,199,marketplace,0
u_049358,2026-03-23,active,199,promo,0
u_049359,2026-02-15,active,199,marketplace,1
u_049364,2025-09-22,active,199,experiment_prompt,0
u_049365,2026-05-23,active,199,promo,0
u_049368,2026-02-24,active,199,promo,0
u_049370,2026-04-08,active,199,marketplace,0
u_049373,2026-01-17,active,199,marketplace,0
u_049388,2026-07-07,cancelled,199,promo,0
u_049396,2026-07-04,active,199,bank_card,0
u_049398,2025-11-10,cancelled,199,bank_card,0
u_049409,2026-02-28,active,199,marketplace,0
u_049420,2026-06-12,active,199,marketplace,0
u_049423,2026-06-23,active,199,marketplace,0
u_049424,2026-04-10,active,199,marketplace,0
u_049437,2025-09-25,active,199,marketplace,0
u_049439,2026-03-17,active,199,marketplace,0
u_049440,2026-05-29,active,199,bank_card,0
u_049441,2025-07-28,active,199,marketplace,0
u_049444,2026-06-22,active,199,promo,0
u_049449,2026-04-17,active,199,marketplace,0
u_049477,2026-06-19,active,199,marketplace,0
u_049484,2025-09-08,active,199,marketplace,0
u_049485,2026-04-18,active,199,marketplace,0
u_049486,2026-02-09,active,199,partner,1
u_049489,2026-04-01,active,199,marketplace,0
u_049492,2025-06-15,active,199,marketplace,0
u_049494,2026-05-03,active,199,marketplace,0
u_049502,2026-05-03,active,199,marketplace,1
u_049506,2025-09-07,active,199,bank_card,1
u_049510,2026-06-23,active,199,marketplace,0
u_049512,2024-12-13,active,199,marketplace,0
u_049515,2026-06-23,active,199,marketplace,0
u_049516,2026-04-26,cancelled,199,marketplace,0
u_049525,2026-06-10,active,199,bank_card,0
u_049529,2025-10-06,active,199,bank_card,0
u_049533,2026-03-09,active,199,partner,0
u_049554,2025-08-22,active,199,bank_card,0
u_049560,2026-02-01,cancelled,199,marketplace,0
u_049563,2026-04-25,active,199,marketplace,0
u_049564,2026-01-20,active,199,marketplace,0
u_049566,2026-06-26,active,199,bank_card,0
u_049572,2026-06-20,active,199,bank_card,1
u_049576,2025-01-19,cancelled,199,experiment_prompt,0
u_049582,2026-03-04,active,199,marketplace,0
u_049587,2026-03-17,active,199,experiment_prompt,0
u_049593,2026-07-18,active,199,bank_card,1
u_049601,2026-05-12,active,199,bank_card,0
u_049609,2026-07-08,active,199,promo,0
u_049610,2026-06-07,active,199,experiment_prompt,0
u_049614,2026-02-27,active,199,experiment_prompt,0
u_049621,2026-06-22,active,199,bank_card,0
u_049627,2026-02-12,active,199,experiment_prompt,0
u_049631,2026-01-11,active,199,promo,1
u_049645,2026-03-08,active,199,marketplace,0
u_049646,2025-05-09,active,199,marketplace,1
u_049647,2026-02-10,active,199,experiment_prompt,1
u_049653,2026-07-22,active,199,experiment_prompt,0
u_049663,2026-03-30,active,199,marketplace,0
u_049665,2026-02-15,active,199,promo,0
u_049666,2026-01-24,cancelled,199,marketplace,1
u_049673,2026-06-01,active,199,marketplace,0
u_049680,2026-05-23,active,199,bank_card,0
u_049681,2026-01-07,active,199,marketplace,1
u_049684,2026-04-27,active,199,marketplace,0
u_049686,2026-01-20,active,199,partner,1
u_049697,2025-10-23,active,199,promo,1
u_049705,2026-04-03,active,199,marketplace,0
u_049710,2026-02-07,active,199,promo,1
u_049714,2026-05-23,active,199,promo,0
u_049719,2026-04-26,active,199,promo,0
u_049725,2026-05-26,active,199,marketplace,0
u_049751,2026-06-07,active,199,experiment_prompt,0
u_049758,2026-04-07,cancelled,199,bank_card,0
u_049761,2026-04-10,active,199,promo,0
u_049762,2026-01-02,active,199,marketplace,0
u_049764,2026-03-24,active,199,marketplace,0
u_049767,2026-05-21,active,199,marketplace,0
u_049768,2026-07-20,active,199,promo,1
u_049769,2025-11-26,active,199,partner,1
u_049781,2026-05-01,active,199,experiment_prompt,0
u_049785,2026-03-24,active,199,marketplace,0
u_049786,2026-02-28,cancelled,199,bank_card,0
u_049790,2026-06-24,active,199,bank_card,0
u_049799,2026-05-08,active,199,marketplace,0
u_049814,2025-12-28,active,199,bank_card,1
u_049818,2026-05-29,cancelled,199,marketplace,0
u_049827,2025-10-07,active,199,bank_card,0
u_049832,2026-03-30,active,199,marketplace,0
u_049838,2026-02-12,active,199,marketplace,0
u_049841,2026-06-17,active,199,experiment_prompt,0
u_049842,2026-07-01,active,199,marketplace,0
u_049850,2026-06-03,active,199,bank_card,0
u_049854,2026-02-11,active,199,bank_card,0
u_049859,2025-07-06,active,199,marketplace,0
u_049863,2026-03-29,active,199,marketplace,0
u_049869,2026-03-03,active,199,marketplace,0
u_049871,2026-04-30,active,199,promo,0
u_049876,2026-06-18,active,199,marketplace,0
u_049877,2026-07-09,active,199,marketplace,0
u_049882,2026-01-29,active,199,marketplace,0
u_049885,2025-11-10,active,199,marketplace,0
u_049890,2026-06-13,cancelled,199,marketplace,0
u_049892,2026-05-05,active,199,marketplace,1
u_049896,2025-11-07,active,199,experiment_prompt,1
u_049897,2026-06-14,active,199,experiment_prompt,0
u_049898,2026-07-06,active,199,bank_card,0
u_049907,2026-06-03,active,199,marketplace,1
u_049911,2025-08-06,active,199,marketplace,0
u_049913,2026-06-20,active,199,marketplace,0
u_049916,2026-06-28,active,199,experiment_prompt,0
u_049919,2026-01-30,active,199,experiment_prompt,0
u_049925,2026-05-30,active,199,marketplace,0
u_049939,2026-05-28,active,199,marketplace,0
u_049940,2025-07-22,active,199,experiment_prompt,0
u_049941,2026-04-25,active,199,marketplace,0
u_049943,2024-06-05,active,199,marketplace,0
u_049946,2026-06-18,active,199,experiment_prompt,0
u_049948,2026-02-15,active,199,marketplace,0
u_049951,2026-04-27,active,199,partner,0
u_049961,2026-06-13,active,199,bank_card,0
u_049963,2025-04-04,cancelled,199,marketplace,1
u_049967,2025-11-27,active,199,experiment_prompt,0
u_049968,2026-05-20,active,199,partner,0
u_049970,2026-07-24,active,199,partner,0
u_049975,2026-04-10,active,199,marketplace,0
u_049976,2026-05-28,active,199,bank_card,1
u_049981,2026-03-17,active,199,marketplace,0
u_049982,2026-06-19,active,199,partner,0
u_049987,2025-09-25,active,199,marketplace,0
u_049988,2026-01-27,cancelled,199,marketplace,0
u_049992,2026-06-15,active,199,bank_card,0
