product_id,category,seller_id,base_price_rub,gross_margin_rate,product_rating,is_private_label,created_date
p_00001,Sports,s_0122,515,0.1851,4.09,0,2026-01-11
p_00002,Fashion,s_0328,570,0.2855,4.5,0,2022-11-12
p_00003,Fashion,s_0515,1395,0.2658,4.79,0,2026-02-21
p_00004,Home,s_0525,4565,0.232,4.51,0,2023-02-18
p_00005,FMCG,s_0663,645,0.0579,4.02,0,2024-06-27
p_00006,Electronics,s_0106,4790,0.1296,3.95,0,2026-02-28
p_00007,Fashion,s_0229,1120,0.2907,3.89,0,2024-09-03
p_00008,Books,s_0616,99,0.1359,4.4,0,2024-11-09
p_00009,Home,s_0637,3520,0.1982,4.26,0,2022-03-21
p_00010,Auto,s_0570,1545,0.2439,4.02,0,2023-10-07
p_00011,Fashion,s_0431,946,0.2662,4.09,0,2021-01-10
p_00012,Home,s_0587,1462,0.2499,3.7,0,2022-09-04
p_00013,Home,s_0561,2492,0.1653,4.75,0,2024-04-20
p_00014,Fashion,s_0503,2104,0.2052,4.56,0,2025-07-17
p_00015,Fashion,s_0601,1127,0.2595,3.42,0,2022-08-13
p_00016,Beauty,s_0452,604,0.3639,4.15,0,2023-04-05
p_00017,Beauty,s_0246,1850,0.3097,4.04,0,2026-01-28
p_00018,Kids,s_0003,622,0.094,4.09,0,2024-05-02
p_00019,FMCG,s_0629,189,0.1442,4.17,1,2024-03-26
p_00020,Pet,s_0083,2103,0.2659,3.92,0,2025-08-03
p_00021,Sports,s_0114,1847,0.1346,4.13,0,2025-05-05
p_00022,Home,s_0295,743,0.2135,4.13,0,2022-01-31
p_00023,FMCG,s_0101,116,0.2101,5.0,0,2025-01-18
p_00024,Fashion,s_0461,1323,0.2635,4.65,0,2022-01-26
p_00025,FMCG,s_0012,191,0.1239,4.66,0,2026-02-11
p_00026,Beauty,s_0503,2191,0.3461,4.71,0,2026-03-05
p_00027,Pet,s_0696,1717,0.2311,5.0,1,2025-10-13
p_00028,FMCG,s_0322,311,0.0982,4.4,0,2024-01-14
p_00029,Electronics,s_0216,1483,0.1084,5.0,0,2025-10-16
p_00030,Electronics,s_0407,3309,0.1605,4.63,0,2021-02-14
p_00031,Sports,s_0258,1599,0.1721,5.0,0,2021-10-16
p_00032,Home,s_0357,1410,0.1971,4.53,0,2023-10-07
p_00033,Home,s_0366,644,0.2049,4.6,0,2023-12-17
p_00034,Kids,s_0386,1462,0.1277,4.32,0,2024-06-09
p_00035,Kids,s_0526,872,0.1813,4.26,0,2023-06-19
p_00036,FMCG,s_0654,666,0.2015,4.38,0,2022-09-07
p_00037,Home,s_0079,3589,0.2107,3.89,0,2021-01-21
p_00038,Home,s_0349,1023,0.2314,4.8,1,2021-07-14
p_00039,Sports,s_0092,669,0.2825,4.91,0,2025-02-21
p_00040,Fashion,s_0571,1272,0.2591,4.91,0,2021-01-03
p_00041,Home,s_0551,2847,0.2191,4.62,0,2021-01-22
p_00042,Home,s_0300,1449,0.1541,4.48,0,2025-01-01
p_00043,Electronics,s_0295,6922,0.0957,4.31,0,2025-03-31
p_00044,FMCG,s_0469,376,0.1584,4.93,0,2023-09-25
p_00045,Fashion,s_0145,943,0.1582,4.73,0,2025-11-10
p_00046,Pet,s_0661,661,0.1979,3.96,0,2022-07-26
p_00047,Fashion,s_0592,2299,0.2431,3.73,0,2022-11-15
p_00048,Fashion,s_0317,3111,0.2823,4.57,0,2021-03-24
p_00049,Fashion,s_0026,2299,0.2977,4.47,0,2022-01-27
p_00050,FMCG,s_0378,334,0.1987,4.42,0,2023-04-09
p_00051,Beauty,s_0373,487,0.3137,4.43,0,2023-07-01
p_00052,Beauty,s_0473,1168,0.2929,4.28,0,2025-06-25
p_00053,Sports,s_0433,3550,0.1855,4.17,1,2021-04-09
p_00054,Fashion,s_0093,545,0.249,4.47,1,2025-12-15
p_00055,FMCG,s_0409,422,0.1955,4.78,1,2021-06-19
p_00056,Kids,s_0600,503,0.1287,4.7,0,2021-07-11
p_00057,Fashion,s_0568,883,0.2788,4.72,0,2022-04-06
p_00058,Fashion,s_0511,749,0.27,4.26,0,2022-12-09
p_00059,Sports,s_0120,1570,0.2707,4.53,0,2024-12-22
p_00060,FMCG,s_0436,170,0.1602,3.86,0,2024-07-21
p_00061,Fashion,s_0519,367,0.1863,4.54,0,2021-03-30
p_00062,Beauty,s_0615,926,0.3145,4.15,0,2021-04-16
p_00063,Kids,s_0503,3117,0.2655,4.69,0,2023-12-24
p_00064,Electronics,s_0408,8308,0.1468,4.27,0,2024-04-13
p_00065,Auto,s_0538,1193,0.1712,4.69,0,2023-08-01
p_00066,Sports,s_0265,2030,0.2557,3.48,0,2024-09-08
p_00067,Kids,s_0431,594,0.1397,4.26,0,2026-02-15
p_00068,Books,s_0578,662,0.1534,4.66,0,2022-06-06
p_00069,Home,s_0491,877,0.2035,4.43,0,2023-11-04
p_00070,Fashion,s_0526,699,0.2653,4.42,0,2026-01-05
p_00071,Sports,s_0531,872,0.2407,4.86,0,2021-03-09
p_00072,Electronics,s_0026,3792,0.1849,4.65,0,2025-06-22
p_00073,Auto,s_0590,2194,0.1571,4.7,0,2025-02-06
p_00074,Beauty,s_0230,1085,0.2611,4.46,0,2023-11-14
p_00075,Electronics,s_0133,13574,0.1299,4.51,0,2021-05-10
p_00076,Electronics,s_0051,5483,0.152,3.62,0,2023-04-11
p_00077,Kids,s_0536,2123,0.1803,4.31,0,2022-04-22
p_00078,Kids,s_0687,578,0.2609,4.29,0,2022-02-06
p_00079,Books,s_0106,474,0.1971,4.71,0,2021-04-05
p_00080,Electronics,s_0638,4635,0.1169,5.0,0,2026-03-12
p_00081,Beauty,s_0440,479,0.3391,4.39,1,2023-03-10
p_00082,Beauty,s_0482,786,0.3698,4.32,0,2025-12-29
p_00083,Electronics,s_0146,3249,0.1392,4.07,0,2022-09-30
p_00084,Beauty,s_0494,1186,0.3512,4.39,0,2021-07-09
p_00085,Beauty,s_0235,500,0.2157,4.67,0,2024-05-21
p_00086,Fashion,s_0125,3857,0.2277,4.72,0,2021-01-07
p_00087,Electronics,s_0642,3446,0.04,3.96,1,2024-04-16
p_00088,Kids,s_0468,1379,0.2736,5.0,0,2021-07-15
p_00089,Beauty,s_0691,562,0.2472,4.65,1,2024-06-09
p_00090,Beauty,s_0481,1525,0.241,4.87,0,2023-12-30
p_00091,FMCG,s_0559,204,0.1111,4.6,0,2022-05-25
p_00092,Beauty,s_0258,384,0.2458,5.0,0,2024-05-25
p_00093,Electronics,s_0574,2973,0.1325,4.57,1,2023-09-20
p_00094,Beauty,s_0412,818,0.4019,4.59,0,2024-01-25
p_00095,Electronics,s_0686,3034,0.074,4.38,0,2024-07-12
p_00096,Home,s_0316,3417,0.2067,4.48,0,2024-09-25
p_00097,FMCG,s_0562,620,0.1946,4.35,0,2025-11-13
p_00098,Pet,s_0663,282,0.2173,4.86,1,2021-01-26
p_00099,Fashion,s_0514,1109,0.2025,4.6,0,2023-11-11
p_00100,FMCG,s_0491,526,0.1054,4.56,0,2022-07-25
p_00101,Beauty,s_0412,1064,0.4122,4.37,0,2024-10-03
p_00102,Fashion,s_0444,1277,0.2687,4.53,0,2023-08-09
p_00103,Home,s_0208,1543,0.2142,4.66,0,2024-10-14
p_00104,Sports,s_0302,1096,0.3126,4.78,0,2023-05-14
p_00105,Pet,s_0276,532,0.1349,4.94,0,2025-06-14
p_00106,Auto,s_0010,2366,0.1736,3.76,0,2021-07-13
p_00107,Pet,s_0034,1969,0.2631,4.61,0,2025-06-04
p_00108,Electronics,s_0154,2241,0.1264,5.0,0,2025-01-31
p_00109,Electronics,s_0672,1225,0.04,4.81,0,2023-11-03
p_00110,Fashion,s_0612,1269,0.2624,4.89,0,2024-03-24
p_00111,Sports,s_0470,1526,0.2611,4.62,0,2025-01-26
p_00112,Kids,s_0536,1255,0.204,4.53,0,2023-01-30
p_00113,Home,s_0502,700,0.1647,4.59,0,2022-06-25
p_00114,Electronics,s_0369,4010,0.1312,4.09,0,2021-04-25
p_00115,Beauty,s_0205,605,0.2341,4.32,0,2024-11-08
p_00116,Beauty,s_0267,326,0.2335,5.0,0,2024-01-30
p_00117,Auto,s_0498,2022,0.2101,4.91,0,2023-10-12
p_00118,Home,s_0478,1791,0.2294,4.53,1,2024-05-08
p_00119,Fashion,s_0524,1249,0.1275,4.42,0,2021-03-15
p_00120,Pet,s_0510,887,0.1684,4.18,0,2025-11-26
p_00121,FMCG,s_0445,579,0.0949,4.79,0,2023-09-10
p_00122,Beauty,s_0572,536,0.2709,4.41,0,2024-02-29
p_00123,Home,s_0680,3702,0.1895,3.71,0,2022-06-12
p_00124,Electronics,s_0035,3525,0.1595,4.4,0,2025-06-24
p_00125,Beauty,s_0298,1300,0.338,4.32,0,2021-09-24
p_00126,Electronics,s_0325,4690,0.0647,4.49,0,2023-10-19
p_00127,Beauty,s_0469,566,0.2242,4.98,0,2025-09-13
p_00128,Sports,s_0101,2815,0.2537,4.84,0,2025-05-16
p_00129,Kids,s_0449,1901,0.1877,4.37,0,2024-04-05
p_00130,Fashion,s_0528,980,0.1968,4.06,0,2025-02-09
p_00131,Auto,s_0266,3244,0.1939,4.59,0,2021-01-20
p_00132,Pet,s_0464,566,0.1986,4.65,0,2022-03-12
p_00133,Home,s_0188,2099,0.2654,5.0,0,2022-08-18
p_00134,Electronics,s_0436,6042,0.0743,4.94,0,2025-03-22
p_00135,FMCG,s_0491,428,0.0857,4.2,0,2025-05-08
p_00136,Fashion,s_0066,1614,0.2599,4.67,0,2021-03-28
p_00137,Kids,s_0665,878,0.1784,4.72,0,2025-08-07
p_00138,Auto,s_0273,2061,0.2138,4.48,0,2022-09-12
p_00139,Pet,s_0511,587,0.2328,4.57,0,2022-09-29
p_00140,Sports,s_0380,2951,0.3134,4.29,0,2023-10-03
p_00141,Sports,s_0099,1893,0.2315,3.9,0,2024-03-20
p_00142,Home,s_0200,1231,0.0858,4.9,0,2025-01-07
p_00143,Sports,s_0422,2028,0.2375,4.16,0,2022-09-02
p_00144,Pet,s_0150,378,0.1543,3.98,0,2023-04-20
p_00145,FMCG,s_0461,181,0.1006,4.59,0,2023-11-02
p_00146,Home,s_0015,2073,0.2148,4.72,0,2025-08-26
p_00147,Kids,s_0095,1230,0.2346,4.08,0,2024-10-22
p_00148,Auto,s_0001,1143,0.1563,4.34,0,2021-04-24
p_00149,Fashion,s_0463,1901,0.2378,3.88,0,2023-01-28
p_00150,Auto,s_0595,2310,0.1744,4.6,0,2021-12-18
p_00151,Home,s_0560,824,0.2459,4.7,0,2026-02-12
p_00152,Kids,s_0086,1064,0.1721,4.76,0,2021-05-31
p_00153,Beauty,s_0625,1333,0.3275,4.35,0,2025-08-08
p_00154,Books,s_0204,400,0.2665,4.52,0,2023-05-24
p_00155,Beauty,s_0254,508,0.2267,4.02,0,2021-06-19
p_00156,Fashion,s_0124,2552,0.1868,3.77,0,2021-06-16
p_00157,FMCG,s_0636,237,0.0855,4.92,0,2026-03-07
p_00158,FMCG,s_0046,330,0.1496,3.59,0,2022-09-16
p_00159,Pet,s_0560,1086,0.1475,4.64,0,2021-08-22
p_00160,Pet,s_0275,1296,0.1489,4.19,0,2022-10-06
p_00161,FMCG,s_0685,507,0.0945,4.97,0,2021-03-30
p_00162,Auto,s_0651,5539,0.188,4.36,0,2023-06-10
p_00163,Books,s_0366,220,0.1174,5.0,0,2025-04-28
p_00164,Pet,s_0159,1380,0.2101,4.6,0,2023-01-19
p_00165,Electronics,s_0006,7967,0.1218,4.52,0,2026-01-02
p_00166,Pet,s_0321,2747,0.1979,4.78,0,2023-09-10
p_00167,Fashion,s_0681,2658,0.1805,4.14,0,2025-07-18
p_00168,Home,s_0598,2621,0.2847,4.32,0,2025-07-15
p_00169,Fashion,s_0589,3022,0.2389,4.74,0,2021-01-01
p_00170,Home,s_0504,1435,0.1993,4.73,0,2025-02-15
p_00171,Beauty,s_0139,1114,0.2832,4.6,0,2022-02-08
p_00172,Kids,s_0559,1065,0.1378,4.97,1,2022-06-26
p_00173,Electronics,s_0229,2699,0.0581,3.45,0,2022-09-25
p_00174,Sports,s_0485,1045,0.2338,3.77,0,2022-08-26
p_00175,Beauty,s_0603,583,0.3065,4.56,0,2021-05-26
p_00176,Books,s_0135,643,0.1955,4.2,0,2022-04-13
p_00177,Books,s_0613,107,0.0935,4.82,0,2021-10-28
p_00178,Sports,s_0517,2939,0.2294,4.31,0,2024-07-30
p_00179,Pet,s_0298,402,0.173,4.02,0,2021-02-09
p_00180,Pet,s_0087,719,0.1461,3.78,0,2023-03-29
p_00181,FMCG,s_0428,177,0.1613,4.38,0,2025-10-20
p_00182,Auto,s_0685,5811,0.2579,4.64,0,2024-10-06
p_00183,Sports,s_0164,988,0.164,4.39,0,2022-03-02
p_00184,Fashion,s_0139,3180,0.2258,5.0,0,2024-06-20
p_00185,Fashion,s_0601,1981,0.2949,4.59,1,2024-09-03
p_00186,Electronics,s_0314,3052,0.0552,4.41,0,2023-12-19
p_00187,Home,s_0520,1956,0.1297,5.0,0,2023-03-07
p_00188,Sports,s_0422,1968,0.227,4.87,0,2023-11-26
p_00189,Electronics,s_0400,4744,0.0894,4.24,1,2025-04-25
p_00190,Home,s_0153,1530,0.1809,4.53,0,2025-07-17
p_00191,Fashion,s_0533,2232,0.2913,4.03,0,2025-02-09
p_00192,Electronics,s_0202,5716,0.0772,5.0,0,2023-08-29
p_00193,Home,s_0386,1233,0.1625,4.09,0,2021-02-16
p_00194,Beauty,s_0015,824,0.2824,4.69,0,2022-06-05
p_00195,Kids,s_0109,2548,0.1389,4.73,0,2021-07-06
p_00196,Fashion,s_0399,1612,0.2415,5.0,1,2021-01-14
p_00197,Pet,s_0076,1123,0.237,4.58,0,2025-06-02
p_00198,Electronics,s_0053,6755,0.1477,4.11,0,2025-08-06
p_00199,Home,s_0356,1168,0.2519,4.0,0,2022-09-24
p_00200,Books,s_0662,375,0.1359,3.99,0,2023-06-13
p_00201,FMCG,s_0362,746,0.1347,4.52,0,2023-12-06
p_00202,Sports,s_0027,1085,0.2674,4.61,0,2022-04-05
p_00203,Electronics,s_0027,5011,0.1969,4.68,1,2022-09-20
p_00204,Kids,s_0523,2178,0.1985,4.39,0,2021-07-16
p_00205,Electronics,s_0488,8284,0.096,4.88,0,2024-03-02
p_00206,Books,s_0336,193,0.1385,4.33,1,2021-05-22
p_00207,Beauty,s_0700,207,0.3089,4.43,0,2022-04-19
p_00208,Kids,s_0311,1848,0.1759,4.31,0,2025-02-14
p_00209,Auto,s_0461,2057,0.234,3.93,0,2025-03-17
p_00210,Home,s_0334,3208,0.1438,4.34,0,2022-01-17
p_00211,Books,s_0125,540,0.1182,4.41,0,2023-06-25
p_00212,FMCG,s_0510,202,0.1614,4.93,0,2025-06-04
p_00213,Pet,s_0478,816,0.2374,4.75,0,2021-10-22
p_00214,Pet,s_0586,607,0.1884,3.89,0,2025-01-29
p_00215,Pet,s_0634,419,0.2027,4.17,0,2024-01-09
p_00216,FMCG,s_0175,611,0.1386,4.56,0,2023-12-06
p_00217,FMCG,s_0158,385,0.1655,4.22,0,2025-05-13
p_00218,Home,s_0606,2063,0.1599,4.14,0,2024-10-09
p_00219,Electronics,s_0533,3277,0.1481,4.72,1,2022-07-07
p_00220,Books,s_0212,457,0.2086,3.81,0,2025-03-13
p_00221,Beauty,s_0445,864,0.2355,4.2,0,2023-01-22
p_00222,Auto,s_0639,1721,0.1168,4.51,0,2025-03-21
p_00223,Fashion,s_0345,1162,0.1992,4.39,0,2023-02-20
p_00224,Fashion,s_0470,1714,0.2348,4.59,0,2023-09-30
p_00225,Home,s_0613,714,0.133,4.49,0,2026-02-26
p_00226,Kids,s_0239,598,0.2037,4.32,0,2023-10-13
p_00227,Pet,s_0695,518,0.1424,4.36,0,2026-03-08
p_00228,Beauty,s_0072,514,0.2892,4.52,0,2024-12-15
p_00229,Electronics,s_0561,5813,0.139,5.0,0,2023-11-27
p_00230,Fashion,s_0409,1419,0.1664,4.68,0,2021-10-29
p_00231,Electronics,s_0035,3342,0.1065,5.0,0,2026-01-14
p_00232,Electronics,s_0201,5172,0.1657,4.46,0,2024-08-11
p_00233,Fashion,s_0663,1689,0.1985,4.43,0,2023-02-28
p_00234,Fashion,s_0178,1633,0.2721,4.99,0,2025-11-04
p_00235,FMCG,s_0047,349,0.1058,4.77,0,2024-08-07
p_00236,Beauty,s_0664,397,0.2892,4.01,0,2025-04-17
p_00237,Kids,s_0558,777,0.2157,4.4,0,2022-06-13
p_00238,FMCG,s_0050,327,0.0657,4.26,0,2025-09-29
p_00239,Auto,s_0463,1482,0.1197,4.66,0,2021-03-08
p_00240,Home,s_0657,1667,0.244,3.84,0,2021-07-20
p_00241,Pet,s_0194,1052,0.2328,4.24,0,2021-03-10
p_00242,Fashion,s_0496,1566,0.2339,4.55,0,2022-05-24
p_00243,Beauty,s_0695,600,0.2458,4.44,0,2024-07-31
p_00244,Auto,s_0021,3194,0.1653,4.85,0,2023-12-18
p_00245,Kids,s_0133,777,0.2346,3.94,0,2023-08-09
p_00246,Books,s_0662,201,0.2153,4.46,0,2025-01-18
p_00247,Pet,s_0543,785,0.217,4.69,0,2021-02-13
p_00248,Electronics,s_0224,9590,0.1307,4.38,0,2022-01-14
p_00249,Electronics,s_0530,2629,0.0636,4.48,0,2022-05-03
p_00250,Sports,s_0142,1968,0.2564,4.84,1,2023-10-15
p_00251,Fashion,s_0165,393,0.2714,4.97,1,2025-02-24
p_00252,Sports,s_0678,878,0.2691,4.4,0,2021-06-04
p_00253,Sports,s_0191,1397,0.2395,4.38,1,2025-03-29
p_00254,Home,s_0400,970,0.2038,4.49,0,2024-03-22
p_00255,FMCG,s_0280,223,0.1646,4.48,0,2026-02-16
p_00256,Electronics,s_0436,4650,0.1356,4.85,1,2023-06-12
p_00257,Electronics,s_0546,2332,0.1758,4.58,0,2023-04-18
p_00258,Home,s_0425,1512,0.2671,4.68,0,2025-10-08
p_00259,Electronics,s_0081,1356,0.1231,4.67,0,2021-11-20
p_00260,Kids,s_0393,1353,0.1882,4.69,0,2023-11-06
p_00261,Electronics,s_0313,2157,0.1506,4.74,0,2022-03-09
p_00262,Fashion,s_0192,1702,0.3118,4.17,0,2025-11-21
p_00263,Electronics,s_0353,3482,0.0892,4.46,0,2023-02-22
p_00264,Fashion,s_0179,3269,0.2539,4.26,0,2024-05-06
p_00265,Home,s_0270,2119,0.2189,3.9,0,2026-03-09
p_00266,Fashion,s_0476,935,0.2661,4.11,0,2024-10-08
p_00267,Fashion,s_0510,2421,0.229,4.79,0,2023-01-05
p_00268,Electronics,s_0426,776,0.053,4.48,0,2025-07-14
p_00269,Books,s_0295,220,0.1641,4.71,0,2024-03-14
p_00270,Beauty,s_0479,579,0.2652,4.29,0,2022-09-14
p_00271,Auto,s_0182,4236,0.1395,4.44,0,2022-09-03
p_00272,Home,s_0334,1430,0.2351,4.59,0,2023-01-10
p_00273,Fashion,s_0532,2272,0.2972,4.49,0,2024-09-22
p_00274,Electronics,s_0494,2736,0.1383,4.88,0,2024-04-11
p_00275,Fashion,s_0456,2625,0.2541,4.63,0,2021-09-27
p_00276,Sports,s_0123,959,0.2622,4.3,0,2026-02-17
p_00277,Fashion,s_0540,1003,0.2757,4.32,0,2024-11-24
p_00278,Electronics,s_0538,2631,0.0707,4.18,0,2022-05-25
p_00279,Auto,s_0281,2241,0.2366,4.65,0,2022-07-02
p_00280,Pet,s_0097,1972,0.228,3.88,0,2024-12-27
p_00281,Beauty,s_0220,973,0.2772,4.77,0,2024-11-20
p_00282,Home,s_0237,972,0.146,4.68,0,2025-08-06
p_00283,FMCG,s_0006,912,0.1443,4.3,0,2022-07-20
p_00284,Kids,s_0096,795,0.2053,4.26,0,2022-08-13
p_00285,Sports,s_0466,1252,0.237,4.25,0,2025-06-01
p_00286,Fashion,s_0662,2437,0.2519,4.9,0,2022-08-07
p_00287,Sports,s_0339,942,0.2031,4.26,0,2023-03-28
p_00288,Fashion,s_0418,1316,0.2745,4.45,0,2023-12-04
p_00289,Books,s_0559,456,0.1912,4.26,0,2024-10-17
p_00290,Beauty,s_0687,697,0.3302,4.67,0,2024-11-06
p_00291,Books,s_0187,248,0.2131,4.21,0,2024-03-28
p_00292,Electronics,s_0028,2115,0.1143,4.08,0,2024-08-18
p_00293,Home,s_0361,1500,0.1599,4.53,0,2021-09-12
p_00294,FMCG,s_0161,199,0.0632,4.38,0,2025-09-03
p_00295,Beauty,s_0361,2803,0.2323,4.68,0,2021-12-01
p_00296,Pet,s_0576,764,0.2247,4.38,0,2022-06-07
p_00297,Beauty,s_0587,747,0.2935,4.56,0,2026-01-14
p_00298,Fashion,s_0552,856,0.2979,4.67,0,2024-05-11
p_00299,Kids,s_0222,855,0.1671,4.36,0,2023-06-08
p_00300,Kids,s_0113,2013,0.1845,4.24,0,2023-03-09
p_00301,FMCG,s_0636,396,0.2031,4.39,0,2021-01-08
p_00302,Home,s_0288,2502,0.2381,4.34,0,2026-01-21
p_00303,Pet,s_0570,111,0.2,4.61,0,2023-06-22
p_00304,Sports,s_0582,1101,0.1953,4.64,0,2025-09-10
p_00305,FMCG,s_0220,578,0.1157,5.0,0,2022-06-14
p_00306,Home,s_0584,893,0.1603,3.86,0,2024-01-18
p_00307,Auto,s_0302,815,0.1754,4.91,0,2022-01-29
p_00308,Books,s_0577,446,0.213,4.83,0,2024-12-21
p_00309,Electronics,s_0275,4615,0.1075,4.29,0,2024-12-12
p_00310,Books,s_0687,224,0.125,4.52,0,2023-08-10
p_00311,Kids,s_0570,1803,0.1971,4.38,0,2023-09-29
p_00312,Home,s_0136,1328,0.2255,3.92,0,2023-11-09
p_00313,FMCG,s_0104,804,0.0767,4.69,0,2021-02-01
p_00314,Kids,s_0271,369,0.2289,4.34,0,2025-11-19
p_00315,Auto,s_0099,2210,0.2193,4.87,1,2021-07-25
p_00316,Fashion,s_0447,1682,0.1961,4.19,0,2021-04-13
p_00317,Fashion,s_0176,1670,0.2731,4.61,0,2025-05-30
p_00318,Home,s_0109,1896,0.1969,3.87,0,2026-03-14
p_00319,FMCG,s_0062,623,0.1455,5.0,0,2024-01-23
p_00320,Fashion,s_0365,1519,0.1745,4.82,0,2022-01-12
p_00321,Fashion,s_0190,1366,0.2071,4.58,0,2024-08-11
p_00322,Auto,s_0662,633,0.1427,3.87,0,2025-09-12
p_00323,Books,s_0646,294,0.1712,3.76,1,2022-01-28
p_00324,Home,s_0109,2433,0.1964,4.08,0,2021-07-02
p_00325,Home,s_0519,2281,0.175,4.25,0,2025-01-30
p_00326,Kids,s_0322,1486,0.2565,3.99,0,2024-11-29
p_00327,Sports,s_0284,629,0.1794,4.27,0,2026-03-02
p_00328,Pet,s_0603,511,0.1722,4.27,0,2023-03-01
p_00329,Books,s_0066,403,0.2167,4.58,0,2024-01-12
p_00330,Fashion,s_0299,2152,0.2032,4.54,0,2024-08-29
p_00331,FMCG,s_0323,181,0.2022,4.59,0,2024-10-19
p_00332,Home,s_0166,1383,0.2441,5.0,0,2024-11-21
p_00333,Electronics,s_0268,3772,0.1078,4.11,0,2023-08-07
p_00334,Beauty,s_0263,531,0.2536,4.38,0,2024-05-25
p_00335,Auto,s_0065,1512,0.2273,3.83,0,2026-02-09
p_00336,Beauty,s_0015,422,0.3148,4.94,0,2023-04-13
p_00337,FMCG,s_0422,147,0.1306,4.21,0,2024-07-18
p_00338,Sports,s_0264,1297,0.2058,4.97,0,2021-09-03
p_00339,FMCG,s_0425,211,0.0473,4.14,0,2025-11-07
p_00340,Kids,s_0016,1069,0.2433,3.73,1,2021-11-13
p_00341,Beauty,s_0059,828,0.2312,4.54,0,2023-08-15
p_00342,Beauty,s_0099,1771,0.2065,4.12,0,2022-03-17
p_00343,Sports,s_0241,2216,0.2148,4.24,0,2021-07-26
p_00344,Beauty,s_0024,479,0.3029,4.73,0,2024-03-30
p_00345,Sports,s_0318,2129,0.2284,3.83,0,2022-02-05
p_00346,Home,s_0126,751,0.1664,3.47,0,2024-02-19
p_00347,Electronics,s_0097,2603,0.1324,4.65,0,2023-09-25
p_00348,FMCG,s_0575,253,0.1096,4.41,1,2021-09-07
p_00349,Electronics,s_0591,1163,0.0816,3.71,0,2022-08-10
p_00350,Fashion,s_0359,837,0.2833,4.84,0,2022-07-22
p_00351,Books,s_0323,488,0.1579,5.0,0,2021-03-16
p_00352,Fashion,s_0467,1115,0.3001,4.19,0,2021-11-03
p_00353,Auto,s_0622,2798,0.2073,4.5,0,2022-06-10
p_00354,Home,s_0641,969,0.2022,4.5,0,2021-06-23
p_00355,Beauty,s_0671,405,0.307,4.79,0,2024-03-08
p_00356,Kids,s_0630,1074,0.2851,4.16,0,2022-05-05
p_00357,Sports,s_0039,1179,0.1874,4.75,0,2022-04-08
p_00358,Sports,s_0414,1032,0.1663,4.47,0,2024-08-12
p_00359,Sports,s_0324,2689,0.2969,4.82,0,2024-03-30
p_00360,Electronics,s_0623,2536,0.134,4.71,1,2025-01-19
p_00361,Sports,s_0221,1342,0.3181,4.06,0,2024-05-10
p_00362,Fashion,s_0609,1735,0.2529,3.89,0,2023-03-24
p_00363,Pet,s_0474,987,0.1301,4.26,0,2025-12-31
p_00364,Beauty,s_0437,1020,0.3537,4.51,0,2025-03-02
p_00365,FMCG,s_0693,371,0.1405,4.78,0,2024-04-07
p_00366,FMCG,s_0123,467,0.1057,4.62,0,2025-01-03
p_00367,Fashion,s_0384,700,0.2585,4.35,0,2024-08-20
p_00368,Pet,s_0514,554,0.154,4.95,0,2022-06-09
p_00369,Fashion,s_0698,1332,0.2444,4.06,0,2025-09-22
p_00370,Beauty,s_0258,683,0.2807,4.46,0,2022-07-20
p_00371,Books,s_0399,320,0.1753,4.66,0,2023-02-25
p_00372,Pet,s_0299,769,0.1806,4.44,0,2024-01-24
p_00373,Kids,s_0365,1480,0.2479,4.37,0,2021-06-24
p_00374,Fashion,s_0060,2177,0.2769,4.5,0,2026-01-12
p_00375,Sports,s_0448,190,0.2511,4.97,0,2022-02-27
p_00376,Kids,s_0025,2551,0.1683,4.88,0,2021-06-08
p_00377,Beauty,s_0289,959,0.3384,4.0,0,2025-03-11
p_00378,Fashion,s_0339,1057,0.3233,4.62,0,2021-12-23
p_00379,Kids,s_0297,3299,0.1952,3.92,0,2025-09-14
p_00380,Pet,s_0126,548,0.1348,4.27,0,2021-12-28
p_00381,Fashion,s_0305,654,0.2751,4.32,0,2023-11-16
p_00382,Fashion,s_0427,1172,0.2457,4.56,0,2024-04-17
p_00383,Fashion,s_0327,3741,0.2347,4.82,0,2023-08-26
p_00384,Fashion,s_0600,1405,0.2751,4.55,0,2025-11-28
p_00385,Home,s_0021,1185,0.1886,4.44,0,2023-01-13
p_00386,Beauty,s_0556,477,0.2756,4.95,0,2021-01-31
p_00387,Fashion,s_0351,2533,0.1858,4.71,0,2025-02-06
p_00388,Home,s_0203,1651,0.1951,4.24,0,2023-10-18
p_00389,FMCG,s_0575,585,0.1019,4.81,0,2023-12-13
p_00390,Home,s_0058,2248,0.2176,4.58,0,2024-01-07
p_00391,Beauty,s_0116,5756,0.2985,4.15,0,2023-09-15
p_00392,Electronics,s_0167,7177,0.0662,4.21,0,2022-05-21
p_00393,Fashion,s_0634,1852,0.1983,4.26,1,2021-01-29
p_00394,Beauty,s_0126,671,0.2875,4.55,0,2023-05-04
p_00395,Electronics,s_0122,3252,0.1246,4.53,0,2024-09-27
p_00396,Electronics,s_0039,2945,0.1347,4.49,0,2021-07-19
p_00397,Fashion,s_0129,798,0.3039,4.63,0,2024-03-21
p_00398,FMCG,s_0536,256,0.099,5.0,0,2021-06-22
p_00399,Pet,s_0363,827,0.171,4.6,0,2023-04-13
p_00400,Sports,s_0612,3085,0.1359,4.69,0,2021-02-24
p_00401,Books,s_0664,384,0.1697,4.68,0,2022-05-18
p_00402,Home,s_0672,868,0.2553,4.68,0,2025-12-01
p_00403,Home,s_0310,3509,0.2829,4.34,0,2023-04-22
p_00404,Beauty,s_0030,503,0.2638,4.7,0,2026-01-24
p_00405,Fashion,s_0435,1665,0.2648,4.51,0,2023-07-26
p_00406,Sports,s_0593,1394,0.2161,3.7,0,2022-06-24
p_00407,FMCG,s_0130,608,0.1632,4.63,0,2021-10-02
p_00408,FMCG,s_0365,174,0.2206,4.72,0,2022-10-15
p_00409,Sports,s_0426,999,0.1669,4.3,0,2023-08-09
p_00410,FMCG,s_0394,226,0.0532,5.0,0,2022-02-27
p_00411,FMCG,s_0387,716,0.1672,4.97,0,2025-10-31
p_00412,Fashion,s_0246,910,0.2001,4.61,0,2024-06-30
p_00413,FMCG,s_0432,217,0.0617,4.46,0,2025-12-04
p_00414,FMCG,s_0679,215,0.1256,4.96,0,2025-11-10
p_00415,Kids,s_0225,1170,0.2791,4.43,0,2025-06-04
p_00416,Auto,s_0129,849,0.1841,3.95,0,2023-09-08
p_00417,FMCG,s_0188,388,0.1503,5.0,0,2021-03-18
p_00418,Electronics,s_0556,6356,0.1773,4.67,0,2024-07-26
p_00419,Fashion,s_0030,5092,0.2461,4.74,1,2024-11-06
p_00420,Books,s_0678,439,0.1343,4.64,0,2024-12-07
p_00421,Home,s_0555,1955,0.1721,4.46,0,2022-03-10
p_00422,Kids,s_0569,2258,0.1977,3.93,0,2023-06-26
p_00423,Pet,s_0407,782,0.1437,4.7,1,2022-04-07
p_00424,Fashion,s_0262,1545,0.2155,4.38,0,2024-09-03
p_00425,Electronics,s_0152,3415,0.0693,4.12,0,2022-08-09
p_00426,Fashion,s_0234,595,0.2176,4.69,0,2023-04-04
p_00427,Sports,s_0024,1029,0.332,4.74,0,2023-10-27
p_00428,Home,s_0017,2857,0.182,4.82,0,2023-06-06
p_00429,Fashion,s_0284,1085,0.2062,5.0,0,2025-06-06
p_00430,Sports,s_0555,929,0.2465,4.36,0,2024-05-26
p_00431,Auto,s_0491,620,0.2322,4.3,0,2021-12-04
p_00432,Books,s_0428,197,0.1544,4.03,0,2022-07-07
p_00433,Fashion,s_0271,2392,0.2698,4.02,0,2022-09-06
p_00434,Pet,s_0323,922,0.243,4.37,0,2023-08-22
p_00435,Home,s_0142,1766,0.1895,4.11,0,2022-07-23
p_00436,Books,s_0642,454,0.1917,4.44,1,2021-09-29
p_00437,Beauty,s_0608,466,0.2584,3.85,0,2021-03-15
p_00438,Fashion,s_0092,3165,0.1928,4.62,0,2024-05-11
p_00439,Home,s_0184,1172,0.1812,4.31,0,2024-01-10
p_00440,Fashion,s_0567,2339,0.2267,4.55,0,2022-10-30
p_00441,Fashion,s_0039,1851,0.2586,4.91,0,2023-05-06
p_00442,Home,s_0666,719,0.1954,4.38,0,2025-07-06
p_00443,Books,s_0527,1138,0.1052,4.18,0,2021-03-03
p_00444,Home,s_0272,1892,0.1886,4.51,0,2022-10-28
p_00445,Electronics,s_0349,5726,0.0749,3.92,0,2021-06-28
p_00446,Books,s_0649,193,0.1713,3.76,0,2025-02-27
p_00447,FMCG,s_0533,634,0.134,4.8,1,2022-10-01
p_00448,Fashion,s_0326,1179,0.2222,3.81,0,2022-03-21
p_00449,Kids,s_0058,2021,0.2447,5.0,0,2024-05-22
p_00450,FMCG,s_0674,371,0.2017,4.13,0,2024-12-14
p_00451,Sports,s_0012,888,0.2613,4.72,0,2024-04-20
p_00452,Home,s_0643,2059,0.2205,5.0,0,2021-11-18
p_00453,FMCG,s_0249,256,0.1153,3.97,1,2023-02-06
p_00454,Kids,s_0482,1324,0.1639,4.43,0,2022-12-03
p_00455,Home,s_0060,2003,0.212,4.41,0,2025-08-14
p_00456,Auto,s_0228,4873,0.1343,4.3,0,2021-05-21
p_00457,Home,s_0696,1019,0.2602,5.0,0,2021-01-18
p_00458,Fashion,s_0521,827,0.3128,4.68,0,2021-05-29
p_00459,Home,s_0155,3349,0.1487,3.94,0,2024-07-18
p_00460,Home,s_0409,1298,0.2506,4.5,1,2022-12-28
p_00461,Fashion,s_0369,2043,0.2635,4.35,0,2023-12-01
p_00462,Beauty,s_0239,632,0.2513,4.5,0,2025-09-07
p_00463,Auto,s_0576,2141,0.2248,4.62,0,2022-02-25
p_00464,Electronics,s_0283,2606,0.1781,4.63,1,2023-08-07
p_00465,FMCG,s_0352,880,0.1181,4.7,0,2024-12-24
p_00466,Fashion,s_0206,1125,0.2079,4.81,0,2021-06-07
p_00467,Electronics,s_0384,3711,0.1469,4.12,0,2025-02-18
p_00468,Beauty,s_0368,732,0.321,4.57,1,2022-01-20
p_00469,Electronics,s_0471,4137,0.1821,3.91,0,2022-07-19
p_00470,Books,s_0653,213,0.2217,4.39,0,2025-08-17
p_00471,Auto,s_0469,1966,0.1445,4.88,0,2022-03-02
p_00472,Fashion,s_0562,832,0.3125,4.85,0,2025-12-12
p_00473,Electronics,s_0486,12295,0.1276,4.44,0,2025-01-18
p_00474,Home,s_0690,703,0.1863,4.85,0,2025-04-24
p_00475,Beauty,s_0595,924,0.2811,4.24,0,2025-11-24
p_00476,Beauty,s_0320,507,0.2257,4.51,0,2026-01-05
p_00477,Fashion,s_0193,682,0.2004,4.08,0,2021-01-30
p_00478,FMCG,s_0163,460,0.128,4.59,0,2026-02-03
p_00479,Beauty,s_0644,163,0.3227,4.44,0,2021-07-17
p_00480,Beauty,s_0421,403,0.3685,4.24,0,2021-01-08
p_00481,Home,s_0158,3575,0.1484,4.35,0,2025-01-31
p_00482,Pet,s_0497,873,0.2257,4.24,0,2025-09-18
p_00483,Beauty,s_0006,1057,0.3065,4.08,0,2024-01-26
p_00484,FMCG,s_0363,711,0.1921,4.34,0,2024-09-14
p_00485,Kids,s_0536,736,0.2715,4.72,0,2024-09-17
p_00486,Auto,s_0419,2733,0.1328,4.0,0,2024-04-01
p_00487,Pet,s_0039,556,0.157,4.28,0,2021-03-11
p_00488,Pet,s_0655,277,0.1992,4.36,1,2025-11-01
p_00489,Beauty,s_0177,461,0.2038,4.01,0,2022-10-22
p_00490,Kids,s_0087,563,0.2158,4.29,0,2025-02-23
p_00491,FMCG,s_0307,515,0.1173,4.64,0,2022-08-03
p_00492,Electronics,s_0382,12503,0.144,5.0,0,2022-10-20
p_00493,Home,s_0560,1270,0.2253,4.62,0,2023-04-13
p_00494,Home,s_0272,2432,0.1952,4.19,0,2024-12-10
p_00495,Fashion,s_0142,2139,0.2117,4.66,0,2024-02-16
p_00496,FMCG,s_0104,1476,0.1237,4.98,1,2025-04-26
p_00497,Sports,s_0019,607,0.2133,5.0,0,2025-05-29
p_00498,Electronics,s_0547,2576,0.0866,5.0,0,2023-03-20
p_00499,Pet,s_0223,600,0.2174,4.13,0,2021-04-25
p_00500,Fashion,s_0597,2242,0.2059,4.61,0,2021-12-05
p_00501,Books,s_0315,298,0.2438,4.79,0,2024-10-24
p_00502,Electronics,s_0587,9343,0.1622,4.6,0,2023-11-22
p_00503,FMCG,s_0046,209,0.1027,4.34,0,2023-02-01
p_00504,Beauty,s_0403,1207,0.2887,4.62,0,2021-11-21
p_00505,Electronics,s_0390,1698,0.0787,4.59,0,2023-10-08
p_00506,FMCG,s_0552,409,0.142,4.43,0,2025-09-02
p_00507,Books,s_0529,515,0.1557,5.0,0,2021-01-14
p_00508,Fashion,s_0660,646,0.2021,4.32,0,2024-09-24
p_00509,Kids,s_0678,771,0.2163,4.55,0,2021-05-10
p_00510,Auto,s_0162,1794,0.1921,4.26,0,2022-11-22
p_00511,Auto,s_0521,888,0.2305,4.3,0,2025-10-31
p_00512,Kids,s_0108,1526,0.2246,4.58,0,2023-03-16
p_00513,Home,s_0088,1298,0.2874,4.86,1,2024-12-10
p_00514,FMCG,s_0146,431,0.1551,4.25,1,2025-09-18
p_00515,Pet,s_0399,843,0.2056,4.03,0,2025-06-14
p_00516,Fashion,s_0342,1493,0.235,4.4,0,2021-07-16
p_00517,Auto,s_0561,1539,0.1752,4.58,0,2022-11-06
p_00518,FMCG,s_0268,403,0.042,4.88,0,2021-12-11
p_00519,Fashion,s_0318,2072,0.279,4.83,0,2024-05-30
p_00520,Pet,s_0043,656,0.2088,4.65,1,2022-04-01
p_00521,Home,s_0607,4745,0.1864,3.85,0,2023-06-28
p_00522,Auto,s_0679,3199,0.2128,4.81,0,2021-02-22
p_00523,Sports,s_0195,2462,0.2222,4.41,0,2025-02-26
p_00524,FMCG,s_0167,221,0.1349,3.91,0,2025-10-31
p_00525,Electronics,s_0300,6343,0.1736,4.43,0,2025-06-29
p_00526,Beauty,s_0303,1608,0.2709,4.65,0,2025-11-30
p_00527,Home,s_0555,1148,0.1836,4.62,0,2021-08-28
p_00528,Beauty,s_0293,376,0.2347,4.07,1,2023-03-14
p_00529,Electronics,s_0366,2707,0.074,3.99,0,2022-12-16
p_00530,Pet,s_0138,631,0.1379,4.5,0,2023-02-21
p_00531,Sports,s_0398,2376,0.1718,3.82,0,2023-08-11
p_00532,Fashion,s_0194,2511,0.2528,4.63,0,2023-06-13
p_00533,Books,s_0645,629,0.1889,4.23,0,2025-07-17
p_00534,Sports,s_0010,831,0.2363,4.51,0,2025-05-31
p_00535,Home,s_0621,1162,0.256,4.55,0,2025-01-29
p_00536,Home,s_0664,1153,0.1645,3.62,0,2025-02-19
p_00537,Electronics,s_0492,3308,0.0905,4.65,0,2023-04-01
p_00538,Beauty,s_0433,1139,0.216,4.81,0,2022-12-25
p_00539,Home,s_0365,1611,0.1935,4.3,0,2023-06-25
p_00540,Kids,s_0551,1174,0.2563,4.91,0,2025-12-03
p_00541,FMCG,s_0175,329,0.1476,4.16,0,2021-11-03
p_00542,Sports,s_0529,1034,0.3414,4.53,0,2023-03-29
p_00543,Electronics,s_0031,2402,0.143,4.49,0,2021-02-27
p_00544,Books,s_0184,637,0.2279,4.24,0,2021-04-23
p_00545,Fashion,s_0323,869,0.2725,4.27,0,2025-06-01
p_00546,Fashion,s_0553,1309,0.2737,4.32,0,2022-03-08
p_00547,Beauty,s_0149,1218,0.2743,4.1,0,2021-12-09
p_00548,Auto,s_0168,3080,0.0598,4.11,0,2025-11-27
p_00549,Beauty,s_0030,480,0.2795,5.0,0,2025-02-13
p_00550,Auto,s_0120,2277,0.1329,4.61,0,2025-07-21
p_00551,FMCG,s_0528,212,0.1826,3.77,0,2022-07-23
p_00552,Kids,s_0684,505,0.2508,3.96,0,2025-11-18
p_00553,Fashion,s_0659,2369,0.2239,4.66,1,2025-04-23
p_00554,Sports,s_0003,2559,0.1847,4.5,0,2024-02-23
p_00555,Fashion,s_0384,4964,0.2679,4.48,0,2024-10-30
p_00556,Fashion,s_0066,1520,0.228,4.6,0,2022-12-05
p_00557,Electronics,s_0377,2223,0.1202,4.33,0,2024-01-17
p_00558,Pet,s_0310,602,0.2318,4.42,0,2021-11-28
p_00559,Kids,s_0222,1375,0.2182,4.2,0,2022-09-06
p_00560,Kids,s_0545,722,0.122,4.24,0,2022-07-01
p_00561,Kids,s_0158,2015,0.1265,4.14,0,2023-08-07
p_00562,Home,s_0614,1858,0.176,4.3,0,2022-09-11
p_00563,Pet,s_0625,654,0.1849,4.49,0,2023-03-12
p_00564,Electronics,s_0255,3028,0.0969,4.71,0,2025-04-11
p_00565,Home,s_0130,1234,0.1941,4.63,0,2021-06-29
p_00566,Home,s_0109,2375,0.1297,4.12,0,2023-09-07
p_00567,Fashion,s_0335,577,0.2215,4.48,1,2025-06-19
p_00568,Home,s_0497,665,0.1069,4.22,1,2023-03-20
p_00569,Electronics,s_0110,849,0.1876,4.59,0,2025-08-07
p_00570,Electronics,s_0075,354,0.141,3.97,0,2022-06-12
p_00571,FMCG,s_0391,507,0.1574,4.52,0,2025-01-31
p_00572,Electronics,s_0269,2059,0.1336,4.42,0,2024-11-21
p_00573,Beauty,s_0632,561,0.2711,4.64,0,2024-04-01
p_00574,Fashion,s_0309,2391,0.2242,4.71,0,2021-03-17
p_00575,Fashion,s_0664,3181,0.1542,3.9,0,2025-05-03
p_00576,Auto,s_0121,1246,0.2126,4.17,0,2025-10-15
p_00577,Beauty,s_0357,381,0.2399,4.41,1,2021-07-24
p_00578,Sports,s_0486,611,0.3055,4.25,0,2024-06-10
p_00579,Fashion,s_0511,915,0.2851,4.62,0,2025-01-20
p_00580,Fashion,s_0124,2064,0.2331,3.65,0,2023-12-14
p_00581,Kids,s_0569,3213,0.128,4.96,0,2024-08-31
p_00582,Sports,s_0532,1540,0.2062,5.0,0,2021-09-27
p_00583,Sports,s_0253,737,0.2604,4.12,0,2021-11-22
p_00584,Sports,s_0368,1347,0.2269,4.61,0,2023-01-03
p_00585,Sports,s_0700,1832,0.2417,3.91,0,2025-08-10
p_00586,Beauty,s_0467,677,0.2623,4.6,0,2023-07-04
p_00587,Electronics,s_0600,5903,0.1243,4.52,0,2021-12-08
p_00588,Electronics,s_0354,7623,0.0918,4.24,0,2022-10-21
p_00589,FMCG,s_0085,182,0.0808,4.67,0,2023-12-04
p_00590,FMCG,s_0071,526,0.1457,3.91,0,2021-02-04
p_00591,Home,s_0090,1734,0.2159,5.0,0,2021-04-10
p_00592,FMCG,s_0507,546,0.1207,4.73,0,2023-02-10
p_00593,FMCG,s_0320,239,0.2123,4.57,0,2024-02-11
p_00594,FMCG,s_0272,788,0.1274,4.02,0,2021-02-12
p_00595,Electronics,s_0678,2497,0.1193,3.78,0,2021-04-11
p_00596,Books,s_0232,255,0.2058,4.05,0,2025-05-22
p_00597,Electronics,s_0173,2493,0.1541,4.57,0,2023-08-17
p_00598,Auto,s_0333,1228,0.2051,4.41,0,2025-05-02
p_00599,Electronics,s_0443,2199,0.0711,4.48,0,2025-03-31
p_00600,Fashion,s_0519,626,0.2499,4.38,0,2025-10-27
p_00601,Home,s_0576,689,0.2544,4.49,0,2022-08-14
p_00602,Kids,s_0340,766,0.1613,5.0,0,2025-02-19
p_00603,FMCG,s_0331,276,0.1168,5.0,0,2021-07-18
p_00604,Auto,s_0673,977,0.2198,4.51,0,2023-03-06
p_00605,FMCG,s_0506,236,0.1464,4.69,0,2022-05-27
p_00606,Home,s_0413,1007,0.2517,4.28,0,2022-12-14
p_00607,Sports,s_0322,1645,0.2948,4.48,0,2024-07-13
p_00608,Electronics,s_0181,11066,0.0632,4.47,0,2022-02-15
p_00609,Home,s_0202,1694,0.1729,4.38,0,2024-08-27
p_00610,Beauty,s_0475,313,0.2941,4.29,0,2021-06-16
p_00611,Electronics,s_0226,2759,0.1755,4.79,0,2026-01-02
p_00612,Kids,s_0357,1279,0.1276,3.84,0,2025-07-29
p_00613,Auto,s_0359,2805,0.117,4.61,0,2025-07-20
p_00614,Home,s_0420,1822,0.1669,4.97,0,2023-09-27
p_00615,Home,s_0605,3297,0.2448,5.0,0,2021-06-09
p_00616,Sports,s_0391,2336,0.1977,5.0,0,2023-03-17
p_00617,FMCG,s_0218,464,0.1039,4.66,0,2023-03-13
p_00618,Sports,s_0159,1407,0.2436,4.15,0,2021-07-24
p_00619,Fashion,s_0453,1770,0.2828,4.05,0,2025-06-29
p_00620,Fashion,s_0581,2359,0.2139,4.57,0,2021-07-06
p_00621,Beauty,s_0673,547,0.3042,4.06,0,2021-03-16
p_00622,Beauty,s_0131,582,0.2742,4.77,0,2024-05-01
p_00623,Pet,s_0442,1183,0.1631,4.69,0,2025-02-28
p_00624,FMCG,s_0275,199,0.1809,4.9,0,2022-11-30
p_00625,Books,s_0337,191,0.2242,4.35,0,2021-08-05
p_00626,Home,s_0121,2136,0.206,4.37,0,2021-09-20
p_00627,Fashion,s_0328,1325,0.1807,4.69,0,2023-02-07
p_00628,Books,s_0273,211,0.1518,4.22,0,2022-09-14
p_00629,Auto,s_0456,4196,0.154,4.26,0,2026-02-14
p_00630,Kids,s_0270,1277,0.2348,4.49,0,2022-11-12
p_00631,Fashion,s_0149,3104,0.2166,4.12,0,2025-09-10
p_00632,Kids,s_0559,708,0.1945,4.86,0,2022-04-14
p_00633,Beauty,s_0642,1169,0.3226,3.97,0,2025-02-13
p_00634,FMCG,s_0275,920,0.1093,4.74,0,2024-01-07
p_00635,Books,s_0240,326,0.0786,4.25,0,2025-05-31
p_00636,FMCG,s_0340,105,0.1209,4.28,0,2024-07-23
p_00637,Books,s_0147,510,0.1891,3.86,0,2023-11-09
p_00638,Beauty,s_0575,1071,0.2873,4.33,0,2025-12-30
p_00639,Auto,s_0127,2660,0.1326,4.35,0,2021-04-27
p_00640,Beauty,s_0275,622,0.2644,4.52,0,2021-11-30
p_00641,Fashion,s_0301,656,0.2945,4.06,0,2022-12-20
p_00642,Fashion,s_0589,2496,0.1771,4.75,0,2023-06-07
p_00643,Pet,s_0470,865,0.1689,4.51,0,2025-01-18
p_00644,Sports,s_0649,1589,0.2528,4.72,0,2024-02-25
p_00645,Sports,s_0411,1917,0.2109,4.24,0,2023-11-04
p_00646,Auto,s_0410,3102,0.2158,4.59,0,2021-09-16
p_00647,Kids,s_0023,920,0.2129,4.33,0,2022-11-06
p_00648,Auto,s_0563,2296,0.2299,4.47,0,2025-09-18
p_00649,Home,s_0338,1607,0.1119,4.42,0,2021-12-24
p_00650,Beauty,s_0691,812,0.3503,4.0,0,2025-02-20
p_00651,Pet,s_0420,485,0.2681,4.19,0,2021-08-23
p_00652,Kids,s_0345,839,0.1696,4.93,0,2023-05-25
p_00653,Electronics,s_0098,2625,0.04,4.89,0,2024-02-03
p_00654,Electronics,s_0696,1812,0.0898,5.0,0,2024-12-15
p_00655,Sports,s_0507,2578,0.2089,4.78,0,2023-12-29
p_00656,Home,s_0695,1123,0.19,4.5,0,2024-11-15
p_00657,FMCG,s_0649,421,0.1332,4.22,0,2021-07-31
p_00658,Books,s_0684,181,0.1478,4.17,0,2025-06-16
p_00659,Fashion,s_0560,1739,0.1754,4.62,0,2024-10-20
p_00660,Electronics,s_0530,2656,0.1329,4.24,0,2024-03-23
p_00661,Auto,s_0215,1356,0.1924,4.6,0,2024-02-21
p_00662,Fashion,s_0435,1586,0.2426,4.23,0,2021-11-04
p_00663,Electronics,s_0361,3161,0.0647,4.64,1,2021-11-20
p_00664,Electronics,s_0664,1480,0.1071,4.44,0,2024-01-24
p_00665,Fashion,s_0339,1779,0.1825,4.36,0,2023-12-08
p_00666,Electronics,s_0062,2784,0.1677,4.57,0,2021-07-17
p_00667,Home,s_0410,3338,0.1803,4.75,0,2024-01-07
p_00668,Home,s_0178,1799,0.1426,4.28,0,2025-12-03
p_00669,Kids,s_0011,1453,0.2264,5.0,0,2022-01-15
p_00670,FMCG,s_0274,937,0.1081,3.74,0,2024-04-21
p_00671,Fashion,s_0573,1218,0.2221,4.21,0,2025-04-04
p_00672,Kids,s_0259,872,0.1453,4.39,0,2024-01-17
p_00673,Electronics,s_0134,4961,0.1396,4.45,0,2024-04-24
p_00674,Fashion,s_0343,1568,0.2037,4.48,0,2023-04-11
p_00675,Electronics,s_0593,3100,0.1583,4.22,0,2022-10-30
p_00676,Electronics,s_0660,3549,0.1328,4.35,0,2025-07-27
p_00677,Home,s_0627,1462,0.1751,4.68,0,2025-08-22
p_00678,FMCG,s_0425,1621,0.1173,4.61,0,2022-10-29
p_00679,Fashion,s_0488,480,0.23,4.42,0,2023-09-24
p_00680,Kids,s_0495,505,0.173,4.89,0,2025-02-08
p_00681,FMCG,s_0347,204,0.127,4.27,0,2025-03-23
p_00682,Fashion,s_0013,2129,0.2212,4.53,0,2025-08-24
p_00683,Books,s_0039,463,0.1586,4.54,0,2022-12-10
p_00684,Home,s_0226,2288,0.2026,4.44,0,2024-06-25
p_00685,Fashion,s_0652,918,0.2241,3.96,0,2023-04-25
p_00686,Beauty,s_0124,561,0.2928,4.68,0,2022-11-18
p_00687,Electronics,s_0677,4269,0.1701,4.17,0,2023-03-30
p_00688,Fashion,s_0276,3463,0.1539,4.61,0,2025-06-29
p_00689,Beauty,s_0335,341,0.3488,3.86,0,2023-11-22
p_00690,Fashion,s_0019,361,0.1957,4.57,0,2025-06-19
p_00691,Books,s_0215,182,0.2363,4.16,0,2023-03-31
p_00692,Electronics,s_0469,3494,0.1535,4.37,0,2021-08-29
p_00693,Kids,s_0528,882,0.2622,5.0,1,2022-07-31
p_00694,Beauty,s_0284,603,0.2263,4.61,0,2023-11-02
p_00695,Auto,s_0638,859,0.2759,3.91,0,2022-11-14
p_00696,Beauty,s_0646,251,0.2783,4.58,0,2022-03-21
p_00697,FMCG,s_0379,663,0.123,4.76,0,2023-01-05
p_00698,Electronics,s_0081,2673,0.0732,5.0,0,2022-02-03
p_00699,Kids,s_0570,1859,0.1966,4.82,0,2024-08-16
p_00700,Beauty,s_0193,617,0.2599,5.0,0,2023-12-07
p_00701,Pet,s_0552,3617,0.2549,5.0,0,2021-10-20
p_00702,Kids,s_0012,1646,0.2123,4.64,0,2024-12-21
p_00703,Home,s_0098,3253,0.2054,4.86,0,2024-04-24
p_00704,Beauty,s_0160,436,0.3193,3.74,0,2025-01-25
p_00705,Fashion,s_0338,464,0.2589,4.75,0,2024-09-19
p_00706,Fashion,s_0225,1373,0.1747,4.02,0,2024-12-11
p_00707,Fashion,s_0475,580,0.307,4.22,0,2023-11-01
p_00708,FMCG,s_0212,222,0.1873,4.44,0,2025-04-11
p_00709,Fashion,s_0621,1472,0.2657,4.51,0,2023-12-02
p_00710,Fashion,s_0690,758,0.235,4.17,0,2021-03-22
p_00711,Home,s_0175,1989,0.1513,4.02,0,2022-10-07
p_00712,Pet,s_0317,409,0.221,4.31,0,2023-01-12
p_00713,Electronics,s_0087,4463,0.051,5.0,0,2025-11-03
p_00714,Electronics,s_0582,2471,0.1193,4.78,1,2022-05-04
p_00715,Beauty,s_0428,364,0.2392,5.0,0,2022-10-14
p_00716,Sports,s_0535,3020,0.1464,4.94,0,2024-01-19
p_00717,Books,s_0698,423,0.1388,3.8,1,2026-01-21
p_00718,Home,s_0604,1329,0.2269,4.68,0,2022-09-05
p_00719,Fashion,s_0573,1034,0.2841,4.83,0,2022-08-18
p_00720,Electronics,s_0137,6622,0.1288,4.92,0,2024-10-09
p_00721,Electronics,s_0111,3078,0.1523,3.87,0,2023-09-16
p_00722,Fashion,s_0029,2025,0.2343,4.75,0,2022-03-10
p_00723,Home,s_0278,1662,0.1758,4.72,0,2022-08-11
p_00724,Electronics,s_0430,3405,0.1432,4.49,0,2023-12-23
p_00725,Fashion,s_0046,1273,0.2307,4.34,0,2022-09-16
p_00726,Beauty,s_0190,539,0.2269,4.13,0,2025-02-04
p_00727,Sports,s_0564,4646,0.2363,4.79,0,2022-11-19
p_00728,Electronics,s_0526,1952,0.0995,4.44,0,2025-12-11
p_00729,Auto,s_0237,2303,0.243,4.46,0,2025-12-27
p_00730,Books,s_0483,235,0.1173,3.95,1,2024-07-15
p_00731,Books,s_0674,268,0.2158,4.27,0,2022-10-27
p_00732,FMCG,s_0679,470,0.125,4.69,0,2023-06-22
p_00733,Pet,s_0350,545,0.2137,4.07,0,2025-11-22
p_00734,Fashion,s_0352,531,0.2559,4.08,0,2025-04-08
p_00735,Fashion,s_0356,1621,0.1722,4.26,0,2021-01-18
p_00736,FMCG,s_0326,432,0.1553,4.98,0,2023-06-10
p_00737,Electronics,s_0622,3424,0.1653,3.44,0,2022-09-03
p_00738,Kids,s_0492,1743,0.1805,4.57,0,2021-06-22
p_00739,Pet,s_0262,646,0.2222,4.9,0,2021-09-03
p_00740,Fashion,s_0501,1025,0.3024,3.99,0,2024-03-31
p_00741,Sports,s_0335,707,0.282,4.31,0,2021-04-16
p_00742,Home,s_0257,18159,0.2812,4.27,0,2025-05-16
p_00743,Kids,s_0038,2191,0.1218,4.01,0,2022-01-25
p_00744,FMCG,s_0660,329,0.2096,4.89,0,2023-02-19
p_00745,Fashion,s_0502,1184,0.2598,4.99,0,2024-12-18
p_00746,Home,s_0137,1372,0.2406,4.33,0,2026-02-25
p_00747,Sports,s_0023,741,0.0958,4.42,0,2024-10-15
p_00748,Sports,s_0493,1262,0.2323,4.8,0,2023-06-06
p_00749,Kids,s_0375,859,0.242,4.13,0,2023-03-31
p_00750,Beauty,s_0260,329,0.3291,5.0,0,2022-07-30
p_00751,Fashion,s_0478,766,0.2501,4.27,0,2022-03-17
p_00752,Electronics,s_0204,5624,0.1843,4.71,0,2025-06-30
p_00753,Electronics,s_0377,6002,0.0536,3.8,0,2022-08-29
p_00754,Kids,s_0281,2362,0.2945,4.25,0,2021-06-27
p_00755,FMCG,s_0525,502,0.0846,3.99,0,2022-03-27
p_00756,Electronics,s_0410,3010,0.1437,4.45,0,2022-06-27
p_00757,Books,s_0312,370,0.1512,4.0,0,2024-02-16
p_00758,Electronics,s_0224,2039,0.1078,4.37,0,2023-06-09
p_00759,Auto,s_0596,3876,0.1982,4.88,0,2025-01-09
p_00760,Home,s_0056,776,0.1364,4.53,1,2026-03-04
p_00761,Beauty,s_0421,571,0.3246,4.32,0,2025-12-04
p_00762,Beauty,s_0067,675,0.2315,4.57,0,2025-12-04
p_00763,Home,s_0661,1064,0.2064,4.07,0,2022-09-19
p_00764,Fashion,s_0678,2286,0.2296,4.47,0,2021-08-01
p_00765,Fashion,s_0522,674,0.1902,4.66,0,2025-07-24
p_00766,Sports,s_0699,3719,0.2049,4.78,0,2022-12-11
p_00767,Home,s_0546,1660,0.1595,5.0,0,2021-06-08
p_00768,Fashion,s_0306,2946,0.2239,4.92,0,2024-01-16
p_00769,Home,s_0495,2139,0.2045,4.26,0,2021-02-10
p_00770,Auto,s_0632,3863,0.1452,4.7,0,2024-10-25
p_00771,Beauty,s_0093,1170,0.3534,4.15,0,2024-06-14
p_00772,Electronics,s_0522,3249,0.1723,4.39,0,2022-12-17
p_00773,Sports,s_0535,1831,0.2633,4.75,0,2026-02-02
p_00774,Electronics,s_0611,3668,0.0583,4.45,0,2024-07-19
p_00775,FMCG,s_0333,254,0.1756,4.37,0,2021-08-10
p_00776,Electronics,s_0501,3032,0.1529,4.44,0,2023-08-04
p_00777,Electronics,s_0326,1953,0.1801,4.42,0,2022-11-28
p_00778,Electronics,s_0677,3033,0.1639,5.0,0,2024-01-30
p_00779,Sports,s_0348,2687,0.2528,4.58,0,2023-12-12
p_00780,Fashion,s_0369,664,0.1737,4.43,0,2023-07-11
p_00781,Beauty,s_0186,220,0.2159,4.11,0,2025-03-05
p_00782,Sports,s_0080,1499,0.2627,4.47,1,2022-04-01
p_00783,FMCG,s_0576,362,0.1943,4.24,0,2025-09-19
p_00784,Auto,s_0179,2525,0.2112,4.27,0,2022-03-05
p_00785,Electronics,s_0264,4674,0.1118,4.66,0,2025-06-19
p_00786,FMCG,s_0541,264,0.1544,4.67,0,2025-07-17
p_00787,Electronics,s_0534,8701,0.0592,4.02,0,2023-03-07
p_00788,Electronics,s_0393,1289,0.0975,4.25,0,2024-07-25
p_00789,FMCG,s_0646,274,0.1272,4.23,1,2022-08-27
p_00790,Fashion,s_0109,955,0.2172,4.01,0,2022-03-10
p_00791,Pet,s_0624,1600,0.2015,4.62,0,2024-01-24
p_00792,Kids,s_0220,1162,0.2216,4.3,0,2022-08-03
p_00793,Home,s_0030,2802,0.1641,4.54,0,2021-09-12
p_00794,FMCG,s_0475,843,0.1341,4.41,0,2022-01-26
p_00795,Fashion,s_0247,951,0.2461,5.0,0,2024-11-15
p_00796,Fashion,s_0215,1226,0.184,4.2,0,2023-04-18
p_00797,Electronics,s_0440,3799,0.0872,3.42,0,2025-09-24
p_00798,Home,s_0521,1492,0.1639,3.99,0,2021-03-28
p_00799,Fashion,s_0540,2011,0.2257,4.93,0,2026-03-14
p_00800,Home,s_0130,1013,0.2307,4.9,0,2022-05-05
p_00801,Auto,s_0527,2254,0.1619,4.08,0,2025-06-15
p_00802,Kids,s_0217,785,0.2416,4.3,0,2022-12-07
p_00803,Beauty,s_0278,449,0.2371,4.41,0,2022-01-07
p_00804,Kids,s_0501,1034,0.2243,4.77,0,2024-11-11
p_00805,Electronics,s_0140,6544,0.1325,4.22,1,2025-01-15
p_00806,Electronics,s_0573,3263,0.1533,3.94,0,2023-03-18
p_00807,Pet,s_0695,731,0.2395,4.16,0,2023-01-10
p_00808,FMCG,s_0334,215,0.0934,4.42,0,2023-05-30
p_00809,Fashion,s_0373,624,0.2371,4.56,0,2021-12-11
p_00810,Home,s_0667,1626,0.1832,4.16,0,2021-05-21
p_00811,Fashion,s_0402,1602,0.2185,4.45,0,2021-09-18
p_00812,FMCG,s_0546,228,0.0912,4.07,0,2024-09-22
p_00813,Sports,s_0631,1128,0.1975,4.57,0,2024-05-10
p_00814,Kids,s_0553,982,0.2509,4.5,0,2021-01-21
p_00815,Sports,s_0194,1900,0.2314,4.86,0,2022-01-17
p_00816,Auto,s_0156,1808,0.2358,4.17,0,2023-01-27
p_00817,Beauty,s_0622,373,0.2297,4.82,1,2023-09-16
p_00818,FMCG,s_0565,144,0.199,4.04,0,2022-02-07
p_00819,Home,s_0157,1027,0.2377,4.82,0,2024-06-15
p_00820,Home,s_0148,1819,0.2413,4.23,0,2022-03-13
p_00821,Fashion,s_0135,1004,0.2618,4.4,0,2025-06-24
p_00822,Kids,s_0673,1139,0.2084,3.97,1,2023-09-06
p_00823,Beauty,s_0587,330,0.2314,4.29,0,2024-08-09
p_00824,Fashion,s_0063,746,0.2644,4.04,1,2022-12-07
p_00825,Auto,s_0683,3433,0.2316,4.08,0,2025-05-11
p_00826,Kids,s_0036,1162,0.1844,4.51,0,2025-12-10
p_00827,Electronics,s_0288,7294,0.0955,5.0,0,2021-08-14
p_00828,Fashion,s_0307,1260,0.2691,4.49,0,2025-12-07
p_00829,Home,s_0184,1820,0.2508,4.79,0,2022-06-20
p_00830,Pet,s_0143,2675,0.1944,4.6,0,2025-01-28
p_00831,Home,s_0274,1327,0.197,4.26,0,2023-10-18
p_00832,Kids,s_0554,1253,0.2521,4.63,0,2021-07-11
p_00833,Home,s_0366,1234,0.1045,3.9,0,2025-05-24
p_00834,Beauty,s_0132,590,0.3052,4.36,0,2024-07-04
p_00835,Auto,s_0469,1245,0.1387,4.66,0,2024-04-27
p_00836,Beauty,s_0173,691,0.2792,5.0,0,2023-08-12
p_00837,Fashion,s_0192,1681,0.2222,4.54,0,2023-01-31
p_00838,Kids,s_0055,1328,0.2378,4.27,0,2026-01-27
p_00839,Books,s_0191,627,0.1735,4.42,0,2023-04-05
p_00840,Sports,s_0697,514,0.243,4.29,0,2021-09-14
p_00841,Fashion,s_0158,2598,0.1794,4.72,0,2022-07-12
p_00842,Auto,s_0424,2610,0.2416,4.62,0,2024-08-24
p_00843,Fashion,s_0657,1792,0.2764,4.46,1,2021-01-11
p_00844,Kids,s_0638,128,0.263,4.67,0,2025-10-11
p_00845,Home,s_0502,1008,0.1632,4.09,0,2023-08-12
p_00846,Beauty,s_0560,574,0.1895,5.0,0,2024-12-29
p_00847,FMCG,s_0030,233,0.1494,4.95,0,2024-10-23
p_00848,Auto,s_0308,423,0.1787,4.38,0,2024-08-01
p_00849,Auto,s_0227,1762,0.1545,4.85,0,2024-06-03
p_00850,Kids,s_0527,2219,0.2784,4.14,0,2021-08-21
p_00851,Fashion,s_0373,1254,0.1719,4.22,0,2022-09-28
p_00852,Home,s_0556,1604,0.1908,4.43,1,2023-09-24
p_00853,Home,s_0095,2614,0.2605,4.8,0,2022-10-17
p_00854,Pet,s_0477,406,0.1672,4.32,0,2022-07-14
p_00855,Pet,s_0697,350,0.1334,4.51,0,2023-12-12
p_00856,Fashion,s_0417,970,0.2383,3.77,0,2024-10-21
p_00857,FMCG,s_0159,305,0.15,4.56,0,2023-06-23
p_00858,Home,s_0333,1439,0.1451,4.9,0,2022-10-06
p_00859,Electronics,s_0150,4901,0.1104,5.0,0,2024-09-12
p_00860,Home,s_0521,2356,0.1476,4.25,0,2024-08-08
p_00861,Beauty,s_0042,506,0.3168,4.74,0,2022-12-26
p_00862,Sports,s_0483,645,0.2083,4.36,0,2024-06-24
p_00863,Fashion,s_0008,1519,0.2551,4.39,0,2026-01-16
p_00864,Electronics,s_0060,1671,0.1238,4.98,0,2023-05-19
p_00865,Fashion,s_0097,3150,0.2657,4.63,0,2024-06-02
p_00866,Sports,s_0362,1937,0.1966,4.68,0,2021-10-26
p_00867,Fashion,s_0601,824,0.2572,4.49,0,2022-11-25
p_00868,Beauty,s_0264,1048,0.2918,4.5,0,2023-06-20
p_00869,Fashion,s_0337,1710,0.2926,4.46,0,2024-08-31
p_00870,Home,s_0029,2947,0.161,4.39,0,2024-07-19
p_00871,Electronics,s_0168,2516,0.0814,4.82,0,2022-10-13
p_00872,FMCG,s_0516,198,0.1635,4.91,1,2022-06-16
p_00873,Books,s_0196,775,0.1763,5.0,1,2021-01-16
p_00874,Books,s_0093,217,0.1831,4.96,0,2023-03-11
p_00875,Electronics,s_0433,13002,0.082,4.27,1,2024-11-11
p_00876,Beauty,s_0680,585,0.2538,4.08,0,2024-08-04
p_00877,Beauty,s_0444,490,0.2938,4.29,0,2021-06-27
p_00878,Beauty,s_0205,258,0.3112,4.41,1,2021-02-16
p_00879,Books,s_0175,199,0.1959,4.35,0,2021-12-02
p_00880,Beauty,s_0247,1276,0.2308,4.75,0,2024-05-16
p_00881,FMCG,s_0231,99,0.1205,4.29,1,2026-02-13
p_00882,Electronics,s_0678,2062,0.1263,4.4,0,2025-01-18
p_00883,Kids,s_0507,952,0.1645,4.22,0,2025-08-11
p_00884,Sports,s_0218,491,0.2403,4.79,0,2022-08-05
p_00885,FMCG,s_0382,364,0.1981,4.05,1,2021-08-22
p_00886,Home,s_0163,4065,0.1584,4.65,0,2024-04-27
p_00887,Fashion,s_0549,2360,0.1991,5.0,0,2021-11-09
p_00888,Kids,s_0433,733,0.1941,4.0,0,2023-10-07
p_00889,Beauty,s_0434,595,0.3128,4.6,0,2023-04-02
p_00890,Kids,s_0471,597,0.2426,4.19,0,2024-06-06
p_00891,Pet,s_0372,721,0.1733,4.42,0,2022-04-20
p_00892,Fashion,s_0215,638,0.2626,5.0,0,2025-09-12
p_00893,Home,s_0317,2863,0.202,4.85,1,2021-01-22
p_00894,Auto,s_0645,3642,0.1143,4.15,0,2025-12-14
p_00895,FMCG,s_0452,1108,0.1461,4.63,0,2025-04-17
p_00896,Sports,s_0573,1525,0.1916,4.29,0,2021-04-21
p_00897,Beauty,s_0622,649,0.3016,4.24,0,2025-05-13
p_00898,Electronics,s_0494,4283,0.0626,5.0,0,2021-07-25
p_00899,Fashion,s_0094,1455,0.2662,4.16,0,2025-01-02
p_00900,Fashion,s_0217,2406,0.2402,4.42,0,2023-02-17
p_00901,Pet,s_0201,718,0.1956,4.9,0,2022-07-07
p_00902,Fashion,s_0119,747,0.2903,4.18,0,2022-01-20
p_00903,Pet,s_0081,1225,0.2144,4.07,0,2021-06-20
p_00904,Auto,s_0363,2448,0.0743,4.81,0,2022-10-12
p_00905,Beauty,s_0696,483,0.2972,3.76,0,2024-12-14
p_00906,Electronics,s_0638,1506,0.1444,4.78,0,2024-06-25
p_00907,FMCG,s_0162,1101,0.187,4.06,0,2022-03-27
p_00908,Auto,s_0118,1757,0.137,4.39,0,2021-12-30
p_00909,Electronics,s_0177,2767,0.1185,3.85,0,2024-11-19
p_00910,Home,s_0209,2446,0.1188,3.72,0,2025-07-28
p_00911,Auto,s_0657,3434,0.2041,4.88,0,2024-03-16
p_00912,Beauty,s_0444,739,0.2894,4.24,0,2023-12-26
p_00913,Beauty,s_0194,1517,0.2548,4.48,0,2022-05-13
p_00914,Kids,s_0439,695,0.2275,4.18,0,2022-06-04
p_00915,FMCG,s_0032,287,0.1938,4.32,0,2025-12-16
p_00916,Auto,s_0561,1473,0.225,3.73,0,2022-04-12
p_00917,Kids,s_0149,1094,0.3008,3.83,0,2022-05-15
p_00918,Electronics,s_0664,5774,0.0818,4.05,0,2021-09-17
p_00919,Fashion,s_0650,1012,0.279,4.38,0,2021-05-12
p_00920,Electronics,s_0276,1724,0.1402,4.32,0,2021-09-08
p_00921,Books,s_0295,174,0.1701,4.23,0,2024-04-12
p_00922,Electronics,s_0374,8204,0.0842,4.35,0,2024-03-02
p_00923,Electronics,s_0408,2750,0.2169,4.46,0,2021-01-17
p_00924,Fashion,s_0010,3157,0.2239,4.28,0,2021-10-21
p_00925,Fashion,s_0489,1089,0.2894,4.73,0,2021-08-22
p_00926,Home,s_0534,991,0.1609,4.25,1,2025-12-19
p_00927,Home,s_0472,2049,0.2228,4.93,1,2022-06-01
p_00928,Beauty,s_0280,555,0.2414,4.33,0,2025-01-10
p_00929,FMCG,s_0363,357,0.2275,4.16,0,2025-10-18
p_00930,Home,s_0500,1493,0.2705,4.09,0,2025-09-13
p_00931,Pet,s_0142,814,0.1902,5.0,1,2022-04-02
p_00932,Electronics,s_0111,4476,0.0848,4.23,0,2023-01-07
p_00933,Pet,s_0148,853,0.1324,4.15,0,2024-11-27
p_00934,FMCG,s_0574,621,0.1365,4.23,0,2023-07-31
p_00935,Sports,s_0228,570,0.183,4.56,0,2021-08-16
p_00936,Fashion,s_0368,1157,0.1391,4.24,0,2021-03-31
p_00937,Fashion,s_0467,2529,0.1723,4.29,0,2024-11-18
p_00938,Pet,s_0387,517,0.198,4.49,0,2021-09-11
p_00939,Fashion,s_0624,3519,0.1753,4.01,1,2021-10-11
p_00940,Beauty,s_0649,594,0.2268,4.84,1,2023-12-02
p_00941,Pet,s_0608,1144,0.1534,4.41,0,2024-07-02
p_00942,Electronics,s_0050,9457,0.1528,4.96,0,2021-07-17
p_00943,Electronics,s_0687,1889,0.0654,4.34,0,2025-09-21
p_00944,Sports,s_0574,801,0.3057,4.77,0,2022-12-31
p_00945,Beauty,s_0335,465,0.2605,4.48,1,2022-12-09
p_00946,Auto,s_0261,4006,0.1324,4.35,0,2025-03-23
p_00947,Home,s_0699,1607,0.1864,4.14,0,2023-01-19
p_00948,Kids,s_0081,943,0.1929,5.0,0,2024-09-13
p_00949,Electronics,s_0473,3078,0.106,5.0,1,2026-01-31
p_00950,Pet,s_0480,646,0.1946,4.75,0,2025-09-13
p_00951,FMCG,s_0355,371,0.0573,4.34,0,2024-07-22
p_00952,Beauty,s_0560,525,0.2964,4.04,0,2023-03-07
p_00953,Home,s_0539,1193,0.2376,4.11,0,2025-07-17
p_00954,Fashion,s_0544,2652,0.2396,5.0,0,2021-01-03
p_00955,Kids,s_0101,1567,0.1251,4.78,0,2022-02-01
p_00956,Home,s_0283,2503,0.1378,4.02,0,2022-12-27
p_00957,Home,s_0304,1033,0.1337,4.29,1,2025-07-28
p_00958,Auto,s_0039,1417,0.2072,3.94,0,2021-11-26
p_00959,Kids,s_0083,1096,0.2363,4.85,0,2023-12-03
p_00960,Books,s_0605,417,0.1677,4.81,0,2025-08-28
p_00961,Kids,s_0043,822,0.199,4.53,0,2022-09-09
p_00962,Auto,s_0072,2432,0.3329,4.53,0,2022-03-26
p_00963,Fashion,s_0541,3732,0.2339,4.37,0,2022-04-29
p_00964,Fashion,s_0464,1170,0.2889,4.69,0,2022-09-02
p_00965,Home,s_0578,6704,0.1742,3.87,1,2022-03-09
p_00966,Fashion,s_0112,1309,0.2247,4.44,0,2021-04-07
p_00967,Fashion,s_0396,799,0.269,4.59,0,2022-02-03
p_00968,Kids,s_0661,869,0.2041,4.41,0,2022-04-10
p_00969,Beauty,s_0589,534,0.2915,4.35,0,2022-02-06
p_00970,Home,s_0468,1134,0.2412,4.3,0,2022-10-08
p_00971,Kids,s_0629,1614,0.2646,4.12,0,2026-02-02
p_00972,Electronics,s_0491,3928,0.1121,4.45,0,2024-02-28
p_00973,Books,s_0554,106,0.1858,4.43,0,2022-09-05
p_00974,Home,s_0023,1040,0.17,4.79,0,2024-02-02
p_00975,Kids,s_0157,1504,0.2109,4.63,0,2022-03-04
p_00976,Pet,s_0327,853,0.1798,4.3,0,2021-05-17
p_00977,Beauty,s_0138,1362,0.2733,4.8,0,2023-08-22
p_00978,Auto,s_0028,498,0.1208,4.39,0,2024-10-13
p_00979,Auto,s_0108,3004,0.1531,4.28,0,2023-01-27
p_00980,Sports,s_0402,3022,0.2478,4.08,0,2023-11-30
p_00981,Home,s_0095,1268,0.1897,4.69,0,2025-04-25
p_00982,Fashion,s_0173,848,0.1808,4.49,0,2023-12-18
p_00983,Home,s_0548,2737,0.2447,5.0,0,2023-10-27
p_00984,Fashion,s_0262,1765,0.1691,4.35,0,2021-01-28
p_00985,Electronics,s_0019,1844,0.1412,4.22,0,2022-12-09
p_00986,Kids,s_0048,1150,0.261,4.72,0,2022-04-26
p_00987,Beauty,s_0073,854,0.34,4.29,0,2025-02-15
p_00988,Kids,s_0617,1215,0.2516,4.42,0,2025-03-28
p_00989,Beauty,s_0534,535,0.2541,4.46,0,2026-01-14
p_00990,Pet,s_0123,357,0.19,4.3,0,2022-08-27
p_00991,Fashion,s_0343,909,0.3143,4.71,0,2023-08-10
p_00992,Sports,s_0157,2544,0.2279,4.7,0,2025-01-08
p_00993,Sports,s_0315,1422,0.2901,4.3,0,2024-03-31
p_00994,Electronics,s_0483,5961,0.083,4.71,0,2022-08-30
p_00995,Beauty,s_0248,748,0.2671,4.02,0,2026-02-14
p_00996,Kids,s_0330,1158,0.1834,3.84,0,2025-06-30
p_00997,Pet,s_0480,415,0.1574,4.06,0,2024-12-22
p_00998,Books,s_0249,657,0.1542,4.34,0,2024-11-29
p_00999,Beauty,s_0410,927,0.3429,4.16,0,2023-01-09
p_01000,Electronics,s_0245,2164,0.0833,3.8,0,2022-05-20
p_01001,Sports,s_0527,901,0.137,4.87,0,2023-02-06
p_01002,Fashion,s_0321,474,0.2601,4.97,0,2024-10-17
p_01003,Electronics,s_0429,8210,0.0798,4.06,0,2026-02-24
p_01004,FMCG,s_0043,511,0.158,4.57,0,2022-07-28
p_01005,Books,s_0501,375,0.1646,4.75,0,2023-01-11
p_01006,Books,s_0256,283,0.2425,4.42,0,2024-07-27
p_01007,Beauty,s_0610,1584,0.3072,4.21,0,2022-02-13
p_01008,Electronics,s_0189,3067,0.1101,4.61,0,2022-04-25
p_01009,Books,s_0450,421,0.1202,4.14,0,2021-02-15
p_01010,Home,s_0194,3247,0.2517,4.68,0,2023-08-30
p_01011,Electronics,s_0117,1508,0.0818,4.77,1,2024-07-12
p_01012,Books,s_0603,145,0.199,4.46,0,2024-11-12
p_01013,Sports,s_0488,1470,0.1855,4.18,0,2024-02-05
p_01014,Fashion,s_0605,915,0.2404,4.64,0,2025-09-07
p_01015,Sports,s_0391,1798,0.2421,4.27,0,2021-07-10
p_01016,Pet,s_0495,468,0.2168,4.35,0,2021-02-15
p_01017,Pet,s_0543,641,0.1934,4.38,0,2023-07-31
p_01018,FMCG,s_0017,939,0.1257,4.39,0,2025-03-21
p_01019,Beauty,s_0511,1216,0.3222,3.76,0,2024-01-28
p_01020,Auto,s_0224,1629,0.1283,4.93,0,2022-11-12
p_01021,Auto,s_0394,3078,0.1083,4.33,0,2023-04-03
p_01022,Home,s_0035,2023,0.1636,4.9,0,2023-11-07
p_01023,Fashion,s_0543,2019,0.2304,4.43,0,2024-12-21
p_01024,Kids,s_0477,956,0.2401,4.26,0,2023-06-14
p_01025,Beauty,s_0144,785,0.322,4.13,0,2023-09-11
p_01026,Electronics,s_0302,9720,0.146,4.39,0,2024-11-04
p_01027,Electronics,s_0247,5954,0.117,4.3,0,2023-02-11
p_01028,Beauty,s_0534,755,0.3114,4.52,1,2023-05-31
p_01029,Sports,s_0322,849,0.2513,4.37,0,2025-10-24
p_01030,Fashion,s_0274,1013,0.2338,4.11,0,2023-03-14
p_01031,Beauty,s_0443,931,0.2489,4.32,0,2021-04-11
p_01032,Electronics,s_0595,1532,0.1818,4.14,0,2025-03-03
p_01033,Electronics,s_0027,5325,0.122,4.27,0,2023-04-27
p_01034,Kids,s_0362,840,0.1781,4.55,0,2021-08-31
p_01035,Auto,s_0617,3666,0.287,4.67,0,2022-08-24
p_01036,Electronics,s_0533,3583,0.0887,3.93,1,2025-08-07
p_01037,Home,s_0171,835,0.2404,4.61,0,2026-03-03
p_01038,Kids,s_0544,1291,0.2068,4.32,0,2021-05-12
p_01039,FMCG,s_0126,431,0.0824,5.0,0,2021-04-19
p_01040,Home,s_0577,1500,0.2145,4.66,0,2024-03-11
p_01041,Auto,s_0378,855,0.1042,4.9,0,2023-08-14
p_01042,Home,s_0223,2172,0.2284,4.76,0,2021-01-25
p_01043,Fashion,s_0601,1399,0.2737,4.72,0,2022-04-25
p_01044,Books,s_0078,359,0.2228,4.45,0,2024-12-12
p_01045,Auto,s_0568,3064,0.0913,4.05,0,2021-01-16
p_01046,Auto,s_0175,2438,0.1876,4.66,1,2022-07-01
p_01047,Electronics,s_0469,4405,0.0608,4.65,0,2022-09-12
p_01048,Sports,s_0416,421,0.2137,4.81,0,2024-09-17
p_01049,Home,s_0114,3385,0.1802,4.38,0,2023-11-28
p_01050,Kids,s_0109,2466,0.2123,4.78,0,2025-07-22
p_01051,Home,s_0426,1630,0.1502,4.19,1,2022-05-03
p_01052,Home,s_0411,2018,0.1684,4.64,0,2021-07-28
p_01053,Kids,s_0006,1086,0.1786,4.37,0,2023-12-06
p_01054,Sports,s_0251,1009,0.2798,4.63,0,2024-03-25
p_01055,Home,s_0202,1583,0.1952,4.12,0,2025-07-22
p_01056,FMCG,s_0053,508,0.0919,4.56,0,2023-12-04
p_01057,Electronics,s_0269,2239,0.2129,4.99,0,2023-05-27
p_01058,Fashion,s_0174,1500,0.2867,4.13,0,2025-12-16
p_01059,Home,s_0538,1618,0.2724,4.26,0,2024-03-13
p_01060,Sports,s_0273,1245,0.1645,4.4,0,2025-01-13
p_01061,Auto,s_0384,2097,0.0979,4.68,0,2024-04-28
p_01062,Sports,s_0087,2326,0.2496,4.12,0,2023-10-17
p_01063,FMCG,s_0262,991,0.0981,4.58,0,2025-04-08
p_01064,Auto,s_0172,2108,0.1297,4.33,0,2022-01-07
p_01065,Beauty,s_0038,720,0.2793,4.15,0,2021-12-31
p_01066,Pet,s_0224,642,0.2008,4.68,0,2022-09-08
p_01067,Electronics,s_0647,11271,0.1927,4.28,0,2023-11-13
p_01068,Electronics,s_0576,3738,0.1757,4.65,0,2024-01-18
p_01069,Fashion,s_0119,4040,0.2505,4.67,0,2021-10-24
p_01070,Electronics,s_0459,5860,0.0931,4.61,0,2021-12-13
p_01071,Home,s_0563,694,0.1607,3.75,0,2021-02-15
p_01072,Electronics,s_0684,4406,0.04,4.7,0,2025-07-10
p_01073,FMCG,s_0037,542,0.1239,4.02,0,2024-07-26
p_01074,Home,s_0365,3394,0.1549,4.06,1,2021-05-31
p_01075,Auto,s_0479,1080,0.1933,4.87,0,2021-05-14
p_01076,Books,s_0528,385,0.2374,4.37,0,2023-06-23
p_01077,Fashion,s_0646,934,0.1977,4.55,0,2022-07-06
p_01078,Home,s_0036,728,0.2073,4.24,0,2022-09-10
p_01079,Beauty,s_0195,610,0.2513,4.83,0,2022-01-02
p_01080,Kids,s_0667,227,0.2397,4.79,0,2023-03-10
p_01081,Fashion,s_0667,2206,0.2264,4.11,0,2022-03-03
p_01082,Beauty,s_0494,492,0.2097,4.39,0,2023-12-22
p_01083,Home,s_0049,877,0.2021,4.34,1,2024-05-29
p_01084,Fashion,s_0299,2186,0.2015,4.39,0,2023-05-02
p_01085,Fashion,s_0094,618,0.2653,4.07,1,2024-08-10
p_01086,Fashion,s_0173,1399,0.244,4.37,0,2024-10-22
p_01087,Fashion,s_0668,442,0.2541,4.24,0,2025-10-14
p_01088,Beauty,s_0068,2356,0.253,4.41,0,2025-08-09
p_01089,FMCG,s_0286,418,0.1608,4.89,0,2023-11-21
p_01090,Electronics,s_0210,1905,0.2072,4.93,0,2023-10-10
p_01091,Home,s_0008,692,0.2434,4.47,0,2025-02-05
p_01092,Kids,s_0294,1121,0.1431,3.68,0,2024-03-11
p_01093,Beauty,s_0633,459,0.3345,4.35,0,2022-12-17
p_01094,Home,s_0662,2849,0.1954,4.53,0,2024-06-12
p_01095,Fashion,s_0045,577,0.218,4.45,0,2024-12-16
p_01096,Home,s_0483,1637,0.2664,4.96,0,2022-10-31
p_01097,Electronics,s_0266,1853,0.1013,4.29,1,2022-02-07
p_01098,Books,s_0074,526,0.1369,4.17,0,2026-02-24
p_01099,Auto,s_0560,2100,0.1866,4.33,0,2023-10-07
p_01100,Sports,s_0172,2083,0.172,4.49,0,2025-05-10
p_01101,Kids,s_0561,611,0.2431,4.2,0,2024-07-09
p_01102,FMCG,s_0651,134,0.0796,4.18,1,2022-12-22
p_01103,Sports,s_0530,1695,0.2512,4.5,0,2023-06-20
p_01104,Home,s_0598,2270,0.2823,4.61,1,2025-05-10
p_01105,Books,s_0554,264,0.1583,4.36,0,2022-01-17
p_01106,Beauty,s_0244,911,0.2538,4.71,0,2024-10-29
p_01107,FMCG,s_0508,213,0.1258,4.09,1,2026-02-24
p_01108,Sports,s_0055,1975,0.216,4.37,0,2024-02-03
p_01109,Books,s_0555,99,0.1837,4.54,0,2022-07-21
p_01110,Fashion,s_0361,2701,0.3275,4.29,0,2024-11-05
p_01111,Electronics,s_0234,4728,0.1527,4.14,0,2022-07-08
p_01112,FMCG,s_0550,1411,0.1565,4.33,0,2023-11-24
p_01113,Auto,s_0403,5059,0.1595,4.64,0,2024-07-12
p_01114,Pet,s_0476,437,0.2347,4.59,0,2025-08-28
p_01115,Fashion,s_0090,2047,0.3573,4.22,0,2025-04-06
p_01116,Auto,s_0249,1470,0.169,4.94,0,2021-01-28
p_01117,Fashion,s_0033,1042,0.1987,4.42,0,2025-06-26
p_01118,Electronics,s_0016,2412,0.1185,4.32,0,2021-10-31
p_01119,Electronics,s_0424,4216,0.1842,4.72,0,2021-07-19
p_01120,FMCG,s_0396,647,0.137,4.42,0,2025-04-21
p_01121,Auto,s_0570,3066,0.1399,3.92,0,2021-01-16
p_01122,Pet,s_0092,247,0.2532,3.89,0,2025-09-28
p_01123,Fashion,s_0452,913,0.2334,4.69,0,2022-11-18
p_01124,Electronics,s_0692,3476,0.1665,4.08,0,2023-08-08
p_01125,Auto,s_0638,1568,0.2553,4.55,0,2025-01-09
p_01126,Books,s_0183,204,0.2542,4.3,0,2024-11-15
p_01127,Auto,s_0176,2049,0.1972,4.6,0,2023-05-20
p_01128,Books,s_0243,293,0.1462,3.12,0,2023-04-03
p_01129,FMCG,s_0169,172,0.2044,4.11,0,2025-03-24
p_01130,Sports,s_0573,923,0.2186,4.54,0,2023-11-07
p_01131,Electronics,s_0205,2554,0.1065,4.31,1,2022-04-22
p_01132,Pet,s_0517,998,0.1857,3.74,0,2025-04-03
p_01133,Kids,s_0346,1377,0.2406,4.56,1,2023-05-20
p_01134,Fashion,s_0410,1449,0.2975,4.25,0,2023-07-09
p_01135,Fashion,s_0286,1654,0.2164,4.57,0,2023-03-01
p_01136,Sports,s_0662,1139,0.2196,4.53,0,2022-09-25
p_01137,Books,s_0672,536,0.04,4.4,0,2023-11-08
p_01138,Home,s_0173,1507,0.1595,4.18,0,2024-11-03
p_01139,Sports,s_0480,1189,0.1926,4.22,0,2025-09-04
p_01140,Fashion,s_0095,1509,0.2512,4.59,0,2023-07-12
p_01141,Home,s_0020,1337,0.1942,4.26,0,2021-06-12
p_01142,Pet,s_0353,960,0.228,3.83,0,2022-06-15
p_01143,Electronics,s_0077,1474,0.1204,4.39,0,2024-05-07
p_01144,FMCG,s_0134,1833,0.0595,4.26,0,2025-09-10
p_01145,Kids,s_0581,288,0.1645,3.93,0,2021-01-21
p_01146,Electronics,s_0530,5524,0.0538,4.53,0,2024-04-28
p_01147,Beauty,s_0250,789,0.3133,5.0,0,2025-02-14
p_01148,Fashion,s_0486,736,0.2134,3.96,0,2021-12-22
p_01149,Beauty,s_0153,485,0.3334,4.55,0,2025-08-21
p_01150,Home,s_0331,1609,0.1602,4.52,0,2023-01-24
p_01151,Kids,s_0180,926,0.2084,4.58,0,2021-08-04
p_01152,Books,s_0507,304,0.1168,4.46,0,2024-11-26
p_01153,Home,s_0564,4345,0.1928,4.31,0,2023-10-19
p_01154,Auto,s_0119,2748,0.1615,4.63,0,2022-07-08
p_01155,Beauty,s_0143,487,0.4021,3.88,1,2021-01-06
p_01156,FMCG,s_0002,317,0.0477,3.81,0,2021-09-26
p_01157,Pet,s_0389,459,0.238,4.15,0,2021-12-23
p_01158,Beauty,s_0092,983,0.2608,4.28,0,2023-08-24
p_01159,FMCG,s_0510,689,0.0484,4.65,0,2023-04-06
p_01160,Home,s_0645,1328,0.2622,4.7,0,2025-09-14
p_01161,Beauty,s_0429,685,0.285,4.48,0,2021-08-15
p_01162,Fashion,s_0687,908,0.2242,4.33,0,2021-03-21
p_01163,Books,s_0581,296,0.1281,4.96,0,2023-01-22
p_01164,Home,s_0347,2670,0.212,4.05,0,2023-06-16
p_01165,Electronics,s_0525,2858,0.0959,4.95,0,2024-05-07
p_01166,Fashion,s_0365,2616,0.2314,4.12,0,2025-01-31
p_01167,Auto,s_0086,2163,0.2052,4.18,0,2023-10-13
p_01168,Beauty,s_0699,2356,0.3114,4.52,0,2023-12-06
p_01169,Sports,s_0606,464,0.2906,4.28,0,2023-10-01
p_01170,Fashion,s_0022,711,0.3104,4.85,0,2023-08-20
p_01171,Electronics,s_0666,5798,0.1196,4.57,0,2026-03-04
p_01172,Electronics,s_0259,4610,0.1391,3.96,0,2022-01-17
p_01173,Electronics,s_0244,11309,0.088,4.09,0,2022-10-23
p_01174,FMCG,s_0119,505,0.124,5.0,0,2021-07-07
p_01175,Fashion,s_0387,1909,0.2007,4.18,0,2026-01-04
p_01176,Electronics,s_0251,3233,0.0874,4.52,0,2025-07-10
p_01177,Kids,s_0312,1564,0.156,4.26,0,2021-01-05
p_01178,Electronics,s_0609,6081,0.119,4.35,0,2021-03-03
p_01179,Electronics,s_0692,3995,0.186,4.87,0,2023-01-02
p_01180,FMCG,s_0591,262,0.166,4.85,0,2024-03-11
p_01181,Home,s_0697,2395,0.2303,3.91,0,2024-04-23
p_01182,Books,s_0581,556,0.2641,4.73,0,2025-11-28
p_01183,Books,s_0184,618,0.1501,4.64,0,2025-04-25
p_01184,Sports,s_0315,1961,0.3301,4.06,1,2022-06-27
p_01185,Auto,s_0545,3134,0.1143,4.38,0,2022-01-19
p_01186,Fashion,s_0011,1649,0.2788,4.45,0,2022-03-26
p_01187,Sports,s_0030,1531,0.2009,3.93,0,2023-08-06
p_01188,FMCG,s_0351,801,0.1955,5.0,0,2022-03-21
p_01189,Electronics,s_0180,8726,0.0694,3.54,0,2022-03-01
p_01190,Fashion,s_0470,1446,0.2393,4.41,0,2023-09-30
p_01191,FMCG,s_0605,105,0.1584,4.12,0,2024-01-21
p_01192,Fashion,s_0100,2680,0.3357,4.13,0,2021-08-31
p_01193,Fashion,s_0249,1292,0.3221,4.74,0,2021-07-01
p_01194,Electronics,s_0681,3578,0.0768,3.59,0,2025-03-15
p_01195,Home,s_0483,1115,0.1576,4.98,0,2021-04-30
p_01196,Beauty,s_0163,817,0.2881,4.68,0,2021-03-22
p_01197,Fashion,s_0622,808,0.233,4.61,0,2023-01-20
p_01198,Books,s_0515,181,0.1365,4.86,0,2025-06-24
p_01199,Auto,s_0679,3276,0.1714,4.11,0,2021-11-11
p_01200,Electronics,s_0490,2426,0.1444,4.91,0,2024-09-01
p_01201,Fashion,s_0116,3274,0.2339,4.39,0,2023-02-02
p_01202,Books,s_0070,223,0.1734,3.7,0,2024-04-29
p_01203,Pet,s_0131,1866,0.2153,4.54,0,2025-07-24
p_01204,Books,s_0005,496,0.2393,3.97,0,2024-04-24
p_01205,Fashion,s_0628,3183,0.2101,4.09,0,2021-01-06
p_01206,Electronics,s_0541,6900,0.152,4.58,0,2023-05-04
p_01207,Pet,s_0319,1542,0.1901,4.11,0,2025-10-25
p_01208,Kids,s_0152,741,0.2825,4.93,0,2022-08-02
p_01209,FMCG,s_0418,1601,0.1324,4.93,0,2024-02-12
p_01210,Electronics,s_0259,5928,0.1029,4.3,0,2023-07-16
p_01211,Beauty,s_0021,1278,0.2234,4.65,1,2021-12-25
p_01212,Auto,s_0455,3279,0.1978,5.0,0,2024-01-31
p_01213,Fashion,s_0624,1398,0.3257,4.71,0,2021-10-04
p_01214,Beauty,s_0303,1169,0.2559,4.72,0,2022-06-28
p_01215,Beauty,s_0155,2832,0.1772,4.36,1,2022-02-14
p_01216,Fashion,s_0391,1320,0.2337,4.08,0,2021-07-27
p_01217,Home,s_0649,1540,0.1373,4.23,0,2025-06-24
p_01218,Sports,s_0641,1493,0.2473,4.25,0,2022-04-15
p_01219,Kids,s_0006,1164,0.302,4.61,0,2025-01-20
p_01220,Home,s_0455,943,0.2564,4.97,0,2021-05-09
p_01221,Home,s_0602,573,0.2259,4.25,0,2024-07-28
p_01222,Pet,s_0125,331,0.1057,3.46,0,2022-10-23
p_01223,Beauty,s_0099,284,0.3008,4.34,0,2023-02-25
p_01224,Fashion,s_0233,737,0.2651,4.75,0,2024-12-26
p_01225,Auto,s_0333,3805,0.1498,4.07,1,2024-03-25
p_01226,Books,s_0455,1302,0.2047,4.27,0,2023-08-08
p_01227,Fashion,s_0070,704,0.232,4.4,0,2022-04-06
p_01228,Books,s_0395,395,0.1775,4.59,0,2025-04-17
p_01229,Electronics,s_0281,3609,0.0938,4.22,0,2023-08-23
p_01230,Books,s_0450,228,0.1455,4.18,0,2022-03-18
p_01231,Auto,s_0455,2892,0.2086,3.85,0,2025-11-08
p_01232,Beauty,s_0305,1427,0.3119,4.58,0,2024-04-24
p_01233,Home,s_0257,3588,0.2067,4.12,0,2022-09-29
p_01234,Pet,s_0457,3151,0.1857,5.0,0,2023-04-25
p_01235,Home,s_0637,1682,0.238,4.29,0,2024-07-19
p_01236,Home,s_0421,2488,0.1279,4.4,0,2024-09-11
p_01237,Fashion,s_0481,1312,0.2647,4.5,0,2023-04-05
p_01238,Sports,s_0304,1387,0.1832,4.64,0,2022-05-31
p_01239,Electronics,s_0321,4296,0.1176,4.44,0,2023-05-24
p_01240,Kids,s_0173,531,0.1996,4.24,1,2022-05-18
p_01241,Electronics,s_0105,8343,0.1074,4.55,0,2025-02-02
p_01242,Fashion,s_0628,551,0.2669,5.0,0,2026-01-07
p_01243,Beauty,s_0562,475,0.3358,4.93,0,2025-01-08
p_01244,Beauty,s_0032,527,0.2225,4.42,0,2023-06-11
p_01245,Fashion,s_0210,1812,0.1218,4.56,0,2025-05-06
p_01246,Fashion,s_0219,949,0.3132,4.16,0,2022-05-23
p_01247,Home,s_0302,1585,0.3265,4.87,0,2024-02-21
p_01248,FMCG,s_0414,666,0.1408,4.69,0,2023-06-20
p_01249,Home,s_0231,1950,0.1775,4.65,0,2024-02-08
p_01250,FMCG,s_0681,609,0.1575,4.57,0,2024-03-28
p_01251,Kids,s_0334,720,0.156,4.77,0,2024-04-04
p_01252,Fashion,s_0170,1257,0.2226,3.99,0,2024-02-29
p_01253,Fashion,s_0104,3833,0.2865,4.29,0,2021-10-29
p_01254,Home,s_0236,3390,0.2235,4.8,0,2024-06-24
p_01255,Sports,s_0395,2791,0.2575,4.0,0,2023-12-25
p_01256,Beauty,s_0132,621,0.3184,4.35,0,2021-05-12
p_01257,FMCG,s_0616,853,0.1205,4.77,0,2024-10-04
p_01258,FMCG,s_0344,547,0.1118,4.92,0,2024-02-15
p_01259,Fashion,s_0661,1339,0.3069,4.62,1,2022-07-18
p_01260,FMCG,s_0550,709,0.1053,3.93,0,2024-05-03
p_01261,Sports,s_0405,802,0.2841,4.48,0,2023-08-02
p_01262,Electronics,s_0213,6322,0.1609,4.35,0,2022-04-13
p_01263,FMCG,s_0632,533,0.1051,4.9,0,2023-03-29
p_01264,Home,s_0563,2036,0.1615,4.11,0,2022-12-21
p_01265,Kids,s_0311,793,0.2908,4.42,0,2024-07-12
p_01266,Fashion,s_0556,1626,0.289,4.22,0,2021-10-18
p_01267,Kids,s_0552,938,0.1821,4.55,0,2021-06-29
p_01268,Books,s_0388,458,0.2058,4.38,0,2021-05-03
p_01269,Fashion,s_0270,2404,0.2779,4.21,0,2023-07-13
p_01270,Fashion,s_0356,1540,0.1531,4.63,0,2022-01-19
p_01271,FMCG,s_0464,289,0.088,4.42,0,2022-02-12
p_01272,Books,s_0249,304,0.1845,4.24,0,2022-01-30
p_01273,FMCG,s_0180,364,0.1857,4.86,0,2024-11-28
p_01274,Beauty,s_0521,391,0.2585,4.22,0,2024-01-03
p_01275,Sports,s_0310,1185,0.241,4.1,0,2023-07-05
p_01276,Kids,s_0039,621,0.2511,4.34,0,2023-05-25
p_01277,Beauty,s_0637,786,0.3267,4.81,0,2021-08-09
p_01278,Auto,s_0201,2337,0.1898,4.48,0,2021-02-07
p_01279,Fashion,s_0308,2075,0.2803,4.45,0,2024-10-16
p_01280,Pet,s_0174,644,0.1999,4.76,0,2023-04-01
p_01281,Fashion,s_0441,2069,0.3343,4.5,0,2024-03-13
p_01282,FMCG,s_0687,479,0.1656,3.91,0,2025-12-31
p_01283,Pet,s_0595,363,0.1566,4.45,0,2025-12-24
p_01284,Kids,s_0129,1310,0.266,4.72,0,2025-04-15
p_01285,Kids,s_0456,1234,0.2327,4.49,0,2021-12-13
p_01286,Beauty,s_0385,1275,0.2633,4.61,0,2023-10-24
p_01287,Sports,s_0652,733,0.1979,4.08,0,2021-12-07
p_01288,Electronics,s_0509,5141,0.0652,4.81,0,2021-05-09
p_01289,Kids,s_0698,1893,0.1794,5.0,0,2025-03-15
p_01290,Home,s_0061,5834,0.1486,3.62,0,2022-09-22
p_01291,Fashion,s_0627,1054,0.1802,4.39,0,2023-09-14
p_01292,Fashion,s_0315,1653,0.2115,4.99,1,2021-01-10
p_01293,Auto,s_0038,1841,0.2085,4.28,0,2025-03-10
p_01294,Kids,s_0611,1134,0.2211,4.76,0,2021-04-14
p_01295,Fashion,s_0527,2442,0.218,4.72,1,2023-08-11
p_01296,Fashion,s_0346,574,0.2061,4.65,0,2024-08-08
p_01297,Fashion,s_0576,2329,0.2064,4.26,1,2023-08-23
p_01298,Pet,s_0306,1255,0.2011,4.3,0,2024-03-14
p_01299,Sports,s_0424,704,0.2491,4.8,0,2025-03-05
p_01300,Electronics,s_0232,2879,0.1121,4.52,0,2022-01-10
p_01301,Sports,s_0645,495,0.2562,4.61,0,2022-11-14
p_01302,FMCG,s_0548,261,0.1636,3.79,0,2025-02-15
p_01303,Books,s_0524,213,0.2412,4.76,0,2022-02-09
p_01304,FMCG,s_0293,524,0.1586,4.65,0,2022-04-16
p_01305,Beauty,s_0681,985,0.4218,5.0,0,2023-08-07
p_01306,Beauty,s_0630,2393,0.2622,4.49,0,2021-02-11
p_01307,Fashion,s_0519,1250,0.2262,4.72,0,2021-04-08
p_01308,Sports,s_0359,1963,0.2191,4.71,0,2022-07-18
p_01309,Books,s_0360,405,0.1384,4.33,0,2021-05-18
p_01310,Auto,s_0399,3053,0.1268,4.28,0,2024-07-24
p_01311,Home,s_0539,4232,0.2695,4.33,0,2022-11-16
p_01312,Electronics,s_0226,5294,0.1193,4.51,0,2022-09-24
p_01313,Fashion,s_0014,2625,0.1034,4.24,0,2025-07-28
p_01314,Home,s_0432,1544,0.1391,4.03,0,2021-07-12
p_01315,Kids,s_0539,612,0.2573,4.42,0,2026-01-02
p_01316,Beauty,s_0440,475,0.301,4.44,0,2021-04-19
p_01317,Beauty,s_0397,627,0.2424,4.45,0,2024-02-24
p_01318,Sports,s_0638,1529,0.2313,4.09,1,2026-02-23
p_01319,Sports,s_0373,1062,0.1703,4.23,0,2023-05-17
p_01320,FMCG,s_0250,269,0.2005,4.08,0,2022-08-02
p_01321,Sports,s_0573,902,0.1837,4.24,0,2024-06-23
p_01322,Fashion,s_0599,2028,0.2095,4.31,0,2023-05-29
p_01323,Home,s_0387,605,0.2912,4.1,0,2024-05-31
p_01324,Kids,s_0365,758,0.2636,4.74,0,2025-09-28
p_01325,Fashion,s_0030,2206,0.1993,4.42,0,2024-01-01
p_01326,Home,s_0110,1645,0.236,4.89,0,2025-11-18
p_01327,Fashion,s_0242,3259,0.2936,5.0,0,2025-04-15
p_01328,FMCG,s_0221,561,0.2259,4.51,0,2024-03-04
p_01329,Books,s_0180,683,0.2093,4.45,0,2025-08-03
p_01330,Pet,s_0503,984,0.1995,3.96,0,2024-07-11
p_01331,Books,s_0633,196,0.2178,4.72,0,2023-07-25
p_01332,Fashion,s_0404,1418,0.2403,4.78,0,2022-10-10
p_01333,Electronics,s_0485,4284,0.0636,4.43,0,2023-10-14
p_01334,Kids,s_0162,924,0.2695,4.63,0,2022-10-15
p_01335,Electronics,s_0446,5615,0.1709,4.44,0,2022-12-04
p_01336,FMCG,s_0526,179,0.2131,4.91,0,2024-05-18
p_01337,Home,s_0195,1430,0.2629,4.29,0,2025-05-07
p_01338,Home,s_0383,3176,0.1875,5.0,0,2023-02-06
p_01339,Sports,s_0032,1288,0.1929,4.12,1,2024-07-13
p_01340,Home,s_0559,1665,0.217,4.29,0,2025-10-01
p_01341,Kids,s_0087,736,0.2485,4.22,0,2021-12-31
p_01342,Beauty,s_0104,697,0.3172,3.8,1,2024-10-17
p_01343,Fashion,s_0120,865,0.313,4.52,0,2025-10-03
p_01344,Books,s_0223,141,0.2094,4.6,0,2022-12-23
p_01345,Kids,s_0408,510,0.1723,4.29,0,2021-10-02
p_01346,Home,s_0127,2223,0.2136,4.15,0,2025-08-27
p_01347,FMCG,s_0469,711,0.1412,5.0,0,2021-03-01
p_01348,Beauty,s_0616,1203,0.3552,4.2,0,2023-10-23
p_01349,Fashion,s_0356,1060,0.238,4.63,0,2025-04-23
p_01350,Home,s_0652,3026,0.1516,4.05,1,2024-08-21
p_01351,Home,s_0529,875,0.2205,4.95,0,2025-04-11
p_01352,Electronics,s_0642,5329,0.0412,4.65,0,2024-08-03
p_01353,FMCG,s_0101,169,0.1935,4.87,0,2025-06-01
p_01354,Fashion,s_0427,886,0.3206,4.78,0,2024-03-27
p_01355,FMCG,s_0241,724,0.0735,4.12,0,2022-10-19
p_01356,Beauty,s_0329,1477,0.2987,4.42,0,2025-03-30
p_01357,Fashion,s_0319,2213,0.2157,4.58,1,2021-12-14
p_01358,Electronics,s_0004,2490,0.0865,4.35,0,2024-01-21
p_01359,Auto,s_0100,2781,0.1966,3.89,0,2021-01-18
p_01360,Fashion,s_0068,1749,0.2633,3.86,0,2024-02-15
p_01361,Sports,s_0350,763,0.1729,4.68,0,2025-07-07
p_01362,FMCG,s_0675,358,0.178,4.54,0,2022-06-03
p_01363,Beauty,s_0155,1181,0.2737,3.8,0,2023-11-17
p_01364,Fashion,s_0472,1060,0.2444,4.69,0,2023-07-05
p_01365,Beauty,s_0643,152,0.2866,4.18,0,2026-01-19
p_01366,FMCG,s_0424,1104,0.1595,4.33,0,2023-06-09
p_01367,Sports,s_0102,1679,0.2633,4.8,0,2024-11-27
p_01368,Sports,s_0660,1612,0.2222,4.59,0,2023-08-27
p_01369,Electronics,s_0109,2640,0.18,4.31,0,2021-08-20
p_01370,Home,s_0196,1366,0.216,4.41,0,2026-02-14
p_01371,Home,s_0568,3599,0.2618,4.4,0,2025-05-15
p_01372,Home,s_0498,1953,0.1823,4.69,0,2026-02-05
p_01373,Beauty,s_0350,541,0.2826,4.36,0,2024-08-21
p_01374,Home,s_0609,2586,0.1349,3.8,1,2023-01-05
p_01375,Home,s_0186,1402,0.1807,4.43,0,2025-02-17
p_01376,Kids,s_0128,640,0.2726,4.66,0,2023-09-27
p_01377,Beauty,s_0089,1472,0.2951,4.26,1,2024-09-23
p_01378,Beauty,s_0355,528,0.3093,4.29,0,2024-08-21
p_01379,Auto,s_0243,1725,0.1636,4.3,0,2025-08-11
p_01380,Sports,s_0153,1865,0.1696,5.0,0,2023-10-07
p_01381,Electronics,s_0455,5628,0.1059,4.33,1,2025-02-17
p_01382,FMCG,s_0478,385,0.1176,4.91,0,2021-11-07
p_01383,FMCG,s_0102,418,0.1595,4.19,0,2022-11-10
p_01384,Fashion,s_0564,900,0.2823,3.88,0,2025-09-15
p_01385,Electronics,s_0434,16605,0.0906,4.46,0,2025-07-28
p_01386,Pet,s_0135,478,0.19,5.0,0,2022-03-22
p_01387,FMCG,s_0094,858,0.1641,4.48,0,2022-08-23
p_01388,Pet,s_0022,500,0.1637,4.35,0,2022-01-10
p_01389,Pet,s_0475,772,0.1589,3.85,0,2022-01-12
p_01390,Home,s_0434,2204,0.2325,4.21,0,2021-07-07
p_01391,FMCG,s_0065,582,0.1945,4.8,0,2025-06-22
p_01392,Fashion,s_0453,3752,0.2394,4.59,1,2024-12-30
p_01393,Sports,s_0510,1411,0.22,4.57,0,2023-03-05
p_01394,Home,s_0063,1081,0.2553,4.14,0,2025-09-26
p_01395,Electronics,s_0460,5023,0.149,4.44,0,2025-02-06
p_01396,Electronics,s_0487,5487,0.1766,4.29,0,2024-01-13
p_01397,Beauty,s_0360,2487,0.2842,4.61,0,2024-09-29
p_01398,Fashion,s_0101,477,0.2291,4.05,0,2025-08-31
p_01399,Auto,s_0049,2222,0.0839,4.49,0,2021-08-02
p_01400,Kids,s_0418,1030,0.1452,4.19,0,2024-01-22
p_01401,Fashion,s_0186,1796,0.2846,4.6,0,2021-12-30
p_01402,Electronics,s_0439,8013,0.2474,4.4,0,2025-04-24
p_01403,Home,s_0656,1540,0.2172,4.53,0,2022-06-01
p_01404,Home,s_0071,2786,0.178,5.0,0,2024-07-26
p_01405,FMCG,s_0262,599,0.2374,4.28,0,2025-02-18
p_01406,Home,s_0559,4647,0.0854,4.42,0,2025-04-06
p_01407,Home,s_0537,3189,0.1663,4.11,0,2021-06-27
p_01408,Fashion,s_0255,1535,0.263,4.67,0,2023-01-13
p_01409,Home,s_0435,1299,0.2407,4.83,0,2023-11-28
p_01410,Electronics,s_0112,2514,0.0461,4.7,1,2025-03-08
p_01411,Fashion,s_0359,2118,0.232,5.0,0,2022-02-15
p_01412,Pet,s_0173,932,0.1748,4.83,0,2025-09-04
p_01413,Pet,s_0012,910,0.2649,4.26,0,2023-03-30
p_01414,Home,s_0146,2293,0.1966,4.03,0,2024-01-20
p_01415,Fashion,s_0617,930,0.2644,4.22,0,2025-09-02
p_01416,Books,s_0621,162,0.1741,4.73,1,2024-10-09
p_01417,Pet,s_0315,1041,0.2069,4.59,0,2024-04-07
p_01418,FMCG,s_0265,537,0.2136,5.0,0,2025-07-24
p_01419,Fashion,s_0446,440,0.2533,4.47,0,2024-03-20
p_01420,FMCG,s_0105,372,0.1443,4.81,0,2025-09-14
p_01421,Fashion,s_0232,1104,0.2037,4.43,0,2021-06-29
p_01422,Kids,s_0374,1100,0.2435,4.06,0,2021-02-09
p_01423,Pet,s_0078,926,0.1332,4.48,0,2022-12-11
p_01424,Beauty,s_0421,546,0.2531,4.01,0,2022-04-25
p_01425,Home,s_0649,2035,0.234,4.62,0,2023-04-10
p_01426,Kids,s_0085,2526,0.1934,4.18,0,2022-03-13
p_01427,Auto,s_0592,1924,0.2491,4.17,0,2023-10-28
p_01428,Home,s_0633,1713,0.2071,4.89,0,2023-06-06
p_01429,Pet,s_0271,641,0.1887,4.86,0,2025-05-10
p_01430,Books,s_0327,341,0.1493,4.16,1,2024-03-17
p_01431,Fashion,s_0438,1852,0.2249,4.42,0,2022-04-19
p_01432,Electronics,s_0630,2916,0.1249,4.37,0,2024-04-04
p_01433,Pet,s_0593,704,0.2355,4.98,1,2021-02-11
p_01434,Pet,s_0319,693,0.2095,4.23,0,2021-01-08
p_01435,Beauty,s_0240,1150,0.311,4.77,0,2022-07-26
p_01436,Pet,s_0620,811,0.2437,4.73,0,2021-02-02
p_01437,Fashion,s_0537,814,0.274,4.71,0,2025-10-09
p_01438,Kids,s_0186,1424,0.2662,4.69,0,2021-07-12
p_01439,Pet,s_0541,474,0.1371,4.23,0,2021-07-13
p_01440,Pet,s_0430,1169,0.1366,4.65,0,2023-10-14
p_01441,Kids,s_0260,857,0.2095,4.72,1,2024-01-22
p_01442,Beauty,s_0035,1518,0.2434,4.35,0,2021-12-12
p_01443,Home,s_0569,2302,0.1268,4.6,0,2023-12-25
p_01444,Beauty,s_0625,834,0.3974,3.93,0,2024-01-13
p_01445,Auto,s_0258,1829,0.1885,4.61,0,2023-03-05
p_01446,Sports,s_0540,1746,0.243,4.67,0,2025-03-27
p_01447,Pet,s_0472,368,0.1628,4.82,0,2025-03-11
p_01448,Home,s_0298,1805,0.0769,4.53,0,2025-04-26
p_01449,Home,s_0424,1735,0.1264,4.36,0,2025-02-10
p_01450,Sports,s_0267,2341,0.2057,4.48,0,2024-06-30
p_01451,Beauty,s_0213,237,0.2481,3.73,0,2024-08-13
p_01452,Books,s_0605,583,0.1383,4.48,0,2026-02-22
p_01453,Home,s_0453,1805,0.171,4.57,0,2021-02-15
p_01454,Beauty,s_0167,921,0.2789,4.78,0,2026-01-18
p_01455,Fashion,s_0367,1574,0.232,4.16,0,2022-07-08
p_01456,Auto,s_0530,1529,0.1685,4.47,0,2023-11-12
p_01457,Beauty,s_0317,522,0.2863,4.89,0,2023-05-18
p_01458,Fashion,s_0272,822,0.2348,4.16,0,2024-08-08
p_01459,Beauty,s_0319,706,0.298,4.71,0,2024-11-16
p_01460,FMCG,s_0113,788,0.1478,4.71,1,2025-04-03
p_01461,Books,s_0621,104,0.1434,4.63,0,2024-03-18
p_01462,Kids,s_0253,1722,0.1081,4.62,0,2025-07-18
p_01463,Fashion,s_0002,1289,0.3141,5.0,0,2025-06-01
p_01464,Electronics,s_0203,7003,0.0864,4.05,0,2022-01-08
p_01465,Electronics,s_0616,7207,0.0688,4.53,0,2024-08-06
p_01466,Pet,s_0610,1316,0.1544,4.69,0,2022-05-04
p_01467,Pet,s_0346,1182,0.2013,4.44,0,2021-04-10
p_01468,Fashion,s_0326,1147,0.2261,4.94,0,2024-11-01
p_01469,FMCG,s_0654,407,0.1262,4.38,0,2024-02-04
p_01470,Sports,s_0126,4374,0.1832,4.87,0,2024-06-07
p_01471,Sports,s_0677,2755,0.2339,4.68,0,2021-11-25
p_01472,Home,s_0345,2044,0.1741,5.0,1,2022-09-26
p_01473,Electronics,s_0416,4293,0.0552,4.49,0,2021-06-06
p_01474,Electronics,s_0663,1012,0.1167,4.3,0,2021-02-08
p_01475,Auto,s_0435,4875,0.1476,4.53,0,2024-05-12
p_01476,Beauty,s_0627,598,0.2367,4.07,0,2021-07-17
p_01477,Sports,s_0473,2763,0.2167,5.0,0,2025-08-28
p_01478,Beauty,s_0624,452,0.3821,4.27,0,2021-10-14
p_01479,Books,s_0386,189,0.1936,5.0,0,2021-08-04
p_01480,Electronics,s_0692,5346,0.1359,4.89,0,2023-08-15
p_01481,Books,s_0110,367,0.2178,4.46,0,2025-09-15
p_01482,Auto,s_0382,2218,0.1267,3.97,0,2024-10-16
p_01483,Electronics,s_0441,3923,0.0973,4.52,0,2022-09-14
p_01484,Sports,s_0697,1325,0.2926,4.52,0,2025-08-29
p_01485,Auto,s_0464,1114,0.141,3.86,0,2025-10-23
p_01486,Electronics,s_0599,4539,0.097,3.72,0,2025-10-11
p_01487,Auto,s_0333,1120,0.1989,4.28,0,2025-11-22
p_01488,Fashion,s_0584,1088,0.2688,4.28,0,2022-01-13
p_01489,Beauty,s_0387,327,0.2917,4.46,0,2024-12-23
p_01490,Fashion,s_0367,2130,0.2611,4.7,0,2021-04-26
p_01491,Books,s_0015,191,0.1751,4.87,0,2022-05-13
p_01492,FMCG,s_0365,953,0.1741,4.48,0,2022-04-20
p_01493,Auto,s_0396,1380,0.1525,4.61,0,2025-02-20
p_01494,Kids,s_0360,904,0.2445,4.55,1,2025-01-23
p_01495,Home,s_0258,3323,0.22,4.11,0,2024-07-22
p_01496,Beauty,s_0492,159,0.2656,4.21,0,2023-11-18
p_01497,Fashion,s_0011,1998,0.2129,3.91,1,2023-07-18
p_01498,Fashion,s_0369,816,0.291,4.87,0,2024-09-15
p_01499,Sports,s_0424,1731,0.1805,4.79,0,2021-03-27
p_01500,Fashion,s_0478,2105,0.1326,5.0,0,2025-11-22
p_01501,FMCG,s_0046,699,0.217,4.0,0,2024-09-21
p_01502,Books,s_0618,480,0.2199,4.06,0,2023-09-19
p_01503,Beauty,s_0024,757,0.2562,4.29,0,2026-03-01
p_01504,Home,s_0302,2388,0.172,4.75,0,2023-05-31
p_01505,Home,s_0554,1743,0.2393,3.96,0,2025-08-29
p_01506,Home,s_0558,2760,0.2176,4.52,0,2024-07-13
p_01507,Beauty,s_0056,279,0.2697,4.56,0,2021-07-04
p_01508,FMCG,s_0119,269,0.1159,4.53,0,2022-10-04
p_01509,Kids,s_0339,1121,0.1679,4.03,0,2021-11-26
p_01510,Fashion,s_0443,1267,0.2774,4.85,0,2025-07-08
p_01511,FMCG,s_0268,2133,0.2046,4.26,0,2022-03-21
p_01512,FMCG,s_0394,610,0.0581,4.33,0,2023-02-18
p_01513,Auto,s_0308,3037,0.1883,3.96,0,2022-05-21
p_01514,Electronics,s_0264,6565,0.0578,4.1,1,2022-09-06
p_01515,Beauty,s_0003,747,0.2467,4.84,1,2025-11-12
p_01516,Electronics,s_0212,1952,0.1272,4.63,0,2022-05-13
p_01517,Home,s_0224,3076,0.1927,4.32,0,2021-03-14
p_01518,Books,s_0060,323,0.1557,4.3,0,2024-11-26
p_01519,Kids,s_0080,1636,0.26,4.17,0,2025-07-27
p_01520,Sports,s_0235,1945,0.1811,4.32,0,2024-01-13
p_01521,Electronics,s_0181,5166,0.0521,4.36,0,2021-01-18
p_01522,Auto,s_0051,1278,0.0941,4.83,0,2022-08-27
p_01523,Home,s_0376,2142,0.1737,4.39,0,2023-06-29
p_01524,Auto,s_0634,1057,0.2181,4.08,0,2024-02-26
p_01525,Home,s_0553,5633,0.1729,4.44,0,2021-06-29
p_01526,FMCG,s_0468,436,0.2274,4.27,0,2024-03-14
p_01527,FMCG,s_0106,299,0.0903,4.59,1,2023-03-04
p_01528,Sports,s_0693,766,0.2151,4.75,0,2022-10-26
p_01529,Beauty,s_0628,290,0.3087,5.0,0,2026-01-11
p_01530,Electronics,s_0550,2437,0.1613,4.51,0,2021-10-03
p_01531,Home,s_0529,833,0.0817,4.63,0,2024-09-04
p_01532,Electronics,s_0649,5285,0.1803,3.98,0,2022-01-08
p_01533,Electronics,s_0633,2241,0.1511,4.05,0,2023-08-11
p_01534,Fashion,s_0056,1303,0.2293,4.74,0,2022-08-29
p_01535,Books,s_0297,291,0.1133,4.92,0,2021-03-15
p_01536,FMCG,s_0130,190,0.0875,4.37,0,2021-06-02
p_01537,Electronics,s_0111,7271,0.0799,4.27,0,2025-01-06
p_01538,Beauty,s_0429,497,0.2691,3.93,0,2023-04-06
p_01539,Beauty,s_0235,2081,0.2383,4.37,0,2022-02-02
p_01540,Fashion,s_0120,925,0.234,5.0,0,2023-10-24
p_01541,Kids,s_0069,1443,0.1968,4.09,0,2025-06-16
p_01542,FMCG,s_0108,305,0.1568,4.21,0,2024-10-28
p_01543,Kids,s_0074,817,0.129,5.0,1,2023-07-08
p_01544,Sports,s_0604,1019,0.1617,4.3,0,2021-07-18
p_01545,Home,s_0398,1200,0.2219,4.38,0,2024-11-14
p_01546,FMCG,s_0038,222,0.1728,3.93,0,2022-10-09
p_01547,Electronics,s_0141,6437,0.1976,4.53,0,2021-07-25
p_01548,Beauty,s_0452,694,0.3838,4.79,1,2023-07-10
p_01549,Electronics,s_0576,2794,0.1388,4.58,0,2023-01-10
p_01550,Books,s_0025,390,0.1853,5.0,0,2024-08-21
p_01551,Books,s_0294,587,0.1669,4.58,0,2021-02-04
p_01552,Home,s_0419,1939,0.1865,4.1,0,2025-04-01
p_01553,Pet,s_0380,674,0.1292,4.13,0,2024-06-06
p_01554,Home,s_0571,1222,0.1487,4.58,0,2024-02-22
p_01555,Fashion,s_0693,4374,0.201,4.36,1,2022-10-28
p_01556,Home,s_0452,798,0.1104,4.65,0,2023-10-31
p_01557,Sports,s_0195,732,0.325,3.92,0,2021-05-18
p_01558,Electronics,s_0053,4411,0.2042,5.0,0,2023-03-14
p_01559,Home,s_0425,2296,0.2262,3.98,1,2025-08-24
p_01560,Beauty,s_0320,930,0.2272,4.16,0,2022-08-09
p_01561,Beauty,s_0154,430,0.3063,4.54,0,2021-02-16
p_01562,Pet,s_0274,247,0.2078,4.21,0,2023-01-29
p_01563,FMCG,s_0655,308,0.1574,4.36,1,2022-10-31
p_01564,Kids,s_0550,1683,0.1898,5.0,0,2023-05-05
p_01565,Fashion,s_0169,1096,0.2104,4.76,0,2023-04-04
p_01566,Home,s_0622,1506,0.1228,5.0,0,2024-04-28
p_01567,Fashion,s_0407,1340,0.216,4.3,0,2021-09-25
p_01568,Sports,s_0050,761,0.1897,4.54,0,2022-01-23
p_01569,Electronics,s_0071,13522,0.1146,4.17,0,2023-03-07
p_01570,Pet,s_0465,2534,0.1884,4.65,0,2022-02-19
p_01571,FMCG,s_0588,150,0.2109,4.81,0,2024-02-07
p_01572,Home,s_0423,844,0.1531,4.22,0,2024-12-29
p_01573,Sports,s_0490,3058,0.179,4.41,0,2022-08-03
p_01574,Electronics,s_0452,1762,0.1621,4.23,0,2024-08-05
p_01575,Beauty,s_0651,610,0.3169,4.68,0,2025-08-09
p_01576,Fashion,s_0652,3215,0.2117,4.85,0,2021-01-09
p_01577,Home,s_0151,4676,0.2217,4.52,0,2023-07-13
p_01578,Kids,s_0001,1265,0.2843,5.0,0,2024-02-06
p_01579,Sports,s_0295,1139,0.198,3.93,0,2022-03-17
p_01580,Kids,s_0097,973,0.1704,4.37,0,2025-08-09
p_01581,Home,s_0132,3612,0.1973,5.0,0,2023-02-26
p_01582,FMCG,s_0441,239,0.1623,5.0,0,2022-04-22
p_01583,Beauty,s_0197,224,0.2819,4.93,0,2022-07-19
p_01584,Home,s_0277,2786,0.2035,3.69,0,2026-01-08
p_01585,Home,s_0474,1524,0.1188,4.91,0,2025-03-02
p_01586,Kids,s_0537,1300,0.2299,5.0,0,2022-01-28
p_01587,FMCG,s_0637,389,0.2133,4.53,0,2024-06-11
p_01588,Fashion,s_0155,2232,0.1683,4.55,0,2023-02-13
p_01589,Electronics,s_0211,4064,0.1392,4.44,0,2022-11-04
p_01590,Beauty,s_0330,183,0.3011,4.08,0,2021-03-13
p_01591,Electronics,s_0164,7390,0.0684,4.53,0,2023-12-23
p_01592,Books,s_0303,598,0.2253,4.06,0,2022-11-10
p_01593,Fashion,s_0032,1330,0.2529,4.68,0,2023-12-08
p_01594,Fashion,s_0106,577,0.1861,4.52,0,2021-01-04
p_01595,Electronics,s_0198,2677,0.1066,4.17,0,2022-06-14
p_01596,FMCG,s_0478,187,0.065,4.41,0,2022-12-06
p_01597,Electronics,s_0396,2540,0.0779,4.52,0,2024-03-29
p_01598,Sports,s_0079,2444,0.2299,4.02,0,2024-02-27
p_01599,FMCG,s_0369,745,0.2497,4.29,0,2025-06-02
p_01600,Books,s_0401,303,0.1852,4.39,0,2021-11-05
p_01601,Fashion,s_0077,453,0.2154,5.0,0,2022-06-18
p_01602,Fashion,s_0011,4023,0.264,4.65,0,2023-05-10
p_01603,Pet,s_0376,951,0.2631,4.17,0,2023-03-31
p_01604,Kids,s_0591,937,0.2907,4.29,0,2025-10-28
p_01605,Electronics,s_0687,3126,0.1429,4.46,1,2022-05-16
p_01606,Electronics,s_0095,2021,0.1319,4.23,0,2022-03-09
p_01607,Sports,s_0284,2256,0.2236,4.46,0,2022-04-23
p_01608,Kids,s_0566,536,0.2146,4.13,0,2024-07-27
p_01609,Sports,s_0225,685,0.1847,4.51,0,2023-09-07
p_01610,Sports,s_0200,1149,0.1744,4.45,0,2023-12-28
p_01611,Home,s_0349,553,0.2146,4.75,0,2024-09-23
p_01612,Kids,s_0263,981,0.1859,4.29,0,2021-10-17
p_01613,Fashion,s_0096,2479,0.2196,4.74,0,2024-09-22
p_01614,Electronics,s_0311,4385,0.1533,4.91,0,2024-04-08
p_01615,FMCG,s_0552,302,0.1878,4.57,0,2022-06-05
p_01616,Kids,s_0576,2205,0.24,4.44,0,2024-04-05
p_01617,Fashion,s_0114,1272,0.3358,4.95,0,2022-12-18
p_01618,Sports,s_0557,2108,0.1418,3.7,0,2023-11-25
p_01619,Kids,s_0075,671,0.171,4.76,0,2024-11-30
p_01620,Beauty,s_0231,721,0.322,4.29,0,2021-03-02
p_01621,Home,s_0476,824,0.1825,4.31,0,2025-12-22
p_01622,Pet,s_0572,468,0.2403,5.0,0,2022-04-26
p_01623,Kids,s_0357,1106,0.1731,4.61,1,2021-07-05
p_01624,Books,s_0141,172,0.1927,4.7,0,2024-07-03
p_01625,Kids,s_0175,802,0.1692,4.87,0,2022-12-23
p_01626,Books,s_0154,433,0.1952,4.03,0,2023-06-09
p_01627,Home,s_0199,1204,0.1844,4.21,0,2025-06-22
p_01628,Books,s_0566,802,0.1636,4.41,0,2023-10-24
p_01629,Fashion,s_0259,1582,0.2781,5.0,0,2024-09-02
p_01630,Fashion,s_0700,2224,0.2425,4.64,0,2023-03-16
p_01631,Fashion,s_0123,1019,0.2701,4.66,0,2023-08-25
p_01632,Books,s_0400,232,0.2215,5.0,0,2021-10-06
p_01633,FMCG,s_0258,512,0.1311,4.63,0,2022-04-28
p_01634,FMCG,s_0603,739,0.163,4.11,0,2021-06-01
p_01635,FMCG,s_0663,483,0.0633,5.0,0,2023-03-02
p_01636,Electronics,s_0483,1524,0.0898,4.19,0,2024-07-22
p_01637,Beauty,s_0372,284,0.3093,4.92,0,2021-08-15
p_01638,Beauty,s_0196,712,0.2433,4.47,0,2022-07-25
p_01639,Beauty,s_0193,404,0.3122,4.62,0,2024-02-11
p_01640,Home,s_0183,1698,0.1914,4.25,0,2021-12-30
p_01641,Electronics,s_0369,14010,0.1204,4.44,0,2024-10-23
p_01642,Fashion,s_0486,522,0.1252,4.74,0,2021-10-19
p_01643,Books,s_0067,325,0.2426,4.5,0,2023-05-03
p_01644,FMCG,s_0656,405,0.1512,4.58,0,2025-09-06
p_01645,Electronics,s_0610,1820,0.189,4.54,0,2025-08-03
p_01646,FMCG,s_0139,700,0.1207,4.49,0,2022-08-15
p_01647,Beauty,s_0639,402,0.2207,4.15,1,2024-12-23
p_01648,Beauty,s_0294,397,0.3254,5.0,0,2023-07-08
p_01649,FMCG,s_0548,251,0.1186,3.93,0,2022-06-11
p_01650,Beauty,s_0051,426,0.3155,4.73,0,2024-07-13
p_01651,Auto,s_0569,2963,0.1325,4.24,0,2021-01-07
p_01652,Home,s_0354,2939,0.2385,4.25,0,2022-05-30
p_01653,Auto,s_0232,3546,0.2188,3.9,0,2023-04-09
p_01654,Fashion,s_0283,1377,0.243,4.59,0,2023-01-14
p_01655,Electronics,s_0486,2092,0.1351,3.67,0,2025-01-17
p_01656,Beauty,s_0651,592,0.2035,4.46,0,2024-03-12
p_01657,Sports,s_0035,788,0.3191,4.27,0,2022-05-01
p_01658,Electronics,s_0313,2307,0.0617,4.6,0,2024-12-16
p_01659,Home,s_0156,1532,0.1332,4.61,0,2021-05-17
p_01660,Electronics,s_0275,5380,0.1486,4.59,0,2023-01-04
p_01661,Beauty,s_0466,1273,0.3367,5.0,0,2025-04-02
p_01662,Electronics,s_0403,11759,0.1291,4.0,0,2021-08-09
p_01663,Electronics,s_0106,5773,0.1251,4.87,0,2023-07-25
p_01664,Electronics,s_0213,3458,0.1196,4.42,0,2024-12-14
p_01665,Electronics,s_0315,3472,0.1818,3.97,0,2022-11-07
p_01666,Books,s_0127,388,0.1327,4.6,1,2023-01-30
p_01667,Electronics,s_0265,4565,0.1522,3.88,0,2021-02-15
p_01668,Auto,s_0695,928,0.1961,4.9,0,2023-03-29
p_01669,Fashion,s_0425,2508,0.2396,3.84,0,2022-01-02
p_01670,Electronics,s_0074,6006,0.1599,4.75,0,2025-12-09
p_01671,Kids,s_0491,530,0.2826,3.9,0,2024-04-29
p_01672,Beauty,s_0324,645,0.249,4.94,0,2023-05-12
p_01673,Fashion,s_0291,616,0.1785,4.08,0,2021-07-01
p_01674,FMCG,s_0306,254,0.1211,4.59,0,2021-05-16
p_01675,FMCG,s_0135,203,0.2459,4.84,0,2024-07-20
p_01676,Books,s_0049,173,0.1623,4.65,1,2024-03-11
p_01677,FMCG,s_0070,774,0.116,4.28,0,2025-03-04
p_01678,Pet,s_0299,1036,0.1873,4.72,0,2025-11-08
p_01679,Electronics,s_0446,3494,0.1261,4.37,0,2022-11-09
p_01680,Electronics,s_0093,5384,0.1134,3.9,0,2024-10-16
p_01681,Kids,s_0207,883,0.1865,4.86,0,2021-09-23
p_01682,Electronics,s_0670,2788,0.1452,4.21,0,2025-12-28
p_01683,FMCG,s_0208,247,0.1801,4.52,0,2024-02-12
p_01684,Sports,s_0554,847,0.2564,4.68,0,2023-08-01
p_01685,Books,s_0012,197,0.1486,4.33,0,2025-06-14
p_01686,Home,s_0031,2566,0.2331,3.96,0,2023-03-15
p_01687,Auto,s_0323,1660,0.1695,4.36,0,2023-06-07
p_01688,Electronics,s_0207,2483,0.0963,4.77,0,2026-02-21
p_01689,Beauty,s_0029,299,0.2232,3.86,0,2025-01-12
p_01690,Kids,s_0642,1714,0.1341,4.64,0,2022-10-25
p_01691,Books,s_0327,347,0.176,4.99,0,2024-10-13
p_01692,Fashion,s_0097,1248,0.2629,4.6,0,2024-09-07
p_01693,Kids,s_0260,1581,0.2784,4.31,1,2023-05-28
p_01694,Electronics,s_0511,2644,0.1839,4.07,0,2024-06-02
p_01695,Books,s_0534,459,0.1684,4.01,0,2025-07-03
p_01696,Electronics,s_0422,2620,0.1907,4.26,0,2023-11-19
p_01697,Kids,s_0700,317,0.1737,4.08,0,2022-05-18
p_01698,Pet,s_0343,750,0.1912,4.46,0,2022-06-19
p_01699,Fashion,s_0554,957,0.2677,4.29,0,2025-02-14
p_01700,Kids,s_0631,659,0.1629,5.0,0,2023-01-31
p_01701,FMCG,s_0225,550,0.1562,4.77,0,2021-03-19
p_01702,Kids,s_0044,1166,0.2187,4.56,0,2023-06-28
p_01703,FMCG,s_0367,481,0.1178,5.0,1,2023-01-14
p_01704,Pet,s_0693,126,0.0653,4.37,0,2021-06-03
p_01705,Kids,s_0590,2019,0.2653,4.4,0,2024-07-14
p_01706,Auto,s_0505,5238,0.1585,4.42,0,2022-06-12
p_01707,Beauty,s_0501,419,0.2574,4.63,1,2021-12-23
p_01708,Pet,s_0440,786,0.2734,4.5,0,2023-08-08
p_01709,Fashion,s_0064,1508,0.2867,4.2,0,2025-11-24
p_01710,Beauty,s_0641,1664,0.3344,4.42,0,2024-02-02
p_01711,Kids,s_0667,2818,0.1951,4.16,0,2021-09-30
p_01712,Sports,s_0351,813,0.2015,4.54,0,2025-04-10
p_01713,FMCG,s_0372,293,0.207,4.29,0,2023-06-28
p_01714,FMCG,s_0207,611,0.1463,4.8,1,2025-12-23
p_01715,Electronics,s_0555,2994,0.04,4.85,0,2024-11-30
p_01716,Sports,s_0261,2635,0.2937,4.62,0,2024-03-21
p_01717,FMCG,s_0569,815,0.1271,4.07,0,2023-01-01
p_01718,Fashion,s_0650,1147,0.2421,4.36,0,2021-09-30
p_01719,Beauty,s_0538,994,0.1848,4.16,0,2021-06-13
p_01720,Kids,s_0353,934,0.2229,4.55,0,2024-03-19
p_01721,Home,s_0413,1324,0.2048,4.44,0,2021-01-24
p_01722,FMCG,s_0551,339,0.1448,4.31,0,2024-10-20
p_01723,Beauty,s_0083,897,0.303,4.84,0,2023-07-13
p_01724,Sports,s_0652,2364,0.218,4.64,0,2022-04-06
p_01725,Sports,s_0664,1028,0.2071,4.37,0,2021-01-08
p_01726,Fashion,s_0022,2215,0.3001,4.25,0,2023-07-27
p_01727,Sports,s_0444,4476,0.2765,3.75,0,2025-12-20
p_01728,Electronics,s_0477,6403,0.1341,4.69,0,2024-03-05
p_01729,Home,s_0699,1822,0.2796,4.1,0,2021-01-23
p_01730,Fashion,s_0054,2989,0.2825,4.88,0,2022-05-28
p_01731,Beauty,s_0659,2222,0.3063,4.65,0,2026-02-12
p_01732,Electronics,s_0613,10513,0.1929,4.1,0,2025-04-16
p_01733,Auto,s_0041,2829,0.1606,4.27,0,2025-12-16
p_01734,Home,s_0484,4246,0.1907,4.51,0,2024-12-14
p_01735,Fashion,s_0150,2244,0.1949,4.44,0,2025-02-17
p_01736,Fashion,s_0676,1442,0.2578,4.97,0,2025-11-28
p_01737,Pet,s_0485,604,0.1515,5.0,0,2023-11-29
p_01738,Electronics,s_0414,8745,0.1495,4.46,0,2021-06-25
p_01739,Beauty,s_0124,627,0.2647,4.48,0,2025-01-27
p_01740,FMCG,s_0661,286,0.1735,4.82,0,2021-09-08
p_01741,Fashion,s_0365,486,0.2152,4.47,0,2021-04-05
p_01742,Fashion,s_0125,2172,0.2809,4.21,0,2024-05-14
p_01743,Electronics,s_0271,3794,0.1038,4.29,0,2025-04-13
p_01744,FMCG,s_0121,415,0.1638,4.67,0,2022-04-26
p_01745,Pet,s_0249,1582,0.1798,4.97,1,2025-07-02
p_01746,Fashion,s_0433,1282,0.199,3.95,0,2025-05-11
p_01747,Beauty,s_0231,342,0.2477,4.7,0,2022-08-30
p_01748,Fashion,s_0661,1642,0.2341,4.41,0,2025-08-30
p_01749,Beauty,s_0213,1058,0.2792,4.56,0,2025-07-25
p_01750,Sports,s_0285,966,0.3119,4.48,0,2023-08-27
p_01751,Home,s_0219,3409,0.1948,3.98,0,2023-03-04
p_01752,Fashion,s_0472,2409,0.2571,4.26,0,2021-08-11
p_01753,Home,s_0010,840,0.2695,4.55,0,2023-10-20
p_01754,Electronics,s_0125,2929,0.1668,4.68,0,2022-03-16
p_01755,Sports,s_0040,831,0.2069,3.72,0,2025-02-13
p_01756,Pet,s_0541,986,0.2796,4.29,0,2022-02-19
p_01757,Beauty,s_0487,282,0.2964,4.58,0,2023-10-11
p_01758,Beauty,s_0360,902,0.2658,4.77,0,2023-08-23
p_01759,Sports,s_0177,1402,0.223,5.0,0,2022-07-04
p_01760,Beauty,s_0404,454,0.2952,4.97,0,2023-02-21
p_01761,Pet,s_0659,2159,0.2068,4.38,0,2022-04-30
p_01762,Electronics,s_0136,2496,0.1416,5.0,0,2023-05-23
p_01763,Kids,s_0204,879,0.164,4.75,0,2021-12-13
p_01764,Home,s_0617,763,0.2233,4.75,0,2025-01-05
p_01765,FMCG,s_0309,284,0.1519,4.02,0,2024-08-16
p_01766,FMCG,s_0184,245,0.114,3.91,0,2025-08-20
p_01767,Books,s_0316,176,0.1971,4.89,0,2026-03-07
p_01768,Fashion,s_0442,1483,0.2236,4.85,0,2025-11-07
p_01769,Books,s_0294,259,0.2277,4.35,0,2024-02-09
p_01770,Sports,s_0433,2421,0.2581,4.79,0,2023-03-21
p_01771,Beauty,s_0447,304,0.2127,5.0,0,2022-11-21
p_01772,Sports,s_0570,1774,0.1439,3.83,0,2025-08-19
p_01773,Pet,s_0443,413,0.2273,4.44,0,2021-05-01
p_01774,Sports,s_0206,1140,0.2146,4.88,0,2022-08-15
p_01775,FMCG,s_0092,218,0.1557,4.21,0,2025-12-06
p_01776,Beauty,s_0407,376,0.2532,4.58,0,2022-06-01
p_01777,Home,s_0385,2958,0.1391,4.66,0,2021-11-08
p_01778,Fashion,s_0377,928,0.1958,5.0,0,2021-05-17
p_01779,Electronics,s_0221,3980,0.1174,4.7,0,2025-06-18
p_01780,Home,s_0623,2000,0.2067,4.21,0,2025-10-13
p_01781,FMCG,s_0557,237,0.1472,4.21,0,2024-12-11
p_01782,Fashion,s_0612,1218,0.2113,4.04,0,2025-10-25
p_01783,Beauty,s_0587,236,0.2617,4.51,0,2024-08-02
p_01784,Beauty,s_0502,514,0.2726,4.43,0,2023-01-11
p_01785,Beauty,s_0269,281,0.2933,4.5,0,2024-07-16
p_01786,Pet,s_0325,845,0.227,4.04,0,2024-08-14
p_01787,Sports,s_0245,1023,0.2861,4.71,0,2023-06-18
p_01788,Auto,s_0339,5377,0.1484,4.92,1,2025-10-21
p_01789,Beauty,s_0564,1189,0.1727,3.78,0,2023-05-26
p_01790,Fashion,s_0092,1970,0.1604,4.6,0,2022-07-26
p_01791,Kids,s_0200,1381,0.2332,4.25,0,2025-10-20
p_01792,Electronics,s_0275,1774,0.0598,4.98,0,2021-08-05
p_01793,Kids,s_0192,1101,0.2893,3.86,0,2024-11-22
p_01794,FMCG,s_0082,400,0.1811,4.64,0,2024-08-19
p_01795,Home,s_0472,1015,0.1851,4.61,0,2024-08-22
p_01796,Sports,s_0181,1701,0.1846,4.42,0,2023-09-13
p_01797,Books,s_0226,277,0.1625,4.54,0,2025-08-02
p_01798,Electronics,s_0231,2047,0.1307,4.83,0,2021-08-13
p_01799,Electronics,s_0317,8952,0.1011,4.61,1,2025-10-05
p_01800,Fashion,s_0638,1711,0.2068,4.26,0,2024-03-31
p_01801,Sports,s_0417,1389,0.2901,4.28,0,2024-01-28
p_01802,Auto,s_0478,2385,0.1461,3.81,0,2026-03-01
p_01803,Kids,s_0466,564,0.1967,4.36,0,2022-01-22
p_01804,Beauty,s_0044,688,0.3869,4.59,0,2023-09-28
p_01805,Home,s_0281,1920,0.2738,4.26,0,2024-09-01
p_01806,Fashion,s_0298,2174,0.2866,3.6,0,2021-08-23
p_01807,Kids,s_0094,2093,0.2168,4.04,0,2025-04-04
p_01808,Electronics,s_0646,5130,0.0678,4.82,0,2025-08-16
p_01809,FMCG,s_0048,411,0.1926,5.0,0,2024-01-03
p_01810,FMCG,s_0283,897,0.0951,4.63,0,2022-08-03
p_01811,Electronics,s_0476,1614,0.1167,4.42,0,2022-06-17
p_01812,Auto,s_0345,2570,0.1401,4.66,1,2025-12-11
p_01813,FMCG,s_0069,241,0.1062,4.16,0,2024-12-15
p_01814,Sports,s_0397,1072,0.2717,4.17,0,2023-08-30
p_01815,Fashion,s_0538,1128,0.2386,4.49,0,2021-05-04
p_01816,Home,s_0524,2689,0.1999,4.11,0,2023-08-11
p_01817,Books,s_0442,758,0.1525,4.11,0,2025-03-21
p_01818,Kids,s_0322,2364,0.2192,3.97,0,2021-08-06
p_01819,Sports,s_0429,2200,0.3236,3.98,0,2024-04-27
p_01820,Kids,s_0094,1057,0.1966,4.54,0,2022-04-02
p_01821,Home,s_0123,1931,0.1888,3.76,0,2025-10-02
p_01822,Fashion,s_0287,1198,0.2532,4.03,0,2022-12-12
p_01823,Fashion,s_0123,3320,0.2665,3.82,0,2024-01-11
p_01824,Electronics,s_0057,1978,0.1572,4.92,0,2024-03-06
p_01825,Fashion,s_0535,1015,0.2251,4.81,1,2023-12-08
p_01826,Home,s_0133,1191,0.2115,4.22,0,2022-07-30
p_01827,Electronics,s_0254,5879,0.1764,5.0,0,2022-10-10
p_01828,Books,s_0334,206,0.1668,4.27,0,2024-07-31
p_01829,Books,s_0591,298,0.1753,4.69,0,2023-04-09
p_01830,Fashion,s_0326,954,0.2018,4.79,0,2025-08-18
p_01831,Auto,s_0232,2595,0.1574,4.84,0,2021-05-04
p_01832,FMCG,s_0272,887,0.1673,4.15,0,2025-02-17
p_01833,Auto,s_0629,3733,0.1312,3.73,0,2021-06-29
p_01834,Auto,s_0690,5823,0.114,4.27,0,2022-02-11
p_01835,Books,s_0277,625,0.1456,4.46,0,2022-11-12
p_01836,Kids,s_0014,736,0.1777,4.51,0,2022-05-05
p_01837,Home,s_0696,892,0.2312,4.59,0,2024-12-06
p_01838,Auto,s_0291,4001,0.2352,4.72,0,2021-03-26
p_01839,Kids,s_0175,799,0.1977,4.4,0,2022-10-21
p_01840,FMCG,s_0580,385,0.0877,4.51,0,2025-03-29
p_01841,Books,s_0281,343,0.2518,4.28,0,2023-10-11
p_01842,Beauty,s_0493,768,0.3061,4.01,0,2021-10-09
p_01843,Electronics,s_0286,3068,0.1073,4.6,0,2025-01-11
p_01844,Beauty,s_0471,589,0.1933,4.11,0,2024-09-09
p_01845,Home,s_0531,1605,0.2307,4.06,0,2021-01-20
p_01846,Electronics,s_0077,3510,0.1681,3.86,1,2024-12-27
p_01847,Beauty,s_0563,1048,0.1656,5.0,0,2024-09-19
p_01848,Beauty,s_0132,895,0.2367,4.79,0,2021-07-13
p_01849,Pet,s_0273,899,0.1926,4.71,0,2023-02-10
p_01850,Electronics,s_0273,6767,0.1712,4.2,1,2024-11-16
p_01851,Electronics,s_0408,2727,0.1404,4.39,0,2022-12-15
p_01852,Home,s_0009,1750,0.2257,3.9,0,2021-03-10
p_01853,Auto,s_0184,4743,0.1491,4.64,1,2024-04-26
p_01854,Fashion,s_0401,1860,0.3007,4.33,0,2021-01-07
p_01855,Home,s_0096,1300,0.2139,4.26,0,2024-04-08
p_01856,Beauty,s_0633,603,0.3415,4.61,0,2021-07-10
p_01857,Electronics,s_0380,1089,0.1435,3.72,0,2022-05-12
p_01858,Fashion,s_0414,1709,0.3129,4.7,0,2025-09-24
p_01859,Auto,s_0573,1503,0.1293,4.9,0,2021-10-27
p_01860,FMCG,s_0008,388,0.0907,4.3,0,2026-01-04
p_01861,Books,s_0573,373,0.2101,4.86,0,2025-10-24
p_01862,Home,s_0001,922,0.1826,4.8,1,2026-01-25
p_01863,FMCG,s_0072,265,0.131,4.44,0,2023-01-14
p_01864,Fashion,s_0057,902,0.2404,4.74,0,2024-10-01
p_01865,Home,s_0017,1547,0.199,4.18,0,2022-09-03
p_01866,Electronics,s_0044,2541,0.0811,4.48,0,2024-01-02
p_01867,Pet,s_0642,595,0.2146,4.74,0,2022-12-15
p_01868,Pet,s_0322,723,0.2388,4.39,0,2022-12-17
p_01869,Sports,s_0650,3488,0.2528,4.02,0,2023-01-13
p_01870,Books,s_0135,281,0.2289,3.89,0,2021-11-24
p_01871,FMCG,s_0020,309,0.1487,3.96,0,2024-01-25
p_01872,FMCG,s_0022,214,0.124,4.75,0,2025-12-31
p_01873,Beauty,s_0502,611,0.3178,4.25,0,2025-02-11
p_01874,Books,s_0053,221,0.1317,4.96,0,2024-03-22
p_01875,FMCG,s_0019,150,0.163,4.48,0,2022-07-21
p_01876,Auto,s_0608,1789,0.0664,4.58,0,2025-01-04
p_01877,Beauty,s_0111,574,0.269,4.44,0,2024-02-29
p_01878,FMCG,s_0455,398,0.2241,4.0,0,2022-01-18
p_01879,Kids,s_0053,607,0.2053,5.0,0,2025-11-03
p_01880,Auto,s_0204,1320,0.1327,4.38,0,2023-06-08
p_01881,Books,s_0609,525,0.1691,4.22,0,2021-10-24
p_01882,Fashion,s_0160,2041,0.2883,3.96,0,2021-10-06
p_01883,Books,s_0505,998,0.1509,4.5,0,2022-02-04
p_01884,Home,s_0206,2914,0.1817,4.45,1,2021-03-28
p_01885,Pet,s_0225,1907,0.1688,4.58,0,2025-09-17
p_01886,Electronics,s_0040,7134,0.096,5.0,0,2023-03-15
p_01887,Books,s_0383,514,0.2477,3.48,0,2025-03-23
p_01888,Electronics,s_0464,5554,0.0901,4.98,0,2024-03-07
p_01889,Electronics,s_0034,2705,0.1029,3.99,0,2022-09-26
p_01890,Fashion,s_0205,1549,0.2977,4.87,0,2021-07-03
p_01891,Home,s_0038,2388,0.1915,4.58,1,2022-03-06
p_01892,Sports,s_0320,4759,0.2206,4.01,0,2023-04-01
p_01893,FMCG,s_0538,281,0.0783,4.03,0,2025-05-18
p_01894,Beauty,s_0516,638,0.2975,3.99,0,2026-03-13
p_01895,Fashion,s_0489,417,0.2881,4.4,0,2026-02-06
p_01896,Home,s_0460,2162,0.1849,4.44,0,2024-03-16
p_01897,Auto,s_0542,3360,0.1856,4.06,0,2021-11-27
p_01898,Fashion,s_0099,2508,0.3111,3.93,0,2024-09-23
p_01899,Home,s_0431,674,0.1825,4.1,0,2023-03-23
p_01900,Sports,s_0410,728,0.2807,4.15,0,2023-02-19
p_01901,Beauty,s_0080,882,0.2316,4.41,0,2024-05-08
p_01902,Electronics,s_0108,4208,0.2048,4.58,0,2024-01-29
p_01903,Sports,s_0313,1007,0.2686,3.79,0,2022-01-30
p_01904,Kids,s_0411,1294,0.2371,4.67,0,2022-07-21
p_01905,Electronics,s_0245,2256,0.1518,4.46,0,2022-01-16
p_01906,Pet,s_0365,1232,0.1538,4.73,0,2025-07-18
p_01907,Beauty,s_0086,428,0.2997,4.29,0,2024-07-31
p_01908,Books,s_0083,122,0.1768,5.0,0,2024-02-09
p_01909,Fashion,s_0006,1100,0.2952,4.08,0,2021-06-03
p_01910,Pet,s_0191,657,0.149,4.66,0,2021-03-14
p_01911,Fashion,s_0030,1213,0.2489,4.16,0,2023-05-21
p_01912,FMCG,s_0252,490,0.1648,4.73,0,2021-10-21
p_01913,Fashion,s_0524,2094,0.3028,4.61,0,2025-07-01
p_01914,Beauty,s_0247,1059,0.2962,4.74,0,2021-09-06
p_01915,Electronics,s_0040,3315,0.1081,4.37,0,2025-08-17
p_01916,Fashion,s_0051,1145,0.3569,4.47,0,2021-04-01
p_01917,Kids,s_0313,1412,0.2742,4.76,0,2022-01-25
p_01918,FMCG,s_0006,253,0.1606,4.35,0,2025-08-15
p_01919,Fashion,s_0645,1687,0.2011,4.73,0,2024-12-22
p_01920,Fashion,s_0212,756,0.2769,4.45,0,2023-08-17
p_01921,Pet,s_0004,1970,0.2336,4.53,0,2024-12-13
p_01922,Sports,s_0008,1404,0.2208,4.11,0,2021-12-16
p_01923,Kids,s_0317,1715,0.1997,4.62,1,2021-09-03
p_01924,Pet,s_0171,722,0.204,4.34,0,2025-07-27
p_01925,Sports,s_0400,1455,0.3073,4.31,0,2024-07-02
p_01926,Home,s_0202,2613,0.1253,4.63,0,2022-05-09
p_01927,Sports,s_0454,1451,0.2635,4.27,0,2025-04-07
p_01928,Home,s_0089,4076,0.1451,4.89,0,2021-11-08
p_01929,Sports,s_0442,568,0.2406,4.53,0,2025-11-03
p_01930,Sports,s_0505,446,0.1981,4.58,0,2023-08-20
p_01931,Electronics,s_0101,2690,0.1077,4.55,0,2021-01-10
p_01932,Fashion,s_0346,851,0.2475,4.83,0,2023-11-21
p_01933,Kids,s_0360,657,0.263,4.16,0,2025-09-09
p_01934,Books,s_0183,411,0.1721,4.3,0,2025-09-01
p_01935,Home,s_0606,3504,0.2019,4.37,0,2023-01-22
p_01936,Electronics,s_0251,6921,0.1777,4.07,1,2023-12-31
p_01937,Kids,s_0046,729,0.236,4.12,0,2023-01-11
p_01938,Fashion,s_0084,1856,0.2881,4.32,0,2022-01-06
p_01939,Electronics,s_0142,1612,0.1417,4.1,0,2024-08-18
p_01940,Fashion,s_0429,4800,0.171,4.28,0,2025-02-21
p_01941,Beauty,s_0451,1272,0.3443,4.69,0,2023-08-11
p_01942,Pet,s_0044,1439,0.196,4.38,0,2025-06-09
p_01943,Auto,s_0524,7770,0.1107,4.76,0,2021-04-27
p_01944,Beauty,s_0096,732,0.2319,4.46,0,2025-10-01
p_01945,FMCG,s_0154,279,0.115,4.11,1,2024-06-14
p_01946,Sports,s_0617,2390,0.2341,4.59,0,2024-05-11
p_01947,FMCG,s_0461,695,0.1497,4.7,0,2024-04-28
p_01948,Pet,s_0486,2323,0.1692,5.0,0,2021-08-17
p_01949,Pet,s_0021,1243,0.2212,4.69,0,2022-12-23
p_01950,Sports,s_0348,2104,0.1678,4.02,0,2022-04-08
p_01951,Auto,s_0511,2823,0.0989,3.9,0,2025-06-12
p_01952,Electronics,s_0619,3540,0.1412,4.49,0,2022-03-11
p_01953,Sports,s_0178,584,0.1829,4.14,1,2022-10-19
p_01954,Beauty,s_0599,577,0.2523,4.77,0,2022-05-24
p_01955,Sports,s_0634,1588,0.2151,4.06,0,2025-02-20
p_01956,Fashion,s_0174,2384,0.2182,4.22,0,2022-12-21
p_01957,Fashion,s_0209,2208,0.2099,4.05,1,2024-04-04
p_01958,Home,s_0609,4113,0.2501,4.24,0,2021-01-13
p_01959,Auto,s_0521,2226,0.2235,4.78,0,2024-10-23
p_01960,Sports,s_0070,2234,0.1587,4.66,0,2025-07-21
p_01961,Pet,s_0195,757,0.2571,4.06,0,2024-03-27
p_01962,FMCG,s_0202,690,0.1846,4.68,0,2022-09-30
p_01963,FMCG,s_0504,502,0.1866,3.59,0,2022-06-20
p_01964,Fashion,s_0063,2138,0.2325,4.7,0,2026-02-07
p_01965,Auto,s_0132,878,0.1897,4.1,0,2023-12-30
p_01966,Electronics,s_0499,4474,0.0727,5.0,0,2024-06-27
p_01967,Home,s_0104,1972,0.1604,4.28,0,2022-02-25
p_01968,Electronics,s_0525,4075,0.1298,4.97,0,2022-05-03
p_01969,FMCG,s_0430,520,0.124,4.75,0,2021-12-09
p_01970,Books,s_0126,284,0.1456,4.75,0,2024-09-16
p_01971,Books,s_0377,264,0.2268,4.15,0,2024-06-16
p_01972,Sports,s_0572,1332,0.1785,3.97,0,2026-03-04
p_01973,Auto,s_0123,941,0.2561,4.08,1,2024-06-27
p_01974,Electronics,s_0139,3583,0.0899,4.79,0,2022-12-20
p_01975,Electronics,s_0598,5079,0.1749,4.68,0,2025-05-12
p_01976,Sports,s_0609,1005,0.2348,4.76,0,2021-05-20
p_01977,Beauty,s_0614,1242,0.2662,4.09,0,2022-01-09
p_01978,Home,s_0109,1621,0.237,4.33,0,2023-02-17
p_01979,Home,s_0300,1088,0.2261,4.82,0,2025-11-23
p_01980,Electronics,s_0501,1514,0.1583,4.04,0,2023-06-18
p_01981,Books,s_0024,714,0.2356,4.24,0,2025-06-14
p_01982,Electronics,s_0682,4332,0.1444,4.9,0,2022-02-04
p_01983,FMCG,s_0413,734,0.1714,5.0,0,2023-07-26
p_01984,Auto,s_0483,4352,0.2282,4.0,0,2025-01-10
p_01985,Pet,s_0349,719,0.1448,4.59,0,2021-07-21
p_01986,FMCG,s_0322,408,0.1637,4.25,0,2024-01-17
p_01987,Kids,s_0267,1305,0.1831,3.85,0,2023-05-18
p_01988,FMCG,s_0558,403,0.1274,4.25,0,2023-12-03
p_01989,Electronics,s_0322,3064,0.0538,4.66,0,2024-01-30
p_01990,Fashion,s_0058,1304,0.2087,4.13,0,2025-07-08
p_01991,Beauty,s_0434,552,0.2902,4.5,0,2021-11-09
p_01992,Books,s_0405,155,0.1053,4.57,0,2021-04-28
p_01993,Fashion,s_0236,2045,0.3108,4.13,0,2025-07-31
p_01994,Home,s_0338,2100,0.2151,4.83,0,2023-04-15
p_01995,Kids,s_0099,1162,0.2284,4.86,0,2023-01-28
p_01996,Electronics,s_0405,1413,0.0692,3.89,0,2025-01-03
p_01997,Home,s_0511,494,0.2222,5.0,0,2025-05-17
p_01998,FMCG,s_0425,900,0.0853,4.36,0,2024-07-06
p_01999,FMCG,s_0531,119,0.1995,4.06,0,2025-06-08
p_02000,Fashion,s_0151,819,0.1787,4.2,0,2023-12-02
p_02001,Electronics,s_0325,5461,0.204,4.2,0,2022-04-18
p_02002,Pet,s_0596,466,0.2016,4.14,0,2022-08-16
p_02003,Kids,s_0475,1673,0.2507,5.0,0,2024-12-10
p_02004,Fashion,s_0201,1907,0.1848,4.43,0,2025-04-15
p_02005,Home,s_0261,988,0.2014,4.74,0,2024-09-21
p_02006,Home,s_0562,877,0.1956,4.04,0,2021-12-17
p_02007,Kids,s_0094,1160,0.2279,4.41,1,2024-01-11
p_02008,Fashion,s_0142,3305,0.2363,4.71,0,2022-05-22
p_02009,Fashion,s_0273,1144,0.1327,4.19,0,2024-07-22
p_02010,Beauty,s_0122,742,0.2547,4.42,0,2023-11-30
p_02011,Home,s_0467,1882,0.2045,5.0,0,2023-12-03
p_02012,Auto,s_0698,3890,0.2405,4.3,0,2021-08-18
p_02013,Home,s_0165,1805,0.2038,4.33,0,2022-08-01
p_02014,Electronics,s_0386,3055,0.0737,4.5,0,2021-12-20
p_02015,Electronics,s_0272,3835,0.1773,4.83,0,2021-07-05
p_02016,Fashion,s_0230,1429,0.297,4.38,0,2023-03-28
p_02017,Pet,s_0417,411,0.1882,4.99,0,2024-04-08
p_02018,Electronics,s_0406,4162,0.0756,4.54,0,2023-12-30
p_02019,Pet,s_0156,1459,0.2465,5.0,0,2023-11-10
p_02020,Pet,s_0530,462,0.239,4.92,0,2022-02-16
p_02021,Sports,s_0175,921,0.2014,4.18,0,2022-01-30
p_02022,Sports,s_0587,1839,0.2348,5.0,0,2024-10-24
p_02023,Beauty,s_0026,2556,0.2545,4.65,0,2021-12-17
p_02024,Kids,s_0675,1200,0.2199,4.51,0,2021-04-21
p_02025,FMCG,s_0627,372,0.0925,4.54,0,2023-05-05
p_02026,Home,s_0179,2488,0.1572,4.51,0,2022-01-03
p_02027,Beauty,s_0016,461,0.2843,4.8,1,2025-07-27
p_02028,FMCG,s_0541,220,0.1925,4.38,0,2023-01-23
p_02029,Auto,s_0138,3201,0.157,4.16,0,2023-10-29
p_02030,Sports,s_0318,964,0.3097,4.77,0,2024-03-27
p_02031,Electronics,s_0159,7866,0.0582,5.0,0,2021-11-12
p_02032,FMCG,s_0647,867,0.2193,3.85,0,2025-07-23
p_02033,Electronics,s_0159,820,0.1311,4.27,0,2024-08-09
p_02034,Auto,s_0028,6736,0.184,4.28,0,2024-06-20
p_02035,Kids,s_0302,701,0.2783,4.37,0,2022-12-20
p_02036,Electronics,s_0140,3942,0.1572,3.74,0,2025-03-30
p_02037,Sports,s_0414,908,0.1984,4.57,0,2022-11-19
p_02038,FMCG,s_0168,123,0.1572,4.06,0,2022-08-21
p_02039,Beauty,s_0535,168,0.1846,4.27,0,2024-01-23
p_02040,Fashion,s_0230,2723,0.2224,4.28,0,2022-12-19
p_02041,FMCG,s_0479,1046,0.1218,5.0,0,2026-03-10
p_02042,Home,s_0026,1321,0.196,3.9,0,2025-11-02
p_02043,Fashion,s_0700,1980,0.21,4.56,0,2022-06-11
p_02044,Kids,s_0609,1363,0.2297,4.28,0,2026-02-03
p_02045,Home,s_0649,1636,0.1488,4.36,0,2022-07-15
p_02046,FMCG,s_0374,504,0.0596,5.0,0,2023-03-20
p_02047,Sports,s_0046,1557,0.2388,4.04,0,2025-09-29
p_02048,Electronics,s_0392,3717,0.15,4.22,0,2026-02-04
p_02049,Beauty,s_0062,578,0.3313,4.29,0,2023-10-07
p_02050,FMCG,s_0663,340,0.1564,4.13,0,2024-06-03
p_02051,Home,s_0123,1693,0.28,4.62,1,2024-03-12
p_02052,FMCG,s_0556,297,0.1285,4.29,1,2021-04-15
p_02053,Pet,s_0534,1019,0.1037,3.38,0,2021-07-17
p_02054,Books,s_0603,146,0.1602,4.38,0,2023-06-27
p_02055,FMCG,s_0687,395,0.04,4.59,0,2023-12-09
p_02056,Fashion,s_0569,683,0.1988,4.5,0,2021-06-21
p_02057,FMCG,s_0461,199,0.1647,4.52,0,2026-02-24
p_02058,Books,s_0012,240,0.1581,3.76,0,2024-10-02
p_02059,Kids,s_0306,2629,0.1615,4.33,0,2025-10-24
p_02060,Sports,s_0126,1704,0.2057,4.9,1,2022-08-09
p_02061,Sports,s_0321,523,0.1581,4.24,0,2023-07-14
p_02062,Kids,s_0124,786,0.2516,4.11,0,2021-06-17
p_02063,Sports,s_0474,1695,0.2183,4.35,0,2022-01-22
p_02064,Electronics,s_0549,2303,0.091,4.53,0,2024-09-15
p_02065,Sports,s_0056,2942,0.1116,4.33,1,2023-02-07
p_02066,Sports,s_0108,592,0.1487,4.29,1,2021-11-20
p_02067,Pet,s_0239,1035,0.2149,4.51,0,2025-06-07
p_02068,Pet,s_0237,363,0.1921,3.94,1,2021-05-18
p_02069,Fashion,s_0641,1260,0.2382,4.53,0,2025-06-25
p_02070,Home,s_0147,2686,0.1981,4.62,0,2021-08-05
p_02071,Books,s_0352,147,0.2566,4.2,0,2024-05-06
p_02072,Beauty,s_0183,1168,0.2831,4.71,0,2025-03-12
p_02073,Beauty,s_0394,1784,0.3191,3.75,0,2021-05-26
p_02074,Auto,s_0606,4080,0.1889,4.08,0,2021-08-03
p_02075,Beauty,s_0374,1116,0.3194,4.7,0,2024-01-16
p_02076,Fashion,s_0448,2236,0.3203,4.06,0,2022-01-21
p_02077,Sports,s_0200,626,0.238,4.78,0,2024-07-31
p_02078,Beauty,s_0661,869,0.2785,4.37,0,2025-07-27
p_02079,Pet,s_0482,786,0.1426,4.16,0,2026-02-18
p_02080,FMCG,s_0539,203,0.1401,5.0,0,2022-05-26
p_02081,Auto,s_0144,3918,0.1305,4.76,0,2021-07-25
p_02082,Home,s_0480,1197,0.1993,4.96,0,2023-11-13
p_02083,Beauty,s_0406,607,0.3359,4.63,0,2021-01-17
p_02084,Fashion,s_0034,2266,0.2681,4.47,0,2023-08-19
p_02085,Fashion,s_0659,3776,0.2172,4.44,1,2023-06-09
p_02086,Beauty,s_0524,423,0.296,4.16,0,2023-04-26
p_02087,Fashion,s_0137,325,0.2485,4.45,0,2025-03-17
p_02088,Books,s_0098,379,0.2039,4.17,0,2026-01-06
p_02089,Auto,s_0603,2581,0.1707,4.48,0,2023-05-10
p_02090,Home,s_0413,1917,0.0637,3.97,0,2025-07-12
p_02091,Electronics,s_0644,6956,0.157,4.31,0,2024-03-19
p_02092,Fashion,s_0112,606,0.2557,4.25,0,2023-10-04
p_02093,Sports,s_0180,556,0.2186,4.21,0,2023-08-14
p_02094,Fashion,s_0097,3910,0.2988,4.33,0,2025-05-21
p_02095,Fashion,s_0195,1461,0.1103,4.99,0,2021-04-09
p_02096,Fashion,s_0542,1895,0.2673,4.16,0,2023-11-17
p_02097,FMCG,s_0354,385,0.1809,4.05,0,2026-01-16
p_02098,Beauty,s_0412,1750,0.2348,4.17,0,2021-11-08
p_02099,FMCG,s_0063,800,0.1743,4.93,0,2024-05-26
p_02100,Electronics,s_0467,6972,0.1858,5.0,0,2023-04-17
p_02101,Fashion,s_0043,1717,0.2699,4.37,0,2025-03-08
p_02102,Books,s_0021,395,0.1741,4.9,0,2022-03-18
p_02103,Books,s_0171,160,0.1159,4.8,0,2026-01-25
p_02104,Beauty,s_0132,1397,0.2955,5.0,0,2024-12-19
p_02105,Electronics,s_0219,4810,0.0961,4.95,0,2025-06-04
p_02106,Home,s_0557,1992,0.1695,4.49,0,2021-12-08
p_02107,Books,s_0415,255,0.1349,4.27,0,2024-10-07
p_02108,Kids,s_0594,2136,0.1947,4.68,0,2023-08-22
p_02109,Books,s_0403,194,0.2107,4.74,0,2025-10-19
p_02110,Home,s_0616,1669,0.2201,4.22,0,2022-04-07
p_02111,Home,s_0343,1306,0.1097,4.61,0,2021-05-16
p_02112,FMCG,s_0210,495,0.1552,5.0,0,2023-06-18
p_02113,Sports,s_0267,1769,0.1237,4.81,0,2025-09-19
p_02114,Fashion,s_0227,1055,0.297,5.0,1,2025-09-23
p_02115,Pet,s_0130,604,0.1885,4.59,0,2021-08-10
p_02116,Electronics,s_0503,2729,0.1519,4.51,0,2024-07-16
p_02117,Sports,s_0303,1050,0.2164,4.64,0,2021-10-24
p_02118,Home,s_0405,2281,0.1354,3.9,0,2025-01-24
p_02119,Pet,s_0327,734,0.1403,4.66,0,2025-02-01
p_02120,Beauty,s_0329,506,0.2381,4.33,0,2025-04-04
p_02121,Beauty,s_0035,1112,0.2336,5.0,0,2022-12-14
p_02122,Electronics,s_0068,5019,0.0853,4.05,0,2024-11-11
p_02123,Electronics,s_0207,10862,0.1183,4.36,0,2022-06-24
p_02124,Sports,s_0371,3240,0.2231,4.39,0,2021-06-23
p_02125,Pet,s_0123,941,0.2011,5.0,0,2025-01-25
p_02126,Home,s_0054,3091,0.138,4.03,0,2021-04-19
p_02127,Home,s_0055,3661,0.1922,4.16,0,2025-06-21
p_02128,Fashion,s_0447,704,0.2781,4.21,0,2024-11-14
p_02129,Fashion,s_0199,706,0.1906,4.47,0,2023-11-17
p_02130,Kids,s_0497,1089,0.1772,4.57,0,2024-11-28
p_02131,Kids,s_0073,1076,0.1991,5.0,0,2021-12-03
p_02132,Pet,s_0486,459,0.2066,4.52,0,2022-11-11
p_02133,Kids,s_0075,1754,0.205,4.32,0,2024-04-18
p_02134,Pet,s_0661,713,0.2135,4.13,0,2021-04-20
p_02135,Electronics,s_0127,2475,0.1621,4.08,0,2024-08-25
p_02136,Electronics,s_0174,6825,0.1297,5.0,0,2024-04-06
p_02137,Auto,s_0277,2965,0.1999,4.17,0,2022-08-30
p_02138,Sports,s_0232,1715,0.2957,3.93,0,2025-01-19
p_02139,Sports,s_0242,1377,0.219,4.65,0,2022-08-31
p_02140,Fashion,s_0646,1580,0.2881,4.32,0,2024-10-10
p_02141,Beauty,s_0375,812,0.2359,4.8,0,2023-07-22
p_02142,Fashion,s_0075,2706,0.1987,4.16,0,2023-08-23
p_02143,Pet,s_0428,382,0.1913,4.07,0,2025-11-22
p_02144,Beauty,s_0347,788,0.2883,4.46,0,2021-10-12
p_02145,Auto,s_0568,1513,0.204,5.0,0,2023-07-21
p_02146,Home,s_0376,969,0.2046,4.54,0,2024-05-07
p_02147,Electronics,s_0037,8436,0.1512,3.93,0,2022-12-20
p_02148,Beauty,s_0609,817,0.2407,4.25,0,2023-11-12
p_02149,FMCG,s_0570,177,0.1771,4.27,0,2026-01-30
p_02150,Pet,s_0672,550,0.199,5.0,0,2021-11-28
p_02151,Pet,s_0417,389,0.1319,4.1,0,2023-10-18
p_02152,Sports,s_0559,854,0.2278,4.32,0,2021-03-16
p_02153,FMCG,s_0017,473,0.1602,4.71,0,2025-02-21
p_02154,Home,s_0108,3151,0.2237,4.47,0,2021-02-09
p_02155,FMCG,s_0333,375,0.1225,4.87,0,2022-11-30
p_02156,Beauty,s_0260,630,0.3325,4.33,0,2024-04-16
p_02157,Electronics,s_0223,4292,0.1698,3.75,0,2024-11-29
p_02158,Books,s_0111,444,0.155,4.61,0,2022-02-20
p_02159,Home,s_0397,854,0.1713,4.8,0,2021-07-26
p_02160,Electronics,s_0079,6016,0.04,4.12,0,2023-03-20
p_02161,Sports,s_0043,437,0.2664,4.55,0,2022-06-06
p_02162,Books,s_0200,295,0.1973,4.21,0,2025-04-11
p_02163,Pet,s_0643,794,0.1706,4.73,0,2023-06-26
p_02164,FMCG,s_0026,1428,0.1426,4.55,0,2021-05-18
p_02165,FMCG,s_0149,393,0.111,4.73,0,2021-06-29
p_02166,Beauty,s_0182,1149,0.2924,4.47,0,2025-12-11
p_02167,Fashion,s_0360,743,0.1326,4.11,1,2023-09-23
p_02168,Electronics,s_0002,3188,0.1548,3.85,0,2021-12-17
p_02169,Auto,s_0161,3729,0.1484,4.81,0,2021-08-25
p_02170,Auto,s_0112,3205,0.2251,4.78,0,2022-01-22
p_02171,Fashion,s_0363,1666,0.2637,4.19,0,2023-01-18
p_02172,Home,s_0163,4420,0.2066,4.17,0,2025-02-19
p_02173,Books,s_0002,133,0.2283,4.36,0,2025-09-30
p_02174,Fashion,s_0377,1285,0.203,4.75,0,2026-03-09
p_02175,Fashion,s_0121,1828,0.1688,4.23,0,2021-04-12
p_02176,Beauty,s_0087,889,0.274,4.82,0,2022-08-03
p_02177,FMCG,s_0279,375,0.0912,4.19,0,2024-04-15
p_02178,FMCG,s_0545,330,0.1573,3.93,0,2023-02-28
p_02179,Pet,s_0141,1422,0.1844,4.37,0,2024-08-05
p_02180,Fashion,s_0616,420,0.2791,4.37,0,2025-01-21
p_02181,Pet,s_0668,483,0.196,4.62,0,2024-03-17
p_02182,FMCG,s_0257,212,0.1179,4.62,0,2021-10-08
p_02183,Books,s_0120,304,0.1611,4.22,1,2024-02-01
p_02184,Books,s_0523,367,0.1259,4.81,0,2024-09-21
p_02185,Beauty,s_0217,1027,0.3192,3.84,0,2021-06-30
p_02186,Kids,s_0296,1557,0.2979,4.25,0,2024-04-29
p_02187,FMCG,s_0119,185,0.0659,4.09,0,2021-10-11
p_02188,Home,s_0582,1059,0.2,4.29,0,2025-05-31
p_02189,Beauty,s_0019,1973,0.2523,3.63,0,2024-04-11
p_02190,Home,s_0542,2391,0.2185,4.66,1,2023-11-20
p_02191,Home,s_0137,891,0.182,4.74,0,2022-04-23
p_02192,Fashion,s_0220,1029,0.3482,4.55,0,2024-02-14
p_02193,Beauty,s_0522,549,0.2742,4.58,0,2023-02-25
p_02194,FMCG,s_0413,386,0.11,4.3,0,2026-01-17
p_02195,Home,s_0652,988,0.1384,4.28,0,2024-12-15
p_02196,Pet,s_0068,1138,0.0923,4.17,1,2021-08-07
p_02197,Books,s_0233,169,0.1297,3.85,0,2021-07-30
p_02198,Home,s_0384,2730,0.1302,4.37,0,2022-09-13
p_02199,Pet,s_0136,1388,0.2076,4.04,0,2021-07-06
p_02200,Kids,s_0117,1916,0.1943,4.18,0,2022-10-31
p_02201,Home,s_0134,2038,0.2744,4.62,0,2025-05-19
p_02202,Home,s_0190,1011,0.1862,4.4,0,2025-10-15
p_02203,Beauty,s_0180,358,0.2321,5.0,0,2025-08-06
p_02204,Sports,s_0222,1326,0.1493,4.21,0,2023-08-28
p_02205,Home,s_0535,1836,0.2387,4.48,0,2023-10-23
p_02206,Sports,s_0681,857,0.3445,4.61,0,2021-05-05
p_02207,Electronics,s_0387,8992,0.1221,4.77,0,2021-11-07
p_02208,Books,s_0210,325,0.1952,3.78,0,2024-06-28
p_02209,Beauty,s_0501,478,0.2744,4.29,0,2023-02-01
p_02210,Beauty,s_0546,1550,0.2799,4.54,0,2025-07-10
p_02211,Auto,s_0476,2221,0.1892,4.25,0,2021-03-26
p_02212,Beauty,s_0498,429,0.2525,4.58,0,2021-10-02
p_02213,FMCG,s_0406,736,0.1242,4.56,1,2024-01-13
p_02214,Home,s_0048,1775,0.1641,4.5,0,2025-06-21
p_02215,Sports,s_0297,727,0.1849,3.94,0,2024-05-09
p_02216,Home,s_0013,2975,0.2085,4.77,0,2023-03-08
p_02217,Kids,s_0369,830,0.1855,4.66,0,2024-02-04
p_02218,Home,s_0313,1280,0.1485,4.55,0,2023-01-03
p_02219,Kids,s_0176,427,0.2523,4.66,0,2023-06-04
p_02220,Auto,s_0294,1816,0.1609,4.1,0,2024-05-16
p_02221,FMCG,s_0397,206,0.1594,4.28,0,2023-01-25
p_02222,Fashion,s_0533,2296,0.2458,4.89,0,2023-10-02
p_02223,Electronics,s_0333,1961,0.186,4.23,0,2023-11-11
p_02224,Beauty,s_0294,644,0.3342,4.47,0,2021-02-06
p_02225,Electronics,s_0696,1793,0.0893,4.36,0,2025-10-09
p_02226,Beauty,s_0156,1059,0.2543,4.15,0,2022-05-27
p_02227,Home,s_0263,1145,0.2067,4.64,1,2022-12-06
p_02228,Books,s_0144,475,0.1088,4.72,0,2025-05-08
p_02229,Fashion,s_0458,1215,0.2284,4.59,0,2022-10-31
p_02230,FMCG,s_0441,1981,0.1523,4.71,0,2023-09-24
p_02231,Home,s_0276,1446,0.1453,4.11,0,2024-01-03
p_02232,Beauty,s_0073,483,0.258,4.58,0,2021-05-06
p_02233,Beauty,s_0651,1869,0.2696,3.98,0,2025-02-20
p_02234,Beauty,s_0161,325,0.2572,4.81,0,2023-01-15
p_02235,Fashion,s_0629,3008,0.1704,3.97,0,2025-10-12
p_02236,Beauty,s_0644,227,0.2798,4.39,0,2021-08-22
p_02237,Auto,s_0502,1502,0.1895,5.0,0,2022-11-03
p_02238,Beauty,s_0318,1308,0.2597,4.14,0,2025-07-15
p_02239,Beauty,s_0262,687,0.285,4.54,1,2022-03-28
p_02240,Beauty,s_0648,2302,0.2616,3.95,0,2022-10-19
p_02241,Electronics,s_0456,4283,0.1195,5.0,0,2023-04-18
p_02242,Beauty,s_0414,740,0.2854,4.51,0,2022-03-17
p_02243,Auto,s_0411,1976,0.1872,4.45,0,2023-07-19
p_02244,Beauty,s_0041,981,0.2526,4.41,0,2023-03-09
p_02245,Kids,s_0283,1904,0.2602,4.4,1,2021-02-02
p_02246,Electronics,s_0479,1888,0.1496,4.76,0,2021-05-11
p_02247,FMCG,s_0091,263,0.1794,4.74,0,2023-05-04
p_02248,Home,s_0230,2203,0.2424,4.94,0,2025-04-17
p_02249,Electronics,s_0628,1805,0.1153,4.66,0,2023-08-27
p_02250,Kids,s_0234,890,0.1977,4.76,0,2024-11-07
p_02251,Fashion,s_0401,1198,0.1945,3.9,0,2021-09-16
p_02252,FMCG,s_0053,503,0.1548,5.0,0,2026-01-06
p_02253,Fashion,s_0678,1765,0.2307,4.28,0,2025-05-07
p_02254,Kids,s_0371,1482,0.1902,4.05,0,2024-02-01
p_02255,Sports,s_0349,1120,0.2629,4.66,0,2023-06-24
p_02256,Home,s_0022,698,0.2771,5.0,0,2022-03-11
p_02257,Pet,s_0292,3650,0.207,4.62,0,2025-09-29
p_02258,Beauty,s_0589,577,0.2562,4.41,0,2023-01-16
p_02259,Books,s_0404,241,0.1811,4.13,0,2022-01-11
p_02260,Home,s_0374,1119,0.2392,4.08,0,2021-12-05
p_02261,Fashion,s_0465,719,0.2807,4.25,0,2022-04-11
p_02262,Auto,s_0012,2326,0.1288,4.52,0,2025-07-19
p_02263,Fashion,s_0585,2313,0.2701,4.39,0,2025-06-16
p_02264,Fashion,s_0423,678,0.1829,4.52,0,2025-03-11
p_02265,Fashion,s_0050,2968,0.2175,4.73,0,2021-04-11
p_02266,Beauty,s_0346,1532,0.2778,4.87,0,2025-05-22
p_02267,Home,s_0438,2417,0.1448,4.78,1,2021-12-08
p_02268,FMCG,s_0272,571,0.1947,4.15,1,2021-08-20
p_02269,Home,s_0226,1054,0.1914,3.9,0,2023-07-07
p_02270,Beauty,s_0234,361,0.3023,4.47,0,2021-03-08
p_02271,Home,s_0209,2139,0.1976,4.56,0,2023-05-21
p_02272,Pet,s_0522,713,0.2418,4.53,0,2024-01-30
p_02273,Beauty,s_0477,738,0.3013,3.99,0,2024-05-28
p_02274,FMCG,s_0690,709,0.04,4.28,0,2022-09-17
p_02275,Fashion,s_0617,1366,0.2143,4.63,0,2025-03-16
p_02276,Beauty,s_0171,881,0.276,5.0,0,2023-03-29
p_02277,Fashion,s_0399,1030,0.1755,4.81,0,2024-05-03
p_02278,FMCG,s_0557,709,0.1762,4.62,0,2024-11-12
p_02279,Fashion,s_0496,1274,0.1985,4.74,0,2021-11-04
p_02280,Kids,s_0476,948,0.1592,4.05,0,2024-01-02
p_02281,Sports,s_0112,1330,0.2765,4.98,0,2022-02-24
p_02282,Electronics,s_0011,3263,0.1214,4.05,0,2021-12-11
p_02283,Fashion,s_0639,1604,0.2424,4.6,0,2022-03-16
p_02284,FMCG,s_0615,701,0.1419,4.6,0,2025-08-11
p_02285,Fashion,s_0411,910,0.2624,4.21,0,2026-02-08
p_02286,Auto,s_0289,810,0.1757,4.6,0,2022-05-10
p_02287,Pet,s_0261,1237,0.2304,4.09,0,2025-12-02
p_02288,Home,s_0294,988,0.245,4.52,0,2025-01-07
p_02289,Electronics,s_0410,2297,0.139,4.8,0,2022-11-02
p_02290,Electronics,s_0613,2733,0.0811,4.74,0,2021-02-08
p_02291,Fashion,s_0313,1072,0.2267,5.0,0,2025-10-24
p_02292,Pet,s_0046,1226,0.2115,4.58,0,2021-04-08
p_02293,Sports,s_0250,2530,0.2042,4.46,0,2023-10-04
p_02294,FMCG,s_0471,949,0.1364,4.08,0,2024-01-03
p_02295,Electronics,s_0183,4754,0.04,4.86,0,2024-11-11
p_02296,Home,s_0028,3829,0.1861,4.28,0,2025-05-13
p_02297,Home,s_0321,2405,0.2115,5.0,0,2024-11-30
p_02298,Beauty,s_0428,959,0.2488,4.61,0,2024-10-02
p_02299,Home,s_0553,3011,0.2497,4.05,0,2025-07-28
p_02300,Fashion,s_0251,1607,0.2847,5.0,0,2023-05-20
p_02301,Fashion,s_0131,538,0.2711,4.55,0,2024-01-10
p_02302,Beauty,s_0431,693,0.2961,4.9,0,2024-03-19
p_02303,Electronics,s_0399,4611,0.0445,4.39,0,2024-01-30
p_02304,Sports,s_0695,1738,0.2581,5.0,0,2023-06-01
p_02305,Home,s_0005,1587,0.1648,4.29,0,2023-02-10
p_02306,FMCG,s_0489,345,0.127,4.91,1,2024-05-06
p_02307,Auto,s_0348,2972,0.1376,4.73,0,2023-03-27
p_02308,Electronics,s_0399,1073,0.0928,4.59,0,2021-01-17
p_02309,FMCG,s_0516,509,0.1719,4.52,0,2022-05-06
p_02310,Pet,s_0607,1476,0.1573,4.74,0,2022-11-28
p_02311,Pet,s_0391,482,0.2684,3.96,1,2021-02-12
p_02312,Fashion,s_0363,567,0.2314,4.28,0,2023-05-22
p_02313,Beauty,s_0082,558,0.3595,5.0,1,2023-04-12
p_02314,Kids,s_0419,2309,0.2312,4.44,0,2022-08-29
p_02315,Beauty,s_0310,918,0.3305,4.15,0,2024-10-12
p_02316,Electronics,s_0560,3003,0.1281,4.92,0,2022-10-09
p_02317,Auto,s_0060,912,0.0687,4.16,0,2025-12-21
p_02318,FMCG,s_0512,263,0.127,4.26,0,2022-12-23
p_02319,Fashion,s_0576,956,0.2015,4.63,0,2024-12-13
p_02320,Auto,s_0537,1192,0.2052,4.54,0,2021-07-31
p_02321,Beauty,s_0180,899,0.2859,4.0,0,2024-07-02
p_02322,Auto,s_0046,1226,0.1554,4.43,0,2026-01-10
p_02323,Electronics,s_0678,1366,0.0464,4.31,0,2023-11-14
p_02324,Fashion,s_0255,679,0.1891,4.39,0,2021-08-18
p_02325,Home,s_0587,2555,0.1047,4.83,0,2022-01-25
p_02326,Kids,s_0442,808,0.192,4.69,0,2025-06-25
p_02327,Home,s_0176,3497,0.2166,4.66,0,2024-07-06
p_02328,Electronics,s_0186,10785,0.126,4.56,0,2024-07-27
p_02329,Electronics,s_0035,7555,0.1065,4.22,0,2021-04-22
p_02330,Sports,s_0595,1379,0.2335,4.16,0,2024-11-07
p_02331,Books,s_0642,292,0.1355,5.0,0,2021-04-10
p_02332,Books,s_0546,200,0.3035,4.19,0,2024-04-21
p_02333,Kids,s_0453,2114,0.174,4.89,0,2025-09-16
p_02334,Home,s_0420,2363,0.1247,4.29,0,2021-03-06
p_02335,Kids,s_0588,695,0.1488,4.77,0,2024-03-26
p_02336,Home,s_0341,760,0.2038,4.57,0,2025-10-28
p_02337,Auto,s_0255,2580,0.0728,4.22,0,2025-04-18
p_02338,Sports,s_0632,2038,0.2199,4.3,0,2025-08-21
p_02339,Kids,s_0510,1355,0.1102,4.59,1,2024-10-26
p_02340,Sports,s_0091,2133,0.128,4.31,0,2024-10-30
p_02341,Kids,s_0116,500,0.1473,4.49,0,2022-01-13
p_02342,Fashion,s_0007,894,0.2607,4.48,0,2022-12-19
p_02343,Books,s_0027,308,0.1464,3.68,0,2026-03-08
p_02344,Auto,s_0583,2495,0.152,4.66,0,2024-07-22
p_02345,Home,s_0531,1527,0.1988,4.56,0,2024-10-17
p_02346,Kids,s_0613,1897,0.2584,4.99,0,2024-02-15
p_02347,Electronics,s_0512,4174,0.0858,3.94,1,2022-01-09
p_02348,Home,s_0418,1302,0.1918,4.69,0,2021-08-02
p_02349,Auto,s_0686,755,0.1559,4.48,0,2024-10-27
p_02350,Sports,s_0023,1085,0.2375,4.69,0,2021-08-28
p_02351,Pet,s_0031,1484,0.1293,4.4,0,2023-03-27
p_02352,Pet,s_0181,837,0.2591,4.28,0,2022-02-20
p_02353,Fashion,s_0522,2202,0.1803,4.59,0,2025-09-06
p_02354,Pet,s_0131,767,0.223,4.74,0,2022-09-19
p_02355,Home,s_0172,2137,0.2147,4.37,1,2022-11-07
p_02356,Beauty,s_0013,1042,0.2661,4.47,0,2022-01-20
p_02357,FMCG,s_0506,226,0.1171,4.13,0,2021-09-18
p_02358,Books,s_0018,403,0.1386,4.26,0,2022-02-27
p_02359,FMCG,s_0090,621,0.1492,4.26,0,2022-05-14
p_02360,Electronics,s_0644,2189,0.1791,4.41,1,2023-10-11
p_02361,Pet,s_0435,1169,0.2428,4.34,0,2021-11-25
p_02362,Pet,s_0632,1378,0.1614,4.74,0,2021-07-27
p_02363,Sports,s_0149,1170,0.2922,4.02,1,2022-11-02
p_02364,Electronics,s_0633,2249,0.1212,4.31,0,2024-02-27
p_02365,Home,s_0534,925,0.1888,4.58,0,2025-01-29
p_02366,Auto,s_0268,2022,0.2525,4.26,0,2025-02-21
p_02367,Sports,s_0320,885,0.2552,4.58,0,2021-10-11
p_02368,Books,s_0191,396,0.1192,4.23,0,2023-01-08
p_02369,Beauty,s_0511,402,0.1724,4.61,0,2021-10-27
p_02370,Fashion,s_0529,1567,0.2637,4.65,1,2022-08-30
p_02371,Fashion,s_0147,933,0.205,5.0,0,2023-08-07
p_02372,Sports,s_0053,2059,0.2399,4.59,0,2022-09-08
p_02373,Fashion,s_0389,1033,0.2755,4.09,0,2023-08-13
p_02374,Beauty,s_0157,404,0.3288,4.42,0,2021-12-30
p_02375,Home,s_0284,2858,0.1781,4.59,0,2023-09-19
p_02376,Auto,s_0273,2653,0.1726,4.45,1,2023-06-14
p_02377,Sports,s_0223,1222,0.1739,4.97,1,2023-01-26
p_02378,Home,s_0065,521,0.1546,3.84,1,2024-06-03
p_02379,Auto,s_0479,1890,0.1584,4.55,0,2024-01-03
p_02380,Sports,s_0450,1521,0.2499,5.0,0,2022-08-19
p_02381,Auto,s_0280,5404,0.1611,4.68,0,2021-02-12
p_02382,Fashion,s_0436,2757,0.2395,4.42,0,2026-03-13
p_02383,Sports,s_0395,688,0.2126,4.4,0,2022-10-15
p_02384,FMCG,s_0278,400,0.1626,4.43,0,2021-10-02
p_02385,Beauty,s_0216,897,0.2341,4.44,0,2022-01-26
p_02386,Home,s_0170,1437,0.1731,4.24,0,2024-03-11
p_02387,Kids,s_0644,1078,0.2725,4.64,0,2022-03-09
p_02388,Kids,s_0213,1104,0.3029,4.57,0,2023-01-27
p_02389,Electronics,s_0116,2140,0.1554,4.13,0,2021-10-14
p_02390,Pet,s_0443,1748,0.1493,4.2,0,2021-12-28
p_02391,Kids,s_0486,931,0.169,4.59,0,2021-10-28
p_02392,FMCG,s_0451,798,0.1323,4.18,0,2024-12-01
p_02393,Home,s_0459,1987,0.232,4.61,0,2022-09-06
p_02394,Home,s_0611,1550,0.2001,4.59,0,2021-09-28
p_02395,Auto,s_0163,1450,0.1313,4.16,0,2021-09-17
p_02396,Kids,s_0087,590,0.2337,4.45,0,2021-10-19
p_02397,FMCG,s_0294,315,0.069,4.96,0,2025-02-23
p_02398,Sports,s_0094,2343,0.218,4.69,1,2022-05-19
p_02399,Electronics,s_0382,4146,0.1326,4.56,1,2024-06-11
p_02400,Electronics,s_0222,8904,0.0851,4.23,0,2024-11-05
p_02401,Books,s_0297,532,0.1259,4.32,0,2022-06-11
p_02402,FMCG,s_0307,277,0.1405,4.57,0,2023-06-22
p_02403,Sports,s_0453,1006,0.2325,4.45,0,2022-07-30
p_02404,FMCG,s_0658,601,0.1515,4.76,0,2022-09-17
p_02405,Electronics,s_0619,5777,0.1373,4.23,0,2023-03-10
p_02406,Kids,s_0674,1567,0.2366,4.93,0,2023-08-26
p_02407,Kids,s_0404,1156,0.1772,4.83,0,2021-05-23
p_02408,Auto,s_0450,2289,0.1139,4.84,0,2021-09-17
p_02409,Beauty,s_0137,627,0.2558,4.15,0,2023-04-12
p_02410,Electronics,s_0657,1508,0.0821,4.36,0,2023-09-25
p_02411,Sports,s_0360,1389,0.2113,4.38,0,2024-11-15
p_02412,Home,s_0177,1169,0.197,4.55,0,2026-02-03
p_02413,Electronics,s_0065,2387,0.1056,4.39,0,2022-01-31
p_02414,Fashion,s_0545,3109,0.2168,4.78,0,2021-04-01
p_02415,Fashion,s_0606,480,0.2743,4.67,0,2021-03-10
p_02416,Beauty,s_0590,1032,0.3533,4.4,0,2026-01-07
p_02417,Home,s_0037,1586,0.1453,4.22,0,2022-12-29
p_02418,Auto,s_0216,2167,0.1609,4.68,0,2021-03-16
p_02419,Sports,s_0222,1211,0.2864,5.0,0,2023-01-06
p_02420,Electronics,s_0173,2163,0.1324,4.56,0,2021-03-04
p_02421,Fashion,s_0075,1139,0.2662,4.19,0,2025-02-25
p_02422,Auto,s_0131,6157,0.1457,4.7,0,2022-09-02
p_02423,Sports,s_0443,1387,0.2044,4.32,0,2025-03-17
p_02424,Fashion,s_0406,514,0.2834,4.13,0,2021-09-18
p_02425,Sports,s_0523,857,0.2388,4.96,1,2022-12-31
p_02426,Sports,s_0427,984,0.3008,4.04,0,2024-07-16
p_02427,Home,s_0605,3435,0.1821,4.88,0,2021-05-14
p_02428,Electronics,s_0161,2283,0.04,4.08,0,2024-11-12
p_02429,Electronics,s_0171,4297,0.1175,4.51,0,2021-10-11
p_02430,Auto,s_0477,2715,0.1442,4.76,0,2022-01-08
p_02431,Books,s_0092,279,0.2693,4.67,0,2025-04-27
p_02432,Kids,s_0226,825,0.2356,4.44,0,2025-05-04
p_02433,FMCG,s_0539,349,0.1096,4.13,0,2022-07-03
p_02434,Auto,s_0194,1896,0.1649,4.64,0,2025-10-17
p_02435,Kids,s_0122,918,0.2212,4.5,1,2025-12-06
p_02436,FMCG,s_0177,315,0.1227,4.9,0,2024-07-19
p_02437,Fashion,s_0579,1297,0.2435,4.4,0,2024-03-20
p_02438,Fashion,s_0280,1442,0.2891,4.26,0,2024-03-05
p_02439,Kids,s_0501,1314,0.2249,4.44,0,2025-07-19
p_02440,Beauty,s_0093,881,0.2721,4.03,0,2023-12-20
p_02441,Kids,s_0381,1497,0.2708,4.51,0,2023-12-20
p_02442,Fashion,s_0681,439,0.2471,4.79,0,2024-07-07
p_02443,Fashion,s_0029,1369,0.2612,4.28,0,2023-02-08
p_02444,Beauty,s_0687,331,0.3709,4.11,0,2023-09-05
p_02445,Beauty,s_0131,2100,0.2632,4.8,0,2024-08-27
p_02446,Beauty,s_0654,1047,0.3308,4.59,1,2024-03-16
p_02447,Electronics,s_0635,3998,0.1045,4.47,0,2023-09-03
p_02448,Fashion,s_0383,3043,0.237,4.7,0,2021-01-10
p_02449,Electronics,s_0154,2652,0.0918,4.27,0,2024-08-06
p_02450,Kids,s_0631,657,0.0965,4.89,0,2024-01-08
p_02451,Electronics,s_0186,2830,0.1391,4.46,0,2025-04-05
p_02452,Sports,s_0058,1000,0.1513,4.1,0,2025-09-07
p_02453,Sports,s_0503,2307,0.2499,4.41,0,2022-11-09
p_02454,Beauty,s_0302,516,0.2647,4.27,0,2024-08-18
p_02455,Electronics,s_0176,1171,0.1247,5.0,0,2023-08-23
p_02456,Beauty,s_0345,639,0.305,4.0,0,2022-07-15
p_02457,Electronics,s_0395,1073,0.1857,4.6,0,2023-06-13
p_02458,Fashion,s_0329,639,0.264,3.41,0,2024-10-20
p_02459,Fashion,s_0508,3536,0.1618,4.33,0,2023-12-20
p_02460,Beauty,s_0583,536,0.2681,4.91,0,2021-10-13
p_02461,Auto,s_0513,5161,0.1795,5.0,0,2023-06-04
p_02462,Home,s_0194,1775,0.164,4.03,0,2023-04-05
p_02463,Auto,s_0481,3472,0.1165,4.68,0,2023-02-08
p_02464,Pet,s_0100,761,0.2343,4.72,0,2025-09-05
p_02465,Auto,s_0500,1277,0.1506,4.57,0,2025-01-13
p_02466,Kids,s_0414,1131,0.111,4.5,0,2021-06-07
p_02467,Home,s_0223,961,0.1892,4.6,0,2022-10-27
p_02468,Fashion,s_0304,1598,0.2236,4.72,0,2025-07-23
p_02469,Home,s_0335,1605,0.1935,4.25,0,2021-01-04
p_02470,Electronics,s_0155,3031,0.1284,4.95,0,2024-06-14
p_02471,Home,s_0441,963,0.0817,4.89,0,2024-09-11
p_02472,Pet,s_0036,454,0.2804,4.48,1,2022-07-09
p_02473,Books,s_0438,111,0.1393,4.37,0,2021-01-03
p_02474,Electronics,s_0265,2635,0.1087,4.19,0,2024-08-20
p_02475,Electronics,s_0323,3092,0.1271,4.71,0,2024-05-05
p_02476,Home,s_0004,1920,0.2158,4.66,0,2025-06-12
p_02477,Electronics,s_0073,8161,0.116,4.26,0,2024-04-08
p_02478,Electronics,s_0080,4056,0.1879,5.0,0,2024-06-22
p_02479,Fashion,s_0300,2163,0.2694,4.05,0,2024-05-13
p_02480,Electronics,s_0384,5475,0.04,3.83,0,2021-11-08
p_02481,Pet,s_0627,902,0.2317,4.81,0,2021-06-12
p_02482,Home,s_0294,2199,0.1079,4.09,0,2022-02-27
p_02483,Kids,s_0421,1065,0.1587,4.7,0,2023-11-15
p_02484,Electronics,s_0034,1442,0.0848,4.49,0,2023-05-12
p_02485,Home,s_0587,1493,0.286,4.03,0,2022-12-28
p_02486,Electronics,s_0441,6199,0.1365,4.38,0,2022-02-18
p_02487,Pet,s_0370,1451,0.1404,4.35,0,2024-02-04
p_02488,Home,s_0650,2139,0.2651,4.9,0,2021-06-22
p_02489,Fashion,s_0546,1752,0.203,4.53,0,2024-12-23
p_02490,Fashion,s_0292,3552,0.2858,4.36,0,2022-07-09
p_02491,Home,s_0338,8518,0.2144,4.86,0,2024-01-01
p_02492,FMCG,s_0048,433,0.1233,4.07,0,2024-03-01
p_02493,Beauty,s_0029,423,0.3663,4.23,0,2024-11-15
p_02494,Electronics,s_0470,5957,0.1389,3.99,0,2021-02-08
p_02495,Books,s_0647,373,0.2269,4.6,1,2022-10-18
p_02496,Sports,s_0275,2240,0.2263,4.47,0,2024-12-24
p_02497,Home,s_0534,1522,0.2012,5.0,1,2021-07-07
p_02498,Pet,s_0332,956,0.1512,4.74,0,2024-08-13
p_02499,Fashion,s_0119,1048,0.2537,4.31,0,2026-01-02
p_02500,Books,s_0292,191,0.0912,4.26,0,2023-08-19
p_02501,Pet,s_0557,434,0.2252,4.53,1,2022-01-10
p_02502,Home,s_0120,2894,0.1886,4.75,0,2024-12-11
p_02503,Electronics,s_0001,7454,0.1404,3.98,0,2025-09-20
p_02504,Home,s_0115,2461,0.1935,4.72,0,2021-09-17
p_02505,Home,s_0213,1478,0.1456,4.41,0,2022-11-27
p_02506,Auto,s_0244,2011,0.109,4.55,1,2023-05-18
p_02507,Books,s_0066,355,0.1118,4.86,0,2021-07-17
p_02508,Auto,s_0382,1902,0.1752,3.7,1,2023-01-09
p_02509,Sports,s_0439,2895,0.2795,4.1,0,2026-03-02
p_02510,Kids,s_0044,1923,0.261,4.54,0,2021-05-05
p_02511,Beauty,s_0265,583,0.3399,4.2,0,2023-03-27
p_02512,Books,s_0699,361,0.1843,4.5,0,2025-10-04
p_02513,Auto,s_0030,2112,0.2205,4.72,0,2022-11-25
p_02514,Auto,s_0568,2164,0.1556,4.48,0,2022-06-27
p_02515,Home,s_0203,593,0.2577,4.94,0,2025-08-04
p_02516,Home,s_0476,9594,0.2536,4.21,0,2021-02-05
p_02517,Fashion,s_0524,2171,0.2773,4.23,0,2021-09-18
p_02518,Beauty,s_0074,385,0.2429,4.04,0,2024-04-19
p_02519,Sports,s_0624,2269,0.2518,4.32,0,2022-07-22
p_02520,Electronics,s_0340,10662,0.1326,4.97,0,2023-09-15
p_02521,Fashion,s_0659,425,0.2592,4.78,0,2022-10-17
p_02522,Beauty,s_0637,502,0.303,5.0,0,2022-11-27
p_02523,Home,s_0432,941,0.1955,4.46,0,2022-10-26
p_02524,Beauty,s_0067,421,0.3108,4.82,1,2021-08-16
p_02525,FMCG,s_0016,582,0.0994,3.94,0,2022-12-24
p_02526,Books,s_0073,391,0.2268,4.97,0,2022-10-16
p_02527,Sports,s_0064,893,0.2112,5.0,0,2021-09-23
p_02528,Home,s_0118,2601,0.1331,4.24,0,2024-05-13
p_02529,Kids,s_0590,713,0.3595,4.54,0,2021-12-24
p_02530,FMCG,s_0346,321,0.1225,4.96,0,2022-08-12
p_02531,Home,s_0293,2024,0.2339,4.99,0,2024-02-23
p_02532,Pet,s_0270,734,0.1897,5.0,0,2023-11-14
p_02533,Electronics,s_0317,3195,0.1404,4.45,0,2026-03-14
p_02534,Kids,s_0388,733,0.2076,4.92,0,2023-05-25
p_02535,FMCG,s_0067,246,0.1339,4.05,0,2023-02-26
p_02536,Kids,s_0376,2240,0.1679,4.4,0,2025-09-23
p_02537,Auto,s_0105,978,0.1121,5.0,0,2021-01-28
p_02538,Home,s_0364,1220,0.1605,3.97,1,2021-10-18
p_02539,Beauty,s_0500,1173,0.2478,5.0,0,2022-10-22
p_02540,Beauty,s_0357,218,0.244,4.38,1,2025-09-26
p_02541,Fashion,s_0686,1428,0.2294,4.62,0,2025-05-29
p_02542,Sports,s_0254,876,0.1601,4.37,0,2023-10-06
p_02543,Kids,s_0634,1164,0.2135,4.24,0,2022-03-10
p_02544,Kids,s_0648,1935,0.1797,5.0,0,2025-07-25
p_02545,FMCG,s_0651,358,0.1582,4.16,0,2021-09-19
p_02546,Kids,s_0138,1776,0.0749,4.22,1,2021-05-20
p_02547,Sports,s_0071,591,0.2331,4.54,0,2025-04-08
p_02548,Pet,s_0051,789,0.2773,4.46,0,2023-05-04
p_02549,Auto,s_0685,699,0.1464,4.8,0,2022-02-16
p_02550,Home,s_0176,4568,0.1505,4.16,0,2025-10-10
p_02551,Pet,s_0360,590,0.1925,4.22,0,2022-10-21
p_02552,Fashion,s_0298,1664,0.1527,4.77,0,2021-06-12
p_02553,Fashion,s_0586,5004,0.2726,4.41,0,2025-05-14
p_02554,Fashion,s_0040,1860,0.3441,4.39,0,2022-03-08
p_02555,Home,s_0643,948,0.1264,4.82,0,2023-04-12
p_02556,Electronics,s_0625,1650,0.1407,4.88,0,2021-08-27
p_02557,Electronics,s_0169,3089,0.0499,4.03,0,2022-04-14
p_02558,Electronics,s_0668,1394,0.0867,4.6,0,2024-10-10
p_02559,Books,s_0068,539,0.1621,4.64,0,2024-10-24
p_02560,FMCG,s_0564,288,0.1324,4.31,0,2021-03-05
p_02561,Auto,s_0657,2117,0.1477,4.68,0,2021-06-26
p_02562,Fashion,s_0517,2034,0.1572,4.86,0,2022-12-25
p_02563,Sports,s_0639,2831,0.1539,4.07,0,2023-12-18
p_02564,Kids,s_0061,402,0.2178,4.18,0,2022-08-02
p_02565,Beauty,s_0291,882,0.3237,4.0,0,2024-04-26
p_02566,Sports,s_0600,987,0.2574,4.04,0,2023-08-31
p_02567,Beauty,s_0619,436,0.2857,5.0,0,2024-01-18
p_02568,Home,s_0340,1350,0.27,4.86,1,2025-11-19
p_02569,Beauty,s_0256,1123,0.3195,4.44,0,2022-05-17
p_02570,Books,s_0078,253,0.0853,4.47,0,2024-10-02
p_02571,Fashion,s_0307,2224,0.2428,3.86,0,2021-12-13
p_02572,Electronics,s_0184,4172,0.1067,4.19,1,2023-07-14
p_02573,Beauty,s_0227,421,0.2691,3.86,0,2024-10-24
p_02574,Electronics,s_0498,5374,0.1114,4.12,0,2021-11-21
p_02575,Kids,s_0642,1100,0.2517,4.15,0,2022-06-08
p_02576,Beauty,s_0236,819,0.2711,4.77,0,2024-11-02
p_02577,Home,s_0221,1233,0.2324,3.92,1,2024-01-21
p_02578,Books,s_0659,574,0.121,4.34,0,2025-03-28
p_02579,Home,s_0392,4057,0.2614,4.56,0,2021-04-13
p_02580,Fashion,s_0662,1123,0.293,4.24,0,2022-02-01
p_02581,Auto,s_0580,3096,0.1529,4.26,0,2024-06-18
p_02582,Auto,s_0456,2904,0.2111,4.14,0,2024-05-20
p_02583,Auto,s_0580,3470,0.1892,4.03,0,2021-11-07
p_02584,Electronics,s_0327,2083,0.1225,4.2,1,2023-02-03
p_02585,Books,s_0099,99,0.1181,3.69,0,2025-10-16
p_02586,Home,s_0428,602,0.1801,4.53,0,2022-11-09
p_02587,Books,s_0538,289,0.2173,4.4,0,2023-01-19
p_02588,Books,s_0335,912,0.1608,4.93,0,2024-02-04
p_02589,Pet,s_0296,1796,0.0969,4.55,0,2021-06-21
p_02590,Fashion,s_0145,1861,0.2403,4.67,0,2024-09-16
p_02591,Sports,s_0276,1005,0.2656,3.88,1,2021-03-22
p_02592,Beauty,s_0473,1677,0.2767,4.03,0,2021-04-05
p_02593,Auto,s_0311,1438,0.1396,4.06,0,2022-06-28
p_02594,Fashion,s_0272,2481,0.2348,4.49,0,2022-10-14
p_02595,Home,s_0521,1469,0.1785,4.12,0,2021-07-21
p_02596,Fashion,s_0012,668,0.2178,4.73,0,2022-02-02
p_02597,Home,s_0342,2665,0.2315,4.11,0,2024-08-03
p_02598,Books,s_0597,484,0.1279,4.35,0,2024-08-04
p_02599,Books,s_0274,515,0.0957,4.47,0,2023-01-07
p_02600,Fashion,s_0621,576,0.26,4.76,0,2024-03-22
p_02601,Auto,s_0514,2379,0.1284,4.63,0,2023-04-23
p_02602,Fashion,s_0047,3827,0.2772,4.13,0,2023-04-29
p_02603,Sports,s_0388,1586,0.2018,4.06,1,2026-02-28
p_02604,Kids,s_0379,1566,0.1893,3.91,0,2023-04-02
p_02605,Home,s_0375,1470,0.1984,4.58,1,2022-05-30
p_02606,Electronics,s_0535,4419,0.0879,4.51,0,2022-08-17
p_02607,Beauty,s_0363,682,0.3556,4.66,0,2023-04-04
p_02608,Fashion,s_0448,673,0.3076,3.62,0,2021-11-02
p_02609,Beauty,s_0142,317,0.262,4.87,0,2022-03-09
p_02610,Sports,s_0336,1748,0.2352,4.21,0,2022-07-30
p_02611,Sports,s_0186,2115,0.2325,4.27,0,2022-09-27
p_02612,Electronics,s_0547,2098,0.1054,4.36,0,2024-06-27
p_02613,Fashion,s_0279,306,0.2319,4.53,0,2023-07-20
p_02614,Electronics,s_0331,2856,0.1579,4.54,0,2021-02-15
p_02615,Auto,s_0446,2000,0.2415,4.42,0,2024-02-13
p_02616,Home,s_0078,1800,0.1812,4.28,0,2025-12-20
p_02617,Auto,s_0534,3292,0.1992,4.26,0,2022-07-06
p_02618,Sports,s_0432,670,0.2636,4.15,0,2022-06-21
p_02619,Books,s_0220,294,0.2032,4.23,1,2024-01-22
p_02620,Books,s_0268,286,0.2286,4.31,0,2024-03-06
p_02621,FMCG,s_0030,796,0.1526,4.58,0,2022-03-19
p_02622,Auto,s_0661,2028,0.1633,4.4,0,2021-05-13
p_02623,Books,s_0353,1117,0.2398,4.77,0,2021-11-15
p_02624,FMCG,s_0409,183,0.1005,4.9,0,2025-08-02
p_02625,Home,s_0084,649,0.186,4.38,0,2021-01-25
p_02626,Home,s_0222,2026,0.257,4.35,0,2023-05-10
p_02627,Beauty,s_0381,458,0.2549,4.04,0,2025-04-04
p_02628,Sports,s_0507,437,0.2316,3.87,0,2025-04-14
p_02629,Electronics,s_0371,3718,0.0773,4.6,0,2021-04-16
p_02630,Home,s_0024,1981,0.2373,5.0,0,2024-09-25
p_02631,Kids,s_0421,1661,0.2831,4.17,0,2025-12-02
p_02632,Beauty,s_0600,708,0.2492,5.0,0,2021-05-07
p_02633,Kids,s_0294,918,0.1701,4.47,0,2022-11-06
p_02634,Pet,s_0162,550,0.2089,4.73,0,2023-04-26
p_02635,Electronics,s_0425,2461,0.0951,4.62,0,2022-09-28
p_02636,Sports,s_0665,1403,0.19,4.51,0,2025-11-22
p_02637,Sports,s_0396,3399,0.2407,4.2,0,2024-08-11
p_02638,FMCG,s_0661,288,0.1435,4.61,0,2021-07-02
p_02639,Auto,s_0637,1457,0.1928,4.63,0,2024-09-14
p_02640,Home,s_0554,7807,0.2404,4.6,0,2021-10-30
p_02641,Home,s_0674,982,0.1666,5.0,0,2022-02-01
p_02642,Auto,s_0124,2122,0.1242,4.79,0,2022-08-31
p_02643,Fashion,s_0663,2773,0.1963,4.63,0,2023-03-21
p_02644,Books,s_0315,117,0.1679,4.45,0,2024-12-26
p_02645,FMCG,s_0673,243,0.1196,3.94,0,2025-01-25
p_02646,Beauty,s_0215,213,0.2473,3.96,0,2023-04-02
p_02647,Home,s_0253,1029,0.2071,4.16,1,2022-09-28
p_02648,Electronics,s_0077,3164,0.1665,5.0,0,2025-12-07
p_02649,Sports,s_0478,1864,0.2022,4.12,0,2021-03-29
p_02650,Auto,s_0627,1555,0.148,4.5,0,2021-10-22
p_02651,FMCG,s_0084,294,0.0624,4.89,0,2024-05-08
p_02652,Home,s_0280,4404,0.1689,3.98,0,2021-10-17
p_02653,Home,s_0228,1649,0.1837,4.71,0,2022-06-26
p_02654,Kids,s_0029,695,0.1788,4.91,0,2022-08-24
p_02655,Beauty,s_0504,1148,0.252,4.04,0,2025-02-05
p_02656,Pet,s_0281,664,0.2374,5.0,0,2025-03-25
p_02657,Pet,s_0472,349,0.2101,4.47,1,2023-09-12
p_02658,Auto,s_0462,1234,0.1502,4.77,0,2022-12-06
p_02659,Electronics,s_0455,2926,0.04,5.0,0,2022-09-16
p_02660,Beauty,s_0396,804,0.2747,5.0,0,2025-08-16
p_02661,Books,s_0200,538,0.1266,4.62,0,2023-01-18
p_02662,Pet,s_0690,683,0.1905,4.79,0,2023-01-24
p_02663,FMCG,s_0569,462,0.0797,4.51,0,2024-03-23
p_02664,Home,s_0532,767,0.1642,5.0,0,2022-04-14
p_02665,FMCG,s_0659,409,0.1733,4.79,0,2024-08-19
p_02666,Kids,s_0414,1426,0.2006,4.33,0,2021-10-26
p_02667,Sports,s_0669,1581,0.283,4.61,0,2022-07-01
p_02668,Home,s_0581,1352,0.1104,4.71,0,2026-01-23
p_02669,Kids,s_0075,664,0.2256,5.0,0,2023-06-24
p_02670,Electronics,s_0551,4229,0.1155,5.0,0,2023-01-28
p_02671,Home,s_0012,889,0.2297,3.47,0,2021-06-27
p_02672,Beauty,s_0316,776,0.3275,4.21,0,2023-01-30
p_02673,FMCG,s_0279,1096,0.1772,4.37,0,2022-06-19
p_02674,Books,s_0077,369,0.1977,4.41,0,2022-03-20
p_02675,Auto,s_0533,5191,0.1015,4.35,0,2025-01-18
p_02676,Auto,s_0442,3456,0.1779,4.07,0,2022-01-06
p_02677,Beauty,s_0070,846,0.2999,5.0,0,2023-10-20
p_02678,Electronics,s_0237,4737,0.1048,4.61,0,2025-06-27
p_02679,Fashion,s_0667,598,0.233,4.72,0,2021-02-03
p_02680,Fashion,s_0667,1085,0.247,4.57,0,2023-05-19
p_02681,Fashion,s_0259,2233,0.2808,4.1,0,2024-11-18
p_02682,Fashion,s_0047,2762,0.2826,4.45,0,2021-08-24
p_02683,Kids,s_0437,1655,0.1974,4.91,1,2025-09-16
p_02684,FMCG,s_0630,572,0.1504,4.36,0,2023-10-31
p_02685,Fashion,s_0650,2387,0.2739,3.9,0,2024-01-15
p_02686,Fashion,s_0322,723,0.2868,4.57,0,2021-01-13
p_02687,Kids,s_0434,874,0.156,4.55,0,2024-12-04
p_02688,Electronics,s_0234,4806,0.1426,4.71,0,2021-06-15
p_02689,Auto,s_0108,2819,0.1529,4.25,0,2025-04-30
p_02690,Fashion,s_0277,3322,0.2395,4.46,0,2021-12-08
p_02691,Fashion,s_0193,1244,0.2198,4.15,0,2022-12-01
p_02692,Home,s_0598,1285,0.2417,4.48,0,2021-05-27
p_02693,Kids,s_0370,2467,0.2305,3.84,0,2026-02-11
p_02694,Fashion,s_0283,873,0.3203,4.5,0,2023-03-13
p_02695,Auto,s_0413,1448,0.2158,4.24,0,2025-07-26
p_02696,Beauty,s_0114,483,0.3102,5.0,0,2025-12-16
p_02697,FMCG,s_0524,658,0.1404,4.86,1,2026-02-03
p_02698,Sports,s_0062,2159,0.2158,4.67,0,2021-09-12
p_02699,Sports,s_0458,2205,0.165,4.62,0,2025-04-17
p_02700,Sports,s_0359,675,0.208,4.13,0,2023-11-17
p_02701,Fashion,s_0392,1934,0.2033,4.4,0,2024-03-13
p_02702,Electronics,s_0449,3410,0.1539,4.54,1,2024-05-25
p_02703,Home,s_0545,877,0.1181,4.72,0,2024-04-14
p_02704,Home,s_0116,1522,0.2131,4.74,0,2022-09-11
p_02705,Kids,s_0508,734,0.2318,4.27,0,2025-10-01
p_02706,Books,s_0149,238,0.1069,4.85,1,2025-04-20
p_02707,Fashion,s_0287,1954,0.2193,4.5,0,2024-11-28
p_02708,FMCG,s_0398,494,0.244,4.58,0,2022-10-09
p_02709,Electronics,s_0410,3118,0.1336,3.91,0,2023-12-28
p_02710,FMCG,s_0304,375,0.1655,3.84,0,2021-03-29
p_02711,Fashion,s_0080,770,0.2398,4.3,0,2021-05-01
p_02712,Home,s_0175,1851,0.1741,4.01,0,2025-05-24
p_02713,Pet,s_0151,659,0.169,4.63,0,2024-08-03
p_02714,Auto,s_0014,2792,0.1616,3.99,0,2025-08-08
p_02715,Sports,s_0190,1868,0.2168,4.52,0,2022-10-27
p_02716,Beauty,s_0513,497,0.3095,4.35,0,2023-07-19
p_02717,Fashion,s_0275,1487,0.2008,5.0,0,2022-03-29
p_02718,Sports,s_0562,1121,0.1755,4.84,0,2024-09-07
p_02719,Pet,s_0346,412,0.1662,4.59,0,2023-04-21
p_02720,Auto,s_0132,784,0.1618,4.9,0,2024-07-31
p_02721,Home,s_0686,3378,0.2068,4.32,0,2023-03-08
p_02722,FMCG,s_0341,251,0.0756,4.47,0,2021-09-02
p_02723,Pet,s_0567,464,0.1336,4.71,0,2026-03-11
p_02724,Fashion,s_0023,3339,0.2558,4.65,0,2024-09-18
p_02725,Electronics,s_0161,4606,0.1385,5.0,0,2024-01-04
p_02726,Electronics,s_0691,6768,0.1068,4.29,0,2021-11-24
p_02727,Pet,s_0377,578,0.1691,5.0,0,2024-10-01
p_02728,Auto,s_0641,2158,0.1801,4.53,0,2025-03-07
p_02729,Fashion,s_0478,960,0.2463,4.44,0,2021-10-26
p_02730,Books,s_0630,146,0.1459,4.11,0,2023-07-30
p_02731,Pet,s_0693,635,0.1562,4.23,1,2023-04-15
p_02732,Home,s_0455,1358,0.1371,4.17,0,2025-08-12
p_02733,Auto,s_0548,3311,0.1572,4.88,0,2022-06-19
p_02734,Pet,s_0066,724,0.2167,4.85,0,2025-05-27
p_02735,Books,s_0498,383,0.1105,4.57,0,2025-12-30
p_02736,Kids,s_0388,761,0.2316,4.4,0,2024-08-14
p_02737,Beauty,s_0530,751,0.311,4.47,0,2021-03-01
p_02738,Electronics,s_0526,3194,0.1293,4.8,0,2021-11-30
p_02739,Books,s_0506,141,0.1409,4.13,0,2024-03-14
p_02740,Kids,s_0524,633,0.2082,4.3,0,2021-03-12
p_02741,Electronics,s_0260,2606,0.0745,4.94,0,2022-12-08
p_02742,Fashion,s_0586,969,0.2597,4.32,0,2024-04-04
p_02743,Pet,s_0589,777,0.2254,4.14,0,2022-01-24
p_02744,Home,s_0602,2359,0.167,4.69,0,2022-12-05
p_02745,Sports,s_0413,1601,0.2511,4.89,0,2025-04-10
p_02746,FMCG,s_0683,512,0.183,4.59,0,2022-06-02
p_02747,Fashion,s_0123,1837,0.217,4.63,0,2024-09-12
p_02748,Fashion,s_0502,2564,0.2797,4.77,0,2023-08-20
p_02749,Fashion,s_0609,1467,0.2107,4.45,0,2024-03-05
p_02750,Beauty,s_0470,687,0.4278,4.29,1,2023-12-27
p_02751,Electronics,s_0554,2646,0.1483,4.84,0,2023-02-24
p_02752,Electronics,s_0664,6746,0.1268,4.74,0,2025-09-29
p_02753,Electronics,s_0354,2109,0.1886,4.18,0,2021-11-28
p_02754,FMCG,s_0325,273,0.1654,4.39,0,2025-02-22
p_02755,Pet,s_0503,238,0.192,4.07,1,2023-08-03
p_02756,Electronics,s_0348,4879,0.04,4.2,0,2021-07-01
p_02757,Electronics,s_0422,5389,0.171,4.44,0,2023-10-09
p_02758,FMCG,s_0440,294,0.0543,4.81,0,2024-01-04
p_02759,Home,s_0012,1885,0.1796,4.87,0,2022-12-06
p_02760,Books,s_0382,339,0.1582,4.07,0,2026-02-04
p_02761,Electronics,s_0369,5513,0.1342,4.73,0,2024-09-13
p_02762,Sports,s_0299,746,0.2372,4.22,0,2025-10-21
p_02763,Sports,s_0657,1923,0.1767,4.39,0,2023-01-12
p_02764,Electronics,s_0542,3798,0.1772,4.45,0,2023-09-23
p_02765,Auto,s_0196,1653,0.0972,4.53,0,2021-03-20
p_02766,Electronics,s_0681,2412,0.0877,4.79,0,2021-11-12
p_02767,FMCG,s_0695,410,0.2118,4.66,0,2023-08-26
p_02768,Fashion,s_0656,1180,0.2737,4.47,1,2025-10-10
p_02769,Auto,s_0421,2390,0.2148,4.68,0,2023-11-20
p_02770,FMCG,s_0501,293,0.0489,4.76,0,2022-06-20
p_02771,Pet,s_0061,1142,0.1453,3.71,0,2022-02-05
p_02772,Beauty,s_0554,1468,0.2384,4.83,0,2023-07-30
p_02773,Home,s_0560,1553,0.2356,4.88,0,2023-03-26
p_02774,Electronics,s_0506,2446,0.1021,4.12,0,2022-05-19
p_02775,Home,s_0515,878,0.2215,4.62,0,2025-06-12
p_02776,Books,s_0348,363,0.174,5.0,0,2022-08-17
p_02777,Beauty,s_0193,951,0.2858,4.27,0,2024-09-22
p_02778,Fashion,s_0072,1742,0.2294,5.0,0,2026-01-02
p_02779,FMCG,s_0402,439,0.1876,4.61,0,2022-12-22
p_02780,Fashion,s_0192,2246,0.2498,4.43,0,2025-02-24
p_02781,Beauty,s_0268,419,0.3566,5.0,0,2023-07-29
p_02782,Beauty,s_0312,672,0.2781,5.0,1,2024-04-13
p_02783,Books,s_0532,380,0.2225,4.69,0,2022-07-17
p_02784,Electronics,s_0467,778,0.0801,4.24,0,2023-11-07
p_02785,Electronics,s_0070,4447,0.1605,3.8,0,2023-06-18
p_02786,Kids,s_0501,1409,0.2129,4.05,0,2026-03-03
p_02787,Electronics,s_0464,4567,0.1371,4.84,0,2022-11-26
p_02788,Electronics,s_0267,3595,0.1551,4.37,0,2022-11-29
p_02789,Electronics,s_0534,4841,0.1134,4.48,0,2023-01-17
p_02790,Beauty,s_0205,358,0.3121,3.95,0,2023-01-02
p_02791,Beauty,s_0417,423,0.1944,4.34,0,2024-10-23
p_02792,Home,s_0649,1306,0.2394,4.1,0,2023-03-05
p_02793,Auto,s_0286,1657,0.1586,4.18,0,2026-02-21
p_02794,FMCG,s_0044,967,0.1907,4.89,0,2024-12-04
p_02795,Sports,s_0205,4716,0.2564,3.92,0,2025-07-09
p_02796,Fashion,s_0143,3026,0.2083,4.24,0,2025-03-26
p_02797,Fashion,s_0014,1403,0.297,4.64,0,2022-06-20
p_02798,FMCG,s_0074,403,0.2154,5.0,0,2025-10-14
p_02799,Home,s_0581,1448,0.1714,3.64,1,2024-03-24
p_02800,Beauty,s_0089,621,0.3238,4.18,0,2024-01-09
p_02801,FMCG,s_0454,335,0.0875,5.0,0,2022-12-03
p_02802,Fashion,s_0175,941,0.2699,4.43,0,2021-08-20
p_02803,Fashion,s_0142,1811,0.2403,3.85,0,2023-01-08
p_02804,Beauty,s_0632,1489,0.3135,4.54,1,2024-09-15
p_02805,Kids,s_0056,1672,0.1999,4.4,0,2021-03-25
p_02806,Home,s_0210,4112,0.2307,4.16,0,2022-06-03
p_02807,Fashion,s_0335,2135,0.2073,4.58,0,2025-01-13
p_02808,Home,s_0468,1031,0.1765,4.57,0,2024-06-19
p_02809,Electronics,s_0349,5317,0.1945,4.55,1,2023-02-10
p_02810,Electronics,s_0033,4685,0.1436,3.59,0,2021-08-22
p_02811,Beauty,s_0321,281,0.3118,4.08,0,2023-08-27
p_02812,FMCG,s_0544,495,0.195,4.11,0,2025-04-09
p_02813,Fashion,s_0044,1493,0.3044,4.59,0,2024-08-23
p_02814,Fashion,s_0487,1085,0.2342,5.0,1,2025-03-01
p_02815,Fashion,s_0504,2407,0.2503,3.73,0,2021-04-27
p_02816,Electronics,s_0479,2917,0.0523,4.32,0,2022-04-12
p_02817,Sports,s_0519,2684,0.2296,4.57,0,2025-02-18
p_02818,Sports,s_0346,683,0.2332,4.54,0,2024-09-22
p_02819,Sports,s_0310,1089,0.1402,4.6,0,2021-02-17
p_02820,Auto,s_0362,5760,0.1963,5.0,0,2021-01-31
p_02821,Fashion,s_0487,915,0.2577,4.55,0,2025-10-22
p_02822,Home,s_0601,3883,0.159,4.53,1,2022-10-01
p_02823,Kids,s_0090,864,0.196,4.92,0,2021-03-16
p_02824,Fashion,s_0031,773,0.2821,4.29,1,2024-12-09
p_02825,Electronics,s_0114,2360,0.0628,4.24,1,2021-10-21
p_02826,Kids,s_0395,1399,0.1827,4.2,0,2024-10-26
p_02827,Fashion,s_0597,857,0.1907,3.91,0,2024-12-11
p_02828,Fashion,s_0590,1968,0.1949,4.78,0,2023-05-03
p_02829,Fashion,s_0184,2181,0.3033,4.92,0,2025-04-26
p_02830,Kids,s_0626,2168,0.188,4.18,0,2022-05-06
p_02831,Beauty,s_0219,981,0.325,4.7,0,2021-04-23
p_02832,Books,s_0544,99,0.2239,4.6,0,2023-11-04
p_02833,Fashion,s_0196,1312,0.2953,4.45,0,2022-11-20
p_02834,FMCG,s_0144,291,0.1578,4.44,0,2025-03-05
p_02835,Beauty,s_0457,636,0.3535,4.51,0,2024-01-04
p_02836,Kids,s_0092,1055,0.185,4.46,0,2024-12-22
p_02837,Fashion,s_0494,1495,0.2371,4.45,0,2025-06-02
p_02838,Electronics,s_0288,2466,0.2087,4.5,0,2021-01-10
p_02839,Home,s_0322,2020,0.1868,4.52,1,2021-06-12
p_02840,Sports,s_0127,1609,0.222,4.1,0,2025-02-06
p_02841,Books,s_0282,276,0.2331,4.34,0,2025-04-02
p_02842,Sports,s_0217,2392,0.2419,4.47,0,2021-07-16
p_02843,Sports,s_0328,646,0.2004,4.59,0,2021-01-26
p_02844,Auto,s_0123,1040,0.1116,4.48,0,2024-08-14
p_02845,FMCG,s_0122,599,0.1317,4.39,0,2022-05-04
p_02846,FMCG,s_0333,198,0.1442,4.42,0,2021-03-30
p_02847,Pet,s_0589,305,0.1838,4.08,0,2022-09-08
p_02848,Books,s_0214,272,0.1775,4.47,0,2023-04-09
p_02849,Beauty,s_0511,1529,0.3002,4.1,0,2025-08-29
p_02850,Electronics,s_0651,6651,0.04,4.68,0,2025-05-25
p_02851,FMCG,s_0527,508,0.1222,4.0,0,2023-06-04
p_02852,Books,s_0464,275,0.1581,4.75,0,2025-12-17
p_02853,Electronics,s_0194,2329,0.1256,4.84,0,2024-10-11
p_02854,Beauty,s_0414,1151,0.3215,4.62,0,2025-08-17
p_02855,Fashion,s_0415,3424,0.2995,4.61,0,2025-01-15
p_02856,Pet,s_0493,2375,0.2368,5.0,0,2022-05-29
p_02857,Fashion,s_0314,1402,0.2345,4.3,0,2023-10-20
p_02858,Auto,s_0495,2893,0.2086,3.96,0,2021-05-23
p_02859,Electronics,s_0078,3215,0.1502,4.06,0,2021-02-27
p_02860,Electronics,s_0315,7474,0.1647,4.56,0,2026-01-10
p_02861,Sports,s_0479,3074,0.1941,3.62,0,2023-12-02
p_02862,Fashion,s_0201,1721,0.2117,4.25,0,2021-05-09
p_02863,Sports,s_0142,2028,0.2505,4.73,0,2025-07-04
p_02864,Electronics,s_0230,1998,0.1574,5.0,1,2025-01-08
p_02865,Fashion,s_0094,711,0.1932,4.4,0,2022-10-07
p_02866,Fashion,s_0170,2591,0.256,4.8,0,2025-09-20
p_02867,Fashion,s_0277,2702,0.2051,4.12,0,2025-04-24
p_02868,Fashion,s_0380,1847,0.2183,4.25,0,2022-08-30
p_02869,Books,s_0140,527,0.218,4.89,0,2021-07-28
p_02870,Beauty,s_0564,945,0.2874,4.11,0,2025-07-03
p_02871,Beauty,s_0500,762,0.2974,4.43,0,2024-04-13
p_02872,Beauty,s_0491,419,0.2432,4.0,0,2021-04-02
p_02873,Beauty,s_0118,645,0.3676,4.12,0,2024-02-05
p_02874,Electronics,s_0232,10529,0.072,4.07,0,2021-03-02
p_02875,Home,s_0178,1663,0.1712,3.52,0,2022-04-15
p_02876,Beauty,s_0459,597,0.2899,4.31,0,2023-01-21
p_02877,FMCG,s_0278,395,0.0576,4.19,0,2025-02-23
p_02878,Home,s_0258,1076,0.1831,4.45,0,2024-07-24
p_02879,Pet,s_0014,640,0.1647,4.54,0,2021-12-05
p_02880,Beauty,s_0303,918,0.2614,4.56,0,2023-04-24
p_02881,Sports,s_0229,3172,0.1793,4.72,0,2022-05-21
p_02882,Books,s_0041,150,0.1852,4.15,0,2021-12-03
p_02883,Auto,s_0586,2726,0.1374,4.59,0,2024-07-05
p_02884,Sports,s_0426,824,0.2054,3.87,0,2023-01-24
p_02885,Pet,s_0286,368,0.081,4.13,0,2025-10-26
p_02886,Electronics,s_0178,4738,0.0957,5.0,0,2022-06-24
p_02887,Sports,s_0533,585,0.1855,3.78,1,2025-10-03
p_02888,Beauty,s_0164,594,0.1969,4.72,0,2024-05-23
p_02889,Beauty,s_0317,704,0.2712,4.72,0,2025-02-12
p_02890,Electronics,s_0211,3359,0.1021,3.85,0,2025-04-21
p_02891,Sports,s_0126,1151,0.1678,4.36,1,2026-01-17
p_02892,FMCG,s_0308,355,0.1183,4.09,1,2025-06-04
p_02893,Electronics,s_0217,5452,0.0613,4.42,0,2023-03-08
p_02894,Electronics,s_0202,3040,0.127,4.03,0,2023-12-13
p_02895,FMCG,s_0345,415,0.133,4.48,0,2026-01-20
p_02896,Electronics,s_0591,2762,0.138,4.12,0,2025-01-25
p_02897,Books,s_0096,248,0.1961,4.63,0,2023-08-12
p_02898,Sports,s_0525,1434,0.2463,4.38,0,2021-03-03
p_02899,Beauty,s_0212,1270,0.2601,4.49,0,2021-12-21
p_02900,Fashion,s_0522,2160,0.2951,4.41,0,2025-10-03
p_02901,FMCG,s_0104,610,0.1346,4.4,0,2025-06-07
p_02902,Home,s_0653,1841,0.1636,4.8,0,2022-12-11
p_02903,Beauty,s_0297,1758,0.2166,4.58,0,2022-12-24
p_02904,Books,s_0632,128,0.215,4.57,0,2021-05-04
p_02905,Kids,s_0342,864,0.2365,4.71,0,2024-06-20
p_02906,Auto,s_0486,1257,0.2324,4.97,0,2026-01-06
p_02907,Kids,s_0290,1414,0.2189,3.72,0,2021-01-03
p_02908,Sports,s_0300,1391,0.1816,5.0,0,2022-04-04
p_02909,Beauty,s_0076,484,0.2422,4.64,0,2025-11-27
p_02910,Fashion,s_0335,2013,0.2317,4.52,0,2021-04-28
p_02911,Sports,s_0550,934,0.181,4.48,0,2022-06-17
p_02912,Home,s_0392,2553,0.2604,4.33,0,2023-11-12
p_02913,Auto,s_0405,2183,0.172,4.62,0,2021-12-13
p_02914,Beauty,s_0174,616,0.3189,3.91,0,2021-01-18
p_02915,Beauty,s_0667,301,0.241,4.29,0,2022-12-13
p_02916,Fashion,s_0483,956,0.2755,4.21,0,2025-01-04
p_02917,Beauty,s_0077,453,0.2794,4.53,0,2021-05-09
p_02918,FMCG,s_0140,408,0.1051,5.0,0,2022-09-07
p_02919,Fashion,s_0373,941,0.2496,4.7,0,2022-12-09
p_02920,Pet,s_0154,2148,0.1392,4.19,0,2021-01-20
p_02921,Fashion,s_0025,1060,0.2341,4.43,0,2024-12-25
p_02922,Sports,s_0306,1355,0.153,4.47,1,2024-11-27
p_02923,FMCG,s_0651,436,0.1567,4.71,1,2021-07-18
p_02924,Home,s_0147,1317,0.2383,5.0,0,2025-08-06
p_02925,Sports,s_0405,646,0.1922,4.59,0,2025-02-17
p_02926,Home,s_0378,3010,0.236,4.28,0,2023-07-26
p_02927,Home,s_0072,2074,0.2007,4.1,0,2023-09-13
p_02928,Beauty,s_0081,236,0.322,4.26,0,2021-05-13
p_02929,Beauty,s_0695,399,0.3033,4.66,0,2023-02-15
p_02930,Sports,s_0698,994,0.2074,4.51,0,2021-07-29
p_02931,Home,s_0398,530,0.1577,4.85,0,2023-09-29
p_02932,Sports,s_0185,1782,0.2375,4.98,0,2023-01-13
p_02933,FMCG,s_0404,1213,0.1344,4.33,0,2021-12-10
p_02934,Fashion,s_0640,3320,0.2283,5.0,0,2023-02-03
p_02935,Kids,s_0348,1763,0.2531,4.37,0,2023-03-16
p_02936,Electronics,s_0555,3361,0.1319,4.5,0,2021-03-17
p_02937,Pet,s_0241,681,0.2116,4.86,0,2024-05-23
p_02938,Kids,s_0368,1929,0.1888,4.03,0,2026-02-03
p_02939,Electronics,s_0627,3538,0.1536,4.41,0,2024-09-27
p_02940,Electronics,s_0061,2477,0.04,4.78,0,2021-08-23
p_02941,Home,s_0182,655,0.1442,4.17,0,2021-07-23
p_02942,Electronics,s_0484,1067,0.0971,4.14,0,2025-09-15
p_02943,Books,s_0077,193,0.19,4.16,0,2024-10-24
p_02944,Beauty,s_0050,743,0.2892,4.46,0,2023-05-27
p_02945,Beauty,s_0370,354,0.3244,4.28,0,2025-05-27
p_02946,Home,s_0150,2366,0.1634,4.61,0,2022-11-08
p_02947,Kids,s_0553,2427,0.2325,4.8,0,2025-04-28
p_02948,Kids,s_0408,1463,0.1508,4.07,0,2022-03-28
p_02949,Books,s_0363,283,0.0723,4.03,0,2023-07-22
p_02950,Home,s_0595,974,0.1697,4.07,0,2022-05-19
p_02951,Home,s_0313,3876,0.1886,4.87,1,2021-10-06
p_02952,Auto,s_0440,1290,0.1804,4.57,0,2023-05-30
p_02953,Electronics,s_0021,9342,0.0759,4.23,1,2023-06-22
p_02954,Fashion,s_0332,3727,0.1469,4.2,0,2022-12-03
p_02955,Fashion,s_0355,2208,0.2209,4.35,0,2025-02-04
p_02956,FMCG,s_0096,296,0.1592,3.52,0,2025-07-11
p_02957,FMCG,s_0646,457,0.1916,4.92,0,2025-07-04
p_02958,Fashion,s_0524,1058,0.212,4.97,0,2024-01-16
p_02959,Fashion,s_0228,694,0.1592,3.89,0,2022-08-05
p_02960,Fashion,s_0053,2735,0.2416,5.0,0,2024-07-25
p_02961,Fashion,s_0019,1472,0.217,4.41,0,2022-04-23
p_02962,Beauty,s_0643,436,0.2676,3.92,0,2023-07-26
p_02963,FMCG,s_0038,361,0.1862,4.86,0,2021-12-18
p_02964,FMCG,s_0464,295,0.1374,4.54,0,2026-02-15
p_02965,Home,s_0070,2069,0.2131,4.85,1,2023-09-28
p_02966,Fashion,s_0320,858,0.3136,3.95,0,2025-04-13
p_02967,FMCG,s_0395,309,0.1353,4.06,0,2025-03-01
p_02968,Beauty,s_0335,904,0.2883,4.15,0,2023-08-26
p_02969,Pet,s_0374,516,0.2366,4.36,0,2021-08-09
p_02970,Pet,s_0337,1711,0.1877,4.45,0,2025-02-01
p_02971,Fashion,s_0461,863,0.2731,4.53,0,2022-04-26
p_02972,FMCG,s_0183,581,0.1394,4.95,0,2024-07-05
p_02973,Auto,s_0174,2686,0.1668,4.9,0,2025-10-28
p_02974,Auto,s_0211,1553,0.1421,4.14,0,2024-10-13
p_02975,Beauty,s_0274,1015,0.2292,4.78,0,2021-10-25
p_02976,Home,s_0535,1256,0.2153,4.04,0,2025-11-25
p_02977,Fashion,s_0550,580,0.1958,4.72,0,2023-12-10
p_02978,Fashion,s_0536,2539,0.2914,4.47,1,2025-07-19
p_02979,Pet,s_0237,997,0.1266,4.56,0,2023-10-05
p_02980,Sports,s_0050,865,0.3146,4.83,0,2023-11-11
p_02981,Electronics,s_0175,2442,0.1223,5.0,0,2021-12-27
p_02982,Fashion,s_0153,695,0.1999,5.0,0,2022-07-02
p_02983,Fashion,s_0410,1383,0.232,4.66,0,2023-01-31
p_02984,Beauty,s_0352,276,0.2564,4.48,0,2023-07-08
p_02985,Fashion,s_0263,1356,0.1689,4.26,0,2025-10-14
p_02986,Electronics,s_0628,2249,0.1281,4.03,0,2024-07-22
p_02987,Sports,s_0035,1516,0.2089,4.75,0,2024-09-21
p_02988,Electronics,s_0532,5518,0.07,4.52,0,2021-08-29
p_02989,Auto,s_0603,898,0.122,4.41,0,2022-07-12
p_02990,Auto,s_0535,4203,0.1343,4.02,0,2024-02-13
p_02991,Fashion,s_0176,870,0.2156,4.56,0,2022-12-29
p_02992,FMCG,s_0226,914,0.0812,4.34,0,2025-02-25
p_02993,Sports,s_0242,834,0.223,3.64,0,2023-03-21
p_02994,Auto,s_0515,3417,0.0918,4.85,0,2022-03-06
p_02995,Kids,s_0274,7492,0.2463,4.75,0,2021-07-26
p_02996,FMCG,s_0214,203,0.177,4.3,0,2024-02-23
p_02997,Kids,s_0001,629,0.2257,4.11,0,2025-06-18
p_02998,Electronics,s_0349,3277,0.0887,4.84,0,2023-09-02
p_02999,Electronics,s_0607,5392,0.099,4.51,0,2024-07-08
p_03000,Electronics,s_0004,2569,0.0567,4.06,1,2021-08-11
p_03001,Home,s_0435,209,0.1319,4.75,1,2025-03-29
p_03002,FMCG,s_0118,256,0.0786,4.38,0,2023-06-22
p_03003,Electronics,s_0632,1725,0.1044,4.46,0,2023-05-25
p_03004,Fashion,s_0131,1800,0.2725,5.0,0,2023-12-04
p_03005,Beauty,s_0147,1711,0.3292,4.21,0,2024-02-19
p_03006,Kids,s_0452,710,0.1645,4.59,0,2021-01-25
p_03007,Electronics,s_0379,3068,0.0897,4.83,0,2022-03-29
p_03008,Fashion,s_0333,724,0.2667,4.72,0,2023-11-12
p_03009,Electronics,s_0239,5492,0.1177,4.32,0,2025-01-21
p_03010,Home,s_0338,1324,0.176,4.34,0,2025-12-31
p_03011,Fashion,s_0319,1325,0.2519,4.48,0,2022-05-05
p_03012,FMCG,s_0573,800,0.1028,4.04,0,2022-10-17
p_03013,Fashion,s_0245,1100,0.2455,4.92,0,2022-04-12
p_03014,Fashion,s_0270,1951,0.2744,4.45,0,2021-04-03
p_03015,Auto,s_0291,2888,0.1274,4.37,1,2021-03-21
p_03016,Home,s_0511,356,0.2038,4.68,0,2023-04-12
p_03017,FMCG,s_0276,773,0.1908,4.48,0,2023-12-12
p_03018,Sports,s_0316,1454,0.2283,4.39,0,2021-02-09
p_03019,Electronics,s_0678,3261,0.0473,4.56,0,2024-07-04
p_03020,Books,s_0359,521,0.2184,4.68,1,2022-01-19
p_03021,Books,s_0082,327,0.1344,4.54,0,2021-11-18
p_03022,Pet,s_0616,884,0.18,4.74,0,2021-09-07
p_03023,Fashion,s_0579,1976,0.1962,4.48,0,2025-02-21
p_03024,FMCG,s_0328,175,0.1651,3.97,0,2022-11-03
p_03025,Beauty,s_0370,815,0.2282,4.7,0,2022-11-26
p_03026,Electronics,s_0636,2074,0.0736,4.69,0,2022-03-12
p_03027,Kids,s_0651,1217,0.2281,4.59,0,2023-09-01
p_03028,Home,s_0195,967,0.1699,4.33,0,2025-03-22
p_03029,Sports,s_0624,1637,0.1818,4.94,0,2024-12-29
p_03030,FMCG,s_0170,649,0.1074,4.26,0,2025-10-21
p_03031,Beauty,s_0611,582,0.2034,4.36,0,2024-01-28
p_03032,Electronics,s_0554,2818,0.1271,4.22,0,2021-07-08
p_03033,Electronics,s_0089,2494,0.1909,4.4,0,2022-09-05
p_03034,Fashion,s_0476,2527,0.2808,4.59,0,2021-08-04
p_03035,Beauty,s_0047,726,0.2477,3.91,0,2025-08-06
p_03036,Kids,s_0199,1683,0.2308,4.23,0,2025-06-09
p_03037,Electronics,s_0417,936,0.0648,5.0,0,2024-10-06
p_03038,Sports,s_0094,1563,0.29,4.87,0,2025-07-21
p_03039,Books,s_0648,325,0.1968,4.48,0,2022-09-03
p_03040,Home,s_0196,1863,0.1716,5.0,0,2024-08-13
p_03041,Fashion,s_0570,5106,0.2913,4.32,0,2022-09-27
p_03042,FMCG,s_0454,289,0.1305,4.42,0,2023-05-28
p_03043,Kids,s_0217,2327,0.2469,4.15,0,2023-10-10
p_03044,Auto,s_0012,2027,0.0762,4.71,0,2021-06-10
p_03045,Fashion,s_0671,2834,0.2942,3.72,0,2025-09-28
p_03046,Beauty,s_0253,639,0.2921,4.09,0,2023-04-04
p_03047,Pet,s_0459,356,0.1932,4.09,1,2021-04-05
p_03048,Home,s_0374,1135,0.1923,4.43,0,2023-04-01
p_03049,Kids,s_0147,2568,0.2128,4.72,0,2021-04-16
p_03050,Home,s_0424,1586,0.212,3.78,0,2025-09-10
p_03051,Kids,s_0523,1066,0.1703,4.26,0,2021-01-20
p_03052,Home,s_0008,3562,0.1735,3.62,0,2022-08-02
p_03053,Electronics,s_0324,5342,0.0772,4.34,0,2025-01-13
p_03054,Pet,s_0506,499,0.1352,4.11,0,2023-12-08
p_03055,Fashion,s_0535,2879,0.2331,4.35,0,2023-07-04
p_03056,Fashion,s_0417,2559,0.2468,4.15,0,2024-03-15
p_03057,Fashion,s_0054,1942,0.2378,4.25,0,2022-11-21
p_03058,Fashion,s_0336,925,0.2699,4.22,0,2023-04-23
p_03059,Electronics,s_0117,2901,0.1031,4.12,0,2025-08-14
p_03060,Beauty,s_0699,279,0.2931,4.06,0,2024-03-19
p_03061,Fashion,s_0662,1989,0.2806,4.39,0,2025-01-22
p_03062,Sports,s_0568,761,0.2541,3.96,0,2024-04-26
p_03063,Electronics,s_0223,6127,0.1141,3.67,0,2021-02-05
p_03064,Electronics,s_0678,4002,0.0594,3.9,1,2024-06-11
p_03065,Fashion,s_0485,2688,0.2489,4.78,0,2023-12-15
p_03066,FMCG,s_0416,262,0.1756,4.68,0,2025-12-09
p_03067,Books,s_0117,207,0.1794,3.74,0,2022-09-28
p_03068,Beauty,s_0149,934,0.2922,4.37,0,2023-02-01
p_03069,Beauty,s_0350,1596,0.2729,4.59,0,2023-01-05
p_03070,Beauty,s_0245,897,0.165,3.99,0,2023-07-19
p_03071,Fashion,s_0596,724,0.3217,4.3,0,2022-04-21
p_03072,Books,s_0571,155,0.2028,3.72,0,2022-10-07
p_03073,Books,s_0190,235,0.1371,4.52,0,2024-06-22
p_03074,Fashion,s_0352,1000,0.2361,4.21,0,2023-03-11
p_03075,Home,s_0485,2050,0.1777,4.35,0,2022-05-29
p_03076,Books,s_0334,265,0.1279,4.21,0,2025-01-06
p_03077,Pet,s_0243,694,0.1706,4.32,0,2024-07-29
p_03078,Pet,s_0466,808,0.2953,4.15,0,2021-08-10
p_03079,Home,s_0037,1877,0.2546,4.53,0,2025-06-14
p_03080,Sports,s_0483,2783,0.2226,4.54,0,2021-10-03
p_03081,Beauty,s_0197,792,0.2464,3.82,0,2025-08-24
p_03082,Books,s_0028,224,0.2146,4.88,0,2024-09-11
p_03083,Fashion,s_0513,1712,0.1297,4.09,0,2024-07-09
p_03084,Books,s_0009,171,0.1976,4.84,0,2025-07-25
p_03085,Books,s_0583,115,0.2512,4.07,0,2023-05-07
p_03086,Home,s_0050,1443,0.1414,4.09,0,2022-04-25
p_03087,Home,s_0551,2261,0.1861,4.46,0,2024-12-01
p_03088,Sports,s_0394,1650,0.1595,4.75,0,2021-10-03
p_03089,Home,s_0161,2544,0.1684,3.92,0,2021-04-16
p_03090,Kids,s_0458,1495,0.2684,4.62,0,2021-02-03
p_03091,Home,s_0479,2414,0.2103,4.04,0,2023-07-13
p_03092,Kids,s_0232,581,0.2033,3.72,0,2025-04-19
p_03093,Electronics,s_0135,5392,0.1467,4.27,0,2022-09-22
p_03094,Fashion,s_0432,526,0.2214,4.55,0,2023-06-27
p_03095,Electronics,s_0281,4488,0.076,4.47,0,2021-07-18
p_03096,Beauty,s_0285,1163,0.2808,4.58,0,2026-01-08
p_03097,Fashion,s_0336,891,0.3027,4.7,1,2025-11-17
p_03098,Fashion,s_0163,1355,0.1839,4.22,0,2023-11-08
p_03099,Fashion,s_0506,922,0.2653,4.76,0,2021-01-14
p_03100,Beauty,s_0302,570,0.337,4.61,0,2021-02-03
p_03101,Home,s_0232,4048,0.1269,4.09,0,2024-09-24
p_03102,FMCG,s_0432,585,0.196,4.69,0,2022-02-08
p_03103,Kids,s_0651,6039,0.2001,4.5,0,2024-08-16
p_03104,Beauty,s_0565,763,0.2841,5.0,0,2021-04-20
p_03105,Electronics,s_0012,3011,0.0884,4.3,0,2021-07-23
p_03106,Beauty,s_0274,358,0.2833,4.74,0,2022-12-31
p_03107,Electronics,s_0211,2135,0.1327,3.82,0,2023-11-18
p_03108,Sports,s_0123,1713,0.1642,4.29,0,2022-01-15
p_03109,Pet,s_0047,916,0.2764,4.39,0,2023-02-11
p_03110,Fashion,s_0297,2360,0.2115,4.58,0,2023-11-29
p_03111,Home,s_0105,2167,0.1889,4.29,0,2025-03-22
p_03112,Home,s_0502,802,0.1191,4.37,0,2025-12-21
p_03113,Electronics,s_0161,7411,0.0598,4.51,0,2025-04-21
p_03114,Fashion,s_0416,1654,0.3015,4.65,0,2023-07-26
p_03115,Sports,s_0092,742,0.2571,4.05,0,2023-04-16
p_03116,FMCG,s_0283,283,0.2114,4.54,0,2022-07-18
p_03117,Auto,s_0697,3226,0.1977,4.46,0,2024-12-05
p_03118,Fashion,s_0140,2551,0.2634,4.62,0,2025-10-20
p_03119,Home,s_0173,1158,0.1895,4.24,0,2021-09-05
p_03120,Home,s_0344,1617,0.2235,4.58,0,2022-01-10
p_03121,Books,s_0105,292,0.1519,3.97,0,2023-07-12
p_03122,Fashion,s_0329,1011,0.1915,4.45,0,2023-07-28
p_03123,Fashion,s_0154,1499,0.252,4.15,0,2021-11-05
p_03124,Home,s_0078,1439,0.1683,4.86,0,2026-03-04
p_03125,Fashion,s_0406,2050,0.2449,4.31,0,2022-09-06
p_03126,FMCG,s_0662,295,0.2435,5.0,0,2025-04-30
p_03127,Fashion,s_0347,2753,0.3417,4.92,0,2022-12-31
p_03128,Beauty,s_0496,1345,0.2483,4.47,0,2021-01-09
p_03129,Beauty,s_0409,752,0.1809,4.4,0,2024-09-02
p_03130,Home,s_0458,1590,0.161,4.37,0,2022-09-14
p_03131,FMCG,s_0368,420,0.0712,4.33,0,2022-08-05
p_03132,Electronics,s_0677,4813,0.1433,4.39,0,2024-01-23
p_03133,Home,s_0158,1266,0.1482,4.32,0,2026-01-28
p_03134,Beauty,s_0417,1004,0.2672,4.12,0,2023-12-17
p_03135,Beauty,s_0022,408,0.2301,4.04,0,2024-03-27
p_03136,Books,s_0373,440,0.1902,4.43,0,2023-03-07
p_03137,Auto,s_0576,2215,0.169,4.61,0,2021-12-05
p_03138,Electronics,s_0694,3561,0.0803,4.33,0,2022-09-01
p_03139,Auto,s_0090,3319,0.1407,4.63,0,2024-11-01
p_03140,Auto,s_0538,5408,0.1878,4.86,0,2024-05-11
p_03141,FMCG,s_0521,389,0.1812,4.64,0,2024-04-07
p_03142,Beauty,s_0356,396,0.2786,3.94,0,2026-03-12
p_03143,Fashion,s_0553,2975,0.2905,3.87,0,2022-04-29
p_03144,Electronics,s_0591,1339,0.1169,4.46,0,2024-11-27
p_03145,Beauty,s_0200,362,0.2522,4.25,0,2021-02-05
p_03146,Beauty,s_0532,879,0.1912,4.1,0,2021-02-16
p_03147,Home,s_0225,1305,0.2272,4.88,0,2022-04-03
p_03148,Kids,s_0162,450,0.228,4.03,0,2023-08-22
p_03149,Fashion,s_0602,2368,0.3016,4.89,0,2023-01-17
p_03150,Books,s_0611,480,0.1571,4.28,0,2023-02-27
p_03151,Books,s_0030,367,0.1676,3.73,0,2021-07-20
p_03152,Home,s_0458,3291,0.1997,4.71,0,2024-05-18
p_03153,Home,s_0488,5176,0.2941,4.22,0,2023-07-31
p_03154,Electronics,s_0039,4319,0.1474,4.36,0,2024-05-20
p_03155,Fashion,s_0618,3397,0.2283,4.39,1,2022-10-05
p_03156,FMCG,s_0098,456,0.1386,4.47,0,2021-02-26
p_03157,Auto,s_0230,1893,0.1252,4.51,0,2024-05-01
p_03158,Pet,s_0089,684,0.2566,4.7,0,2022-03-26
p_03159,Home,s_0460,2630,0.1859,4.38,1,2022-11-01
p_03160,Fashion,s_0351,1359,0.2203,3.9,0,2023-01-31
p_03161,Kids,s_0511,1125,0.1341,4.54,0,2022-11-10
p_03162,Books,s_0030,911,0.2212,5.0,0,2023-12-02
p_03163,Auto,s_0399,5382,0.1971,4.79,0,2024-11-12
p_03164,Electronics,s_0049,939,0.0761,4.62,0,2023-02-25
p_03165,Beauty,s_0123,334,0.2569,5.0,0,2024-02-03
p_03166,Books,s_0405,323,0.1159,4.75,1,2023-10-22
p_03167,Kids,s_0610,635,0.1892,4.34,0,2023-10-16
p_03168,Fashion,s_0388,2457,0.2726,4.37,0,2026-02-06
p_03169,Pet,s_0495,2046,0.2368,3.69,0,2025-04-11
p_03170,Fashion,s_0395,673,0.2557,4.91,0,2023-10-22
p_03171,Sports,s_0312,940,0.1163,4.7,0,2023-04-01
p_03172,Electronics,s_0275,1798,0.1162,4.21,0,2024-03-25
p_03173,Beauty,s_0460,713,0.2692,4.64,0,2021-11-15
p_03174,Sports,s_0609,1120,0.2065,5.0,0,2022-03-13
p_03175,Beauty,s_0464,1016,0.3368,4.27,0,2023-10-13
p_03176,Electronics,s_0524,1759,0.1686,4.63,0,2025-05-01
p_03177,Electronics,s_0247,3607,0.1173,4.61,0,2025-03-05
p_03178,Fashion,s_0512,1166,0.2307,4.71,0,2025-09-27
p_03179,Kids,s_0442,1353,0.2355,4.55,0,2023-10-25
p_03180,Fashion,s_0517,1008,0.254,3.97,0,2021-02-21
p_03181,Home,s_0595,1771,0.2358,4.45,0,2024-04-19
p_03182,Auto,s_0682,1043,0.2005,4.33,0,2022-08-03
p_03183,Auto,s_0122,3081,0.1791,4.29,0,2021-12-14
p_03184,FMCG,s_0478,474,0.2121,4.42,0,2022-08-09
p_03185,Beauty,s_0466,1234,0.2879,4.15,0,2023-05-01
p_03186,Beauty,s_0443,1818,0.2638,4.36,1,2025-12-05
p_03187,Sports,s_0064,2934,0.2096,4.63,0,2025-08-29
p_03188,Pet,s_0194,432,0.2181,4.28,0,2021-03-15
p_03189,Kids,s_0297,1156,0.2068,4.74,0,2022-01-19
p_03190,Kids,s_0129,607,0.2319,4.15,0,2024-01-30
p_03191,Beauty,s_0196,1423,0.3461,4.09,1,2021-12-28
p_03192,Beauty,s_0399,304,0.3471,4.04,0,2023-07-26
p_03193,Fashion,s_0322,965,0.2489,4.31,0,2022-02-16
p_03194,Fashion,s_0591,1329,0.2746,4.82,0,2024-01-20
p_03195,FMCG,s_0429,232,0.1299,4.66,0,2022-04-19
p_03196,Electronics,s_0388,3700,0.1205,4.52,0,2022-10-07
p_03197,Electronics,s_0045,4164,0.04,4.85,0,2021-08-19
p_03198,Electronics,s_0185,2534,0.1011,4.26,0,2022-02-13
p_03199,Auto,s_0447,3414,0.1677,3.98,0,2023-12-25
p_03200,Auto,s_0689,1632,0.2423,4.72,0,2026-02-01
p_03201,FMCG,s_0562,461,0.1373,4.6,1,2026-01-30
p_03202,Home,s_0254,810,0.209,4.05,0,2024-08-03
p_03203,Home,s_0450,1508,0.1905,4.7,0,2024-01-26
p_03204,FMCG,s_0343,457,0.1346,4.83,0,2025-09-19
p_03205,Home,s_0274,2424,0.2271,4.12,0,2021-07-07
p_03206,Auto,s_0471,3329,0.175,4.46,0,2024-01-14
p_03207,Sports,s_0285,2028,0.1883,4.45,0,2021-05-23
p_03208,Kids,s_0104,1228,0.1845,4.53,0,2021-08-30
p_03209,Fashion,s_0338,905,0.3096,3.8,0,2021-05-02
p_03210,Electronics,s_0289,2723,0.0584,3.98,0,2024-06-10
p_03211,Fashion,s_0505,1723,0.2392,4.07,0,2023-12-27
p_03212,Electronics,s_0488,5991,0.04,5.0,0,2024-03-08
p_03213,Beauty,s_0682,996,0.3096,4.86,0,2023-10-11
p_03214,Sports,s_0193,2079,0.1543,4.05,0,2023-07-11
p_03215,Home,s_0224,1084,0.196,3.96,0,2022-09-25
p_03216,Fashion,s_0649,1902,0.2498,4.03,0,2021-01-19
p_03217,Fashion,s_0193,2142,0.2518,4.5,0,2022-02-22
p_03218,Home,s_0470,2650,0.1959,5.0,0,2023-09-20
p_03219,Auto,s_0290,2172,0.2032,4.62,0,2021-05-02
p_03220,Kids,s_0684,2871,0.2218,4.57,0,2024-06-04
p_03221,Fashion,s_0239,1177,0.2254,4.73,0,2021-10-24
p_03222,Electronics,s_0433,4260,0.1891,5.0,0,2022-07-28
p_03223,Kids,s_0686,2476,0.2455,4.2,0,2024-12-26
p_03224,Kids,s_0399,1679,0.1829,3.7,0,2022-10-22
p_03225,FMCG,s_0194,485,0.1216,4.23,0,2025-02-28
p_03226,Fashion,s_0015,3637,0.2962,4.7,0,2024-03-25
p_03227,Fashion,s_0313,1036,0.2649,4.51,0,2022-01-03
p_03228,Sports,s_0264,1817,0.282,4.6,0,2023-11-17
p_03229,Sports,s_0404,3655,0.2167,4.01,0,2025-11-24
p_03230,Fashion,s_0098,1604,0.1974,4.45,0,2021-02-23
p_03231,Electronics,s_0573,3590,0.0976,4.78,0,2023-03-11
p_03232,Electronics,s_0095,1819,0.1971,4.16,0,2021-09-14
p_03233,Pet,s_0124,1919,0.1362,4.64,0,2024-03-13
p_03234,Home,s_0519,2849,0.1565,3.93,0,2022-08-17
p_03235,Books,s_0241,282,0.1281,4.91,0,2023-06-18
p_03236,Kids,s_0217,1772,0.1908,4.07,0,2023-05-20
p_03237,Kids,s_0101,1703,0.2706,4.14,0,2021-02-03
p_03238,Sports,s_0488,986,0.1935,4.29,0,2021-02-06
p_03239,Sports,s_0549,833,0.2516,4.42,0,2021-05-07
p_03240,Kids,s_0189,1482,0.2079,4.45,0,2024-04-07
p_03241,Beauty,s_0054,1384,0.1677,4.36,0,2025-10-27
p_03242,Books,s_0327,203,0.1924,4.73,0,2022-12-06
p_03243,Beauty,s_0319,882,0.2699,4.44,0,2023-01-06
p_03244,Beauty,s_0008,858,0.3245,4.02,0,2022-03-23
p_03245,Electronics,s_0684,4052,0.0865,4.44,0,2022-07-14
p_03246,Electronics,s_0656,8983,0.2049,4.63,0,2021-04-10
p_03247,Pet,s_0318,680,0.2585,4.38,0,2021-07-09
p_03248,Home,s_0590,5177,0.2091,4.32,0,2025-09-27
p_03249,FMCG,s_0115,178,0.2425,4.97,0,2024-07-17
p_03250,Fashion,s_0382,1700,0.1961,4.85,1,2024-07-13
p_03251,Electronics,s_0223,5763,0.1161,4.13,0,2024-08-20
p_03252,Home,s_0185,1702,0.2088,4.61,0,2021-03-04
p_03253,Home,s_0106,1708,0.1693,3.74,0,2024-11-14
p_03254,Fashion,s_0426,1795,0.2126,4.43,0,2024-07-12
p_03255,FMCG,s_0684,220,0.1154,5.0,0,2023-03-22
p_03256,Auto,s_0517,4783,0.1261,4.35,0,2021-01-29
p_03257,Fashion,s_0493,1453,0.2759,4.97,0,2022-06-21
p_03258,Pet,s_0022,638,0.2238,4.49,1,2024-01-28
p_03259,FMCG,s_0479,508,0.131,4.7,0,2025-10-07
p_03260,FMCG,s_0515,833,0.1652,5.0,0,2025-07-26
p_03261,Beauty,s_0295,1213,0.2598,4.7,0,2021-09-13
p_03262,Books,s_0269,238,0.0995,4.48,0,2025-10-01
p_03263,Kids,s_0679,813,0.2231,4.39,0,2022-06-25
p_03264,Kids,s_0206,1428,0.2479,4.68,0,2023-11-23
p_03265,Books,s_0662,963,0.2288,4.7,0,2021-06-06
p_03266,Home,s_0087,971,0.1978,4.45,0,2023-07-10
p_03267,Home,s_0466,3140,0.1544,4.86,0,2025-04-13
p_03268,Beauty,s_0237,1455,0.2292,4.22,0,2024-03-30
p_03269,Fashion,s_0430,811,0.2049,4.76,0,2024-06-05
p_03270,Kids,s_0492,2785,0.2023,4.79,0,2023-04-26
p_03271,FMCG,s_0360,445,0.1901,4.54,0,2024-01-28
p_03272,Beauty,s_0092,236,0.2784,4.47,0,2025-05-31
p_03273,FMCG,s_0192,331,0.1366,4.42,0,2023-10-03
p_03274,Auto,s_0509,1429,0.1511,4.23,0,2023-02-25
p_03275,Pet,s_0163,988,0.1814,5.0,0,2024-05-18
p_03276,Kids,s_0383,1128,0.1745,4.79,0,2025-03-08
p_03277,Fashion,s_0359,1571,0.2365,4.28,0,2022-08-18
p_03278,Home,s_0645,4329,0.171,5.0,0,2024-04-24
p_03279,Fashion,s_0331,928,0.2195,5.0,0,2021-03-01
p_03280,Sports,s_0696,1333,0.2726,3.71,0,2025-09-13
p_03281,Beauty,s_0440,815,0.3244,4.04,0,2021-10-24
p_03282,Beauty,s_0334,487,0.3202,4.78,0,2021-03-29
p_03283,Auto,s_0115,3286,0.2007,4.61,0,2023-01-08
p_03284,Auto,s_0451,2653,0.2036,4.18,0,2021-06-28
p_03285,Auto,s_0318,1735,0.1644,4.95,0,2025-06-27
p_03286,Home,s_0511,2013,0.1745,4.21,0,2021-11-01
p_03287,Beauty,s_0132,429,0.3484,4.28,0,2023-02-27
p_03288,Electronics,s_0426,3822,0.1927,4.35,0,2025-02-06
p_03289,Electronics,s_0042,5754,0.0886,3.93,0,2022-07-28
p_03290,Electronics,s_0054,1296,0.1671,4.43,0,2022-03-07
p_03291,Fashion,s_0088,1583,0.1504,5.0,1,2026-03-05
p_03292,Beauty,s_0143,1222,0.2676,3.79,0,2022-03-18
p_03293,Beauty,s_0061,354,0.278,4.45,0,2021-08-17
p_03294,Home,s_0673,1572,0.2022,4.65,0,2023-07-01
p_03295,Fashion,s_0180,854,0.2252,4.5,0,2023-02-14
p_03296,Sports,s_0399,941,0.2145,4.54,0,2023-10-29
p_03297,Home,s_0399,989,0.2285,3.86,0,2021-06-10
p_03298,Beauty,s_0191,456,0.2393,4.28,0,2021-10-01
p_03299,Home,s_0454,1179,0.2151,4.34,0,2024-09-08
p_03300,Beauty,s_0612,617,0.2762,4.82,1,2021-08-17
p_03301,Auto,s_0474,1196,0.1984,4.98,0,2021-04-21
p_03302,FMCG,s_0214,357,0.1602,4.13,0,2026-03-14
p_03303,Electronics,s_0429,3241,0.1984,4.47,1,2022-04-11
p_03304,Fashion,s_0458,3452,0.2624,4.86,0,2024-10-27
p_03305,Kids,s_0673,2309,0.1896,4.58,0,2022-10-13
p_03306,Home,s_0438,1843,0.2151,4.27,0,2025-09-24
p_03307,Books,s_0402,396,0.0746,4.1,0,2022-02-20
p_03308,FMCG,s_0438,633,0.1353,4.43,0,2025-08-11
p_03309,FMCG,s_0626,327,0.0821,4.36,0,2025-07-03
p_03310,Kids,s_0493,1183,0.2197,4.28,0,2021-06-09
p_03311,FMCG,s_0075,604,0.1387,4.64,0,2023-12-13
p_03312,Fashion,s_0387,1815,0.2556,4.34,0,2021-08-19
p_03313,Electronics,s_0608,7426,0.114,4.22,0,2021-02-07
p_03314,Sports,s_0673,866,0.3718,4.83,0,2023-02-11
p_03315,FMCG,s_0496,1736,0.0503,4.62,0,2022-03-19
p_03316,Pet,s_0202,291,0.2357,3.95,0,2023-01-11
p_03317,Home,s_0073,2751,0.2016,4.14,0,2022-06-11
p_03318,FMCG,s_0440,210,0.201,4.36,0,2025-05-28
p_03319,Home,s_0279,2164,0.2277,4.14,0,2025-12-12
p_03320,Electronics,s_0560,3706,0.1706,4.58,0,2023-05-10
p_03321,Fashion,s_0582,2439,0.2279,4.75,0,2024-09-15
p_03322,Auto,s_0102,2986,0.1127,3.97,0,2024-05-13
p_03323,Beauty,s_0581,1096,0.2707,4.86,0,2024-02-27
p_03324,Auto,s_0525,1415,0.2899,4.27,1,2024-02-23
p_03325,Home,s_0690,931,0.1856,4.07,0,2022-08-11
p_03326,Pet,s_0286,1032,0.2381,4.46,0,2024-10-25
p_03327,Sports,s_0032,642,0.2975,4.82,0,2024-04-19
p_03328,Sports,s_0634,536,0.2686,5.0,1,2022-11-24
p_03329,Home,s_0612,1589,0.2645,4.53,1,2021-08-03
p_03330,Auto,s_0216,1980,0.1865,4.45,0,2025-08-14
p_03331,Fashion,s_0483,832,0.2336,4.81,0,2021-02-08
p_03332,Beauty,s_0580,2169,0.2504,4.19,0,2021-10-07
p_03333,Auto,s_0480,4297,0.2018,3.79,0,2023-04-16
p_03334,Electronics,s_0297,1871,0.1035,3.97,0,2022-12-04
p_03335,Beauty,s_0626,606,0.2417,3.9,0,2023-03-08
p_03336,Kids,s_0385,1462,0.1846,4.0,0,2025-10-30
p_03337,Fashion,s_0165,1949,0.235,4.34,0,2021-07-13
p_03338,Home,s_0140,1167,0.2887,4.62,0,2025-10-29
p_03339,FMCG,s_0312,1219,0.1679,4.97,0,2024-08-31
p_03340,FMCG,s_0367,319,0.1548,4.73,0,2025-10-21
p_03341,Sports,s_0658,815,0.2029,4.28,0,2024-05-09
p_03342,Electronics,s_0640,3198,0.1169,4.09,0,2024-01-29
p_03343,Fashion,s_0011,1522,0.2915,4.61,0,2024-08-05
p_03344,Fashion,s_0047,560,0.2647,4.33,0,2026-02-14
p_03345,Beauty,s_0260,429,0.1966,4.22,0,2025-09-15
p_03346,Kids,s_0457,1429,0.211,4.17,0,2024-08-17
p_03347,Fashion,s_0117,2527,0.2811,4.68,1,2021-12-11
p_03348,Sports,s_0565,1037,0.2254,4.34,1,2022-07-31
p_03349,Sports,s_0319,3981,0.1462,4.32,0,2021-05-29
p_03350,Fashion,s_0661,939,0.1955,4.01,0,2023-06-05
p_03351,Auto,s_0562,1074,0.127,4.52,0,2021-05-26
p_03352,Electronics,s_0031,4741,0.1085,4.07,0,2023-02-12
p_03353,FMCG,s_0509,298,0.2179,4.57,0,2021-07-25
p_03354,Electronics,s_0564,2894,0.0692,4.64,0,2024-11-30
p_03355,FMCG,s_0165,342,0.0963,4.96,0,2022-07-11
p_03356,Pet,s_0422,559,0.1627,4.5,0,2021-07-02
p_03357,Fashion,s_0620,1143,0.3014,4.14,0,2022-05-21
p_03358,Beauty,s_0354,502,0.3075,4.47,0,2023-08-21
p_03359,Auto,s_0368,1070,0.2698,4.46,0,2024-02-15
p_03360,Kids,s_0037,419,0.2108,4.15,0,2025-12-19
p_03361,Kids,s_0311,1203,0.1498,4.6,0,2022-10-24
p_03362,FMCG,s_0222,629,0.1106,4.48,0,2025-09-14
p_03363,Beauty,s_0612,967,0.2028,4.53,1,2025-11-27
p_03364,Fashion,s_0508,881,0.155,4.95,0,2021-03-13
p_03365,Pet,s_0259,675,0.238,4.59,0,2024-10-08
p_03366,Fashion,s_0305,1948,0.2899,4.69,0,2021-07-14
p_03367,Fashion,s_0015,3824,0.1416,3.88,0,2024-05-17
p_03368,Home,s_0153,948,0.2476,4.74,0,2022-07-18
p_03369,Beauty,s_0359,1824,0.306,4.57,0,2021-06-03
p_03370,Beauty,s_0172,1651,0.2325,4.74,0,2022-08-11
p_03371,Books,s_0103,366,0.2142,3.74,0,2022-08-22
p_03372,Kids,s_0583,700,0.166,4.58,0,2025-12-22
p_03373,Kids,s_0434,1592,0.1688,4.36,0,2023-07-09
p_03374,Auto,s_0048,4816,0.1502,4.33,0,2022-07-23
p_03375,FMCG,s_0490,381,0.1715,4.65,0,2024-08-10
p_03376,Sports,s_0447,1221,0.2005,4.27,0,2025-04-06
p_03377,Fashion,s_0251,1857,0.2387,4.48,0,2025-04-27
p_03378,Sports,s_0548,237,0.2748,4.57,1,2023-02-27
p_03379,Electronics,s_0434,12306,0.1861,3.73,0,2024-09-01
p_03380,Beauty,s_0322,646,0.3273,4.76,0,2024-10-15
p_03381,Home,s_0221,863,0.1984,4.4,0,2023-02-27
p_03382,Kids,s_0357,1229,0.143,5.0,1,2022-06-21
p_03383,Auto,s_0114,774,0.1454,4.91,0,2024-11-04
p_03384,Fashion,s_0609,1890,0.3241,4.29,0,2022-04-23
p_03385,Auto,s_0048,4878,0.2167,4.48,0,2024-02-24
p_03386,Home,s_0297,736,0.132,4.56,0,2021-06-24
p_03387,Home,s_0483,2596,0.2112,4.49,0,2022-06-06
p_03388,Home,s_0049,1010,0.137,4.99,0,2024-09-14
p_03389,Home,s_0541,1559,0.2379,4.29,0,2024-02-04
p_03390,Sports,s_0461,2931,0.2163,4.78,0,2023-09-26
p_03391,Electronics,s_0419,3213,0.1653,3.93,0,2025-01-17
p_03392,FMCG,s_0089,126,0.1738,4.61,0,2023-10-29
p_03393,Books,s_0241,197,0.1729,4.43,0,2023-11-03
p_03394,Electronics,s_0493,5464,0.1251,4.77,1,2024-12-02
p_03395,Fashion,s_0346,2185,0.3075,4.46,0,2024-07-25
p_03396,Home,s_0046,1409,0.2551,5.0,0,2022-05-17
p_03397,FMCG,s_0259,487,0.1377,4.65,0,2023-12-18
p_03398,FMCG,s_0613,611,0.0682,4.32,0,2023-09-08
p_03399,Beauty,s_0685,623,0.2859,4.38,0,2025-11-25
p_03400,Fashion,s_0589,1569,0.2889,4.32,0,2021-10-07
p_03401,Fashion,s_0500,1745,0.1475,4.3,0,2021-03-16
p_03402,Electronics,s_0606,5002,0.1296,4.16,0,2023-04-28
p_03403,Electronics,s_0109,2154,0.1417,3.88,1,2021-10-09
p_03404,Books,s_0407,574,0.2175,4.01,0,2024-03-03
p_03405,Kids,s_0173,1159,0.2245,3.71,0,2023-12-11
p_03406,Kids,s_0677,1854,0.1828,4.41,0,2024-03-10
p_03407,FMCG,s_0138,237,0.1762,4.23,0,2023-04-02
p_03408,Sports,s_0399,715,0.236,3.97,0,2021-01-30
p_03409,Beauty,s_0185,1041,0.269,4.53,0,2024-01-30
p_03410,Fashion,s_0295,2065,0.2207,4.37,0,2022-08-29
p_03411,Sports,s_0581,3796,0.2623,4.38,0,2024-07-27
p_03412,Beauty,s_0187,4317,0.2699,4.97,0,2025-07-24
p_03413,Kids,s_0118,1318,0.2388,4.23,0,2024-05-01
p_03414,Pet,s_0678,345,0.2178,4.79,0,2022-09-14
p_03415,Electronics,s_0458,6197,0.0818,3.93,0,2021-08-24
p_03416,Home,s_0661,1763,0.1594,3.84,0,2024-06-27
p_03417,Home,s_0028,1417,0.2027,4.54,0,2026-01-05
p_03418,Home,s_0463,955,0.202,4.91,0,2023-01-21
p_03419,Kids,s_0566,1108,0.269,4.53,0,2022-04-29
p_03420,Kids,s_0518,1095,0.1709,5.0,0,2021-07-04
p_03421,Fashion,s_0507,1817,0.2296,4.22,0,2025-12-02
p_03422,Electronics,s_0305,2504,0.1128,4.12,0,2022-12-19
p_03423,Electronics,s_0347,5135,0.1115,4.53,1,2025-09-08
p_03424,Kids,s_0270,999,0.2083,4.77,0,2023-10-10
p_03425,Kids,s_0587,852,0.183,4.52,0,2025-06-19
p_03426,Beauty,s_0690,174,0.2511,3.98,0,2024-02-19
p_03427,Electronics,s_0135,1740,0.1295,4.06,0,2022-04-04
p_03428,Home,s_0561,2773,0.1514,4.76,0,2021-04-14
p_03429,Books,s_0677,289,0.1759,4.33,0,2022-01-08
p_03430,Home,s_0643,2594,0.242,4.43,0,2025-07-22
p_03431,Electronics,s_0269,3231,0.084,4.82,0,2026-03-02
p_03432,Fashion,s_0331,1329,0.2234,4.26,0,2022-11-07
p_03433,Sports,s_0131,1052,0.208,4.37,0,2025-05-16
p_03434,Books,s_0137,276,0.2334,4.15,1,2025-04-14
p_03435,Sports,s_0169,2026,0.162,4.95,0,2025-12-10
p_03436,Home,s_0662,1739,0.216,4.76,0,2025-09-19
p_03437,Home,s_0351,2631,0.1979,4.13,1,2022-03-01
p_03438,Auto,s_0026,1162,0.0771,4.7,0,2025-06-28
p_03439,Home,s_0644,1299,0.1948,4.49,1,2023-12-26
p_03440,Sports,s_0264,1089,0.3059,4.02,1,2023-01-24
p_03441,Electronics,s_0238,3894,0.0637,4.85,1,2024-07-29
p_03442,Fashion,s_0336,1834,0.1397,4.23,0,2025-03-30
p_03443,Electronics,s_0087,3743,0.1427,3.87,0,2024-03-07
p_03444,Books,s_0591,352,0.1782,4.85,0,2022-12-07
p_03445,Electronics,s_0449,1874,0.1499,4.19,0,2024-10-13
p_03446,FMCG,s_0433,292,0.2061,5.0,0,2021-11-21
p_03447,Home,s_0045,3508,0.3136,4.37,0,2025-09-09
p_03448,Pet,s_0278,2759,0.1332,4.81,0,2021-07-12
p_03449,Electronics,s_0202,6469,0.1369,4.52,0,2021-11-01
p_03450,Kids,s_0294,1555,0.2243,4.78,0,2025-12-21
p_03451,Fashion,s_0213,1050,0.2283,4.73,0,2025-01-11
p_03452,Fashion,s_0568,1173,0.2362,4.72,0,2025-04-06
p_03453,Electronics,s_0092,7112,0.0551,4.36,0,2023-08-26
p_03454,Auto,s_0454,2366,0.1855,4.31,0,2023-07-02
p_03455,Home,s_0160,3788,0.1273,4.58,0,2026-02-02
p_03456,Electronics,s_0086,9335,0.1544,4.14,0,2022-02-15
p_03457,Fashion,s_0416,1439,0.1961,4.82,0,2023-12-18
p_03458,Beauty,s_0558,151,0.286,5.0,0,2025-10-08
p_03459,Fashion,s_0198,1422,0.2829,3.86,0,2022-12-04
p_03460,Home,s_0614,2327,0.1957,4.13,0,2024-01-08
p_03461,Beauty,s_0639,818,0.3347,5.0,0,2022-09-05
p_03462,Electronics,s_0347,1544,0.04,4.1,0,2021-06-22
p_03463,Fashion,s_0395,1205,0.2021,4.43,0,2026-03-12
p_03464,Fashion,s_0528,952,0.301,5.0,0,2024-07-22
p_03465,Fashion,s_0103,546,0.2434,4.44,0,2024-02-06
p_03466,FMCG,s_0446,442,0.1894,3.97,0,2024-06-20
p_03467,Fashion,s_0182,1087,0.2025,4.53,0,2024-07-08
p_03468,Sports,s_0080,3316,0.3086,4.52,0,2023-05-15
p_03469,Beauty,s_0017,825,0.3044,4.78,0,2025-04-11
p_03470,Fashion,s_0268,1638,0.2699,4.39,0,2025-04-15
p_03471,FMCG,s_0519,284,0.1827,4.27,0,2022-09-28
p_03472,Kids,s_0116,2028,0.2302,4.78,0,2022-11-19
p_03473,Books,s_0058,107,0.1564,4.71,0,2025-01-16
p_03474,Electronics,s_0242,5935,0.206,3.92,0,2025-11-23
p_03475,Beauty,s_0333,355,0.3224,3.72,0,2023-02-17
p_03476,Kids,s_0191,615,0.2426,4.37,0,2024-08-06
p_03477,Fashion,s_0292,1001,0.2847,3.93,0,2024-06-28
p_03478,Fashion,s_0490,1170,0.2572,4.2,0,2025-11-20
p_03479,Sports,s_0526,980,0.2171,4.78,0,2025-09-21
p_03480,Beauty,s_0462,729,0.2581,4.77,0,2021-11-06
p_03481,Home,s_0376,1875,0.1744,4.69,0,2022-03-15
p_03482,Auto,s_0207,3632,0.1499,4.44,0,2024-08-13
p_03483,Home,s_0039,1555,0.236,3.89,0,2021-11-09
p_03484,FMCG,s_0034,207,0.1402,4.48,0,2021-11-09
p_03485,Fashion,s_0361,3193,0.2712,4.43,0,2023-04-14
p_03486,Home,s_0045,1513,0.1246,3.72,0,2025-10-03
p_03487,Electronics,s_0187,2104,0.1132,4.31,0,2022-03-16
p_03488,Home,s_0626,3440,0.1789,4.82,0,2022-10-06
p_03489,Beauty,s_0503,497,0.314,4.88,0,2023-03-17
p_03490,Beauty,s_0643,524,0.2445,4.75,0,2024-07-01
p_03491,Fashion,s_0465,1639,0.2879,4.97,0,2022-03-12
p_03492,Sports,s_0381,605,0.2125,4.56,0,2024-10-30
p_03493,Kids,s_0463,573,0.2037,4.93,0,2024-11-17
p_03494,Home,s_0315,1533,0.185,3.83,0,2022-01-31
p_03495,Electronics,s_0519,4145,0.0892,4.15,0,2023-07-12
p_03496,Pet,s_0546,608,0.1475,4.11,0,2025-09-24
p_03497,Auto,s_0496,3651,0.2549,4.39,0,2024-05-08
p_03498,Electronics,s_0556,5079,0.1974,3.88,1,2025-02-15
p_03499,FMCG,s_0085,577,0.1341,4.62,0,2023-05-03
p_03500,Kids,s_0038,1489,0.1939,4.3,1,2022-06-29
p_03501,Auto,s_0076,2101,0.1999,4.54,0,2025-09-25
p_03502,Home,s_0014,1040,0.2113,4.98,0,2022-10-19
p_03503,Beauty,s_0517,794,0.2968,4.76,0,2025-11-30
p_03504,Fashion,s_0103,1086,0.281,4.01,0,2021-07-19
p_03505,Home,s_0046,3443,0.2184,4.67,1,2023-07-12
p_03506,Pet,s_0138,822,0.2495,4.23,0,2025-07-30
p_03507,Books,s_0205,434,0.1402,4.79,0,2023-12-08
p_03508,Fashion,s_0137,1574,0.2618,4.5,0,2021-03-17
p_03509,Fashion,s_0033,607,0.2644,4.56,0,2025-05-10
p_03510,Electronics,s_0627,1556,0.1554,3.87,0,2023-03-14
p_03511,Beauty,s_0211,521,0.2564,4.36,0,2023-08-08
p_03512,Books,s_0062,304,0.1472,5.0,0,2022-04-29
p_03513,Pet,s_0441,275,0.1753,4.26,0,2025-12-18
p_03514,Home,s_0384,1172,0.1197,4.66,0,2025-03-16
p_03515,Beauty,s_0275,723,0.2899,4.32,0,2021-08-09
p_03516,Electronics,s_0512,2062,0.0631,4.4,0,2021-07-01
p_03517,Home,s_0512,1953,0.262,4.31,0,2023-01-23
p_03518,Home,s_0084,2376,0.092,4.41,0,2024-09-11
p_03519,Beauty,s_0130,207,0.2698,4.14,0,2022-11-21
p_03520,Electronics,s_0242,6186,0.1287,4.65,0,2023-03-29
p_03521,Electronics,s_0509,8276,0.0985,4.4,0,2026-02-05
p_03522,Kids,s_0439,297,0.1966,4.94,0,2022-01-16
p_03523,Kids,s_0164,881,0.1954,4.55,0,2021-02-18
p_03524,Electronics,s_0547,21926,0.0478,4.09,0,2025-10-24
p_03525,Electronics,s_0501,1089,0.1859,3.77,0,2023-06-15
p_03526,Electronics,s_0663,2815,0.0597,4.43,0,2023-02-10
p_03527,Kids,s_0177,1913,0.1876,4.53,0,2021-03-02
p_03528,FMCG,s_0038,279,0.1386,4.69,0,2023-06-22
p_03529,Books,s_0274,156,0.1711,4.86,0,2023-11-06
p_03530,Auto,s_0360,2688,0.1392,4.3,0,2021-01-12
p_03531,Fashion,s_0255,568,0.1715,4.43,0,2024-07-21
p_03532,Sports,s_0207,1588,0.1574,4.62,0,2025-10-09
p_03533,Pet,s_0070,723,0.1616,4.74,0,2024-06-12
p_03534,Kids,s_0411,1669,0.1611,4.42,0,2022-05-30
p_03535,Kids,s_0118,910,0.244,4.14,0,2022-03-25
p_03536,Electronics,s_0542,1763,0.1058,4.33,0,2022-12-30
p_03537,Fashion,s_0567,2874,0.2483,4.53,0,2024-06-22
p_03538,Home,s_0098,429,0.179,4.48,0,2021-07-26
p_03539,Beauty,s_0270,663,0.2192,4.53,0,2021-04-26
p_03540,Fashion,s_0320,2455,0.2083,4.6,0,2024-11-18
p_03541,Books,s_0204,317,0.1311,4.95,0,2023-11-05
p_03542,Fashion,s_0194,1597,0.1669,3.89,0,2021-06-09
p_03543,Fashion,s_0455,2052,0.21,4.63,1,2024-06-04
p_03544,Electronics,s_0408,2600,0.1488,4.78,0,2025-04-23
p_03545,FMCG,s_0017,335,0.1244,3.82,0,2025-04-09
p_03546,Auto,s_0033,2098,0.2421,4.67,0,2022-08-13
p_03547,Kids,s_0094,898,0.2136,4.52,0,2021-12-31
p_03548,Sports,s_0166,2399,0.1694,4.2,0,2025-05-02
p_03549,Sports,s_0085,1187,0.3059,3.98,0,2024-08-15
p_03550,Home,s_0188,4747,0.2233,4.71,0,2025-03-18
p_03551,Home,s_0642,2375,0.1589,4.76,0,2022-07-24
p_03552,Home,s_0052,703,0.2519,3.98,0,2022-02-09
p_03553,Fashion,s_0389,855,0.2145,4.07,0,2024-07-07
p_03554,Home,s_0393,971,0.2168,4.66,0,2021-12-19
p_03555,Kids,s_0439,1052,0.168,4.31,0,2021-02-21
p_03556,FMCG,s_0118,393,0.1526,4.38,0,2023-09-24
p_03557,Kids,s_0151,1732,0.222,4.67,0,2021-03-11
p_03558,Beauty,s_0011,788,0.3026,3.98,0,2024-08-17
p_03559,Fashion,s_0664,1273,0.1776,4.67,0,2021-09-24
p_03560,FMCG,s_0334,477,0.1565,4.5,0,2024-04-08
p_03561,Beauty,s_0344,605,0.3036,4.64,0,2023-05-08
p_03562,Home,s_0579,2484,0.2334,5.0,0,2021-08-24
p_03563,Kids,s_0649,1107,0.2805,4.89,0,2021-04-19
p_03564,Beauty,s_0240,727,0.1684,4.38,0,2021-01-31
p_03565,Books,s_0156,511,0.197,4.09,0,2023-12-15
p_03566,Kids,s_0561,1474,0.2279,3.77,0,2021-06-06
p_03567,Home,s_0135,1158,0.3038,3.84,1,2021-08-12
p_03568,FMCG,s_0339,453,0.1851,4.74,0,2022-05-04
p_03569,Fashion,s_0022,1464,0.2496,4.36,0,2022-12-17
p_03570,Beauty,s_0506,610,0.2407,4.01,0,2026-01-22
p_03571,Home,s_0689,4828,0.2404,4.58,0,2023-01-11
p_03572,Fashion,s_0049,855,0.2483,4.5,0,2025-05-28
p_03573,Home,s_0092,1945,0.1328,4.94,0,2024-06-15
p_03574,Beauty,s_0258,426,0.2523,4.06,0,2025-05-23
p_03575,Fashion,s_0420,1538,0.3217,4.19,0,2024-06-30
p_03576,Home,s_0373,4013,0.1963,4.33,0,2025-01-16
p_03577,Home,s_0457,915,0.1947,4.64,0,2022-10-22
p_03578,Pet,s_0428,2304,0.1742,4.81,1,2023-10-06
p_03579,Electronics,s_0066,8197,0.1833,4.23,0,2021-10-31
p_03580,Home,s_0132,4269,0.1938,4.06,0,2023-07-29
p_03581,Home,s_0436,1191,0.1675,4.46,0,2023-03-30
p_03582,Electronics,s_0364,1605,0.0974,4.5,0,2023-05-07
p_03583,Beauty,s_0138,1044,0.2758,4.42,0,2023-03-07
p_03584,Kids,s_0257,919,0.2466,4.61,0,2026-01-03
p_03585,Electronics,s_0588,8967,0.1043,5.0,0,2022-10-14
p_03586,Home,s_0092,1087,0.2089,4.23,1,2024-08-12
p_03587,FMCG,s_0208,467,0.1839,3.97,1,2024-05-24
p_03588,Books,s_0682,113,0.2548,3.89,0,2021-02-09
p_03589,Sports,s_0668,505,0.2159,4.61,0,2023-07-27
p_03590,FMCG,s_0566,495,0.1995,3.69,0,2022-07-16
p_03591,Fashion,s_0103,1951,0.1943,4.59,0,2022-12-29
p_03592,Books,s_0125,326,0.1807,4.74,0,2023-06-13
p_03593,Home,s_0278,756,0.1469,4.86,0,2021-01-21
p_03594,FMCG,s_0393,301,0.1273,4.03,0,2023-08-26
p_03595,Auto,s_0675,1856,0.2042,4.14,0,2021-01-30
p_03596,Books,s_0178,137,0.2849,4.59,0,2024-04-07
p_03597,Fashion,s_0046,2104,0.1732,5.0,0,2025-09-03
p_03598,FMCG,s_0213,649,0.067,4.38,0,2023-12-19
p_03599,FMCG,s_0173,1008,0.1416,4.06,0,2024-04-12
p_03600,Books,s_0346,239,0.1927,4.31,0,2022-10-13
p_03601,Kids,s_0660,701,0.1669,3.89,0,2024-01-15
p_03602,Books,s_0519,204,0.1772,4.78,0,2024-06-05
p_03603,Auto,s_0553,1190,0.1733,4.35,0,2024-03-12
p_03604,Fashion,s_0251,891,0.1484,4.27,0,2024-10-30
p_03605,Electronics,s_0661,4492,0.0986,4.08,1,2023-09-08
p_03606,Kids,s_0140,1459,0.2246,4.23,0,2025-12-09
p_03607,Beauty,s_0487,1421,0.2728,3.89,0,2025-08-16
p_03608,Electronics,s_0101,1260,0.1245,4.77,0,2021-03-05
p_03609,Fashion,s_0385,508,0.2073,4.37,0,2025-04-08
p_03610,Kids,s_0193,645,0.2233,4.43,0,2022-09-21
p_03611,Home,s_0209,4791,0.2096,5.0,0,2025-01-25
p_03612,Sports,s_0593,913,0.2187,4.7,0,2022-09-07
p_03613,Books,s_0143,714,0.182,4.53,0,2021-12-23
p_03614,Fashion,s_0550,1517,0.3065,4.54,0,2021-09-09
p_03615,Electronics,s_0337,3614,0.0887,4.35,0,2022-05-29
p_03616,Auto,s_0112,3903,0.1301,3.65,0,2022-04-30
p_03617,Electronics,s_0039,3234,0.1404,3.79,0,2025-09-23
p_03618,Sports,s_0049,678,0.1992,4.54,0,2024-09-26
p_03619,Pet,s_0174,881,0.1616,4.69,0,2025-09-28
p_03620,Kids,s_0583,2604,0.2904,4.1,0,2023-11-24
p_03621,FMCG,s_0302,391,0.105,4.0,0,2025-11-26
p_03622,Home,s_0625,1671,0.17,3.98,0,2024-11-04
p_03623,Fashion,s_0190,1357,0.2906,4.46,0,2024-07-14
p_03624,Kids,s_0292,1423,0.2216,4.22,0,2023-02-28
p_03625,Fashion,s_0309,539,0.1584,4.51,0,2023-05-01
p_03626,FMCG,s_0164,611,0.1497,4.09,1,2025-05-03
p_03627,Auto,s_0126,1584,0.16,3.86,0,2024-09-10
p_03628,FMCG,s_0285,487,0.1472,4.89,0,2022-10-02
p_03629,Home,s_0253,1770,0.1506,4.62,0,2021-02-04
p_03630,Kids,s_0124,759,0.2268,4.7,0,2024-06-15
p_03631,Auto,s_0235,1011,0.1749,4.51,0,2025-10-20
p_03632,Home,s_0325,678,0.158,4.17,0,2024-08-12
p_03633,Home,s_0484,3139,0.2643,4.66,0,2023-06-26
p_03634,Sports,s_0484,930,0.2204,4.16,0,2021-01-09
p_03635,Books,s_0157,318,0.2117,4.15,0,2024-06-05
p_03636,Sports,s_0107,914,0.207,4.86,0,2023-05-18
p_03637,Beauty,s_0015,627,0.3001,4.92,0,2021-04-08
p_03638,Home,s_0563,774,0.2287,4.26,0,2022-07-13
p_03639,Electronics,s_0250,3728,0.1119,4.22,0,2021-11-06
p_03640,Electronics,s_0341,2905,0.1529,4.05,0,2026-02-05
p_03641,Electronics,s_0462,4561,0.1159,4.27,0,2021-03-03
p_03642,Home,s_0577,491,0.1689,4.49,0,2025-08-12
p_03643,Electronics,s_0590,2588,0.1402,4.32,1,2024-04-06
p_03644,Pet,s_0606,579,0.1231,4.82,0,2022-07-08
p_03645,FMCG,s_0408,296,0.1592,4.43,0,2024-08-06
p_03646,Sports,s_0125,3087,0.2469,3.85,1,2021-11-09
p_03647,Beauty,s_0627,659,0.4035,4.51,0,2024-04-03
p_03648,Auto,s_0333,3474,0.1909,4.43,0,2023-01-06
p_03649,Fashion,s_0199,3207,0.2342,5.0,0,2025-12-09
p_03650,FMCG,s_0055,277,0.1467,4.68,0,2022-12-01
p_03651,Kids,s_0613,765,0.1925,4.26,0,2025-07-31
p_03652,Kids,s_0348,1522,0.1633,5.0,0,2025-11-06
p_03653,Fashion,s_0371,719,0.2058,3.89,0,2023-09-11
p_03654,Fashion,s_0147,2293,0.2057,4.39,0,2025-07-27
p_03655,FMCG,s_0121,970,0.1189,4.39,0,2023-11-21
p_03656,Fashion,s_0671,1602,0.1918,4.43,0,2022-11-18
p_03657,Sports,s_0105,1449,0.169,4.63,0,2025-01-23
p_03658,Auto,s_0085,1020,0.1831,4.74,0,2025-09-06
p_03659,Fashion,s_0116,900,0.3116,4.62,0,2025-10-16
p_03660,Fashion,s_0421,3002,0.2038,4.44,0,2022-11-21
p_03661,Sports,s_0522,1273,0.2648,4.69,0,2024-03-07
p_03662,Books,s_0499,686,0.2337,4.26,1,2023-09-23
p_03663,Pet,s_0144,2990,0.1576,4.7,0,2023-07-13
p_03664,Home,s_0565,918,0.2349,3.65,0,2021-04-08
p_03665,FMCG,s_0649,301,0.2045,4.53,0,2021-04-08
p_03666,FMCG,s_0335,396,0.1029,4.79,0,2024-02-26
p_03667,Kids,s_0270,961,0.1632,4.84,0,2023-06-03
p_03668,Pet,s_0036,491,0.172,4.71,0,2023-12-01
p_03669,Auto,s_0110,1173,0.1508,4.37,0,2022-06-08
p_03670,Auto,s_0329,1240,0.1825,4.11,0,2023-07-01
p_03671,Fashion,s_0420,1925,0.2569,4.17,0,2026-01-31
p_03672,Electronics,s_0473,4289,0.0874,4.5,0,2024-01-11
p_03673,Auto,s_0188,1466,0.237,4.35,0,2024-12-23
p_03674,Beauty,s_0109,579,0.2683,4.9,0,2025-01-10
p_03675,Books,s_0434,575,0.1569,4.85,0,2025-08-27
p_03676,Electronics,s_0114,2364,0.0917,3.81,0,2023-12-18
p_03677,Auto,s_0075,2305,0.1342,4.39,0,2021-11-02
p_03678,FMCG,s_0190,778,0.1665,4.69,0,2026-02-27
p_03679,Auto,s_0695,2217,0.1545,4.12,0,2021-12-29
p_03680,Home,s_0104,1549,0.1836,4.08,0,2023-06-07
p_03681,Home,s_0119,4260,0.1922,4.18,0,2023-02-08
p_03682,Sports,s_0404,1925,0.2249,5.0,0,2023-09-12
p_03683,Books,s_0564,359,0.2195,4.4,0,2021-02-21
p_03684,Fashion,s_0272,585,0.2579,4.21,0,2022-03-18
p_03685,Fashion,s_0291,575,0.2268,4.01,0,2021-03-24
p_03686,Home,s_0359,5332,0.2215,4.75,0,2024-10-01
p_03687,Fashion,s_0357,1058,0.2685,4.6,0,2025-04-26
p_03688,Books,s_0566,411,0.1568,4.59,0,2022-09-30
p_03689,Beauty,s_0641,2203,0.2864,4.56,0,2023-09-28
p_03690,Home,s_0262,1071,0.2076,4.18,0,2024-08-05
p_03691,FMCG,s_0649,517,0.1259,4.69,0,2024-06-22
p_03692,Home,s_0070,2207,0.1167,4.93,0,2024-11-04
p_03693,Kids,s_0639,1726,0.2188,4.51,0,2021-08-03
p_03694,Home,s_0339,3611,0.1501,4.35,1,2023-02-25
p_03695,Sports,s_0501,558,0.2299,3.97,0,2023-09-29
p_03696,FMCG,s_0056,312,0.1862,4.33,0,2021-04-04
p_03697,Electronics,s_0534,6470,0.0855,4.1,0,2025-10-27
p_03698,Kids,s_0194,1183,0.1394,3.63,0,2021-04-09
p_03699,Beauty,s_0281,522,0.2185,3.73,0,2024-01-28
p_03700,Auto,s_0030,3122,0.2334,3.74,0,2026-01-17
p_03701,Home,s_0634,1720,0.2497,4.66,0,2026-01-11
p_03702,FMCG,s_0549,746,0.168,3.78,0,2022-12-21
p_03703,Sports,s_0225,493,0.2521,4.19,0,2023-11-27
p_03704,Fashion,s_0606,1644,0.2282,4.55,0,2025-06-02
p_03705,Sports,s_0310,1674,0.2627,4.47,0,2021-11-08
p_03706,Home,s_0226,1340,0.1569,4.08,0,2023-03-14
p_03707,Home,s_0654,581,0.2213,3.84,0,2026-01-04
p_03708,Books,s_0605,697,0.221,4.66,0,2024-02-15
p_03709,Beauty,s_0316,1091,0.2958,3.99,0,2023-07-14
p_03710,Home,s_0639,2229,0.2366,4.79,0,2021-03-27
p_03711,Kids,s_0066,1698,0.2082,4.33,0,2025-07-27
p_03712,Home,s_0648,1138,0.1887,4.55,0,2024-12-31
p_03713,Home,s_0105,2024,0.2097,4.63,0,2024-12-26
p_03714,Books,s_0606,806,0.2306,4.08,1,2023-11-05
p_03715,Electronics,s_0004,1082,0.1673,4.31,0,2024-01-21
p_03716,FMCG,s_0501,248,0.161,4.18,0,2024-05-25
p_03717,Kids,s_0026,1141,0.2082,5.0,0,2022-12-02
p_03718,Pet,s_0070,1327,0.1371,4.35,0,2024-05-10
p_03719,Home,s_0270,1483,0.1334,3.19,0,2022-08-13
p_03720,Electronics,s_0491,3175,0.208,4.46,0,2022-08-12
p_03721,Home,s_0559,1030,0.2174,4.37,0,2021-02-13
p_03722,Home,s_0269,7245,0.2244,4.6,0,2023-08-15
p_03723,Auto,s_0603,3606,0.1872,4.52,0,2024-06-24
p_03724,Beauty,s_0593,624,0.3372,5.0,0,2022-02-25
p_03725,Electronics,s_0672,5401,0.0476,4.09,0,2023-11-24
p_03726,Fashion,s_0131,1454,0.2874,4.4,0,2025-10-24
p_03727,Fashion,s_0035,1691,0.2544,4.44,0,2022-01-29
p_03728,FMCG,s_0300,153,0.0903,4.56,0,2024-05-10
p_03729,Home,s_0032,600,0.2844,4.55,0,2023-10-20
p_03730,FMCG,s_0291,154,0.1061,4.6,0,2022-03-01
p_03731,FMCG,s_0605,1356,0.105,4.86,0,2022-01-03
p_03732,Books,s_0065,272,0.2108,4.91,0,2023-06-26
p_03733,Kids,s_0537,1060,0.217,3.89,0,2025-08-22
p_03734,Beauty,s_0024,280,0.3501,4.71,0,2025-11-10
p_03735,Electronics,s_0353,3455,0.0788,4.28,0,2021-09-07
p_03736,Electronics,s_0692,1780,0.0783,4.67,0,2025-10-07
p_03737,Sports,s_0239,742,0.2528,4.29,0,2021-07-07
p_03738,Electronics,s_0347,3576,0.1541,4.21,0,2024-03-31
p_03739,Electronics,s_0033,4916,0.165,4.44,0,2025-02-11
p_03740,Fashion,s_0067,2592,0.1837,4.61,0,2021-05-06
p_03741,Electronics,s_0580,12432,0.1774,4.71,0,2021-10-07
p_03742,Books,s_0107,115,0.2223,4.51,0,2024-03-08
p_03743,Beauty,s_0600,850,0.2826,3.98,0,2021-01-11
p_03744,Home,s_0399,3211,0.1159,4.28,0,2021-06-20
p_03745,Fashion,s_0324,3140,0.2855,4.84,0,2024-11-14
p_03746,Home,s_0148,1178,0.1962,4.29,1,2025-09-29
p_03747,FMCG,s_0061,548,0.0623,4.71,0,2021-12-05
p_03748,Kids,s_0043,1011,0.1434,4.35,0,2023-09-22
p_03749,Sports,s_0254,825,0.2432,4.94,0,2021-01-08
p_03750,Sports,s_0658,1271,0.2268,4.27,0,2023-01-14
p_03751,Fashion,s_0302,1275,0.2635,4.26,0,2025-03-31
p_03752,Electronics,s_0410,2653,0.1693,4.77,0,2024-05-10
p_03753,Electronics,s_0540,1960,0.0762,4.56,0,2024-12-12
p_03754,Home,s_0281,1156,0.2181,4.64,1,2024-12-16
p_03755,Kids,s_0159,2318,0.2619,4.39,0,2025-06-18
p_03756,Fashion,s_0003,1275,0.2103,4.58,0,2025-09-21
p_03757,Beauty,s_0207,393,0.2898,4.33,0,2024-02-12
p_03758,Home,s_0319,7471,0.1808,4.71,0,2024-02-28
p_03759,Beauty,s_0034,1582,0.2888,5.0,0,2023-07-04
p_03760,Sports,s_0472,2034,0.2442,4.37,0,2022-10-02
p_03761,Electronics,s_0392,4534,0.0883,4.57,0,2021-04-09
p_03762,Fashion,s_0293,547,0.2659,4.6,0,2023-02-19
p_03763,Home,s_0102,879,0.2485,4.16,0,2026-02-25
p_03764,Home,s_0373,1907,0.2119,4.62,0,2023-06-27
p_03765,Kids,s_0130,1041,0.1326,3.7,0,2026-03-06
p_03766,Auto,s_0307,1714,0.2011,5.0,0,2022-12-04
p_03767,FMCG,s_0594,325,0.1225,4.27,0,2025-03-12
p_03768,Pet,s_0486,1442,0.1585,4.72,0,2022-05-04
p_03769,FMCG,s_0465,169,0.0932,3.9,1,2025-06-11
p_03770,Electronics,s_0024,3225,0.0776,4.26,0,2021-04-02
p_03771,Electronics,s_0344,8806,0.0894,4.34,0,2022-02-13
p_03772,Kids,s_0237,2285,0.2065,3.85,0,2025-02-08
p_03773,Electronics,s_0237,7385,0.1048,4.35,0,2024-03-12
p_03774,Electronics,s_0393,3719,0.1467,4.2,0,2021-01-20
p_03775,Kids,s_0338,1510,0.1573,4.97,0,2022-11-16
p_03776,Books,s_0388,417,0.2197,4.81,0,2022-09-08
p_03777,Electronics,s_0150,1778,0.1496,4.33,0,2021-08-02
p_03778,Fashion,s_0697,2903,0.2408,4.52,0,2022-04-24
p_03779,FMCG,s_0063,205,0.0982,4.2,0,2025-09-07
p_03780,Beauty,s_0062,601,0.2942,4.38,0,2025-09-10
p_03781,Pet,s_0115,878,0.155,3.89,0,2024-03-21
p_03782,Electronics,s_0099,5021,0.1125,3.9,0,2026-03-02
p_03783,Sports,s_0021,1267,0.2765,3.59,0,2022-06-04
p_03784,FMCG,s_0567,376,0.2199,4.43,0,2022-09-20
p_03785,Sports,s_0453,2502,0.2242,4.11,0,2022-01-16
p_03786,Kids,s_0332,2097,0.283,4.3,0,2023-10-02
p_03787,Fashion,s_0231,1314,0.2232,4.5,0,2025-12-23
p_03788,Home,s_0045,1024,0.1968,4.18,1,2021-09-01
p_03789,Kids,s_0511,1666,0.1799,4.18,0,2024-08-24
p_03790,Home,s_0013,1180,0.1042,4.07,0,2023-09-03
p_03791,Books,s_0013,723,0.2268,4.22,0,2024-05-05
p_03792,Fashion,s_0661,2852,0.271,4.38,0,2023-01-10
p_03793,Fashion,s_0117,1626,0.2257,4.61,0,2023-12-20
p_03794,Beauty,s_0353,676,0.2896,4.97,0,2021-07-18
p_03795,Auto,s_0221,2576,0.1676,4.19,0,2022-01-25
p_03796,Fashion,s_0510,793,0.2872,4.95,0,2024-09-16
p_03797,Fashion,s_0620,1776,0.1543,4.3,0,2024-03-18
p_03798,Pet,s_0101,1660,0.1808,4.86,0,2024-11-15
p_03799,Beauty,s_0014,595,0.3245,4.4,0,2022-03-12
p_03800,Sports,s_0099,2330,0.1848,4.36,0,2025-04-07
p_03801,Kids,s_0464,1614,0.2541,4.55,0,2022-04-26
p_03802,Sports,s_0137,2634,0.1746,4.27,0,2025-10-06
p_03803,Kids,s_0491,798,0.2166,4.14,0,2025-11-03
p_03804,Electronics,s_0127,6228,0.166,4.4,0,2022-08-31
p_03805,Electronics,s_0480,2464,0.1198,3.67,0,2024-12-10
p_03806,Pet,s_0173,1174,0.1695,4.54,0,2022-06-26
p_03807,Kids,s_0135,1555,0.2361,4.68,0,2022-02-24
p_03808,Home,s_0310,932,0.1445,5.0,0,2022-06-20
p_03809,Electronics,s_0327,2838,0.0744,4.63,0,2021-08-21
p_03810,Beauty,s_0597,224,0.2324,5.0,0,2022-02-07
p_03811,FMCG,s_0590,180,0.2236,4.63,0,2024-07-27
p_03812,Kids,s_0291,2609,0.1777,4.12,0,2023-01-24
p_03813,Home,s_0578,1443,0.225,4.25,0,2024-10-24
p_03814,Pet,s_0058,2580,0.2025,4.53,0,2023-02-03
p_03815,Fashion,s_0285,897,0.2013,3.43,0,2021-07-02
p_03816,Electronics,s_0384,3789,0.1774,4.87,0,2025-07-28
p_03817,Electronics,s_0145,3056,0.1802,4.23,0,2023-10-31
p_03818,Sports,s_0583,1508,0.2605,4.41,0,2022-10-11
p_03819,Home,s_0252,657,0.2179,4.82,0,2024-04-24
p_03820,Kids,s_0669,1249,0.2179,4.38,0,2024-08-04
p_03821,Home,s_0091,1822,0.151,4.39,1,2024-10-19
p_03822,Kids,s_0194,2497,0.2621,4.49,0,2024-09-25
p_03823,Sports,s_0094,1416,0.1734,3.83,0,2022-06-26
p_03824,Sports,s_0201,852,0.2411,3.8,0,2022-12-12
p_03825,Sports,s_0589,944,0.1594,5.0,0,2024-01-27
p_03826,Fashion,s_0032,1205,0.2344,3.64,0,2024-12-23
p_03827,Home,s_0006,1229,0.2068,4.24,0,2024-02-02
p_03828,FMCG,s_0661,563,0.1251,5.0,0,2022-11-28
p_03829,Fashion,s_0159,2605,0.2429,3.86,0,2024-06-16
p_03830,Beauty,s_0438,465,0.2681,4.61,0,2025-09-21
p_03831,Home,s_0275,2522,0.2808,4.52,0,2022-10-31
p_03832,Fashion,s_0275,1210,0.2189,4.33,0,2024-06-03
p_03833,Home,s_0039,1020,0.1641,4.83,0,2025-03-31
p_03834,Fashion,s_0647,2122,0.2126,4.23,0,2026-01-05
p_03835,Home,s_0576,5810,0.2378,4.92,0,2021-09-03
p_03836,Home,s_0119,4072,0.1621,4.33,1,2021-03-30
p_03837,Fashion,s_0536,1942,0.288,4.07,0,2022-02-26
p_03838,FMCG,s_0434,560,0.0812,5.0,0,2022-09-20
p_03839,Electronics,s_0617,1507,0.1142,4.71,0,2023-11-24
p_03840,Sports,s_0338,1194,0.2775,5.0,0,2024-08-17
p_03841,Home,s_0648,466,0.1519,5.0,0,2021-08-04
p_03842,Fashion,s_0212,2373,0.2888,4.51,0,2025-03-24
p_03843,FMCG,s_0404,253,0.1766,4.15,0,2021-07-13
p_03844,Books,s_0038,274,0.2158,4.0,0,2025-03-16
p_03845,Electronics,s_0390,4888,0.1874,4.48,0,2024-12-08
p_03846,FMCG,s_0403,708,0.1649,4.41,1,2023-07-07
p_03847,Kids,s_0121,974,0.2277,4.67,0,2023-04-23
p_03848,Fashion,s_0219,1132,0.2531,3.91,0,2023-04-30
p_03849,Fashion,s_0181,1385,0.2705,5.0,0,2021-06-01
p_03850,Beauty,s_0273,490,0.3339,4.32,0,2022-04-03
p_03851,Sports,s_0618,866,0.2196,4.39,0,2026-01-04
p_03852,Home,s_0389,3632,0.1296,4.54,0,2025-06-09
p_03853,Fashion,s_0646,461,0.2164,4.32,0,2021-03-18
p_03854,Electronics,s_0366,836,0.1057,4.0,0,2022-02-08
p_03855,Home,s_0427,1885,0.1239,4.94,0,2024-02-16
p_03856,Books,s_0682,178,0.1421,4.09,0,2023-01-04
p_03857,Beauty,s_0689,578,0.3042,4.68,0,2025-06-18
p_03858,Beauty,s_0499,742,0.282,3.54,0,2026-01-22
p_03859,Electronics,s_0588,2467,0.0821,4.3,0,2022-10-12
p_03860,Fashion,s_0597,3048,0.2086,4.58,0,2021-05-31
p_03861,Sports,s_0369,1539,0.1908,3.9,0,2023-07-21
p_03862,Electronics,s_0641,1269,0.0855,4.3,0,2021-05-24
p_03863,Fashion,s_0102,1006,0.2346,5.0,1,2025-01-09
p_03864,Sports,s_0471,1281,0.2198,4.16,0,2024-09-16
p_03865,Books,s_0580,364,0.2191,4.51,0,2021-11-13
p_03866,Sports,s_0282,3511,0.1929,4.62,0,2023-01-25
p_03867,Books,s_0434,549,0.1922,4.13,0,2025-07-04
p_03868,Kids,s_0302,2332,0.2378,4.43,0,2024-01-05
p_03869,Sports,s_0250,897,0.2135,4.38,0,2023-06-11
p_03870,Beauty,s_0131,374,0.2743,4.71,0,2022-12-10
p_03871,Beauty,s_0114,318,0.2567,4.11,0,2023-03-08
p_03872,Electronics,s_0042,3016,0.1486,4.96,0,2023-12-23
p_03873,Pet,s_0511,2425,0.2015,4.42,0,2025-09-09
p_03874,Sports,s_0480,1720,0.2554,4.11,0,2022-01-13
p_03875,Beauty,s_0132,1013,0.2389,4.96,0,2023-06-05
p_03876,Home,s_0328,2344,0.2405,3.75,0,2023-03-31
p_03877,Kids,s_0497,857,0.134,4.39,0,2022-12-27
p_03878,Sports,s_0332,1026,0.2183,4.66,0,2023-03-14
p_03879,Home,s_0375,934,0.2367,4.46,0,2022-01-06
p_03880,Sports,s_0699,1368,0.2043,4.11,1,2022-03-11
p_03881,Beauty,s_0048,703,0.2479,4.65,0,2024-12-12
p_03882,Electronics,s_0614,5574,0.1177,4.2,0,2022-10-27
p_03883,Sports,s_0060,4268,0.2663,4.38,0,2023-03-01
p_03884,Beauty,s_0033,1090,0.3524,4.17,0,2025-10-19
p_03885,Kids,s_0563,756,0.2263,4.91,0,2025-10-15
p_03886,Pet,s_0254,1568,0.1358,4.68,0,2021-10-25
p_03887,Electronics,s_0039,6619,0.1599,4.32,1,2021-04-10
p_03888,Fashion,s_0220,1806,0.2563,4.19,0,2021-02-17
p_03889,Books,s_0297,147,0.2012,4.49,0,2021-06-17
p_03890,Beauty,s_0378,316,0.3509,3.78,0,2021-03-25
p_03891,Sports,s_0280,1033,0.2459,3.82,0,2021-12-08
p_03892,Electronics,s_0589,3188,0.04,4.35,0,2025-06-14
p_03893,Home,s_0225,4334,0.1571,4.31,0,2025-01-23
p_03894,Fashion,s_0338,2055,0.1734,4.07,0,2024-06-18
p_03895,FMCG,s_0155,439,0.1652,3.77,0,2024-05-21
p_03896,Sports,s_0633,2184,0.2594,4.57,0,2025-09-09
p_03897,Electronics,s_0458,3421,0.1371,4.28,1,2022-10-09
p_03898,Books,s_0352,136,0.1224,4.81,0,2025-04-17
p_03899,Books,s_0044,574,0.1709,4.56,0,2021-05-07
p_03900,Fashion,s_0503,1733,0.2828,3.87,0,2023-05-25
p_03901,Fashion,s_0480,2486,0.2317,3.81,0,2024-06-26
p_03902,Kids,s_0456,590,0.1862,4.35,0,2024-12-19
p_03903,Pet,s_0201,1984,0.2377,4.38,0,2026-01-14
p_03904,Electronics,s_0607,2032,0.1869,4.67,0,2023-09-17
p_03905,Fashion,s_0278,1035,0.1914,3.93,0,2022-10-09
p_03906,Sports,s_0282,2077,0.2692,4.05,0,2023-04-30
p_03907,Auto,s_0018,2383,0.2363,3.93,1,2021-11-17
p_03908,Home,s_0369,3662,0.3235,4.31,0,2022-04-04
p_03909,FMCG,s_0126,351,0.1862,4.44,0,2024-01-30
p_03910,FMCG,s_0305,137,0.2124,4.54,0,2021-08-18
p_03911,Sports,s_0221,3355,0.1829,5.0,0,2022-04-03
p_03912,Pet,s_0526,551,0.17,3.79,0,2026-03-08
p_03913,Electronics,s_0106,4511,0.1147,4.56,0,2025-07-30
p_03914,Electronics,s_0349,3657,0.096,3.91,0,2024-08-28
p_03915,Electronics,s_0592,6264,0.15,4.79,0,2023-12-26
p_03916,Auto,s_0414,939,0.1512,4.85,0,2023-05-12
p_03917,Fashion,s_0279,2646,0.1894,4.05,0,2021-01-12
p_03918,Books,s_0078,516,0.1728,4.86,0,2021-06-09
p_03919,Home,s_0037,789,0.2071,4.56,0,2021-11-28
p_03920,Beauty,s_0193,476,0.2865,4.57,1,2025-09-08
p_03921,Kids,s_0279,1913,0.2549,4.77,0,2023-07-25
p_03922,Beauty,s_0037,987,0.3196,4.66,0,2021-02-28
p_03923,Electronics,s_0483,4144,0.1481,4.81,0,2024-03-01
p_03924,FMCG,s_0344,378,0.0737,4.98,0,2022-11-13
p_03925,Fashion,s_0103,1052,0.1493,4.74,0,2024-05-09
p_03926,Electronics,s_0170,3315,0.1634,4.56,0,2021-10-09
p_03927,Kids,s_0157,1759,0.1765,4.04,0,2023-05-23
p_03928,Fashion,s_0568,4580,0.2314,4.37,0,2022-03-02
p_03929,Kids,s_0664,524,0.1516,3.87,0,2024-08-04
p_03930,Fashion,s_0028,892,0.3046,3.9,0,2025-05-21
p_03931,Sports,s_0541,1347,0.2025,4.39,0,2024-03-02
p_03932,Kids,s_0349,1129,0.2381,4.25,0,2022-08-03
p_03933,Kids,s_0442,929,0.1497,4.12,0,2023-11-30
p_03934,Fashion,s_0644,853,0.2201,4.68,0,2025-01-23
p_03935,Sports,s_0637,376,0.1881,4.29,0,2025-04-12
p_03936,Home,s_0063,1077,0.1084,4.48,0,2024-01-17
p_03937,Books,s_0243,999,0.1729,4.69,0,2023-07-13
p_03938,Home,s_0388,1130,0.1947,4.11,0,2023-05-25
p_03939,Pet,s_0244,702,0.2285,4.79,0,2022-02-14
p_03940,Fashion,s_0295,1550,0.2275,3.89,0,2024-06-08
p_03941,Electronics,s_0377,3587,0.0849,4.78,0,2023-04-04
p_03942,Beauty,s_0298,526,0.2171,4.65,0,2022-08-25
p_03943,Beauty,s_0442,522,0.2702,4.53,0,2021-04-04
p_03944,Electronics,s_0155,5816,0.1031,4.06,0,2023-08-11
p_03945,Sports,s_0688,838,0.2,3.86,0,2023-02-26
p_03946,Pet,s_0422,551,0.1529,5.0,0,2021-10-04
p_03947,Kids,s_0514,1491,0.2196,4.35,0,2025-02-26
p_03948,Beauty,s_0345,483,0.2449,4.28,0,2025-02-27
p_03949,Sports,s_0673,1600,0.1996,4.11,0,2022-07-16
p_03950,Home,s_0470,2291,0.1492,5.0,0,2021-03-08
p_03951,Beauty,s_0131,916,0.2983,4.7,0,2021-04-12
p_03952,Kids,s_0113,599,0.2292,4.54,1,2022-02-26
p_03953,Beauty,s_0214,372,0.2599,4.61,0,2025-10-06
p_03954,Pet,s_0054,486,0.1765,4.56,1,2021-12-23
p_03955,Fashion,s_0383,1341,0.2741,4.21,0,2023-03-24
p_03956,Kids,s_0109,2799,0.2267,4.09,0,2024-09-17
p_03957,FMCG,s_0439,737,0.1003,4.69,0,2021-11-30
p_03958,Fashion,s_0663,1393,0.2795,4.4,0,2023-10-28
p_03959,Fashion,s_0116,1314,0.2266,4.39,0,2026-01-16
p_03960,Beauty,s_0417,463,0.3402,4.17,0,2023-08-12
p_03961,Fashion,s_0472,2067,0.241,4.43,1,2025-12-10
p_03962,Electronics,s_0388,7915,0.1482,4.27,0,2022-02-03
p_03963,Electronics,s_0348,6435,0.1065,4.6,0,2025-07-01
p_03964,Beauty,s_0007,1872,0.344,4.69,0,2022-01-29
p_03965,Kids,s_0346,1695,0.1659,4.75,0,2023-01-11
p_03966,Sports,s_0149,5227,0.2366,4.42,0,2021-08-09
p_03967,Fashion,s_0418,2288,0.2356,4.85,0,2023-09-21
p_03968,Home,s_0338,753,0.1631,4.32,0,2025-01-28
p_03969,Electronics,s_0092,1822,0.138,4.86,0,2026-02-21
p_03970,Electronics,s_0451,3819,0.1349,3.93,0,2024-11-19
p_03971,Pet,s_0056,1166,0.1155,4.55,0,2024-06-19
p_03972,Sports,s_0229,2135,0.2123,4.21,1,2026-01-11
p_03973,Kids,s_0246,2135,0.2083,5.0,0,2025-07-29
p_03974,Beauty,s_0666,659,0.3154,4.52,0,2024-11-09
p_03975,Sports,s_0649,1203,0.1615,4.2,0,2023-01-26
p_03976,Fashion,s_0437,1069,0.1683,4.22,0,2023-05-01
p_03977,Electronics,s_0589,5972,0.128,4.39,0,2023-10-01
p_03978,Kids,s_0680,979,0.1096,4.47,0,2022-03-11
p_03979,Electronics,s_0615,975,0.1892,4.85,0,2024-04-16
p_03980,Kids,s_0670,1744,0.231,4.09,0,2021-06-23
p_03981,FMCG,s_0402,299,0.1468,4.46,0,2022-08-19
p_03982,Auto,s_0366,1071,0.1515,4.54,1,2021-01-26
p_03983,FMCG,s_0199,396,0.1559,4.38,0,2025-11-08
p_03984,Electronics,s_0532,6583,0.1122,4.27,1,2023-04-06
p_03985,Kids,s_0407,1779,0.2567,4.36,0,2023-01-19
p_03986,Electronics,s_0319,2634,0.04,4.95,1,2021-11-17
p_03987,Kids,s_0565,1313,0.2599,4.3,0,2023-01-14
p_03988,Electronics,s_0139,4970,0.1123,4.65,0,2024-07-17
p_03989,Electronics,s_0196,4465,0.1229,3.91,0,2023-01-03
p_03990,Sports,s_0487,510,0.1784,4.13,0,2024-09-01
p_03991,FMCG,s_0435,351,0.1245,4.38,0,2021-06-14
p_03992,Sports,s_0533,1112,0.2818,4.49,1,2025-09-13
p_03993,Electronics,s_0339,1944,0.1158,4.33,0,2022-05-19
p_03994,Fashion,s_0558,1403,0.216,4.37,0,2024-01-24
p_03995,Electronics,s_0221,12510,0.1401,4.47,0,2025-10-16
p_03996,Electronics,s_0293,6777,0.1398,4.69,0,2022-04-05
p_03997,Kids,s_0137,459,0.17,4.82,0,2021-12-13
p_03998,Sports,s_0509,1628,0.211,4.32,1,2021-08-02
p_03999,Electronics,s_0345,2376,0.1532,4.33,1,2024-02-04
p_04000,Sports,s_0372,2954,0.2697,4.38,0,2022-06-07
p_04001,Fashion,s_0401,1139,0.3052,4.46,0,2022-01-27
p_04002,Electronics,s_0044,1326,0.1282,4.11,0,2025-07-17
p_04003,Home,s_0213,2399,0.2382,4.29,0,2023-02-23
p_04004,FMCG,s_0260,217,0.1812,4.53,0,2023-10-07
p_04005,Fashion,s_0602,2974,0.1879,4.76,0,2022-06-20
p_04006,Books,s_0426,128,0.1377,4.19,1,2021-05-29
p_04007,Beauty,s_0038,450,0.2074,4.69,0,2022-01-03
p_04008,Beauty,s_0164,625,0.3009,4.7,0,2022-12-21
p_04009,Kids,s_0217,1558,0.2071,4.08,0,2022-02-24
p_04010,Electronics,s_0504,2996,0.133,4.11,0,2024-04-06
p_04011,Electronics,s_0156,2708,0.1451,4.26,1,2025-06-04
p_04012,FMCG,s_0623,189,0.0948,4.24,0,2025-03-13
p_04013,Fashion,s_0394,4161,0.2651,4.33,0,2024-06-09
p_04014,Books,s_0696,130,0.1742,4.94,0,2025-01-30
p_04015,Beauty,s_0078,919,0.2798,4.34,0,2023-01-29
p_04016,Pet,s_0242,484,0.2213,5.0,1,2024-03-25
p_04017,Sports,s_0106,967,0.2056,4.3,0,2024-03-13
p_04018,Fashion,s_0495,1214,0.2248,4.38,0,2022-06-23
p_04019,Beauty,s_0550,498,0.2947,4.0,0,2023-06-17
p_04020,Home,s_0321,1563,0.209,4.22,0,2023-09-30
p_04021,Beauty,s_0649,675,0.2461,4.07,0,2021-09-05
p_04022,Beauty,s_0498,693,0.2597,4.2,0,2021-08-28
p_04023,Home,s_0079,2486,0.2684,4.45,0,2021-02-20
p_04024,Electronics,s_0048,2584,0.0971,4.05,0,2022-07-18
p_04025,Fashion,s_0270,1319,0.1891,4.23,0,2025-09-11
p_04026,Fashion,s_0173,2483,0.2439,4.14,0,2022-07-06
p_04027,Home,s_0264,1990,0.2251,4.22,0,2023-02-21
p_04028,FMCG,s_0638,430,0.0943,4.38,0,2023-05-26
p_04029,Kids,s_0122,1495,0.2502,3.82,0,2023-12-02
p_04030,Books,s_0560,287,0.1317,4.16,0,2021-05-21
p_04031,Beauty,s_0526,430,0.34,4.7,0,2026-01-25
p_04032,Fashion,s_0275,1436,0.2955,4.36,1,2025-04-23
p_04033,Kids,s_0501,974,0.1976,4.38,1,2024-09-23
p_04034,FMCG,s_0542,1510,0.0985,4.4,0,2025-05-01
p_04035,Fashion,s_0381,1088,0.2177,4.49,0,2024-11-27
p_04036,Fashion,s_0346,943,0.1736,4.34,0,2023-03-05
p_04037,Books,s_0661,169,0.1846,4.41,0,2021-01-11
p_04038,Kids,s_0175,700,0.2033,4.02,0,2025-12-21
p_04039,Beauty,s_0691,908,0.2981,4.54,0,2023-05-31
p_04040,Auto,s_0141,3180,0.1705,4.22,0,2023-03-15
p_04041,Fashion,s_0544,868,0.2188,4.63,0,2025-04-26
p_04042,Beauty,s_0341,741,0.2868,4.67,0,2024-12-24
p_04043,Home,s_0193,1716,0.186,4.74,0,2023-12-27
p_04044,Auto,s_0620,1033,0.2094,4.56,0,2021-06-11
p_04045,Kids,s_0341,1124,0.2135,4.4,0,2021-08-31
p_04046,Beauty,s_0598,744,0.3604,4.44,0,2024-02-27
p_04047,Beauty,s_0526,622,0.2853,4.57,0,2022-06-06
p_04048,Home,s_0633,2086,0.1733,4.89,0,2023-03-23
p_04049,FMCG,s_0201,594,0.0838,4.47,0,2022-01-04
p_04050,Sports,s_0185,1218,0.2319,4.4,0,2025-05-30
p_04051,Home,s_0144,5467,0.1935,4.38,0,2024-07-24
p_04052,Sports,s_0387,1040,0.2188,4.09,0,2025-11-28
p_04053,Kids,s_0639,3040,0.2214,4.99,0,2023-06-23
p_04054,Sports,s_0220,1140,0.2162,4.52,0,2023-05-09
p_04055,Pet,s_0107,1021,0.1462,4.07,0,2026-01-19
p_04056,Beauty,s_0054,1107,0.3441,4.39,1,2023-09-03
p_04057,Books,s_0630,230,0.1594,3.99,0,2021-09-13
p_04058,Home,s_0349,1039,0.1203,4.73,0,2023-05-01
p_04059,Electronics,s_0103,6914,0.0946,4.3,0,2024-10-29
p_04060,FMCG,s_0678,481,0.1622,4.31,1,2024-03-04
p_04061,Fashion,s_0072,1718,0.2327,4.42,0,2022-03-15
p_04062,Fashion,s_0455,611,0.292,4.26,0,2022-09-14
p_04063,Pet,s_0597,979,0.192,4.89,0,2025-02-14
p_04064,Beauty,s_0012,494,0.3381,5.0,0,2025-01-28
p_04065,Home,s_0143,1457,0.2215,4.47,0,2022-07-12
p_04066,Pet,s_0466,951,0.1677,4.97,0,2023-05-06
p_04067,Electronics,s_0498,3421,0.1551,4.33,0,2021-05-29
p_04068,Sports,s_0358,1502,0.2663,4.61,0,2024-01-14
p_04069,Beauty,s_0145,378,0.3648,4.45,0,2022-04-05
p_04070,Fashion,s_0086,1645,0.3132,4.34,0,2021-05-02
p_04071,Fashion,s_0422,2107,0.2187,4.49,0,2024-05-20
p_04072,Pet,s_0166,933,0.1818,4.3,0,2026-03-12
p_04073,Electronics,s_0093,2941,0.1607,4.07,0,2025-02-03
p_04074,Fashion,s_0277,4084,0.2399,4.43,0,2023-04-24
p_04075,Books,s_0269,297,0.1735,4.09,0,2025-11-27
p_04076,Kids,s_0431,2799,0.2222,4.46,0,2024-04-20
p_04077,Auto,s_0101,418,0.1554,4.18,0,2024-01-04
p_04078,Pet,s_0240,1190,0.1266,4.9,0,2023-06-24
p_04079,Beauty,s_0288,662,0.288,4.45,0,2025-11-14
p_04080,FMCG,s_0224,377,0.2108,4.08,0,2022-11-03
p_04081,Sports,s_0630,1688,0.2166,4.13,0,2024-03-05
p_04082,Fashion,s_0595,1180,0.2406,5.0,0,2023-02-04
p_04083,Pet,s_0589,1425,0.3037,4.19,0,2024-07-30
p_04084,Books,s_0691,283,0.2112,3.76,0,2025-09-08
p_04085,FMCG,s_0638,472,0.1069,4.79,0,2022-05-06
p_04086,Electronics,s_0326,2548,0.1256,4.74,1,2025-10-02
p_04087,Beauty,s_0585,1313,0.2076,4.51,0,2021-02-03
p_04088,Pet,s_0392,408,0.1239,4.58,0,2023-09-04
p_04089,Kids,s_0347,3092,0.2474,4.65,1,2025-06-07
p_04090,Fashion,s_0263,1173,0.1539,4.31,0,2023-11-30
p_04091,FMCG,s_0657,729,0.0899,4.37,0,2024-07-06
p_04092,Books,s_0430,533,0.0913,4.68,0,2025-02-22
p_04093,Home,s_0156,1757,0.1694,4.1,1,2024-03-16
p_04094,FMCG,s_0033,271,0.1776,4.17,0,2022-05-27
p_04095,Home,s_0369,1794,0.2343,3.65,0,2024-04-14
p_04096,FMCG,s_0333,574,0.0724,4.5,0,2025-05-08
p_04097,Kids,s_0288,1405,0.2055,4.38,0,2022-02-01
p_04098,Fashion,s_0564,1243,0.1792,4.48,0,2021-06-10
p_04099,FMCG,s_0606,259,0.1478,4.53,0,2021-10-13
p_04100,Home,s_0332,530,0.2048,4.45,0,2023-02-10
p_04101,Beauty,s_0515,1257,0.3007,4.49,0,2025-01-23
p_04102,Auto,s_0428,2724,0.1452,4.29,0,2026-02-01
p_04103,Pet,s_0274,1022,0.1756,3.76,0,2025-01-19
p_04104,Pet,s_0654,998,0.2188,4.16,0,2025-11-23
p_04105,Electronics,s_0148,2947,0.0778,4.62,0,2026-02-02
p_04106,Fashion,s_0136,2029,0.2345,4.12,0,2021-01-22
p_04107,Pet,s_0225,1426,0.2609,4.69,1,2021-07-23
p_04108,Home,s_0650,1181,0.1236,4.92,0,2021-07-28
p_04109,Home,s_0571,6432,0.2616,5.0,0,2021-10-21
p_04110,Electronics,s_0398,7168,0.0981,4.8,0,2021-02-19
p_04111,Electronics,s_0103,3973,0.0776,4.51,0,2024-02-18
p_04112,Electronics,s_0423,4050,0.1582,4.12,1,2023-01-19
p_04113,Fashion,s_0690,2487,0.2359,4.16,0,2024-05-25
p_04114,Fashion,s_0188,1192,0.3176,3.8,0,2024-12-29
p_04115,Sports,s_0340,1134,0.2089,4.33,0,2024-02-25
p_04116,Books,s_0537,1016,0.2584,4.06,0,2023-07-11
p_04117,Books,s_0587,253,0.1672,3.92,1,2024-01-29
p_04118,Home,s_0390,2965,0.1904,4.0,0,2021-02-10
p_04119,Fashion,s_0391,924,0.2509,4.61,0,2023-11-14
p_04120,Kids,s_0308,1684,0.2219,4.49,0,2025-04-07
p_04121,Auto,s_0607,2943,0.1084,4.46,0,2022-03-01
p_04122,Beauty,s_0323,959,0.2155,4.31,0,2024-09-15
p_04123,Beauty,s_0012,643,0.2598,4.77,0,2025-08-07
p_04124,Kids,s_0468,829,0.2035,4.57,0,2022-03-02
p_04125,Electronics,s_0079,7089,0.0681,4.6,0,2023-11-15
p_04126,Home,s_0210,2698,0.1412,4.67,0,2021-06-22
p_04127,Home,s_0370,637,0.19,4.51,0,2024-07-22
p_04128,Home,s_0247,1262,0.1747,4.04,0,2022-03-12
p_04129,Beauty,s_0317,518,0.3137,4.59,0,2022-01-07
p_04130,Auto,s_0577,3921,0.1819,4.15,0,2026-02-19
p_04131,Fashion,s_0255,1028,0.2111,4.58,0,2025-10-15
p_04132,FMCG,s_0398,462,0.1559,4.42,0,2021-07-22
p_04133,Kids,s_0560,1223,0.1875,4.92,0,2025-05-08
p_04134,FMCG,s_0415,383,0.1756,4.62,0,2024-07-10
p_04135,Home,s_0240,998,0.1781,4.11,0,2025-07-11
p_04136,Fashion,s_0411,999,0.2771,4.23,0,2025-08-22
p_04137,Kids,s_0467,980,0.2049,4.59,0,2024-08-26
p_04138,FMCG,s_0558,482,0.1248,4.37,0,2023-07-30
p_04139,Sports,s_0050,1806,0.1013,4.45,0,2026-02-21
p_04140,Kids,s_0052,1200,0.2787,4.39,0,2024-10-10
p_04141,Pet,s_0435,991,0.2845,4.11,0,2024-03-19
p_04142,Electronics,s_0319,3402,0.1565,3.94,0,2024-02-15
p_04143,Fashion,s_0121,894,0.1826,4.66,1,2022-06-12
p_04144,Pet,s_0476,199,0.153,4.24,0,2021-03-01
p_04145,Pet,s_0246,228,0.255,4.55,0,2021-09-22
p_04146,Electronics,s_0659,3813,0.04,4.21,0,2023-10-27
p_04147,Sports,s_0361,1007,0.1616,4.12,0,2024-09-18
p_04148,Fashion,s_0580,325,0.249,4.65,0,2025-10-31
p_04149,Fashion,s_0441,2296,0.2395,4.55,0,2023-07-09
p_04150,Home,s_0319,1585,0.2163,4.38,1,2022-04-19
p_04151,Books,s_0524,277,0.1939,4.24,0,2024-04-28
p_04152,Electronics,s_0368,5001,0.1215,4.66,0,2025-03-21
p_04153,FMCG,s_0152,414,0.1458,4.08,0,2025-04-03
p_04154,Home,s_0400,1935,0.189,3.9,0,2024-10-03
p_04155,Books,s_0541,382,0.1565,3.84,0,2022-10-31
p_04156,Fashion,s_0125,1442,0.2193,4.2,0,2024-07-24
p_04157,Electronics,s_0694,5385,0.118,4.01,1,2021-06-06
p_04158,Pet,s_0520,604,0.2211,4.23,0,2021-07-13
p_04159,Home,s_0565,522,0.137,4.1,0,2022-04-30
p_04160,FMCG,s_0086,390,0.1245,4.85,0,2025-04-24
p_04161,Home,s_0141,1529,0.2148,4.64,0,2023-02-19
p_04162,Fashion,s_0032,1530,0.327,4.95,0,2026-01-07
p_04163,Fashion,s_0439,1011,0.1966,4.63,1,2022-10-05
p_04164,Auto,s_0678,1226,0.0578,4.62,0,2024-11-16
p_04165,Kids,s_0275,803,0.1916,4.52,0,2022-08-06
p_04166,Fashion,s_0077,1442,0.2584,4.49,0,2024-11-27
p_04167,Home,s_0632,1652,0.219,4.91,0,2023-11-03
p_04168,Kids,s_0490,527,0.1795,4.66,0,2022-12-11
p_04169,Home,s_0090,643,0.1737,3.99,0,2022-08-17
p_04170,Beauty,s_0108,509,0.258,4.76,0,2026-02-15
p_04171,Electronics,s_0027,8159,0.1193,4.03,0,2026-03-10
p_04172,Fashion,s_0014,1188,0.2245,4.58,1,2023-02-09
p_04173,Beauty,s_0336,683,0.3031,4.82,0,2023-06-04
p_04174,Auto,s_0152,1353,0.2416,4.71,0,2025-08-02
p_04175,Fashion,s_0278,351,0.2239,4.06,0,2026-02-21
p_04176,Fashion,s_0583,1381,0.2334,4.81,0,2022-08-24
p_04177,Home,s_0028,513,0.2212,4.61,0,2023-06-30
p_04178,Fashion,s_0045,2106,0.2105,4.03,0,2021-06-26
p_04179,FMCG,s_0480,661,0.1865,5.0,0,2022-10-09
p_04180,Kids,s_0334,777,0.2121,4.66,0,2024-01-01
p_04181,Electronics,s_0126,4699,0.1733,4.6,0,2022-09-17
p_04182,FMCG,s_0268,311,0.1525,4.46,0,2024-01-09
p_04183,Pet,s_0160,494,0.251,4.05,1,2025-07-10
p_04184,FMCG,s_0616,537,0.1409,4.61,0,2021-04-20
p_04185,FMCG,s_0250,362,0.2061,4.19,0,2021-03-06
p_04186,Electronics,s_0030,1598,0.04,4.43,0,2021-01-12
p_04187,Sports,s_0670,713,0.2802,4.13,0,2023-07-04
p_04188,Electronics,s_0580,2318,0.1631,4.2,0,2023-12-08
p_04189,Kids,s_0184,1363,0.2616,4.8,0,2023-11-05
p_04190,Home,s_0292,4318,0.2205,3.96,1,2026-02-21
p_04191,Home,s_0091,2628,0.0791,4.43,0,2022-03-19
p_04192,Fashion,s_0012,1047,0.1845,3.98,0,2021-05-08
p_04193,Auto,s_0576,4163,0.1549,4.92,0,2021-01-04
p_04194,Electronics,s_0013,4293,0.1013,4.03,0,2023-11-10
p_04195,Kids,s_0318,302,0.2665,4.99,0,2023-09-01
p_04196,Fashion,s_0050,1362,0.1964,4.24,0,2022-03-20
p_04197,Fashion,s_0333,609,0.2859,4.25,0,2022-02-10
p_04198,Books,s_0501,286,0.1477,4.19,0,2023-10-24
p_04199,Sports,s_0290,2047,0.1399,4.31,0,2021-07-19
p_04200,Kids,s_0303,842,0.1871,4.04,0,2023-04-05
p_04201,FMCG,s_0292,711,0.1771,3.78,0,2023-09-26
p_04202,FMCG,s_0685,199,0.2004,4.59,0,2021-10-31
p_04203,Electronics,s_0544,5198,0.201,4.99,0,2025-03-25
p_04204,FMCG,s_0396,278,0.1315,4.36,0,2025-12-16
p_04205,Sports,s_0020,810,0.2748,4.27,0,2025-10-28
p_04206,FMCG,s_0498,146,0.1899,4.47,0,2026-01-19
p_04207,Electronics,s_0081,2675,0.1849,3.92,0,2025-11-23
p_04208,FMCG,s_0599,696,0.0869,4.53,0,2023-09-15
p_04209,Kids,s_0396,2952,0.2499,4.47,0,2022-09-22
p_04210,Electronics,s_0277,2588,0.1242,4.56,0,2021-09-03
p_04211,Books,s_0408,422,0.2112,4.16,0,2023-12-29
p_04212,Pet,s_0465,1023,0.2165,4.14,1,2025-06-01
p_04213,Sports,s_0522,1480,0.1995,4.67,0,2023-06-24
p_04214,Fashion,s_0232,2726,0.2798,4.07,0,2021-04-05
p_04215,Pet,s_0111,1074,0.2097,4.22,0,2023-05-26
p_04216,Auto,s_0535,1976,0.1705,4.49,0,2025-06-13
p_04217,Sports,s_0284,641,0.1972,4.38,0,2025-04-02
p_04218,FMCG,s_0369,991,0.1397,4.82,0,2022-07-20
p_04219,FMCG,s_0254,468,0.1752,4.69,0,2022-05-19
p_04220,Pet,s_0099,640,0.2169,4.24,0,2023-04-18
p_04221,Electronics,s_0278,3580,0.103,4.37,0,2024-11-16
p_04222,Home,s_0330,1727,0.1198,4.35,0,2022-03-20
p_04223,Auto,s_0233,1525,0.1727,4.35,0,2024-05-31
p_04224,Home,s_0008,1364,0.2143,4.22,0,2023-12-22
p_04225,Home,s_0157,2569,0.2173,4.17,0,2025-02-04
p_04226,Auto,s_0349,2860,0.0832,5.0,0,2024-08-22
p_04227,FMCG,s_0311,365,0.1337,4.87,0,2025-11-11
p_04228,Auto,s_0307,2365,0.1707,4.62,0,2021-09-29
p_04229,Auto,s_0084,3166,0.1896,4.85,0,2023-03-11
p_04230,Electronics,s_0644,8569,0.0581,4.93,0,2023-07-14
p_04231,Electronics,s_0192,2284,0.1502,5.0,0,2021-10-09
p_04232,Kids,s_0087,649,0.2105,4.72,0,2026-02-03
p_04233,Electronics,s_0100,10069,0.04,4.29,0,2025-09-23
p_04234,Sports,s_0481,437,0.1508,4.56,0,2023-06-28
p_04235,Kids,s_0652,1079,0.2169,4.35,0,2021-06-08
p_04236,Electronics,s_0289,10875,0.1468,4.57,0,2021-05-04
p_04237,Beauty,s_0013,393,0.3065,4.62,0,2025-10-02
p_04238,Kids,s_0379,1458,0.1714,4.22,1,2024-01-15
p_04239,Pet,s_0327,782,0.1765,4.48,0,2021-09-27
p_04240,Electronics,s_0281,2681,0.1076,4.34,0,2024-06-20
p_04241,Fashion,s_0344,1999,0.268,4.33,0,2024-11-12
p_04242,Electronics,s_0545,6036,0.0452,4.56,0,2023-05-21
p_04243,Electronics,s_0594,10017,0.0836,4.46,0,2024-12-03
p_04244,Electronics,s_0160,8814,0.1271,4.18,0,2021-02-05
p_04245,Beauty,s_0009,1356,0.2268,4.2,0,2021-08-09
p_04246,Beauty,s_0289,410,0.3385,4.24,0,2022-06-05
p_04247,Home,s_0171,4274,0.1815,4.33,0,2024-11-26
p_04248,Home,s_0699,1054,0.2022,3.95,0,2022-10-07
p_04249,Sports,s_0041,1231,0.1497,3.98,0,2024-05-17
p_04250,Home,s_0278,588,0.2098,4.87,0,2026-03-10
p_04251,Beauty,s_0431,709,0.3143,4.19,0,2026-01-23
p_04252,Beauty,s_0547,2392,0.2482,4.27,1,2025-09-26
p_04253,Fashion,s_0500,5500,0.288,5.0,0,2024-12-31
p_04254,Home,s_0610,5293,0.2697,4.22,0,2021-03-22
p_04255,Fashion,s_0645,1042,0.2158,3.78,0,2023-04-05
p_04256,Books,s_0015,546,0.2076,4.69,0,2025-01-01
p_04257,Fashion,s_0078,676,0.2306,4.7,0,2023-08-07
p_04258,Kids,s_0125,1561,0.2469,4.36,0,2025-09-13
p_04259,Home,s_0137,1463,0.2156,4.51,0,2021-05-09
p_04260,Kids,s_0323,603,0.2067,4.55,0,2023-07-30
p_04261,Electronics,s_0111,2843,0.1076,4.35,0,2026-02-26
p_04262,Electronics,s_0348,2492,0.0927,5.0,0,2023-04-23
p_04263,Kids,s_0490,483,0.1743,4.73,0,2026-02-17
p_04264,Sports,s_0547,1938,0.2305,4.46,0,2023-10-21
p_04265,FMCG,s_0637,560,0.1594,4.74,0,2024-11-26
p_04266,Sports,s_0475,1049,0.1553,4.14,0,2022-06-18
p_04267,Home,s_0656,2442,0.191,3.88,0,2021-12-15
p_04268,Books,s_0697,753,0.171,5.0,0,2022-09-10
p_04269,Beauty,s_0590,1198,0.3025,5.0,0,2026-02-15
p_04270,Kids,s_0694,2920,0.1883,4.94,0,2025-04-19
p_04271,Home,s_0265,1469,0.1831,4.61,0,2022-01-02
p_04272,Books,s_0515,662,0.1581,4.5,1,2024-11-04
p_04273,Home,s_0385,1628,0.1842,4.48,0,2025-11-20
p_04274,Pet,s_0266,1137,0.1416,4.34,0,2024-12-31
p_04275,Pet,s_0052,942,0.1813,4.97,0,2025-01-04
p_04276,Home,s_0181,998,0.1863,4.64,0,2022-05-27
p_04277,Kids,s_0410,382,0.1975,4.0,0,2023-04-10
p_04278,FMCG,s_0486,393,0.1363,4.11,0,2025-07-21
p_04279,Home,s_0116,1236,0.1137,4.04,0,2023-07-10
p_04280,Auto,s_0570,4247,0.2043,4.74,0,2025-12-22
p_04281,Books,s_0427,242,0.1811,4.29,0,2024-03-28
p_04282,Electronics,s_0568,820,0.2024,4.76,0,2023-09-16
p_04283,Kids,s_0266,394,0.2798,4.56,0,2024-01-20
p_04284,Books,s_0091,333,0.2119,3.21,0,2021-03-30
p_04285,Electronics,s_0655,2883,0.0541,4.19,0,2025-06-16
p_04286,Fashion,s_0436,2838,0.304,3.52,0,2025-11-13
p_04287,FMCG,s_0531,251,0.1655,5.0,0,2024-11-06
p_04288,Books,s_0383,270,0.0964,4.7,0,2023-02-20
p_04289,Books,s_0621,274,0.133,4.4,0,2024-05-15
p_04290,FMCG,s_0440,605,0.1739,4.06,0,2022-02-23
p_04291,Sports,s_0599,1871,0.1992,3.87,0,2024-07-26
p_04292,Fashion,s_0028,2492,0.1916,4.42,0,2023-02-17
p_04293,Sports,s_0234,1812,0.2183,4.76,0,2024-02-02
p_04294,Home,s_0046,1663,0.2277,4.86,0,2023-11-14
p_04295,FMCG,s_0478,276,0.0546,4.71,0,2022-03-17
p_04296,Electronics,s_0288,2610,0.1252,4.74,0,2023-03-30
p_04297,Beauty,s_0527,1198,0.2509,4.76,0,2025-06-05
p_04298,Fashion,s_0640,454,0.2648,4.17,0,2021-01-23
p_04299,Auto,s_0632,3461,0.1545,3.99,0,2022-02-14
p_04300,Auto,s_0088,1502,0.0908,5.0,0,2023-03-08
p_04301,Beauty,s_0615,396,0.283,4.48,0,2022-09-17
p_04302,FMCG,s_0501,354,0.1352,4.52,0,2023-05-15
p_04303,Auto,s_0600,3985,0.0725,4.1,0,2024-10-02
p_04304,Beauty,s_0350,774,0.2645,4.04,1,2022-05-30
p_04305,Electronics,s_0095,3578,0.136,4.77,0,2025-12-11
p_04306,FMCG,s_0042,291,0.1382,3.73,0,2026-01-02
p_04307,FMCG,s_0023,354,0.1239,4.38,0,2024-07-09
p_04308,Fashion,s_0366,954,0.2865,4.56,0,2025-06-24
p_04309,FMCG,s_0288,460,0.1684,5.0,1,2023-08-31
p_04310,Books,s_0422,468,0.247,4.27,0,2021-10-31
p_04311,Fashion,s_0334,1794,0.2647,4.35,0,2023-06-28
p_04312,FMCG,s_0616,232,0.1676,4.13,0,2025-05-07
p_04313,Electronics,s_0568,3508,0.0863,4.87,0,2021-12-24
p_04314,Electronics,s_0414,6401,0.1323,4.71,0,2022-07-26
p_04315,FMCG,s_0343,516,0.108,4.5,0,2025-02-27
p_04316,Electronics,s_0560,1639,0.1473,3.67,0,2022-10-24
p_04317,Auto,s_0314,1053,0.177,4.21,0,2025-03-20
p_04318,Auto,s_0690,3387,0.2256,3.99,0,2021-04-29
p_04319,Sports,s_0401,2046,0.1864,4.34,0,2026-01-15
p_04320,Pet,s_0085,782,0.1254,4.44,1,2021-06-19
p_04321,Fashion,s_0578,1140,0.2562,4.63,0,2022-05-09
p_04322,Pet,s_0354,1508,0.0878,4.92,0,2022-08-05
p_04323,Pet,s_0512,1562,0.2116,4.0,0,2024-06-04
p_04324,Kids,s_0204,733,0.21,4.58,0,2022-08-19
p_04325,Home,s_0257,1725,0.2744,4.82,0,2025-06-02
p_04326,Sports,s_0536,3403,0.2397,4.52,1,2025-07-25
p_04327,Fashion,s_0109,1107,0.2461,4.24,0,2021-09-17
p_04328,Beauty,s_0203,2130,0.3211,4.38,0,2025-12-18
p_04329,Beauty,s_0145,2207,0.2926,4.29,0,2025-05-26
p_04330,Electronics,s_0473,3253,0.1074,4.16,0,2024-11-04
p_04331,Auto,s_0535,3291,0.1769,4.85,0,2025-11-10
p_04332,Beauty,s_0335,809,0.3025,3.94,0,2023-11-25
p_04333,Fashion,s_0205,1001,0.2801,4.45,0,2021-10-26
p_04334,Beauty,s_0564,371,0.3493,4.19,0,2025-07-15
p_04335,Electronics,s_0118,3861,0.0866,4.77,0,2022-11-20
p_04336,Home,s_0171,2882,0.1676,4.01,0,2021-02-14
p_04337,Beauty,s_0630,729,0.278,4.74,0,2023-09-18
p_04338,Electronics,s_0416,2468,0.1064,4.58,1,2024-11-17
p_04339,Home,s_0247,866,0.2158,4.44,0,2021-10-08
p_04340,Electronics,s_0277,1642,0.1408,4.53,0,2021-10-31
p_04341,Pet,s_0468,716,0.2281,4.32,0,2022-08-31
p_04342,Electronics,s_0416,2931,0.1589,4.61,0,2024-06-19
p_04343,Pet,s_0667,294,0.1965,4.84,0,2025-10-26
p_04344,Fashion,s_0638,430,0.1614,4.15,0,2021-03-12
p_04345,FMCG,s_0551,272,0.1296,4.23,0,2025-07-26
p_04346,Beauty,s_0395,981,0.2445,4.1,0,2026-03-02
p_04347,FMCG,s_0021,162,0.1098,4.28,0,2023-11-25
p_04348,Electronics,s_0278,3484,0.1469,4.34,0,2022-07-13
p_04349,Books,s_0062,280,0.0921,3.96,0,2024-04-28
p_04350,Home,s_0671,3275,0.2612,4.36,0,2024-03-03
p_04351,Home,s_0119,2281,0.2255,4.62,0,2024-09-21
p_04352,Sports,s_0265,1158,0.2634,4.45,0,2023-01-05
p_04353,Sports,s_0525,635,0.2243,4.05,0,2025-03-02
p_04354,Auto,s_0421,606,0.1326,4.46,0,2024-11-05
p_04355,Sports,s_0088,544,0.1598,4.85,0,2024-11-02
p_04356,Home,s_0186,1014,0.1903,4.52,0,2022-05-17
p_04357,Home,s_0280,2080,0.2327,4.23,0,2023-07-13
p_04358,Home,s_0066,1589,0.1591,5.0,0,2022-08-01
p_04359,FMCG,s_0373,620,0.1646,4.54,0,2024-08-11
p_04360,FMCG,s_0477,194,0.1446,4.82,0,2021-01-30
p_04361,FMCG,s_0277,385,0.1429,4.86,0,2024-09-22
p_04362,Fashion,s_0250,802,0.2598,3.94,0,2022-12-21
p_04363,Fashion,s_0535,1180,0.2527,4.33,0,2026-01-18
p_04364,Beauty,s_0692,291,0.3362,3.83,0,2025-11-05
p_04365,Kids,s_0607,1109,0.2003,4.2,0,2021-11-24
p_04366,Home,s_0033,1403,0.1812,4.45,0,2024-01-19
p_04367,Beauty,s_0218,875,0.3149,4.15,0,2023-05-08
p_04368,Pet,s_0185,489,0.1637,4.37,0,2023-02-16
p_04369,Beauty,s_0507,489,0.2863,4.58,0,2022-05-01
p_04370,FMCG,s_0057,297,0.1177,4.68,1,2023-03-01
p_04371,Books,s_0420,218,0.1788,4.24,0,2023-08-07
p_04372,Fashion,s_0634,1113,0.1777,4.33,0,2023-05-10
p_04373,Fashion,s_0513,1055,0.2446,4.72,0,2023-05-29
p_04374,Kids,s_0234,254,0.1852,4.51,1,2024-03-27
p_04375,Books,s_0273,192,0.2111,4.17,0,2025-05-15
p_04376,Books,s_0117,152,0.1714,4.31,0,2023-03-10
p_04377,Home,s_0632,1648,0.2393,4.65,0,2025-10-21
p_04378,Fashion,s_0037,1321,0.2534,4.94,0,2022-08-06
p_04379,Auto,s_0242,3071,0.2288,4.46,0,2025-11-16
p_04380,Fashion,s_0178,779,0.2741,3.9,0,2024-10-23
p_04381,Beauty,s_0511,1169,0.3655,5.0,0,2025-05-08
p_04382,Kids,s_0086,1009,0.1857,4.45,0,2023-07-06
p_04383,Electronics,s_0599,1151,0.1262,4.36,0,2021-07-27
p_04384,Kids,s_0150,849,0.1121,4.19,0,2023-09-01
p_04385,Home,s_0487,1548,0.2616,4.68,0,2021-08-19
p_04386,Fashion,s_0168,793,0.2942,4.17,0,2021-07-14
p_04387,Kids,s_0268,733,0.1862,4.25,0,2022-02-09
p_04388,Pet,s_0240,573,0.2042,4.48,0,2022-08-11
p_04389,Electronics,s_0676,4754,0.2271,4.18,0,2022-07-18
p_04390,Sports,s_0175,1854,0.2389,4.35,0,2022-01-09
p_04391,Books,s_0629,400,0.1897,4.55,0,2021-04-13
p_04392,Kids,s_0532,992,0.1324,3.85,0,2021-12-18
p_04393,Pet,s_0640,1296,0.251,4.97,0,2025-07-28
p_04394,Fashion,s_0403,1719,0.2651,4.38,0,2023-06-21
p_04395,Fashion,s_0655,968,0.2992,4.66,0,2021-07-22
p_04396,Kids,s_0643,1491,0.1395,4.31,0,2021-10-21
p_04397,Sports,s_0544,1190,0.2453,4.12,0,2021-07-12
p_04398,Beauty,s_0430,855,0.2634,4.66,0,2022-11-19
p_04399,Electronics,s_0481,2149,0.1038,4.09,0,2021-08-10
p_04400,Books,s_0037,191,0.1443,4.11,0,2023-06-21
p_04401,Sports,s_0241,1142,0.1807,4.84,0,2025-08-17
p_04402,Kids,s_0671,1441,0.2365,4.59,0,2026-01-05
p_04403,Books,s_0397,439,0.1982,3.97,0,2023-10-27
p_04404,Sports,s_0271,2487,0.1763,4.46,0,2022-08-19
p_04405,Books,s_0134,337,0.1848,4.39,0,2021-02-07
p_04406,Pet,s_0491,1624,0.1388,5.0,0,2023-09-21
p_04407,Auto,s_0038,1190,0.1506,4.44,0,2024-02-13
p_04408,Home,s_0376,1483,0.1036,4.66,0,2021-01-29
p_04409,Auto,s_0502,3008,0.1753,4.26,0,2024-09-26
p_04410,Sports,s_0323,965,0.285,4.67,0,2023-04-18
p_04411,Fashion,s_0333,1002,0.2005,4.75,0,2024-03-11
p_04412,FMCG,s_0282,266,0.1222,4.72,0,2024-06-25
p_04413,Electronics,s_0021,4541,0.1162,4.47,1,2025-11-26
p_04414,Fashion,s_0547,288,0.2337,4.48,1,2021-02-26
p_04415,Pet,s_0090,1189,0.2393,4.31,0,2025-04-08
p_04416,Fashion,s_0627,1159,0.3506,3.8,0,2023-10-09
p_04417,Electronics,s_0347,3077,0.04,4.04,0,2026-02-23
p_04418,Electronics,s_0003,2972,0.0954,4.3,0,2021-06-12
p_04419,Fashion,s_0508,837,0.1961,4.28,0,2022-12-09
p_04420,FMCG,s_0235,99,0.1685,4.3,0,2021-12-30
p_04421,Fashion,s_0635,1667,0.1601,3.75,0,2022-05-10
p_04422,Beauty,s_0179,561,0.295,3.99,0,2024-10-09
p_04423,Home,s_0583,1083,0.1238,4.33,0,2024-05-11
p_04424,Kids,s_0148,3281,0.2279,4.29,0,2023-11-07
p_04425,Fashion,s_0237,1308,0.2496,4.47,0,2021-03-01
p_04426,Home,s_0592,813,0.1558,4.39,0,2022-02-13
p_04427,Electronics,s_0127,8594,0.1515,4.26,1,2026-02-03
p_04428,Home,s_0119,1458,0.2969,4.65,0,2025-07-22
p_04429,Fashion,s_0209,2241,0.2302,4.18,0,2024-05-15
p_04430,Auto,s_0073,7637,0.1573,4.8,0,2021-12-28
p_04431,Beauty,s_0512,526,0.3229,4.66,0,2021-02-17
p_04432,Beauty,s_0041,426,0.2733,4.62,0,2021-06-29
p_04433,Home,s_0620,965,0.1874,4.33,0,2022-03-28
p_04434,Fashion,s_0050,981,0.1861,4.73,0,2022-05-22
p_04435,Books,s_0365,428,0.2294,4.42,0,2023-07-09
p_04436,Fashion,s_0497,1200,0.2474,4.16,0,2025-07-21
p_04437,FMCG,s_0270,303,0.119,4.27,0,2023-02-05
p_04438,Home,s_0659,1508,0.1713,3.84,0,2021-08-22
p_04439,Books,s_0497,275,0.224,4.39,0,2023-04-11
p_04440,FMCG,s_0107,168,0.1319,5.0,0,2025-07-08
p_04441,Pet,s_0590,513,0.2148,4.13,1,2021-05-20
p_04442,Electronics,s_0432,2005,0.1378,4.93,0,2024-04-04
p_04443,Home,s_0680,2373,0.1726,4.16,0,2022-02-23
p_04444,Home,s_0428,1948,0.2403,4.79,0,2025-04-17
p_04445,Auto,s_0563,2141,0.1758,4.6,0,2024-01-03
p_04446,Auto,s_0204,1152,0.224,4.58,0,2025-01-21
p_04447,FMCG,s_0122,454,0.257,4.39,0,2025-06-12
p_04448,Electronics,s_0274,4313,0.0989,4.62,0,2023-03-21
p_04449,Electronics,s_0606,4854,0.1026,4.52,0,2021-02-11
p_04450,Home,s_0652,1563,0.2041,4.19,0,2022-03-01
p_04451,Auto,s_0564,4331,0.1776,4.23,0,2021-10-24
p_04452,Home,s_0354,2122,0.2408,4.51,1,2024-02-02
p_04453,Fashion,s_0004,984,0.2325,4.42,0,2021-08-13
p_04454,Fashion,s_0626,2270,0.2986,4.52,0,2023-01-08
p_04455,Beauty,s_0216,651,0.2763,4.87,0,2022-10-08
p_04456,Fashion,s_0261,961,0.1975,4.27,0,2022-10-12
p_04457,Electronics,s_0692,2616,0.0811,4.59,0,2021-06-25
p_04458,Books,s_0180,429,0.2733,5.0,0,2022-03-03
p_04459,Auto,s_0221,625,0.2189,4.15,1,2022-05-20
p_04460,Fashion,s_0027,2528,0.161,3.6,0,2025-09-10
p_04461,Electronics,s_0292,7460,0.107,4.57,0,2023-07-13
p_04462,Beauty,s_0020,711,0.2953,4.44,0,2021-12-04
p_04463,Pet,s_0331,423,0.219,4.16,1,2024-06-15
p_04464,Electronics,s_0310,3993,0.1397,4.82,0,2025-12-18
p_04465,Fashion,s_0068,1067,0.2238,5.0,0,2022-01-17
p_04466,Fashion,s_0543,1303,0.2615,4.86,0,2022-08-25
p_04467,Electronics,s_0463,988,0.1334,5.0,0,2024-01-14
p_04468,Pet,s_0690,381,0.1527,4.33,0,2024-11-17
p_04469,Kids,s_0232,1254,0.1802,4.4,0,2023-05-28
p_04470,Sports,s_0368,2276,0.3182,4.21,0,2024-04-13
p_04471,Home,s_0640,2882,0.1797,3.8,0,2025-11-22
p_04472,Electronics,s_0173,4120,0.0928,4.61,0,2025-06-28
p_04473,Beauty,s_0552,524,0.2702,4.22,0,2024-03-22
p_04474,Kids,s_0302,1944,0.1502,4.63,0,2021-01-23
p_04475,Home,s_0432,4864,0.2776,4.37,0,2023-05-20
p_04476,Fashion,s_0215,1318,0.2164,4.3,0,2021-01-25
p_04477,Electronics,s_0083,1567,0.0736,4.39,0,2022-03-31
p_04478,Beauty,s_0174,522,0.3243,4.48,0,2022-08-21
p_04479,Books,s_0074,269,0.2463,4.25,0,2021-11-24
p_04480,Pet,s_0151,680,0.2293,4.14,0,2021-10-01
p_04481,Books,s_0462,170,0.1475,4.48,0,2023-12-20
p_04482,Home,s_0689,1102,0.227,4.28,0,2024-02-05
p_04483,Electronics,s_0494,3784,0.17,4.04,0,2025-06-24
p_04484,Fashion,s_0601,5849,0.1777,4.15,0,2026-01-26
p_04485,Home,s_0181,572,0.1735,4.25,0,2023-04-01
p_04486,Books,s_0436,556,0.1711,5.0,0,2024-12-26
p_04487,Electronics,s_0180,2730,0.241,4.52,0,2021-11-11
p_04488,Electronics,s_0495,2499,0.0972,4.53,0,2023-07-26
p_04489,Sports,s_0049,1488,0.2343,4.26,1,2021-01-31
p_04490,Home,s_0095,1136,0.1808,3.66,0,2025-03-17
p_04491,FMCG,s_0088,241,0.0791,4.78,0,2025-06-02
p_04492,Sports,s_0503,1347,0.1518,4.32,0,2024-08-10
p_04493,Home,s_0487,765,0.2654,4.23,0,2021-07-09
p_04494,Fashion,s_0687,1433,0.191,4.69,0,2022-03-20
p_04495,Books,s_0283,244,0.1185,4.5,0,2025-04-01
p_04496,Home,s_0259,1639,0.185,3.74,0,2021-11-05
p_04497,Electronics,s_0435,4169,0.0912,4.89,0,2023-01-11
p_04498,Pet,s_0379,1465,0.2376,4.22,0,2023-09-26
p_04499,Auto,s_0105,1573,0.2174,4.27,0,2024-12-13
p_04500,Fashion,s_0174,3136,0.2376,4.32,1,2024-03-23
